dataset,column,row_index,value,is_outlier,severity,iqr_outlier,robust_z_outlier,criteria_count,q1,q3,iqr,iqr_lower_fence,iqr_upper_fence,distance_beyond_iqr_fence,distance_in_iqr_units,robust_z
ventas,units,7,65.0,True,strong,True,True,2,2.0,19.0,17.0,-23.5,44.5,20.5,1.2058823529411764,6.40775
ventas,units,36,40.0,True,candidate,False,True,1,2.0,19.0,17.0,-23.5,44.5,0.0,0.0,3.5973333333333333
ventas,units,42,57.0,True,strong,True,True,2,2.0,19.0,17.0,-23.5,44.5,12.5,0.7352941176470589,5.508416666666666
ventas,units,49,141.0,True,strong,True,True,2,2.0,19.0,17.0,-23.5,44.5,96.5,5.676470588235294,14.951416666666667
ventas,units,83,71.0,True,strong,True,True,2,2.0,19.0,17.0,-23.5,44.5,26.5,1.5588235294117647,7.082249999999999
ventas,units,101,319.0,True,strong,True,True,2,2.0,19.0,17.0,-23.5,44.5,274.5,16.147058823529413,34.96158333333333
ventas,units,116,65.0,True,strong,True,True,2,2.0,19.0,17.0,-23.5,44.5,20.5,1.2058823529411764,6.40775
ventas,units,120,85.0,True,strong,True,True,2,2.0,19.0,17.0,-23.5,44.5,40.5,2.3823529411764706,8.656083333333333
ventas,units,127,45.0,True,strong,True,True,2,2.0,19.0,17.0,-23.5,44.5,0.5,0.029411764705882353,4.159416666666666
ventas,units,131,45.0,True,strong,True,True,2,2.0,19.0,17.0,-23.5,44.5,0.5,0.029411764705882353,4.159416666666666
ventas,units,147,75.0,True,strong,True,True,2,2.0,19.0,17.0,-23.5,44.5,30.5,1.7941176470588236,7.531916666666667
ventas,units,164,43.0,True,candidate,False,True,1,2.0,19.0,17.0,-23.5,44.5,0.0,0.0,3.934583333333333
ventas,units,172,65.0,True,strong,True,True,2,2.0,19.0,17.0,-23.5,44.5,20.5,1.2058823529411764,6.40775
ventas,units,173,56.0,True,strong,True,True,2,2.0,19.0,17.0,-23.5,44.5,11.5,0.6764705882352942,5.396
ventas,units,177,70.0,True,strong,True,True,2,2.0,19.0,17.0,-23.5,44.5,25.5,1.5,6.969833333333334
ventas,units,178,59.0,True,strong,True,True,2,2.0,19.0,17.0,-23.5,44.5,14.5,0.8529411764705882,5.733249999999999
ventas,units,179,157.0,True,strong,True,True,2,2.0,19.0,17.0,-23.5,44.5,112.5,6.617647058823529,16.750083333333333
ventas,units,180,66.0,True,strong,True,True,2,2.0,19.0,17.0,-23.5,44.5,21.5,1.2647058823529411,6.520166666666667
ventas,units,206,44.0,True,candidate,False,True,1,2.0,19.0,17.0,-23.5,44.5,0.0,0.0,4.047
ventas,units,230,123.0,True,strong,True,True,2,2.0,19.0,17.0,-23.5,44.5,78.5,4.617647058823529,12.927916666666667
ventas,units,251,420.0,True,strong,True,True,2,2.0,19.0,17.0,-23.5,44.5,375.5,22.08823529411765,46.315666666666665
ventas,units,255,76.0,True,strong,True,True,2,2.0,19.0,17.0,-23.5,44.5,31.5,1.8529411764705883,7.644333333333333
ventas,units,264,41.0,True,candidate,False,True,1,2.0,19.0,17.0,-23.5,44.5,0.0,0.0,3.7097499999999997
ventas,units,265,47.0,True,strong,True,True,2,2.0,19.0,17.0,-23.5,44.5,2.5,0.14705882352941177,4.38425
ventas,units,268,113.0,True,strong,True,True,2,2.0,19.0,17.0,-23.5,44.5,68.5,4.029411764705882,11.80375
ventas,units,270,88.0,True,strong,True,True,2,2.0,19.0,17.0,-23.5,44.5,43.5,2.5588235294117645,8.993333333333334
ventas,units,276,42.0,True,candidate,False,True,1,2.0,19.0,17.0,-23.5,44.5,0.0,0.0,3.8221666666666665
ventas,units,311,51.0,True,strong,True,True,2,2.0,19.0,17.0,-23.5,44.5,6.5,0.38235294117647056,4.833916666666666
ventas,units,317,61.0,True,strong,True,True,2,2.0,19.0,17.0,-23.5,44.5,16.5,0.9705882352941176,5.958083333333334
ventas,units,319,169.0,True,strong,True,True,2,2.0,19.0,17.0,-23.5,44.5,124.5,7.323529411764706,18.099083333333333
ventas,units,320,54.0,True,strong,True,True,2,2.0,19.0,17.0,-23.5,44.5,9.5,0.5588235294117647,5.171166666666667
ventas,units,348,41.0,True,candidate,False,True,1,2.0,19.0,17.0,-23.5,44.5,0.0,0.0,3.7097499999999997
ventas,units,355,41.0,True,candidate,False,True,1,2.0,19.0,17.0,-23.5,44.5,0.0,0.0,3.7097499999999997
ventas,units,366,101.0,True,strong,True,True,2,2.0,19.0,17.0,-23.5,44.5,56.5,3.323529411764706,10.454749999999999
ventas,units,391,371.0,True,strong,True,True,2,2.0,19.0,17.0,-23.5,44.5,326.5,19.205882352941178,40.80725
ventas,units,395,65.0,True,strong,True,True,2,2.0,19.0,17.0,-23.5,44.5,20.5,1.2058823529411764,6.40775
ventas,units,406,60.0,True,strong,True,True,2,2.0,19.0,17.0,-23.5,44.5,15.5,0.9117647058823529,5.845666666666666
ventas,units,409,82.0,True,strong,True,True,2,2.0,19.0,17.0,-23.5,44.5,37.5,2.2058823529411766,8.318833333333332
ventas,units,411,68.0,True,strong,True,True,2,2.0,19.0,17.0,-23.5,44.5,23.5,1.3823529411764706,6.745
ventas,units,417,56.0,True,strong,True,True,2,2.0,19.0,17.0,-23.5,44.5,11.5,0.6764705882352942,5.396
ventas,units,453,48.0,True,strong,True,True,2,2.0,19.0,17.0,-23.5,44.5,3.5,0.20588235294117646,4.496666666666667
ventas,units,458,73.0,True,strong,True,True,2,2.0,19.0,17.0,-23.5,44.5,28.5,1.6764705882352942,7.307083333333334
ventas,units,460,160.0,True,strong,True,True,2,2.0,19.0,17.0,-23.5,44.5,115.5,6.794117647058823,17.087333333333333
ventas,units,461,53.0,True,strong,True,True,2,2.0,19.0,17.0,-23.5,44.5,8.5,0.5,5.05875
ventas,units,489,49.0,True,strong,True,True,2,2.0,19.0,17.0,-23.5,44.5,4.5,0.2647058823529412,4.609083333333333
ventas,units,503,123.0,True,strong,True,True,2,2.0,19.0,17.0,-23.5,44.5,78.5,4.617647058823529,12.927916666666667
ventas,units,506,47.0,True,strong,True,True,2,2.0,19.0,17.0,-23.5,44.5,2.5,0.14705882352941177,4.38425
ventas,units,514,79.0,True,strong,True,True,2,2.0,19.0,17.0,-23.5,44.5,34.5,2.0294117647058822,7.981583333333333
ventas,units,524,72.0,True,strong,True,True,2,2.0,19.0,17.0,-23.5,44.5,27.5,1.6176470588235294,7.1946666666666665
ventas,units,526,386.0,True,strong,True,True,2,2.0,19.0,17.0,-23.5,44.5,341.5,20.08823529411765,42.4935
ventas,units,527,42.0,True,candidate,False,True,1,2.0,19.0,17.0,-23.5,44.5,0.0,0.0,3.8221666666666665
ventas,units,530,183.0,True,strong,True,True,2,2.0,19.0,17.0,-23.5,44.5,138.5,8.147058823529411,19.672916666666666
ventas,units,538,56.0,True,strong,True,True,2,2.0,19.0,17.0,-23.5,44.5,11.5,0.6764705882352942,5.396
ventas,units,541,59.0,True,strong,True,True,2,2.0,19.0,17.0,-23.5,44.5,14.5,0.8529411764705882,5.733249999999999
ventas,units,544,46.0,True,strong,True,True,2,2.0,19.0,17.0,-23.5,44.5,1.5,0.08823529411764706,4.271833333333333
ventas,units,587,45.0,True,strong,True,True,2,2.0,19.0,17.0,-23.5,44.5,0.5,0.029411764705882353,4.159416666666666
ventas,units,591,62.0,True,strong,True,True,2,2.0,19.0,17.0,-23.5,44.5,17.5,1.0294117647058822,6.0705
ventas,units,593,143.0,True,strong,True,True,2,2.0,19.0,17.0,-23.5,44.5,98.5,5.794117647058823,15.176250000000001
ventas,units,594,44.0,True,candidate,False,True,1,2.0,19.0,17.0,-23.5,44.5,0.0,0.0,4.047
ventas,units,628,50.0,True,strong,True,True,2,2.0,19.0,17.0,-23.5,44.5,5.5,0.3235294117647059,4.7215
ventas,units,637,140.0,True,strong,True,True,2,2.0,19.0,17.0,-23.5,44.5,95.5,5.617647058823529,14.838999999999999
ventas,units,651,46.0,True,strong,True,True,2,2.0,19.0,17.0,-23.5,44.5,1.5,0.08823529411764706,4.271833333333333
ventas,units,661,356.0,True,strong,True,True,2,2.0,19.0,17.0,-23.5,44.5,311.5,18.323529411764707,39.121
ventas,units,675,46.0,True,strong,True,True,2,2.0,19.0,17.0,-23.5,44.5,1.5,0.08823529411764706,4.271833333333333
ventas,units,678,88.0,True,strong,True,True,2,2.0,19.0,17.0,-23.5,44.5,43.5,2.5588235294117645,8.993333333333334
ventas,units,679,41.0,True,candidate,False,True,1,2.0,19.0,17.0,-23.5,44.5,0.0,0.0,3.7097499999999997
ventas,units,680,61.0,True,strong,True,True,2,2.0,19.0,17.0,-23.5,44.5,16.5,0.9705882352941176,5.958083333333334
ventas,units,724,41.0,True,candidate,False,True,1,2.0,19.0,17.0,-23.5,44.5,0.0,0.0,3.7097499999999997
ventas,units,730,51.0,True,strong,True,True,2,2.0,19.0,17.0,-23.5,44.5,6.5,0.38235294117647056,4.833916666666666
ventas,units,732,104.0,True,strong,True,True,2,2.0,19.0,17.0,-23.5,44.5,59.5,3.5,10.792
ventas,units,774,83.0,True,strong,True,True,2,2.0,19.0,17.0,-23.5,44.5,38.5,2.264705882352941,8.43125
ventas,units,787,56.0,True,strong,True,True,2,2.0,19.0,17.0,-23.5,44.5,11.5,0.6764705882352942,5.396
ventas,units,799,295.0,True,strong,True,True,2,2.0,19.0,17.0,-23.5,44.5,250.5,14.735294117647058,32.26358333333334
ventas,units,800,109.0,True,strong,True,True,2,2.0,19.0,17.0,-23.5,44.5,64.5,3.7941176470588234,11.354083333333334
ventas,units,803,42.0,True,candidate,False,True,1,2.0,19.0,17.0,-23.5,44.5,0.0,0.0,3.8221666666666665
ventas,units,814,45.0,True,strong,True,True,2,2.0,19.0,17.0,-23.5,44.5,0.5,0.029411764705882353,4.159416666666666
ventas,units,817,78.0,True,strong,True,True,2,2.0,19.0,17.0,-23.5,44.5,33.5,1.9705882352941178,7.869166666666666
ventas,units,820,41.0,True,candidate,False,True,1,2.0,19.0,17.0,-23.5,44.5,0.0,0.0,3.7097499999999997
ventas,units,822,46.0,True,strong,True,True,2,2.0,19.0,17.0,-23.5,44.5,1.5,0.08823529411764706,4.271833333333333
ventas,units,826,57.0,True,strong,True,True,2,2.0,19.0,17.0,-23.5,44.5,12.5,0.7352941176470589,5.508416666666666
ventas,units,859,43.0,True,candidate,False,True,1,2.0,19.0,17.0,-23.5,44.5,0.0,0.0,3.934583333333333
ventas,units,866,50.0,True,strong,True,True,2,2.0,19.0,17.0,-23.5,44.5,5.5,0.3235294117647059,4.7215
ventas,units,867,48.0,True,strong,True,True,2,2.0,19.0,17.0,-23.5,44.5,3.5,0.20588235294117646,4.496666666666667
ventas,units,871,93.0,True,strong,True,True,2,2.0,19.0,17.0,-23.5,44.5,48.5,2.8529411764705883,9.555416666666666
ventas,units,873,118.0,True,strong,True,True,2,2.0,19.0,17.0,-23.5,44.5,73.5,4.323529411764706,12.365833333333333
ventas,units,874,71.0,True,strong,True,True,2,2.0,19.0,17.0,-23.5,44.5,26.5,1.5588235294117647,7.082249999999999
ventas,units,918,133.0,True,strong,True,True,2,2.0,19.0,17.0,-23.5,44.5,88.5,5.205882352941177,14.052083333333334
ventas,units,940,454.0,True,strong,True,True,2,2.0,19.0,17.0,-23.5,44.5,409.5,24.08823529411765,50.13783333333333
ventas,units,944,92.0,True,strong,True,True,2,2.0,19.0,17.0,-23.5,44.5,47.5,2.7941176470588234,9.443
ventas,units,953,65.0,True,strong,True,True,2,2.0,19.0,17.0,-23.5,44.5,20.5,1.2058823529411764,6.40775
ventas,units,956,86.0,True,strong,True,True,2,2.0,19.0,17.0,-23.5,44.5,41.5,2.4411764705882355,8.7685
ventas,units,958,61.0,True,strong,True,True,2,2.0,19.0,17.0,-23.5,44.5,16.5,0.9705882352941176,5.958083333333334
ventas,units,960,41.0,True,candidate,False,True,1,2.0,19.0,17.0,-23.5,44.5,0.0,0.0,3.7097499999999997
ventas,units,966,52.0,True,strong,True,True,2,2.0,19.0,17.0,-23.5,44.5,7.5,0.4411764705882353,4.9463333333333335
ventas,units,1009,82.0,True,strong,True,True,2,2.0,19.0,17.0,-23.5,44.5,37.5,2.2058823529411766,8.318833333333332
ventas,units,1011,124.0,True,strong,True,True,2,2.0,19.0,17.0,-23.5,44.5,79.5,4.676470588235294,13.040333333333335
ventas,units,1032,46.0,True,strong,True,True,2,2.0,19.0,17.0,-23.5,44.5,1.5,0.08823529411764706,4.271833333333333
ventas,units,1034,53.0,True,strong,True,True,2,2.0,19.0,17.0,-23.5,44.5,8.5,0.5,5.05875
ventas,units,1047,119.0,True,strong,True,True,2,2.0,19.0,17.0,-23.5,44.5,74.5,4.382352941176471,12.478250000000001
ventas,units,1061,130.0,True,strong,True,True,2,2.0,19.0,17.0,-23.5,44.5,85.5,5.029411764705882,13.714833333333333
ventas,units,1071,401.0,True,strong,True,True,2,2.0,19.0,17.0,-23.5,44.5,356.5,20.970588235294116,44.179750000000006
ventas,units,1074,106.0,True,strong,True,True,2,2.0,19.0,17.0,-23.5,44.5,61.5,3.6176470588235294,11.016833333333333
ventas,units,1086,69.0,True,strong,True,True,2,2.0,19.0,17.0,-23.5,44.5,24.5,1.4411764705882353,6.8574166666666665
ventas,units,1089,65.0,True,strong,True,True,2,2.0,19.0,17.0,-23.5,44.5,20.5,1.2058823529411764,6.40775
ventas,units,1136,44.0,True,candidate,False,True,1,2.0,19.0,17.0,-23.5,44.5,0.0,0.0,4.047
ventas,units,1170,105.0,True,strong,True,True,2,2.0,19.0,17.0,-23.5,44.5,60.5,3.5588235294117645,10.904416666666668
ventas,units,1185,47.0,True,strong,True,True,2,2.0,19.0,17.0,-23.5,44.5,2.5,0.14705882352941177,4.38425
ventas,units,1190,41.0,True,candidate,False,True,1,2.0,19.0,17.0,-23.5,44.5,0.0,0.0,3.7097499999999997
ventas,units,1191,50.0,True,strong,True,True,2,2.0,19.0,17.0,-23.5,44.5,5.5,0.3235294117647059,4.7215
ventas,units,1207,63.0,True,strong,True,True,2,2.0,19.0,17.0,-23.5,44.5,18.5,1.088235294117647,6.182916666666666
ventas,units,1237,74.0,True,strong,True,True,2,2.0,19.0,17.0,-23.5,44.5,29.5,1.7352941176470589,7.419499999999999
ventas,units,1239,130.0,True,strong,True,True,2,2.0,19.0,17.0,-23.5,44.5,85.5,5.029411764705882,13.714833333333333
ventas,units,1240,50.0,True,strong,True,True,2,2.0,19.0,17.0,-23.5,44.5,5.5,0.3235294117647059,4.7215
ventas,units,1273,46.0,True,strong,True,True,2,2.0,19.0,17.0,-23.5,44.5,1.5,0.08823529411764706,4.271833333333333
ventas,units,1282,104.0,True,strong,True,True,2,2.0,19.0,17.0,-23.5,44.5,59.5,3.5,10.792
ventas,units,1302,423.0,True,strong,True,True,2,2.0,19.0,17.0,-23.5,44.5,378.5,22.264705882352942,46.65291666666667
ventas,units,1306,77.0,True,strong,True,True,2,2.0,19.0,17.0,-23.5,44.5,32.5,1.911764705882353,7.75675
ventas,units,1315,72.0,True,strong,True,True,2,2.0,19.0,17.0,-23.5,44.5,27.5,1.6176470588235294,7.1946666666666665
ventas,units,1317,48.0,True,strong,True,True,2,2.0,19.0,17.0,-23.5,44.5,3.5,0.20588235294117646,4.496666666666667
ventas,units,1319,81.0,True,strong,True,True,2,2.0,19.0,17.0,-23.5,44.5,36.5,2.1470588235294117,8.206416666666668
ventas,units,1327,53.0,True,strong,True,True,2,2.0,19.0,17.0,-23.5,44.5,8.5,0.5,5.05875
ventas,units,1357,52.0,True,strong,True,True,2,2.0,19.0,17.0,-23.5,44.5,7.5,0.4411764705882353,4.9463333333333335
ventas,units,1364,56.0,True,strong,True,True,2,2.0,19.0,17.0,-23.5,44.5,11.5,0.6764705882352942,5.396
ventas,units,1365,40.0,True,candidate,False,True,1,2.0,19.0,17.0,-23.5,44.5,0.0,0.0,3.5973333333333333
ventas,units,1371,72.0,True,strong,True,True,2,2.0,19.0,17.0,-23.5,44.5,27.5,1.6176470588235294,7.1946666666666665
ventas,units,1374,157.0,True,strong,True,True,2,2.0,19.0,17.0,-23.5,44.5,112.5,6.617647058823529,16.750083333333333
ventas,units,1406,52.0,True,strong,True,True,2,2.0,19.0,17.0,-23.5,44.5,7.5,0.4411764705882353,4.9463333333333335
ventas,units,1416,117.0,True,strong,True,True,2,2.0,19.0,17.0,-23.5,44.5,72.5,4.264705882352941,12.253416666666666
ventas,units,1438,40.0,True,candidate,False,True,1,2.0,19.0,17.0,-23.5,44.5,0.0,0.0,3.5973333333333333
ventas,units,1440,420.0,True,strong,True,True,2,2.0,19.0,17.0,-23.5,44.5,375.5,22.08823529411765,46.315666666666665
ventas,units,1444,44.0,True,candidate,False,True,1,2.0,19.0,17.0,-23.5,44.5,0.0,0.0,4.047
ventas,units,1454,74.0,True,strong,True,True,2,2.0,19.0,17.0,-23.5,44.5,29.5,1.7352941176470589,7.419499999999999
ventas,units,1458,63.0,True,strong,True,True,2,2.0,19.0,17.0,-23.5,44.5,18.5,1.088235294117647,6.182916666666666
ventas,units,1469,45.0,True,strong,True,True,2,2.0,19.0,17.0,-23.5,44.5,0.5,0.029411764705882353,4.159416666666666
ventas,units,1485,70.0,True,strong,True,True,2,2.0,19.0,17.0,-23.5,44.5,25.5,1.5,6.969833333333334
ventas,units,1502,42.0,True,candidate,False,True,1,2.0,19.0,17.0,-23.5,44.5,0.0,0.0,3.8221666666666665
ventas,units,1508,48.0,True,strong,True,True,2,2.0,19.0,17.0,-23.5,44.5,3.5,0.20588235294117646,4.496666666666667
ventas,units,1514,79.0,True,strong,True,True,2,2.0,19.0,17.0,-23.5,44.5,34.5,2.0294117647058822,7.981583333333333
ventas,units,1516,64.0,True,strong,True,True,2,2.0,19.0,17.0,-23.5,44.5,19.5,1.1470588235294117,6.295333333333333
ventas,units,1517,113.0,True,strong,True,True,2,2.0,19.0,17.0,-23.5,44.5,68.5,4.029411764705882,11.80375
ventas,units,1518,96.0,True,strong,True,True,2,2.0,19.0,17.0,-23.5,44.5,51.5,3.0294117647058822,9.892666666666667
ventas,units,1548,100.0,True,strong,True,True,2,2.0,19.0,17.0,-23.5,44.5,55.5,3.264705882352941,10.342333333333334
ventas,units,1571,372.0,True,strong,True,True,2,2.0,19.0,17.0,-23.5,44.5,327.5,19.264705882352942,40.919666666666664
ventas,units,1574,78.0,True,strong,True,True,2,2.0,19.0,17.0,-23.5,44.5,33.5,1.9705882352941178,7.869166666666666
ventas,units,1581,49.0,True,strong,True,True,2,2.0,19.0,17.0,-23.5,44.5,4.5,0.2647058823529412,4.609083333333333
ventas,units,1584,72.0,True,strong,True,True,2,2.0,19.0,17.0,-23.5,44.5,27.5,1.6176470588235294,7.1946666666666665
ventas,units,1587,72.0,True,strong,True,True,2,2.0,19.0,17.0,-23.5,44.5,27.5,1.6176470588235294,7.1946666666666665
ventas,units,1594,45.0,True,strong,True,True,2,2.0,19.0,17.0,-23.5,44.5,0.5,0.029411764705882353,4.159416666666666
ventas,units,1630,41.0,True,candidate,False,True,1,2.0,19.0,17.0,-23.5,44.5,0.0,0.0,3.7097499999999997
ventas,units,1637,58.0,True,strong,True,True,2,2.0,19.0,17.0,-23.5,44.5,13.5,0.7941176470588235,5.620833333333334
ventas,units,1639,137.0,True,strong,True,True,2,2.0,19.0,17.0,-23.5,44.5,92.5,5.4411764705882355,14.50175
ventas,units,1640,84.0,True,strong,True,True,2,2.0,19.0,17.0,-23.5,44.5,39.5,2.323529411764706,8.543666666666667
ventas,units,1668,41.0,True,candidate,False,True,1,2.0,19.0,17.0,-23.5,44.5,0.0,0.0,3.7097499999999997
ventas,units,1678,134.0,True,strong,True,True,2,2.0,19.0,17.0,-23.5,44.5,89.5,5.264705882352941,14.164499999999999
ventas,units,1691,45.0,True,strong,True,True,2,2.0,19.0,17.0,-23.5,44.5,0.5,0.029411764705882353,4.159416666666666
ventas,units,1702,368.0,True,strong,True,True,2,2.0,19.0,17.0,-23.5,44.5,323.5,19.029411764705884,40.47
ventas,units,1703,71.0,True,strong,True,True,2,2.0,19.0,17.0,-23.5,44.5,26.5,1.5588235294117647,7.082249999999999
ventas,units,1706,54.0,True,strong,True,True,2,2.0,19.0,17.0,-23.5,44.5,9.5,0.5588235294117647,5.171166666666667
ventas,units,1714,50.0,True,strong,True,True,2,2.0,19.0,17.0,-23.5,44.5,5.5,0.3235294117647059,4.7215
ventas,units,1717,90.0,True,strong,True,True,2,2.0,19.0,17.0,-23.5,44.5,45.5,2.676470588235294,9.218166666666667
ventas,units,1726,80.0,True,strong,True,True,2,2.0,19.0,17.0,-23.5,44.5,35.5,2.088235294117647,8.094
ventas,units,1763,41.0,True,candidate,False,True,1,2.0,19.0,17.0,-23.5,44.5,0.0,0.0,3.7097499999999997
ventas,units,1764,44.0,True,candidate,False,True,1,2.0,19.0,17.0,-23.5,44.5,0.0,0.0,4.047
ventas,units,1768,78.0,True,strong,True,True,2,2.0,19.0,17.0,-23.5,44.5,33.5,1.9705882352941178,7.869166666666666
ventas,units,1770,111.0,True,strong,True,True,2,2.0,19.0,17.0,-23.5,44.5,66.5,3.911764705882353,11.578916666666666
ventas,units,1798,44.0,True,candidate,False,True,1,2.0,19.0,17.0,-23.5,44.5,0.0,0.0,4.047
ventas,units,1812,115.0,True,strong,True,True,2,2.0,19.0,17.0,-23.5,44.5,70.5,4.147058823529412,12.028583333333332
ventas,units,1825,48.0,True,strong,True,True,2,2.0,19.0,17.0,-23.5,44.5,3.5,0.20588235294117646,4.496666666666667
ventas,units,1833,59.0,True,strong,True,True,2,2.0,19.0,17.0,-23.5,44.5,14.5,0.8529411764705882,5.733249999999999
ventas,units,1835,422.0,True,strong,True,True,2,2.0,19.0,17.0,-23.5,44.5,377.5,22.205882352941178,46.5405
ventas,units,1838,98.0,True,strong,True,True,2,2.0,19.0,17.0,-23.5,44.5,53.5,3.1470588235294117,10.1175
ventas,units,1849,64.0,True,strong,True,True,2,2.0,19.0,17.0,-23.5,44.5,19.5,1.1470588235294117,6.295333333333333
ventas,units,1852,60.0,True,strong,True,True,2,2.0,19.0,17.0,-23.5,44.5,15.5,0.9117647058823529,5.845666666666666
ventas,units,1854,40.0,True,candidate,False,True,1,2.0,19.0,17.0,-23.5,44.5,0.0,0.0,3.5973333333333333
ventas,units,1860,50.0,True,strong,True,True,2,2.0,19.0,17.0,-23.5,44.5,5.5,0.3235294117647059,4.7215
ventas,units,1898,41.0,True,candidate,False,True,1,2.0,19.0,17.0,-23.5,44.5,0.0,0.0,3.7097499999999997
ventas,units,1901,76.0,True,strong,True,True,2,2.0,19.0,17.0,-23.5,44.5,31.5,1.8529411764705883,7.644333333333333
ventas,units,1903,96.0,True,strong,True,True,2,2.0,19.0,17.0,-23.5,44.5,51.5,3.0294117647058822,9.892666666666667
ventas,units,1904,72.0,True,strong,True,True,2,2.0,19.0,17.0,-23.5,44.5,27.5,1.6176470588235294,7.1946666666666665
ventas,units,1951,143.0,True,strong,True,True,2,2.0,19.0,17.0,-23.5,44.5,98.5,5.794117647058823,15.176250000000001
ventas,units,1963,54.0,True,strong,True,True,2,2.0,19.0,17.0,-23.5,44.5,9.5,0.5588235294117647,5.171166666666667
ventas,units,1976,379.0,True,strong,True,True,2,2.0,19.0,17.0,-23.5,44.5,334.5,19.676470588235293,41.706583333333334
ventas,units,1991,72.0,True,strong,True,True,2,2.0,19.0,17.0,-23.5,44.5,27.5,1.6176470588235294,7.1946666666666665
ventas,units,1994,108.0,True,strong,True,True,2,2.0,19.0,17.0,-23.5,44.5,63.5,3.735294117647059,11.241666666666667
ventas,units,1996,69.0,True,strong,True,True,2,2.0,19.0,17.0,-23.5,44.5,24.5,1.4411764705882353,6.8574166666666665
ventas,units,2000,54.0,True,strong,True,True,2,2.0,19.0,17.0,-23.5,44.5,9.5,0.5588235294117647,5.171166666666667
ventas,units,2003,68.0,True,strong,True,True,2,2.0,19.0,17.0,-23.5,44.5,23.5,1.3823529411764706,6.745
ventas,units,2039,47.0,True,strong,True,True,2,2.0,19.0,17.0,-23.5,44.5,2.5,0.14705882352941177,4.38425
ventas,units,2045,72.0,True,strong,True,True,2,2.0,19.0,17.0,-23.5,44.5,27.5,1.6176470588235294,7.1946666666666665
ventas,units,2047,156.0,True,strong,True,True,2,2.0,19.0,17.0,-23.5,44.5,111.5,6.5588235294117645,16.637666666666664
ventas,units,2096,112.0,True,strong,True,True,2,2.0,19.0,17.0,-23.5,44.5,67.5,3.9705882352941178,11.691333333333333
ventas,units,2111,70.0,True,strong,True,True,2,2.0,19.0,17.0,-23.5,44.5,25.5,1.5,6.969833333333334
ventas,units,2125,411.0,True,strong,True,True,2,2.0,19.0,17.0,-23.5,44.5,366.5,21.558823529411764,45.30391666666666
ventas,units,2129,98.0,True,strong,True,True,2,2.0,19.0,17.0,-23.5,44.5,53.5,3.1470588235294117,10.1175
ventas,units,2141,78.0,True,strong,True,True,2,2.0,19.0,17.0,-23.5,44.5,33.5,1.9705882352941178,7.869166666666666
ventas,units,2145,59.0,True,strong,True,True,2,2.0,19.0,17.0,-23.5,44.5,14.5,0.8529411764705882,5.733249999999999
ventas,units,2147,44.0,True,candidate,False,True,1,2.0,19.0,17.0,-23.5,44.5,0.0,0.0,4.047
ventas,units,2169,52.0,True,strong,True,True,2,2.0,19.0,17.0,-23.5,44.5,7.5,0.4411764705882353,4.9463333333333335
ventas,units,2195,57.0,True,strong,True,True,2,2.0,19.0,17.0,-23.5,44.5,12.5,0.7352941176470589,5.508416666666666
ventas,units,2200,68.0,True,strong,True,True,2,2.0,19.0,17.0,-23.5,44.5,23.5,1.3823529411764706,6.745
ventas,units,2201,41.0,True,candidate,False,True,1,2.0,19.0,17.0,-23.5,44.5,0.0,0.0,3.7097499999999997
ventas,units,2202,137.0,True,strong,True,True,2,2.0,19.0,17.0,-23.5,44.5,92.5,5.4411764705882355,14.50175
ventas,units,2203,85.0,True,strong,True,True,2,2.0,19.0,17.0,-23.5,44.5,40.5,2.3823529411764706,8.656083333333333
ventas,units,2227,40.0,True,candidate,False,True,1,2.0,19.0,17.0,-23.5,44.5,0.0,0.0,3.5973333333333333
ventas,units,2235,40.0,True,candidate,False,True,1,2.0,19.0,17.0,-23.5,44.5,0.0,0.0,3.5973333333333333
ventas,units,2248,136.0,True,strong,True,True,2,2.0,19.0,17.0,-23.5,44.5,91.5,5.382352941176471,14.389333333333333
ventas,units,2270,444.0,True,strong,True,True,2,2.0,19.0,17.0,-23.5,44.5,399.5,23.5,49.013666666666666
ventas,units,2274,72.0,True,strong,True,True,2,2.0,19.0,17.0,-23.5,44.5,27.5,1.6176470588235294,7.1946666666666665
ventas,units,2285,81.0,True,strong,True,True,2,2.0,19.0,17.0,-23.5,44.5,36.5,2.1470588235294117,8.206416666666668
ventas,units,2288,72.0,True,strong,True,True,2,2.0,19.0,17.0,-23.5,44.5,27.5,1.6176470588235294,7.1946666666666665
ventas,units,2290,43.0,True,candidate,False,True,1,2.0,19.0,17.0,-23.5,44.5,0.0,0.0,3.934583333333333
ventas,units,2296,42.0,True,candidate,False,True,1,2.0,19.0,17.0,-23.5,44.5,0.0,0.0,3.8221666666666665
ventas,units,2335,73.0,True,strong,True,True,2,2.0,19.0,17.0,-23.5,44.5,28.5,1.6764705882352942,7.307083333333334
ventas,units,2337,90.0,True,strong,True,True,2,2.0,19.0,17.0,-23.5,44.5,45.5,2.676470588235294,9.218166666666667
ventas,units,2338,42.0,True,candidate,False,True,1,2.0,19.0,17.0,-23.5,44.5,0.0,0.0,3.8221666666666665
ventas,units,2370,57.0,True,strong,True,True,2,2.0,19.0,17.0,-23.5,44.5,12.5,0.7352941176470589,5.508416666666666
ventas,units,2381,130.0,True,strong,True,True,2,2.0,19.0,17.0,-23.5,44.5,85.5,5.029411764705882,13.714833333333333
ventas,units,2394,81.0,True,strong,True,True,2,2.0,19.0,17.0,-23.5,44.5,36.5,2.1470588235294117,8.206416666666668
ventas,units,2402,65.0,True,strong,True,True,2,2.0,19.0,17.0,-23.5,44.5,20.5,1.2058823529411764,6.40775
ventas,units,2404,344.0,True,strong,True,True,2,2.0,19.0,17.0,-23.5,44.5,299.5,17.61764705882353,37.772
ventas,units,2408,64.0,True,strong,True,True,2,2.0,19.0,17.0,-23.5,44.5,19.5,1.1470588235294117,6.295333333333333
ventas,units,2417,50.0,True,strong,True,True,2,2.0,19.0,17.0,-23.5,44.5,5.5,0.3235294117647059,4.7215
ventas,units,2420,59.0,True,strong,True,True,2,2.0,19.0,17.0,-23.5,44.5,14.5,0.8529411764705882,5.733249999999999
ventas,units,2423,47.0,True,strong,True,True,2,2.0,19.0,17.0,-23.5,44.5,2.5,0.14705882352941177,4.38425
ventas,units,2444,41.0,True,candidate,False,True,1,2.0,19.0,17.0,-23.5,44.5,0.0,0.0,3.7097499999999997
ventas,units,2461,55.0,True,strong,True,True,2,2.0,19.0,17.0,-23.5,44.5,10.5,0.6176470588235294,5.2835833333333335
ventas,units,2467,69.0,True,strong,True,True,2,2.0,19.0,17.0,-23.5,44.5,24.5,1.4411764705882353,6.8574166666666665
ventas,units,2468,45.0,True,strong,True,True,2,2.0,19.0,17.0,-23.5,44.5,0.5,0.029411764705882353,4.159416666666666
ventas,units,2472,65.0,True,strong,True,True,2,2.0,19.0,17.0,-23.5,44.5,20.5,1.2058823529411764,6.40775
ventas,units,2474,154.0,True,strong,True,True,2,2.0,19.0,17.0,-23.5,44.5,109.5,6.4411764705882355,16.412833333333335
ventas,units,2475,64.0,True,strong,True,True,2,2.0,19.0,17.0,-23.5,44.5,19.5,1.1470588235294117,6.295333333333333
ventas,units,2524,123.0,True,strong,True,True,2,2.0,19.0,17.0,-23.5,44.5,78.5,4.617647058823529,12.927916666666667
ventas,units,2544,407.0,True,strong,True,True,2,2.0,19.0,17.0,-23.5,44.5,362.5,21.323529411764707,44.85425
ventas,units,2547,136.0,True,strong,True,True,2,2.0,19.0,17.0,-23.5,44.5,91.5,5.382352941176471,14.389333333333333
ventas,units,2557,42.0,True,candidate,False,True,1,2.0,19.0,17.0,-23.5,44.5,0.0,0.0,3.8221666666666665
ventas,units,2560,57.0,True,strong,True,True,2,2.0,19.0,17.0,-23.5,44.5,12.5,0.7352941176470589,5.508416666666666
ventas,units,2562,55.0,True,strong,True,True,2,2.0,19.0,17.0,-23.5,44.5,10.5,0.6176470588235294,5.2835833333333335
ventas,units,2569,40.0,True,candidate,False,True,1,2.0,19.0,17.0,-23.5,44.5,0.0,0.0,3.5973333333333333
ventas,units,2599,41.0,True,candidate,False,True,1,2.0,19.0,17.0,-23.5,44.5,0.0,0.0,3.7097499999999997
ventas,units,2612,40.0,True,candidate,False,True,1,2.0,19.0,17.0,-23.5,44.5,0.0,0.0,3.5973333333333333
ventas,units,2615,138.0,True,strong,True,True,2,2.0,19.0,17.0,-23.5,44.5,93.5,5.5,14.614166666666668
ventas,units,2616,43.0,True,candidate,False,True,1,2.0,19.0,17.0,-23.5,44.5,0.0,0.0,3.934583333333333
ventas,units,2645,86.0,True,strong,True,True,2,2.0,19.0,17.0,-23.5,44.5,41.5,2.4411764705882355,8.7685
ventas,units,2667,290.0,True,strong,True,True,2,2.0,19.0,17.0,-23.5,44.5,245.5,14.441176470588236,31.7015
ventas,units,2668,110.0,True,strong,True,True,2,2.0,19.0,17.0,-23.5,44.5,65.5,3.8529411764705883,11.466499999999998
ventas,units,2671,50.0,True,strong,True,True,2,2.0,19.0,17.0,-23.5,44.5,5.5,0.3235294117647059,4.7215
ventas,units,2688,66.0,True,strong,True,True,2,2.0,19.0,17.0,-23.5,44.5,21.5,1.2647058823529411,6.520166666666667
ventas,units,2691,46.0,True,strong,True,True,2,2.0,19.0,17.0,-23.5,44.5,1.5,0.08823529411764706,4.271833333333333
ventas,units,2713,57.0,True,strong,True,True,2,2.0,19.0,17.0,-23.5,44.5,12.5,0.7352941176470589,5.508416666666666
ventas,units,2739,59.0,True,strong,True,True,2,2.0,19.0,17.0,-23.5,44.5,14.5,0.8529411764705882,5.733249999999999
ventas,units,2744,74.0,True,strong,True,True,2,2.0,19.0,17.0,-23.5,44.5,29.5,1.7352941176470589,7.419499999999999
ventas,units,2746,61.0,True,strong,True,True,2,2.0,19.0,17.0,-23.5,44.5,16.5,0.9705882352941176,5.958083333333334
ventas,units,2747,183.0,True,strong,True,True,2,2.0,19.0,17.0,-23.5,44.5,138.5,8.147058823529411,19.672916666666666
ventas,units,2748,47.0,True,strong,True,True,2,2.0,19.0,17.0,-23.5,44.5,2.5,0.14705882352941177,4.38425
ventas,units,2795,106.0,True,strong,True,True,2,2.0,19.0,17.0,-23.5,44.5,61.5,3.6176470588235294,11.016833333333333
ventas,units,2816,349.0,True,strong,True,True,2,2.0,19.0,17.0,-23.5,44.5,304.5,17.91176470588235,38.33408333333333
ventas,units,2820,88.0,True,strong,True,True,2,2.0,19.0,17.0,-23.5,44.5,43.5,2.5588235294117645,8.993333333333334
ventas,units,2829,46.0,True,strong,True,True,2,2.0,19.0,17.0,-23.5,44.5,1.5,0.08823529411764706,4.271833333333333
ventas,units,2831,43.0,True,candidate,False,True,1,2.0,19.0,17.0,-23.5,44.5,0.0,0.0,3.934583333333333
ventas,units,2833,95.0,True,strong,True,True,2,2.0,19.0,17.0,-23.5,44.5,50.5,2.9705882352941178,9.78025
ventas,units,2835,89.0,True,strong,True,True,2,2.0,19.0,17.0,-23.5,44.5,44.5,2.6176470588235294,9.105749999999999
ventas,units,2837,49.0,True,strong,True,True,2,2.0,19.0,17.0,-23.5,44.5,4.5,0.2647058823529412,4.609083333333333
ventas,units,2841,57.0,True,strong,True,True,2,2.0,19.0,17.0,-23.5,44.5,12.5,0.7352941176470589,5.508416666666666
ventas,units,2843,60.0,True,strong,True,True,2,2.0,19.0,17.0,-23.5,44.5,15.5,0.9117647058823529,5.845666666666666
ventas,units,2844,54.0,True,strong,True,True,2,2.0,19.0,17.0,-23.5,44.5,9.5,0.5588235294117647,5.171166666666667
ventas,units,2857,44.0,True,candidate,False,True,1,2.0,19.0,17.0,-23.5,44.5,0.0,0.0,4.047
ventas,units,2873,45.0,True,strong,True,True,2,2.0,19.0,17.0,-23.5,44.5,0.5,0.029411764705882353,4.159416666666666
ventas,units,2881,59.0,True,strong,True,True,2,2.0,19.0,17.0,-23.5,44.5,14.5,0.8529411764705882,5.733249999999999
ventas,units,2888,86.0,True,strong,True,True,2,2.0,19.0,17.0,-23.5,44.5,41.5,2.4411764705882355,8.7685
ventas,units,2890,165.0,True,strong,True,True,2,2.0,19.0,17.0,-23.5,44.5,120.5,7.088235294117647,17.649416666666667
ventas,units,2891,46.0,True,strong,True,True,2,2.0,19.0,17.0,-23.5,44.5,1.5,0.08823529411764706,4.271833333333333
ventas,units,2928,48.0,True,strong,True,True,2,2.0,19.0,17.0,-23.5,44.5,3.5,0.20588235294117646,4.496666666666667
ventas,units,2943,174.0,True,strong,True,True,2,2.0,19.0,17.0,-23.5,44.5,129.5,7.617647058823529,18.661166666666666
ventas,units,2946,44.0,True,candidate,False,True,1,2.0,19.0,17.0,-23.5,44.5,0.0,0.0,4.047
ventas,units,2956,56.0,True,strong,True,True,2,2.0,19.0,17.0,-23.5,44.5,11.5,0.6764705882352942,5.396
ventas,units,2965,505.0,True,strong,True,True,2,2.0,19.0,17.0,-23.5,44.5,460.5,27.08823529411765,55.87108333333333
ventas,units,2966,48.0,True,strong,True,True,2,2.0,19.0,17.0,-23.5,44.5,3.5,0.20588235294117646,4.496666666666667
ventas,units,2969,112.0,True,strong,True,True,2,2.0,19.0,17.0,-23.5,44.5,67.5,3.9705882352941178,11.691333333333333
ventas,units,2981,110.0,True,strong,True,True,2,2.0,19.0,17.0,-23.5,44.5,65.5,3.8529411764705883,11.466499999999998
ventas,units,2983,48.0,True,strong,True,True,2,2.0,19.0,17.0,-23.5,44.5,3.5,0.20588235294117646,4.496666666666667
ventas,units,2984,98.0,True,strong,True,True,2,2.0,19.0,17.0,-23.5,44.5,53.5,3.1470588235294117,10.1175
ventas,units,2985,42.0,True,candidate,False,True,1,2.0,19.0,17.0,-23.5,44.5,0.0,0.0,3.8221666666666665
ventas,units,2987,43.0,True,candidate,False,True,1,2.0,19.0,17.0,-23.5,44.5,0.0,0.0,3.934583333333333
ventas,units,2992,42.0,True,candidate,False,True,1,2.0,19.0,17.0,-23.5,44.5,0.0,0.0,3.8221666666666665
ventas,units,3027,54.0,True,strong,True,True,2,2.0,19.0,17.0,-23.5,44.5,9.5,0.5588235294117647,5.171166666666667
ventas,units,3031,64.0,True,strong,True,True,2,2.0,19.0,17.0,-23.5,44.5,19.5,1.1470588235294117,6.295333333333333
ventas,units,3033,116.0,True,strong,True,True,2,2.0,19.0,17.0,-23.5,44.5,71.5,4.205882352941177,12.141
ventas,units,3034,43.0,True,candidate,False,True,1,2.0,19.0,17.0,-23.5,44.5,0.0,0.0,3.934583333333333
ventas,units,3074,94.0,True,strong,True,True,2,2.0,19.0,17.0,-23.5,44.5,49.5,2.911764705882353,9.667833333333332
ventas,units,3094,42.0,True,candidate,False,True,1,2.0,19.0,17.0,-23.5,44.5,0.0,0.0,3.8221666666666665
ventas,units,3097,347.0,True,strong,True,True,2,2.0,19.0,17.0,-23.5,44.5,302.5,17.794117647058822,38.109249999999996
ventas,units,3100,45.0,True,strong,True,True,2,2.0,19.0,17.0,-23.5,44.5,0.5,0.029411764705882353,4.159416666666666
ventas,units,3115,51.0,True,strong,True,True,2,2.0,19.0,17.0,-23.5,44.5,6.5,0.38235294117647056,4.833916666666666
ventas,units,3118,49.0,True,strong,True,True,2,2.0,19.0,17.0,-23.5,44.5,4.5,0.2647058823529412,4.609083333333333
ventas,units,3123,84.0,True,strong,True,True,2,2.0,19.0,17.0,-23.5,44.5,39.5,2.323529411764706,8.543666666666667
ventas,units,3124,42.0,True,candidate,False,True,1,2.0,19.0,17.0,-23.5,44.5,0.0,0.0,3.8221666666666665
ventas,units,3153,52.0,True,strong,True,True,2,2.0,19.0,17.0,-23.5,44.5,7.5,0.4411764705882353,4.9463333333333335
ventas,units,3160,43.0,True,candidate,False,True,1,2.0,19.0,17.0,-23.5,44.5,0.0,0.0,3.934583333333333
ventas,units,3161,59.0,True,strong,True,True,2,2.0,19.0,17.0,-23.5,44.5,14.5,0.8529411764705882,5.733249999999999
ventas,units,3166,100.0,True,strong,True,True,2,2.0,19.0,17.0,-23.5,44.5,55.5,3.264705882352941,10.342333333333334
ventas,units,3168,135.0,True,strong,True,True,2,2.0,19.0,17.0,-23.5,44.5,90.5,5.323529411764706,14.276916666666667
ventas,units,3169,62.0,True,strong,True,True,2,2.0,19.0,17.0,-23.5,44.5,17.5,1.0294117647058822,6.0705
ventas,units,3212,43.0,True,candidate,False,True,1,2.0,19.0,17.0,-23.5,44.5,0.0,0.0,3.934583333333333
ventas,units,3214,132.0,True,strong,True,True,2,2.0,19.0,17.0,-23.5,44.5,87.5,5.147058823529412,13.939666666666668
ventas,units,3241,463.0,True,strong,True,True,2,2.0,19.0,17.0,-23.5,44.5,418.5,24.61764705882353,51.14958333333333
ventas,units,3245,98.0,True,strong,True,True,2,2.0,19.0,17.0,-23.5,44.5,53.5,3.1470588235294117,10.1175
ventas,units,3255,47.0,True,strong,True,True,2,2.0,19.0,17.0,-23.5,44.5,2.5,0.14705882352941177,4.38425
ventas,units,3256,79.0,True,strong,True,True,2,2.0,19.0,17.0,-23.5,44.5,34.5,2.0294117647058822,7.981583333333333
ventas,units,3258,41.0,True,candidate,False,True,1,2.0,19.0,17.0,-23.5,44.5,0.0,0.0,3.7097499999999997
ventas,units,3260,107.0,True,strong,True,True,2,2.0,19.0,17.0,-23.5,44.5,62.5,3.676470588235294,11.129249999999999
ventas,units,3262,77.0,True,strong,True,True,2,2.0,19.0,17.0,-23.5,44.5,32.5,1.911764705882353,7.75675
ventas,units,3314,66.0,True,strong,True,True,2,2.0,19.0,17.0,-23.5,44.5,21.5,1.2647058823529411,6.520166666666667
ventas,units,3316,165.0,True,strong,True,True,2,2.0,19.0,17.0,-23.5,44.5,120.5,7.088235294117647,17.649416666666667
ventas,units,3353,40.0,True,candidate,False,True,1,2.0,19.0,17.0,-23.5,44.5,0.0,0.0,3.5973333333333333
ventas,units,3362,135.0,True,strong,True,True,2,2.0,19.0,17.0,-23.5,44.5,90.5,5.323529411764706,14.276916666666667
ventas,units,3375,61.0,True,strong,True,True,2,2.0,19.0,17.0,-23.5,44.5,16.5,0.9705882352941176,5.958083333333334
ventas,units,3387,362.0,True,strong,True,True,2,2.0,19.0,17.0,-23.5,44.5,317.5,18.676470588235293,39.7955
ventas,units,3391,64.0,True,strong,True,True,2,2.0,19.0,17.0,-23.5,44.5,19.5,1.1470588235294117,6.295333333333333
ventas,units,3401,44.0,True,candidate,False,True,1,2.0,19.0,17.0,-23.5,44.5,0.0,0.0,4.047
ventas,units,3404,85.0,True,strong,True,True,2,2.0,19.0,17.0,-23.5,44.5,40.5,2.3823529411764706,8.656083333333333
ventas,units,3406,52.0,True,strong,True,True,2,2.0,19.0,17.0,-23.5,44.5,7.5,0.4411764705882353,4.9463333333333335
ventas,units,3409,50.0,True,strong,True,True,2,2.0,19.0,17.0,-23.5,44.5,5.5,0.3235294117647059,4.7215
ventas,units,3412,40.0,True,candidate,False,True,1,2.0,19.0,17.0,-23.5,44.5,0.0,0.0,3.5973333333333333
ventas,units,3428,59.0,True,strong,True,True,2,2.0,19.0,17.0,-23.5,44.5,14.5,0.8529411764705882,5.733249999999999
ventas,units,3452,55.0,True,strong,True,True,2,2.0,19.0,17.0,-23.5,44.5,10.5,0.6176470588235294,5.2835833333333335
ventas,units,3459,65.0,True,strong,True,True,2,2.0,19.0,17.0,-23.5,44.5,20.5,1.2058823529411764,6.40775
ventas,units,3461,67.0,True,strong,True,True,2,2.0,19.0,17.0,-23.5,44.5,22.5,1.3235294117647058,6.632583333333333
ventas,units,3462,118.0,True,strong,True,True,2,2.0,19.0,17.0,-23.5,44.5,73.5,4.323529411764706,12.365833333333333
ventas,units,3463,121.0,True,strong,True,True,2,2.0,19.0,17.0,-23.5,44.5,76.5,4.5,12.703083333333332
ventas,units,3482,41.0,True,candidate,False,True,1,2.0,19.0,17.0,-23.5,44.5,0.0,0.0,3.7097499999999997
ventas,units,3495,84.0,True,strong,True,True,2,2.0,19.0,17.0,-23.5,44.5,39.5,2.323529411764706,8.543666666666667
ventas,units,3515,390.0,True,strong,True,True,2,2.0,19.0,17.0,-23.5,44.5,345.5,20.323529411764707,42.94316666666666
ventas,units,3516,42.0,True,candidate,False,True,1,2.0,19.0,17.0,-23.5,44.5,0.0,0.0,3.8221666666666665
ventas,units,3519,82.0,True,strong,True,True,2,2.0,19.0,17.0,-23.5,44.5,37.5,2.2058823529411766,8.318833333333332
ventas,units,3528,46.0,True,strong,True,True,2,2.0,19.0,17.0,-23.5,44.5,1.5,0.08823529411764706,4.271833333333333
ventas,units,3532,73.0,True,strong,True,True,2,2.0,19.0,17.0,-23.5,44.5,28.5,1.6764705882352942,7.307083333333334
ventas,units,3535,102.0,True,strong,True,True,2,2.0,19.0,17.0,-23.5,44.5,57.5,3.3823529411764706,10.567166666666667
ventas,units,3586,68.0,True,strong,True,True,2,2.0,19.0,17.0,-23.5,44.5,23.5,1.3823529411764706,6.745
ventas,units,3588,92.0,True,strong,True,True,2,2.0,19.0,17.0,-23.5,44.5,47.5,2.7941176470588234,9.443
ventas,units,3618,40.0,True,candidate,False,True,1,2.0,19.0,17.0,-23.5,44.5,0.0,0.0,3.5973333333333333
ventas,units,3623,52.0,True,strong,True,True,2,2.0,19.0,17.0,-23.5,44.5,7.5,0.4411764705882353,4.9463333333333335
ventas,units,3635,117.0,True,strong,True,True,2,2.0,19.0,17.0,-23.5,44.5,72.5,4.264705882352941,12.253416666666666
ventas,units,3648,102.0,True,strong,True,True,2,2.0,19.0,17.0,-23.5,44.5,57.5,3.3823529411764706,10.567166666666667
ventas,units,3660,362.0,True,strong,True,True,2,2.0,19.0,17.0,-23.5,44.5,317.5,18.676470588235293,39.7955
ventas,units,3664,60.0,True,strong,True,True,2,2.0,19.0,17.0,-23.5,44.5,15.5,0.9117647058823529,5.845666666666666
ventas,units,3674,47.0,True,strong,True,True,2,2.0,19.0,17.0,-23.5,44.5,2.5,0.14705882352941177,4.38425
ventas,units,3677,67.0,True,strong,True,True,2,2.0,19.0,17.0,-23.5,44.5,22.5,1.3235294117647058,6.632583333333333
ventas,units,3680,50.0,True,strong,True,True,2,2.0,19.0,17.0,-23.5,44.5,5.5,0.3235294117647059,4.7215
ventas,units,3685,44.0,True,candidate,False,True,1,2.0,19.0,17.0,-23.5,44.5,0.0,0.0,4.047
ventas,units,3717,46.0,True,strong,True,True,2,2.0,19.0,17.0,-23.5,44.5,1.5,0.08823529411764706,4.271833333333333
ventas,units,3724,54.0,True,strong,True,True,2,2.0,19.0,17.0,-23.5,44.5,9.5,0.5588235294117647,5.171166666666667
ventas,units,3725,42.0,True,candidate,False,True,1,2.0,19.0,17.0,-23.5,44.5,0.0,0.0,3.8221666666666665
ventas,units,3730,80.0,True,strong,True,True,2,2.0,19.0,17.0,-23.5,44.5,35.5,2.088235294117647,8.094
ventas,units,3732,45.0,True,strong,True,True,2,2.0,19.0,17.0,-23.5,44.5,0.5,0.029411764705882353,4.159416666666666
ventas,units,3733,165.0,True,strong,True,True,2,2.0,19.0,17.0,-23.5,44.5,120.5,7.088235294117647,17.649416666666667
ventas,units,3734,60.0,True,strong,True,True,2,2.0,19.0,17.0,-23.5,44.5,15.5,0.9117647058823529,5.845666666666666
ventas,units,3773,140.0,True,strong,True,True,2,2.0,19.0,17.0,-23.5,44.5,95.5,5.617647058823529,14.838999999999999
ventas,units,3797,69.0,True,strong,True,True,2,2.0,19.0,17.0,-23.5,44.5,24.5,1.4411764705882353,6.8574166666666665
ventas,units,3799,446.0,True,strong,True,True,2,2.0,19.0,17.0,-23.5,44.5,401.5,23.61764705882353,49.238499999999995
ventas,units,3803,57.0,True,strong,True,True,2,2.0,19.0,17.0,-23.5,44.5,12.5,0.7352941176470589,5.508416666666666
ventas,units,3812,78.0,True,strong,True,True,2,2.0,19.0,17.0,-23.5,44.5,33.5,1.9705882352941178,7.869166666666666
ventas,units,3816,110.0,True,strong,True,True,2,2.0,19.0,17.0,-23.5,44.5,65.5,3.8529411764705883,11.466499999999998
ventas,units,3817,43.0,True,candidate,False,True,1,2.0,19.0,17.0,-23.5,44.5,0.0,0.0,3.934583333333333
ventas,units,3818,48.0,True,strong,True,True,2,2.0,19.0,17.0,-23.5,44.5,3.5,0.20588235294117646,4.496666666666667
ventas,units,3821,41.0,True,candidate,False,True,1,2.0,19.0,17.0,-23.5,44.5,0.0,0.0,3.7097499999999997
ventas,units,3824,70.0,True,strong,True,True,2,2.0,19.0,17.0,-23.5,44.5,25.5,1.5,6.969833333333334
ventas,units,3860,44.0,True,candidate,False,True,1,2.0,19.0,17.0,-23.5,44.5,0.0,0.0,4.047
ventas,units,3864,73.0,True,strong,True,True,2,2.0,19.0,17.0,-23.5,44.5,28.5,1.6764705882352942,7.307083333333334
ventas,units,3866,139.0,True,strong,True,True,2,2.0,19.0,17.0,-23.5,44.5,94.5,5.5588235294117645,14.726583333333332
ventas,units,3907,92.0,True,strong,True,True,2,2.0,19.0,17.0,-23.5,44.5,47.5,2.7941176470588234,9.443
ventas,units,3928,40.0,True,candidate,False,True,1,2.0,19.0,17.0,-23.5,44.5,0.0,0.0,3.5973333333333333
ventas,units,3930,366.0,True,strong,True,True,2,2.0,19.0,17.0,-23.5,44.5,321.5,18.91176470588235,40.24516666666667
ventas,units,3934,72.0,True,strong,True,True,2,2.0,19.0,17.0,-23.5,44.5,27.5,1.6176470588235294,7.1946666666666665
ventas,units,3944,54.0,True,strong,True,True,2,2.0,19.0,17.0,-23.5,44.5,9.5,0.5588235294117647,5.171166666666667
ventas,units,3948,67.0,True,strong,True,True,2,2.0,19.0,17.0,-23.5,44.5,22.5,1.3235294117647058,6.632583333333333
ventas,units,3952,42.0,True,candidate,False,True,1,2.0,19.0,17.0,-23.5,44.5,0.0,0.0,3.8221666666666665
ventas,units,3973,46.0,True,strong,True,True,2,2.0,19.0,17.0,-23.5,44.5,1.5,0.08823529411764706,4.271833333333333
ventas,units,4000,49.0,True,strong,True,True,2,2.0,19.0,17.0,-23.5,44.5,4.5,0.2647058823529412,4.609083333333333
ventas,units,4002,41.0,True,candidate,False,True,1,2.0,19.0,17.0,-23.5,44.5,0.0,0.0,3.7097499999999997
ventas,units,4003,129.0,True,strong,True,True,2,2.0,19.0,17.0,-23.5,44.5,84.5,4.970588235294118,13.602416666666665
ventas,units,4004,55.0,True,strong,True,True,2,2.0,19.0,17.0,-23.5,44.5,10.5,0.6176470588235294,5.2835833333333335
ventas,units,4039,92.0,True,strong,True,True,2,2.0,19.0,17.0,-23.5,44.5,47.5,2.7941176470588234,9.443
ventas,units,4056,314.0,True,strong,True,True,2,2.0,19.0,17.0,-23.5,44.5,269.5,15.852941176470589,34.399499999999996
ventas,units,4068,48.0,True,strong,True,True,2,2.0,19.0,17.0,-23.5,44.5,3.5,0.20588235294117646,4.496666666666667
ventas,units,4071,57.0,True,strong,True,True,2,2.0,19.0,17.0,-23.5,44.5,12.5,0.7352941176470589,5.508416666666666
ventas,units,4073,85.0,True,strong,True,True,2,2.0,19.0,17.0,-23.5,44.5,40.5,2.3823529411764706,8.656083333333333
ventas,units,4078,56.0,True,strong,True,True,2,2.0,19.0,17.0,-23.5,44.5,11.5,0.6764705882352942,5.396
ventas,units,4080,54.0,True,strong,True,True,2,2.0,19.0,17.0,-23.5,44.5,9.5,0.5588235294117647,5.171166666666667
ventas,units,4117,42.0,True,candidate,False,True,1,2.0,19.0,17.0,-23.5,44.5,0.0,0.0,3.8221666666666665
ventas,units,4124,89.0,True,strong,True,True,2,2.0,19.0,17.0,-23.5,44.5,44.5,2.6176470588235294,9.105749999999999
ventas,units,4126,177.0,True,strong,True,True,2,2.0,19.0,17.0,-23.5,44.5,132.5,7.794117647058823,18.998416666666667
ventas,units,4167,127.0,True,strong,True,True,2,2.0,19.0,17.0,-23.5,44.5,82.5,4.852941176470588,13.377583333333334
ventas,units,4180,63.0,True,strong,True,True,2,2.0,19.0,17.0,-23.5,44.5,18.5,1.088235294117647,6.182916666666666
ventas,units,4195,463.0,True,strong,True,True,2,2.0,19.0,17.0,-23.5,44.5,418.5,24.61764705882353,51.14958333333333
ventas,units,4196,65.0,True,strong,True,True,2,2.0,19.0,17.0,-23.5,44.5,20.5,1.2058823529411764,6.40775
ventas,units,4198,136.0,True,strong,True,True,2,2.0,19.0,17.0,-23.5,44.5,91.5,5.382352941176471,14.389333333333333
ventas,units,4208,98.0,True,strong,True,True,2,2.0,19.0,17.0,-23.5,44.5,53.5,3.1470588235294117,10.1175
ventas,units,4210,54.0,True,strong,True,True,2,2.0,19.0,17.0,-23.5,44.5,9.5,0.5588235294117647,5.171166666666667
ventas,units,4211,87.0,True,strong,True,True,2,2.0,19.0,17.0,-23.5,44.5,42.5,2.5,8.880916666666666
ventas,units,4220,80.0,True,strong,True,True,2,2.0,19.0,17.0,-23.5,44.5,35.5,2.088235294117647,8.094
ventas,units,4258,42.0,True,candidate,False,True,1,2.0,19.0,17.0,-23.5,44.5,0.0,0.0,3.8221666666666665
ventas,units,4263,64.0,True,strong,True,True,2,2.0,19.0,17.0,-23.5,44.5,19.5,1.1470588235294117,6.295333333333333
ventas,units,4265,101.0,True,strong,True,True,2,2.0,19.0,17.0,-23.5,44.5,56.5,3.323529411764706,10.454749999999999
ventas,units,4266,40.0,True,candidate,False,True,1,2.0,19.0,17.0,-23.5,44.5,0.0,0.0,3.5973333333333333
ventas,units,4295,48.0,True,strong,True,True,2,2.0,19.0,17.0,-23.5,44.5,3.5,0.20588235294117646,4.496666666666667
ventas,units,4304,124.0,True,strong,True,True,2,2.0,19.0,17.0,-23.5,44.5,79.5,4.676470588235294,13.040333333333335
ventas,units,4326,403.0,True,strong,True,True,2,2.0,19.0,17.0,-23.5,44.5,358.5,21.08823529411765,44.404583333333335
ventas,units,4337,43.0,True,candidate,False,True,1,2.0,19.0,17.0,-23.5,44.5,0.0,0.0,3.934583333333333
ventas,units,4338,63.0,True,strong,True,True,2,2.0,19.0,17.0,-23.5,44.5,18.5,1.088235294117647,6.182916666666666
ventas,units,4341,83.0,True,strong,True,True,2,2.0,19.0,17.0,-23.5,44.5,38.5,2.264705882352941,8.43125
ventas,units,4343,49.0,True,strong,True,True,2,2.0,19.0,17.0,-23.5,44.5,4.5,0.2647058823529412,4.609083333333333
ventas,units,4349,40.0,True,candidate,False,True,1,2.0,19.0,17.0,-23.5,44.5,0.0,0.0,3.5973333333333333
ventas,units,4385,41.0,True,candidate,False,True,1,2.0,19.0,17.0,-23.5,44.5,0.0,0.0,3.7097499999999997
ventas,units,4388,40.0,True,candidate,False,True,1,2.0,19.0,17.0,-23.5,44.5,0.0,0.0,3.5973333333333333
ventas,units,4390,99.0,True,strong,True,True,2,2.0,19.0,17.0,-23.5,44.5,54.5,3.2058823529411766,10.229916666666666
ventas,units,4426,100.0,True,strong,True,True,2,2.0,19.0,17.0,-23.5,44.5,55.5,3.264705882352941,10.342333333333334
ventas,units,4453,299.0,True,strong,True,True,2,2.0,19.0,17.0,-23.5,44.5,254.5,14.970588235294118,32.713249999999995
ventas,units,4464,58.0,True,strong,True,True,2,2.0,19.0,17.0,-23.5,44.5,13.5,0.7941176470588235,5.620833333333334
ventas,units,4467,83.0,True,strong,True,True,2,2.0,19.0,17.0,-23.5,44.5,38.5,2.264705882352941,8.43125
ventas,units,4469,48.0,True,strong,True,True,2,2.0,19.0,17.0,-23.5,44.5,3.5,0.20588235294117646,4.496666666666667
ventas,units,4475,51.0,True,strong,True,True,2,2.0,19.0,17.0,-23.5,44.5,6.5,0.38235294117647056,4.833916666666666
ventas,units,4513,43.0,True,candidate,False,True,1,2.0,19.0,17.0,-23.5,44.5,0.0,0.0,3.934583333333333
ventas,units,4519,76.0,True,strong,True,True,2,2.0,19.0,17.0,-23.5,44.5,31.5,1.8529411764705883,7.644333333333333
ventas,units,4521,117.0,True,strong,True,True,2,2.0,19.0,17.0,-23.5,44.5,72.5,4.264705882352941,12.253416666666666
ventas,units,4563,117.0,True,strong,True,True,2,2.0,19.0,17.0,-23.5,44.5,72.5,4.264705882352941,12.253416666666666
ventas,units,4589,343.0,True,strong,True,True,2,2.0,19.0,17.0,-23.5,44.5,298.5,17.558823529411764,37.65958333333334
ventas,units,4593,54.0,True,strong,True,True,2,2.0,19.0,17.0,-23.5,44.5,9.5,0.5588235294117647,5.171166666666667
ventas,units,4606,86.0,True,strong,True,True,2,2.0,19.0,17.0,-23.5,44.5,41.5,2.4411764705882355,8.7685
ventas,units,4608,41.0,True,candidate,False,True,1,2.0,19.0,17.0,-23.5,44.5,0.0,0.0,3.7097499999999997
ventas,units,4609,87.0,True,strong,True,True,2,2.0,19.0,17.0,-23.5,44.5,42.5,2.5,8.880916666666666
ventas,units,4611,70.0,True,strong,True,True,2,2.0,19.0,17.0,-23.5,44.5,25.5,1.5,6.969833333333334
ventas,units,4617,57.0,True,strong,True,True,2,2.0,19.0,17.0,-23.5,44.5,12.5,0.7352941176470589,5.508416666666666
ventas,units,4633,57.0,True,strong,True,True,2,2.0,19.0,17.0,-23.5,44.5,12.5,0.7352941176470589,5.508416666666666
ventas,units,4655,60.0,True,strong,True,True,2,2.0,19.0,17.0,-23.5,44.5,15.5,0.9117647058823529,5.845666666666666
ventas,units,4656,49.0,True,strong,True,True,2,2.0,19.0,17.0,-23.5,44.5,4.5,0.2647058823529412,4.609083333333333
ventas,units,4659,71.0,True,strong,True,True,2,2.0,19.0,17.0,-23.5,44.5,26.5,1.5588235294117647,7.082249999999999
ventas,units,4660,73.0,True,strong,True,True,2,2.0,19.0,17.0,-23.5,44.5,28.5,1.6764705882352942,7.307083333333334
ventas,units,4661,138.0,True,strong,True,True,2,2.0,19.0,17.0,-23.5,44.5,93.5,5.5,14.614166666666668
ventas,units,4662,103.0,True,strong,True,True,2,2.0,19.0,17.0,-23.5,44.5,58.5,3.4411764705882355,10.679583333333333
ventas,units,4697,100.0,True,strong,True,True,2,2.0,19.0,17.0,-23.5,44.5,55.5,3.264705882352941,10.342333333333334
ventas,units,4720,398.0,True,strong,True,True,2,2.0,19.0,17.0,-23.5,44.5,353.5,20.794117647058822,43.8425
ventas,units,4724,56.0,True,strong,True,True,2,2.0,19.0,17.0,-23.5,44.5,11.5,0.6764705882352942,5.396
ventas,units,4732,70.0,True,strong,True,True,2,2.0,19.0,17.0,-23.5,44.5,25.5,1.5,6.969833333333334
ventas,units,4736,89.0,True,strong,True,True,2,2.0,19.0,17.0,-23.5,44.5,44.5,2.6176470588235294,9.105749999999999
ventas,units,4738,59.0,True,strong,True,True,2,2.0,19.0,17.0,-23.5,44.5,14.5,0.8529411764705882,5.733249999999999
ventas,units,4745,71.0,True,strong,True,True,2,2.0,19.0,17.0,-23.5,44.5,26.5,1.5588235294117647,7.082249999999999
ventas,units,4787,52.0,True,strong,True,True,2,2.0,19.0,17.0,-23.5,44.5,7.5,0.4411764705882353,4.9463333333333335
ventas,units,4789,91.0,True,strong,True,True,2,2.0,19.0,17.0,-23.5,44.5,46.5,2.735294117647059,9.330583333333333
ventas,units,4798,55.0,True,strong,True,True,2,2.0,19.0,17.0,-23.5,44.5,10.5,0.6176470588235294,5.2835833333333335
ventas,units,4815,53.0,True,strong,True,True,2,2.0,19.0,17.0,-23.5,44.5,8.5,0.5,5.05875
ventas,units,4825,114.0,True,strong,True,True,2,2.0,19.0,17.0,-23.5,44.5,69.5,4.088235294117647,11.916166666666667
ventas,units,4837,71.0,True,strong,True,True,2,2.0,19.0,17.0,-23.5,44.5,26.5,1.5588235294117647,7.082249999999999
ventas,units,4845,64.0,True,strong,True,True,2,2.0,19.0,17.0,-23.5,44.5,19.5,1.1470588235294117,6.295333333333333
ventas,units,4847,334.0,True,strong,True,True,2,2.0,19.0,17.0,-23.5,44.5,289.5,17.029411764705884,36.64783333333333
ventas,units,4851,58.0,True,strong,True,True,2,2.0,19.0,17.0,-23.5,44.5,13.5,0.7941176470588235,5.620833333333334
ventas,units,4859,67.0,True,strong,True,True,2,2.0,19.0,17.0,-23.5,44.5,22.5,1.3235294117647058,6.632583333333333
ventas,units,4862,40.0,True,candidate,False,True,1,2.0,19.0,17.0,-23.5,44.5,0.0,0.0,3.5973333333333333
ventas,units,4869,41.0,True,candidate,False,True,1,2.0,19.0,17.0,-23.5,44.5,0.0,0.0,3.7097499999999997
ventas,units,4870,54.0,True,strong,True,True,2,2.0,19.0,17.0,-23.5,44.5,9.5,0.5588235294117647,5.171166666666667
ventas,units,4905,47.0,True,strong,True,True,2,2.0,19.0,17.0,-23.5,44.5,2.5,0.14705882352941177,4.38425
ventas,units,4911,47.0,True,strong,True,True,2,2.0,19.0,17.0,-23.5,44.5,2.5,0.14705882352941177,4.38425
ventas,units,4913,124.0,True,strong,True,True,2,2.0,19.0,17.0,-23.5,44.5,79.5,4.676470588235294,13.040333333333335
ventas,units,4914,50.0,True,strong,True,True,2,2.0,19.0,17.0,-23.5,44.5,5.5,0.3235294117647059,4.7215
ventas,units,4944,56.0,True,strong,True,True,2,2.0,19.0,17.0,-23.5,44.5,11.5,0.6764705882352942,5.396
ventas,units,4951,114.0,True,strong,True,True,2,2.0,19.0,17.0,-23.5,44.5,69.5,4.088235294117647,11.916166666666667
ventas,units,4974,350.0,True,strong,True,True,2,2.0,19.0,17.0,-23.5,44.5,305.5,17.970588235294116,38.4465
ventas,units,4987,56.0,True,strong,True,True,2,2.0,19.0,17.0,-23.5,44.5,11.5,0.6764705882352942,5.396
ventas,units,4991,86.0,True,strong,True,True,2,2.0,19.0,17.0,-23.5,44.5,41.5,2.4411764705882355,8.7685
ventas,units,4993,58.0,True,strong,True,True,2,2.0,19.0,17.0,-23.5,44.5,13.5,0.7941176470588235,5.620833333333334
ventas,units,4999,59.0,True,strong,True,True,2,2.0,19.0,17.0,-23.5,44.5,14.5,0.8529411764705882,5.733249999999999
ventas,units,5015,44.0,True,candidate,False,True,1,2.0,19.0,17.0,-23.5,44.5,0.0,0.0,4.047
ventas,units,5032,61.0,True,strong,True,True,2,2.0,19.0,17.0,-23.5,44.5,16.5,0.9705882352941176,5.958083333333334
ventas,units,5039,40.0,True,candidate,False,True,1,2.0,19.0,17.0,-23.5,44.5,0.0,0.0,3.5973333333333333
ventas,units,5046,83.0,True,strong,True,True,2,2.0,19.0,17.0,-23.5,44.5,38.5,2.264705882352941,8.43125
ventas,units,5048,53.0,True,strong,True,True,2,2.0,19.0,17.0,-23.5,44.5,8.5,0.5,5.05875
ventas,units,5049,141.0,True,strong,True,True,2,2.0,19.0,17.0,-23.5,44.5,96.5,5.676470588235294,14.951416666666667
ventas,units,5050,67.0,True,strong,True,True,2,2.0,19.0,17.0,-23.5,44.5,22.5,1.3235294117647058,6.632583333333333
ventas,units,5076,43.0,True,candidate,False,True,1,2.0,19.0,17.0,-23.5,44.5,0.0,0.0,3.934583333333333
ventas,units,5091,131.0,True,strong,True,True,2,2.0,19.0,17.0,-23.5,44.5,86.5,5.088235294117647,13.82725
ventas,units,5114,447.0,True,strong,True,True,2,2.0,19.0,17.0,-23.5,44.5,402.5,23.676470588235293,49.35091666666667
ventas,units,5118,69.0,True,strong,True,True,2,2.0,19.0,17.0,-23.5,44.5,24.5,1.4411764705882353,6.8574166666666665
ventas,units,5123,46.0,True,strong,True,True,2,2.0,19.0,17.0,-23.5,44.5,1.5,0.08823529411764706,4.271833333333333
ventas,units,5124,55.0,True,strong,True,True,2,2.0,19.0,17.0,-23.5,44.5,10.5,0.6176470588235294,5.2835833333333335
ventas,units,5127,94.0,True,strong,True,True,2,2.0,19.0,17.0,-23.5,44.5,49.5,2.911764705882353,9.667833333333332
ventas,units,5129,71.0,True,strong,True,True,2,2.0,19.0,17.0,-23.5,44.5,26.5,1.5588235294117647,7.082249999999999
ventas,units,5136,65.0,True,strong,True,True,2,2.0,19.0,17.0,-23.5,44.5,20.5,1.2058823529411764,6.40775
ventas,units,5179,66.0,True,strong,True,True,2,2.0,19.0,17.0,-23.5,44.5,21.5,1.2647058823529411,6.520166666666667
ventas,units,5181,69.0,True,strong,True,True,2,2.0,19.0,17.0,-23.5,44.5,24.5,1.4411764705882353,6.8574166666666665
ventas,units,5208,41.0,True,candidate,False,True,1,2.0,19.0,17.0,-23.5,44.5,0.0,0.0,3.7097499999999997
ventas,units,5213,43.0,True,candidate,False,True,1,2.0,19.0,17.0,-23.5,44.5,0.0,0.0,3.934583333333333
ventas,units,5225,104.0,True,strong,True,True,2,2.0,19.0,17.0,-23.5,44.5,59.5,3.5,10.792
ventas,units,5238,62.0,True,strong,True,True,2,2.0,19.0,17.0,-23.5,44.5,17.5,1.0294117647058822,6.0705
ventas,units,5246,323.0,True,strong,True,True,2,2.0,19.0,17.0,-23.5,44.5,278.5,16.38235294117647,35.41125
ventas,units,5250,112.0,True,strong,True,True,2,2.0,19.0,17.0,-23.5,44.5,67.5,3.9705882352941178,11.691333333333333
ventas,units,5259,77.0,True,strong,True,True,2,2.0,19.0,17.0,-23.5,44.5,32.5,1.911764705882353,7.75675
ventas,units,5262,67.0,True,strong,True,True,2,2.0,19.0,17.0,-23.5,44.5,22.5,1.3235294117647058,6.632583333333333
ventas,units,5264,45.0,True,strong,True,True,2,2.0,19.0,17.0,-23.5,44.5,0.5,0.029411764705882353,4.159416666666666
ventas,units,5266,40.0,True,candidate,False,True,1,2.0,19.0,17.0,-23.5,44.5,0.0,0.0,3.5973333333333333
ventas,units,5269,50.0,True,strong,True,True,2,2.0,19.0,17.0,-23.5,44.5,5.5,0.3235294117647059,4.7215
ventas,units,5285,40.0,True,candidate,False,True,1,2.0,19.0,17.0,-23.5,44.5,0.0,0.0,3.5973333333333333
ventas,units,5314,74.0,True,strong,True,True,2,2.0,19.0,17.0,-23.5,44.5,29.5,1.7352941176470589,7.419499999999999
ventas,units,5315,48.0,True,strong,True,True,2,2.0,19.0,17.0,-23.5,44.5,3.5,0.20588235294117646,4.496666666666667
ventas,units,5316,166.0,True,strong,True,True,2,2.0,19.0,17.0,-23.5,44.5,121.5,7.147058823529412,17.761833333333332
ventas,units,5317,47.0,True,strong,True,True,2,2.0,19.0,17.0,-23.5,44.5,2.5,0.14705882352941177,4.38425
ventas,units,5356,86.0,True,strong,True,True,2,2.0,19.0,17.0,-23.5,44.5,41.5,2.4411764705882355,8.7685
ventas,units,5374,362.0,True,strong,True,True,2,2.0,19.0,17.0,-23.5,44.5,317.5,18.676470588235293,39.7955
ventas,units,5378,62.0,True,strong,True,True,2,2.0,19.0,17.0,-23.5,44.5,17.5,1.0294117647058822,6.0705
ventas,units,5386,52.0,True,strong,True,True,2,2.0,19.0,17.0,-23.5,44.5,7.5,0.4411764705882353,4.9463333333333335
ventas,units,5390,93.0,True,strong,True,True,2,2.0,19.0,17.0,-23.5,44.5,48.5,2.8529411764705883,9.555416666666666
ventas,units,5392,69.0,True,strong,True,True,2,2.0,19.0,17.0,-23.5,44.5,24.5,1.4411764705882353,6.8574166666666665
ventas,units,5438,55.0,True,strong,True,True,2,2.0,19.0,17.0,-23.5,44.5,10.5,0.6176470588235294,5.2835833333333335
ventas,units,5444,40.0,True,candidate,False,True,1,2.0,19.0,17.0,-23.5,44.5,0.0,0.0,3.5973333333333333
ventas,units,5446,95.0,True,strong,True,True,2,2.0,19.0,17.0,-23.5,44.5,50.5,2.9705882352941178,9.78025
ventas,units,5475,48.0,True,strong,True,True,2,2.0,19.0,17.0,-23.5,44.5,3.5,0.20588235294117646,4.496666666666667
ventas,units,5482,75.0,True,strong,True,True,2,2.0,19.0,17.0,-23.5,44.5,30.5,1.7941176470588236,7.531916666666667
ventas,units,5510,319.0,True,strong,True,True,2,2.0,19.0,17.0,-23.5,44.5,274.5,16.147058823529413,34.96158333333333
ventas,units,5514,81.0,True,strong,True,True,2,2.0,19.0,17.0,-23.5,44.5,36.5,2.1470588235294117,8.206416666666668
ventas,units,5525,48.0,True,strong,True,True,2,2.0,19.0,17.0,-23.5,44.5,3.5,0.20588235294117646,4.496666666666667
ventas,units,5528,48.0,True,strong,True,True,2,2.0,19.0,17.0,-23.5,44.5,3.5,0.20588235294117646,4.496666666666667
ventas,amount,7,399.34552,True,strong,True,True,2,20.0,143.28416,123.28416000000001,-164.92624,328.21040000000005,71.13511999999997,0.5770012952191098,4.816404142819733
ventas,amount,17,327.2727,True,candidate,False,True,1,20.0,143.28416,123.28416000000001,-164.92624,328.21040000000005,0.0,0.0,3.7934590665661814
ventas,amount,29,376.7273,True,strong,True,True,2,20.0,143.28416,123.28416000000001,-164.92624,328.21040000000005,48.516899999999964,0.3935371746053991,4.495378868900666
ventas,amount,49,615.2730399999999,True,strong,True,True,2,20.0,143.28416,123.28416000000001,-164.92624,328.21040000000005,287.0626399999999,2.3284632835232024,7.881109997421232
ventas,amount,101,522.00001,True,strong,True,True,2,20.0,143.28416,123.28416000000001,-164.92624,328.21040000000005,193.78960999999993,1.5718938264250646,6.557265768962436
ventas,amount,116,389.99997,True,strong,True,True,2,20.0,143.28416,123.28416000000001,-164.92624,328.21040000000005,61.78956999999997,0.5011963418495934,4.683760736368017
ventas,amount,120,421.1364,True,strong,True,True,2,20.0,143.28416,123.28416000000001,-164.92624,328.21040000000005,92.92599999999993,0.753754578041493,5.125686801708783
ventas,amount,140,330.90905,True,strong,True,True,2,20.0,143.28416,123.28416000000001,-164.92624,328.21040000000005,2.6986499999999296,0.021889673417898367,3.845070566269323
ventas,amount,142,458.18178,True,strong,True,True,2,20.0,143.28416,123.28416000000001,-164.92624,328.21040000000005,129.97137999999995,1.0542423292659815,5.651479868622799
ventas,amount,143,620.45451,True,strong,True,True,2,20.0,143.28416,123.28416000000001,-164.92624,328.21040000000005,292.24411,2.3704919593887808,7.954651718478568
ventas,amount,144,441.81824,True,strong,True,True,2,20.0,143.28416,123.28416000000001,-164.92624,328.21040000000005,113.60783999999995,0.9215120579967446,5.419228616721209
ventas,amount,148,452.72714999999994,True,strong,True,True,2,20.0,143.28416,123.28416000000001,-164.92624,328.21040000000005,124.51674999999989,1.009997959186321,5.574061128780443
ventas,amount,150,449.09088,True,strong,True,True,2,20.0,143.28416,123.28416000000001,-164.92624,328.21040000000005,120.88047999999998,0.9805029291678669,5.522450764534553
ventas,amount,156,636.3637,True,strong,True,True,2,20.0,143.28416,123.28416000000001,-164.92624,328.21040000000005,308.15329999999994,2.4995368423648254,8.180454282852798
ventas,amount,179,685.09116,True,strong,True,True,2,20.0,143.28416,123.28416000000001,-164.92624,328.21040000000005,356.8807599999999,2.894781941167461,8.872053630364686
ventas,amount,251,687.27277,True,strong,True,True,2,20.0,143.28416,123.28416000000001,-164.92624,328.21040000000005,359.06237,2.912477726254532,8.903017691543443
ventas,amount,252,812.7272800000001,True,strong,True,True,2,20.0,143.28416,123.28416000000001,-164.92624,328.21040000000005,484.51688,3.9300821776293073,10.683620605350644
ventas,amount,268,559.8637,True,strong,True,True,2,20.0,143.28416,123.28416000000001,-164.92624,328.21040000000005,231.65329999999994,1.879019170021517,7.094673286169211
ventas,amount,270,1671.99997,True,strong,True,True,2,20.0,143.28416,123.28416000000001,-164.92624,328.21040000000005,1343.78957,10.89993694242634,22.8794631905949
ventas,amount,288,477.27269,True,strong,True,True,2,20.0,143.28416,123.28416000000001,-164.92624,328.21040000000005,149.06228999999996,1.209095231698865,5.922441271072429
ventas,amount,290,390.00001,True,strong,True,True,2,20.0,143.28416,123.28416000000001,-164.92624,328.21040000000005,61.789609999999925,0.5011966663032779,4.683761304096642
ventas,amount,319,737.45486,True,strong,True,True,2,20.0,143.28416,123.28416000000001,-164.92624,328.21040000000005,409.24446,3.3195218266482893,9.615262916325998
ventas,amount,381,482.72726,True,strong,True,True,2,20.0,143.28416,123.28416000000001,-164.92624,328.21040000000005,154.51685999999995,1.2533391150979976,5.999859159321844
ventas,amount,391,607.09091,True,strong,True,True,2,20.0,143.28416,123.28416000000001,-164.92624,328.21040000000005,278.88050999999996,2.2620952278054207,7.764979261912806
ventas,amount,406,359.99999,True,strong,True,True,2,20.0,143.28416,123.28416000000001,-164.92624,328.21040000000005,31.789589999999976,0.2578562404123934,4.257964550944649
ventas,amount,409,406.27277000000004,True,strong,True,True,2,20.0,143.28416,123.28416000000001,-164.92624,328.21040000000005,78.06236999999999,0.6331905899346678,4.914724095882169
ventas,amount,411,1230.18183,True,strong,True,True,2,20.0,143.28416,123.28416000000001,-164.92624,328.21040000000005,901.9714299999999,7.316198853121113,16.608643054619893
ventas,amount,417,346.18186000000003,True,strong,True,True,2,20.0,143.28416,123.28416000000001,-164.92624,328.21040000000005,17.97145999999998,0.14577266049425958,4.06184085207271
ventas,amount,429,349.99999,True,strong,True,True,2,20.0,143.28416,123.28416000000001,-164.92624,328.21040000000005,21.789589999999976,0.1767428191910459,4.116032394515423
ventas,amount,430,567.0000299999999,True,strong,True,True,2,20.0,143.28416,123.28416000000001,-164.92624,328.21040000000005,238.78962999999987,1.9369043841479705,7.19596075675827
ventas,amount,431,390.0,True,strong,True,True,2,20.0,143.28416,123.28416000000001,-164.92624,328.21040000000005,61.78959999999995,0.5011965851898569,4.683761162164486
ventas,amount,440,432.72732,True,strong,True,True,2,20.0,143.28416,123.28416000000001,-164.92624,328.21040000000005,104.51691999999997,0.8477724956717875,5.290199228768649
ventas,amount,460,698.1822500000001,True,strong,True,True,2,20.0,143.28416,123.28416000000001,-164.92624,328.21040000000005,369.97185,3.000968250909119,9.057858293735597
ventas,amount,506,306.81805,True,candidate,False,True,1,20.0,143.28416,123.28416000000001,-164.92624,328.21040000000005,0.0,0.0,3.503141808215674
ventas,amount,516,536.36363,True,strong,True,True,2,20.0,143.28416,123.28416000000001,-164.92624,328.21040000000005,208.1532299999999,1.6884020623574016,6.761131725035433
ventas,amount,526,628.36369,True,strong,True,True,2,20.0,143.28416,123.28416000000001,-164.92624,328.21040000000005,300.15328999999997,2.4346460242743264,8.06690841577726
ventas,amount,527,557.7272800000001,True,strong,True,True,2,20.0,143.28416,123.28416000000001,-164.92624,328.21040000000005,229.51688000000001,1.8616899364849466,7.06435061640536
ventas,amount,538,336.0,True,strong,True,True,2,20.0,143.28416,123.28416000000001,-164.92624,328.21040000000005,7.78959999999995,0.06318411059458043,3.917327517446661
ventas,amount,543,524.63636,True,strong,True,True,2,20.0,143.28416,123.28416000000001,-164.92624,328.21040000000005,196.42595999999992,1.5932781632287545,6.594684053022655
ventas,amount,560,331.36366000000004,True,strong,True,True,2,20.0,143.28416,123.28416000000001,-164.92624,328.21040000000005,3.153259999999989,0.025577170660042527,3.851522944032753
ventas,amount,561,318.18179,True,candidate,False,True,1,20.0,143.28416,123.28416000000001,-164.92624,328.21040000000005,0.0,0.0,3.664429820545779
ventas,amount,562,360.81821,True,strong,True,True,2,20.0,143.28416,123.28416000000001,-164.92624,328.21040000000005,32.60780999999997,0.26449310276356647,4.269577723848001
ventas,amount,572,610.90914,True,strong,True,True,2,20.0,143.28416,123.28416000000001,-164.92624,328.21040000000005,282.69873999999993,2.293066197636419,7.819172223677083
ventas,amount,593,624.00038,True,strong,True,True,2,20.0,143.28416,123.28416000000001,-164.92624,328.21040000000005,295.7899799999999,2.399253724079394,8.004979016030337
ventas,amount,661,582.54551,True,strong,True,True,2,20.0,143.28416,123.28416000000001,-164.92624,328.21040000000005,254.33511,2.0629990908807745,7.4166011066710125
ventas,amount,678,436.00003,True,strong,True,True,2,20.0,143.28416,123.28416000000001,-164.92624,328.21040000000005,107.78962999999993,0.8743185661483188,5.336649507535398
ventas,amount,680,1085.45453,True,strong,True,True,2,20.0,143.28416,123.28416000000001,-164.92624,328.21040000000005,757.2441299999999,6.142266208408281,14.554497276301928
ventas,amount,700,345.0,True,strong,True,True,2,20.0,143.28416,123.28416000000001,-164.92624,328.21040000000005,16.78959999999995,0.13618618969379317,4.045066458232965
ventas,amount,709,458.18183,True,strong,True,True,2,20.0,143.28416,123.28416000000001,-164.92624,328.21040000000005,129.97142999999994,1.0542427348330874,5.65148057828358
ventas,amount,732,453.81838000000005,True,strong,True,True,2,20.0,143.28416,123.28416000000001,-164.92624,328.21040000000005,125.60798,1.0188492990502591,5.58954919148647
ventas,amount,790,429.09089,True,strong,True,True,2,20.0,143.28416,123.28416000000001,-164.92624,328.21040000000005,100.88048999999995,0.8182761678385929,5.238586593608256
ventas,amount,799,482.72731,True,strong,True,True,2,20.0,143.28416,123.28416000000001,-164.92624,328.21040000000005,154.51690999999994,1.2533395206651035,5.999859868982626
ventas,amount,800,3210.81813,True,strong,True,True,2,20.0,143.28416,123.28416000000001,-164.92624,328.21040000000005,2882.60773,23.381817501940233,44.7202411707204
ventas,amount,817,386.45455999999996,True,strong,True,True,2,20.0,143.28416,123.28416000000001,-164.92624,328.21040000000005,58.24415999999991,0.4724383083763551,4.633439967695441
ventas,amount,819,651.27273,True,strong,True,True,2,20.0,143.28416,123.28416000000001,-164.92624,328.21040000000005,323.06233,2.6204690854039963,8.3920613606696
ventas,amount,826,352.36366999999996,True,strong,True,True,2,20.0,143.28416,123.28416000000001,-164.92624,328.21040000000005,24.153269999999907,0.1959154363382928,4.149580614466285
ventas,amount,836,310.00001,True,candidate,False,True,1,20.0,143.28416,123.28416000000001,-164.92624,328.21040000000005,0.0,0.0,3.548304052662827
ventas,amount,837,621.81817,True,strong,True,True,2,20.0,143.28416,123.28416000000001,-164.92624,328.21040000000005,293.60776999999996,2.381553072187051,7.974006438922196
ventas,amount,838,531.81812,True,strong,True,True,2,20.0,143.28416,123.28416000000001,-164.92624,328.21040000000005,203.60771999999997,1.6515318756278174,6.696616321398373
ventas,amount,839,310.90911,True,candidate,False,True,1,20.0,143.28416,123.28416000000001,-164.92624,328.21040000000005,0.0,0.0,3.5612071050038088
ventas,amount,845,604.54541,True,strong,True,True,2,20.0,143.28416,123.28416000000001,-164.92624,328.21040000000005,276.3350099999999,2.241447806433526,7.728850431493745
ventas,amount,851,534.54551,True,strong,True,True,2,20.0,143.28416,123.28416000000001,-164.92624,328.21040000000005,206.33511,1.6736546690183067,6.735326755810724
ventas,amount,852,379.99999,True,strong,True,True,2,20.0,143.28416,123.28416000000001,-164.92624,328.21040000000005,51.789589999999976,0.42008308285508833,4.5418288638031035
ventas,amount,873,514.90931,True,strong,True,True,2,20.0,143.28416,123.28416000000001,-164.92624,328.21040000000005,186.69890999999996,1.514378732839644,6.4566259348031645
ventas,amount,935,309.09092,True,candidate,False,True,1,20.0,143.28416,123.28416000000001,-164.92624,328.21040000000005,0.0,0.0,3.5354011422540026
ventas,amount,940,742.90917,True,strong,True,True,2,20.0,143.28416,123.28416000000001,-164.92624,328.21040000000005,414.69876999999997,3.3637636010984697,9.692677114339347
ventas,amount,941,1072.72727,True,strong,True,True,2,20.0,143.28416,123.28416000000001,-164.92624,328.21040000000005,744.51687,6.039031048270921,14.373856530578387
ventas,amount,953,390.0,True,strong,True,True,2,20.0,143.28416,123.28416000000001,-164.92624,328.21040000000005,61.78959999999995,0.5011965851898569,4.683761162164486
ventas,amount,956,426.09092,True,strong,True,True,2,20.0,143.28416,123.28416000000001,-164.92624,328.21040000000005,97.88051999999993,0.7939423848124522,5.196007372475957
ventas,amount,958,1159.00002,True,strong,True,True,2,20.0,143.28416,123.28416000000001,-164.92624,328.21040000000005,830.7896199999999,6.738818839338321,15.598344275436343
ventas,amount,966,321.45457999999996,True,candidate,False,True,1,20.0,143.28416,123.28416000000001,-164.92624,328.21040000000005,0.0,0.0,3.7108812347697797
ventas,amount,978,477.27273,True,strong,True,True,2,20.0,143.28416,123.28416000000001,-164.92624,328.21040000000005,149.06232999999997,1.20909555615255,5.922441838801054
ventas,amount,979,360.81818,True,strong,True,True,2,20.0,143.28416,123.28416000000001,-164.92624,328.21040000000005,32.607779999999934,0.2644928594233025,4.269577298051531
ventas,amount,989,560.00005,True,strong,True,True,2,20.0,143.28416,123.28416000000001,-164.92624,328.21040000000005,231.78964999999994,1.88012515151987,7.096608531122124
ventas,amount,1011,541.09123,True,strong,True,True,2,20.0,143.28416,123.28416000000001,-164.92624,328.21040000000005,212.88082999999995,1.7267492433740061,6.8282315713089154
ventas,amount,1032,335.81807999999995,True,strong,True,True,2,20.0,143.28416,123.28416000000001,-164.92624,328.21040000000005,7.6076799999999025,0.06170849523572129,3.9147454876569
ventas,amount,1061,437.27275000000003,True,strong,True,True,2,20.0,143.28416,123.28416000000001,-164.92624,328.21040000000005,109.06234999999998,0.8846420334940025,5.3547134969484596
ventas,amount,1063,482.72722,True,strong,True,True,2,20.0,143.28416,123.28416000000001,-164.92624,328.21040000000005,154.51681999999994,1.2533387906443125,5.999858591593219
ventas,amount,1071,656.18186,True,strong,True,True,2,20.0,143.28416,123.28416000000001,-164.92624,328.21040000000005,327.97146,2.6602887183560315,8.461737701378741
ventas,amount,1072,590.45454,True,strong,True,True,2,20.0,143.28416,123.28416000000001,-164.92624,328.21040000000005,262.2441399999999,2.1271519390650013,7.528855674987356
ventas,amount,1086,413.99999,True,strong,True,True,2,20.0,143.28416,123.28416000000001,-164.92624,328.21040000000005,85.78958999999998,0.6958687150076698,5.024398195662474
ventas,amount,1089,322.0455,True,candidate,False,True,1,20.0,143.28416,123.28416000000001,-164.92624,328.21040000000005,0.0,0.0,3.7192682897574962
ventas,amount,1091,361.81818,True,strong,True,True,2,20.0,143.28416,123.28416000000001,-164.92624,328.21040000000005,33.607779999999934,0.27260420154543724,4.283770513694454
ventas,amount,1185,893.0,True,strong,True,True,2,20.0,143.28416,123.28416000000001,-164.92624,328.21040000000005,564.7896,4.581201672623635,11.822948630554595
ventas,amount,1191,309.09094,True,candidate,False,True,1,20.0,143.28416,123.28416000000001,-164.92624,328.21040000000005,0.0,0.0,3.5354014261183155
ventas,amount,1203,514.09085,True,strong,True,True,2,20.0,143.28416,123.28416000000001,-164.92624,328.21040000000005,185.88045,1.507739923766362,6.445009355528058
ventas,amount,1204,441.81825,True,strong,True,True,2,20.0,143.28416,123.28416000000001,-164.92624,328.21040000000005,113.60784999999993,0.9215121391101656,5.419228758653364
ventas,amount,1208,357.72720000000004,True,strong,True,True,2,20.0,143.28416,123.28416000000001,-164.92624,328.21040000000005,29.51679999999999,0.23942086315062686,4.225706352363571
ventas,amount,1216,432.72729,True,strong,True,True,2,20.0,143.28416,123.28416000000001,-164.92624,328.21040000000005,104.51688999999993,0.8477722523315235,5.29019880297218
ventas,amount,1239,567.27305,True,strong,True,True,2,20.0,143.28416,123.28416000000001,-164.92624,328.21040000000005,239.06264999999996,1.9391189427741564,7.199835788493101
ventas,amount,1294,314.54541,True,candidate,False,True,1,20.0,143.28416,123.28416000000001,-164.92624,328.21040000000005,0.0,0.0,3.6128178950461685
ventas,amount,1296,375.45455000000004,True,strong,True,True,2,20.0,143.28416,123.28416000000001,-164.92624,328.21040000000005,47.24414999999999,0.3832134639194523,4.477314453691137
ventas,amount,1302,692.1818,True,strong,True,True,2,20.0,143.28416,123.28416000000001,-164.92624,328.21040000000005,363.9713999999999,2.9522965480723546,8.97269261293102
ventas,amount,1315,431.99998,True,strong,True,True,2,20.0,143.28416,123.28416000000001,-164.92624,328.21040000000005,103.78957999999994,0.8418727920926738,5.279875935302925
ventas,amount,1319,401.31819,True,strong,True,True,2,20.0,143.28416,123.28416000000001,-164.92624,328.21040000000005,73.10778999999997,0.5930022964831813,4.844402673522057
ventas,amount,1321,687.45457,True,strong,True,True,2,20.0,143.28416,123.28416000000001,-164.92624,328.21040000000005,359.24416999999994,2.913952368252336,8.905598018147327
ventas,amount,1327,327.63641,True,candidate,False,True,1,20.0,143.28416,123.28416000000001,-164.92624,328.21040000000005,0.0,0.0,3.7986212810276694
ventas,amount,1339,381.81817,True,strong,True,True,2,20.0,143.28416,123.28416000000001,-164.92624,328.21040000000005,53.60776999999996,0.4348309628747112,4.567634684620752
ventas,amount,1340,463.90913,True,strong,True,True,2,20.0,143.28416,123.28416000000001,-164.92624,328.21040000000005,135.69872999999995,1.10069882456919,5.732769382235292
ventas,amount,1341,420.0,True,strong,True,True,2,20.0,143.28416,123.28416000000001,-164.92624,328.21040000000005,91.78959999999995,0.7445368488538994,5.109557631452167
ventas,amount,1350,407.27277000000004,True,strong,True,True,2,20.0,143.28416,123.28416000000001,-164.92624,328.21040000000005,79.06236999999999,0.6413019320568025,4.928917311525092
ventas,amount,1374,685.0911900000001,True,strong,True,True,2,20.0,143.28416,123.28416000000001,-164.92624,328.21040000000005,356.88079000000005,2.8947821845077257,8.872054056161158
ventas,amount,1440,687.27281,True,strong,True,True,2,20.0,143.28416,123.28416000000001,-164.92624,328.21040000000005,359.06241,2.9124780507082173,8.90301825927207
ventas,amount,1454,444.0,True,strong,True,True,2,20.0,143.28416,123.28416000000001,-164.92624,328.21040000000005,115.78959999999995,0.9392090597851332,5.45019480688231
ventas,amount,1458,312.13637,True,candidate,False,True,1,20.0,143.28416,123.28416000000001,-164.92624,328.21040000000005,0.0,0.0,3.5786258708337417
ventas,amount,1463,524.63633,True,strong,True,True,2,20.0,143.28416,123.28416000000001,-164.92624,328.21040000000005,196.42593,1.5932779198884914,6.594683627226186
ventas,amount,1480,392.72724,True,strong,True,True,2,20.0,143.28416,123.28416000000001,-164.92624,328.21040000000005,64.51683999999995,0.5233181618790276,4.72246946759449
ventas,amount,1481,478.63631000000004,True,strong,True,True,2,20.0,143.28416,123.28416000000001,-164.92624,328.21040000000005,150.42591,1.2201560200434507,5.94179542378743
ventas,amount,1488,414.54540000000003,True,strong,True,True,2,20.0,143.28416,123.28416000000001,-164.92624,328.21040000000005,86.33499999999998,0.7002927221145033,5.032139317406281
ventas,amount,1492,349.09081,True,strong,True,True,2,20.0,143.28416,123.28416000000001,-164.92624,328.21040000000005,20.880409999999927,0.16936814916044304,4.103128206717189
ventas,amount,1494,712.7273,True,strong,True,True,2,20.0,143.28416,123.28416000000001,-164.92624,328.21040000000005,384.51689999999996,3.1189481276426747,9.264299324922687
ventas,amount,1517,493.09112999999996,True,strong,True,True,2,20.0,143.28416,123.28416000000001,-164.92624,328.21040000000005,164.88072999999991,1.3374040103773257,6.146955801127061
ventas,amount,1571,608.72731,True,strong,True,True,2,20.0,143.28416,123.28416000000001,-164.92624,328.21040000000005,280.51690999999994,2.275368628054082,7.788205039990885
ventas,amount,1584,356.72728,True,strong,True,True,2,20.0,143.28416,123.28416000000001,-164.92624,328.21040000000005,28.516879999999958,0.23131016993586162,4.211514272177899
ventas,amount,1587,1368.00003,True,strong,True,True,2,20.0,143.28416,123.28416000000001,-164.92624,328.21040000000005,1039.7896299999998,8.434089423977904,18.56472648673934
ventas,amount,1605,355.90913,True,strong,True,True,2,20.0,143.28416,123.28416000000001,-164.92624,328.21040000000005,27.698729999999955,0.22467387537863706,4.199902092799642
ventas,amount,1606,349.99998,True,strong,True,True,2,20.0,143.28416,123.28416000000001,-164.92624,328.21040000000005,21.789579999999944,0.17674273807762442,4.116032252583266
ventas,amount,1607,360.81822,True,strong,True,True,2,20.0,143.28416,123.28416000000001,-164.92624,328.21040000000005,32.60781999999995,0.26449318387698745,4.269577865780158
ventas,amount,1608,330.0,True,strong,True,True,2,20.0,143.28416,123.28416000000001,-164.92624,328.21040000000005,1.7895999999999503,0.014516057861771943,3.832168223589125
ventas,amount,1617,407.27274,True,strong,True,True,2,20.0,143.28416,123.28416000000001,-164.92624,328.21040000000005,79.06233999999995,0.6413016887165386,4.928916885728622
ventas,amount,1639,597.8185,True,strong,True,True,2,20.0,143.28416,123.28416000000001,-164.92624,328.21040000000005,269.6080999999999,2.186883537998717,7.633373947253213
ventas,amount,1702,602.18182,True,strong,True,True,2,20.0,143.28416,123.28416000000001,-164.92624,328.21040000000005,273.97141999999997,2.2222759193070702,7.695303488932292
ventas,amount,1703,1826.54545,True,strong,True,True,2,20.0,143.28416,123.28416000000001,-164.92624,328.21040000000005,1498.3350500000001,12.153508204135875,25.072960514873895
ventas,amount,1717,445.9091,True,strong,True,True,2,20.0,143.28416,123.28416000000001,-164.92624,328.21040000000005,117.69869999999997,0.9546944230305009,5.477291074866215
ventas,amount,1726,494.5455,True,strong,True,True,2,20.0,143.28416,123.28416000000001,-164.92624,328.21040000000005,166.33509999999995,1.3492009030194954,6.16759798816166
ventas,amount,1738,636.3635899999999,True,strong,True,True,2,20.0,143.28416,123.28416000000001,-164.92624,328.21040000000005,308.1531899999999,2.4995359501171914,8.180452721599075
ventas,amount,1739,395.18185,True,strong,True,True,2,20.0,143.28416,123.28416000000001,-164.92624,328.21040000000005,66.97144999999995,0.5432283433654408,4.757308276643765
ventas,amount,1740,344.99999,True,strong,True,True,2,20.0,143.28416,123.28416000000001,-164.92624,328.21040000000005,16.789589999999976,0.13618610858037217,4.045066316300809
ventas,amount,1749,534.54553,True,strong,True,True,2,20.0,143.28416,123.28416000000001,-164.92624,328.21040000000005,206.33512999999994,1.6736548312451487,6.7353270396750355
ventas,amount,1770,484.36394,True,strong,True,True,2,20.0,143.28416,123.28416000000001,-164.92624,328.21040000000005,156.15353999999996,1.266614786522453,6.023088911500304
ventas,amount,1823,340.90902,True,strong,True,True,2,20.0,143.28416,123.28416000000001,-164.92624,328.21040000000005,12.698619999999949,0.10300285129898235,3.9870022969020815
ventas,amount,1835,690.54553,True,strong,True,True,2,20.0,143.28416,123.28416000000001,-164.92624,328.21040000000005,362.33512999999994,2.9390242022981696,8.949468679970975
ventas,amount,1836,321.72726,True,candidate,False,True,1,20.0,143.28416,123.28416000000001,-164.92624,328.21040000000005,0.0,0.0,3.7147514408112925
ventas,amount,1849,384.0,True,strong,True,True,2,20.0,143.28416,123.28416000000001,-164.92624,328.21040000000005,55.78959999999995,0.4525285324570484,4.598601868306949
ventas,amount,1854,723.63638,True,strong,True,True,2,20.0,143.28416,123.28416000000001,-164.92624,328.21040000000005,395.42598,3.2074354077604124,9.419134249828582
ventas,amount,1860,309.09095,True,candidate,False,True,1,20.0,143.28416,123.28416000000001,-164.92624,328.21040000000005,0.0,0.0,3.5354015680504727
ventas,amount,1872,445.45455999999996,True,strong,True,True,2,20.0,143.28416,123.28416000000001,-164.92624,328.21040000000005,117.24415999999991,0.9510074935823053,5.470839690627879
ventas,amount,1873,429.54549,True,strong,True,True,2,20.0,143.28416,123.28416000000001,-164.92624,328.21040000000005,101.33508999999992,0.8219635839673151,5.245038829439528
ventas,amount,1874,360.0,True,strong,True,True,2,20.0,143.28416,123.28416000000001,-164.92624,328.21040000000005,31.78959999999995,0.2578563215258144,4.257964692876805
ventas,amount,1903,410.18203,True,strong,True,True,2,20.0,143.28416,123.28416000000001,-164.92624,328.21040000000005,81.97162999999995,0.664899935239044,4.97020906606642
ventas,amount,1966,482.72726,True,strong,True,True,2,20.0,143.28416,123.28416000000001,-164.92624,328.21040000000005,154.51685999999995,1.2533391150979976,5.999859159321844
ventas,amount,1976,610.36363,True,strong,True,True,2,20.0,143.28416,123.28416000000001,-164.92624,328.21040000000005,282.1532299999999,2.288641379395373,7.811429682611712
ventas,amount,1991,432.0,True,strong,True,True,2,20.0,143.28416,123.28416000000001,-164.92624,328.21040000000005,103.78959999999995,0.8418729543195163,5.279876219167238
ventas,amount,1994,520.22731,True,strong,True,True,2,20.0,143.28416,123.28416000000001,-164.92624,328.21040000000005,192.01690999999994,1.5575148502451566,6.5321054555922275
ventas,amount,1996,1248.27273,True,strong,True,True,2,20.0,143.28416,123.28416000000001,-164.92624,328.21040000000005,920.0623299999999,7.46294033231844,16.86541109949444
ventas,amount,2000,348.5455,True,strong,True,True,2,20.0,143.28416,123.28416000000001,-164.92624,328.21040000000005,20.335099999999954,0.16494495318782196,4.095388504294948
ventas,amount,2003,420.36366999999996,True,strong,True,True,2,20.0,143.28416,123.28416000000001,-164.92624,328.21040000000005,92.1532699999999,0.7474867006434557,5.114719278185028
ventas,amount,2015,661.81816,True,strong,True,True,2,20.0,143.28416,123.28416000000001,-164.92624,328.21040000000005,333.60776,2.70600667595902,8.541734922706947
ventas,amount,2016,371.12731,True,strong,True,True,2,20.0,143.28416,123.28416000000001,-164.92624,328.21040000000005,42.91690999999997,0.3481137398348658,4.415897003232455
ventas,amount,2017,429.00002,True,strong,True,True,2,20.0,143.28416,123.28416000000001,-164.92624,328.21040000000005,100.78961999999996,0.8175390901799545,5.237296856102783
ventas,amount,2026,580.36366,True,strong,True,True,2,20.0,143.28416,123.28416000000001,-164.92624,328.21040000000005,252.15325999999993,2.0453013590715945,7.385633639120501
ventas,amount,2047,677.23666,True,strong,True,True,2,20.0,143.28416,123.28416000000001,-164.92624,328.21040000000005,349.02626,2.8310714044691543,8.76057301809735
ventas,amount,2112,375.45453999999995,True,strong,True,True,2,20.0,143.28416,123.28416000000001,-164.92624,328.21040000000005,47.2441399999999,0.38321338280603034,4.477314311758979
ventas,amount,2125,668.6181600000001,True,strong,True,True,2,20.0,143.28416,123.28416000000001,-164.92624,328.21040000000005,340.40776000000005,2.7611638023895364,8.638248789078823
ventas,amount,2141,467.99997,True,strong,True,True,2,20.0,143.28416,123.28416000000001,-164.92624,328.21040000000005,139.78956999999997,1.1338810273761037,5.790831556515986
ventas,amount,2147,778.81817,True,strong,True,True,2,20.0,143.28416,123.28416000000001,-164.92624,328.21040000000005,450.60776999999996,3.6550337853622064,10.202341294861057
ventas,amount,2162,378.18177000000003,True,strong,True,True,2,20.0,143.28416,123.28416000000001,-164.92624,328.21040000000005,49.97136999999998,0.40533487838178056,4.516022475256828
ventas,amount,2164,523.63634,True,strong,True,True,2,20.0,143.28416,123.28416000000001,-164.92624,328.21040000000005,195.42593999999997,1.5851666588797777,6.58049055351542
ventas,amount,2165,514.09086,True,strong,True,True,2,20.0,143.28416,123.28416000000001,-164.92624,328.21040000000005,185.88045999999997,1.507740004879783,6.445009497460215
ventas,amount,2166,425.45461,True,strong,True,True,2,20.0,143.28416,123.28416000000001,-164.92624,328.21040000000005,97.24420999999995,0.7887810567067167,5.186976087430209
ventas,amount,2170,379.0908,True,strong,True,True,2,20.0,143.28416,123.28416000000001,-164.92624,328.21040000000005,50.88039999999995,0.41270833171106447,4.528924534072713
ventas,amount,2178,687.27278,True,strong,True,True,2,20.0,143.28416,123.28416000000001,-164.92624,328.21040000000005,359.06237999999996,2.9124778073679534,8.9030178334756
ventas,amount,2202,597.8184,True,strong,True,True,2,20.0,143.28416,123.28416000000001,-164.92624,328.21040000000005,269.60799999999995,2.186882726864505,7.63337252793165
ventas,amount,2259,363.6364,True,strong,True,True,2,20.0,143.28416,123.28416000000001,-164.92624,328.21040000000005,35.42599999999993,0.28735240601874507,4.309576902240729
ventas,amount,2263,432.72727,True,strong,True,True,2,20.0,143.28416,123.28416000000001,-164.92624,328.21040000000005,104.51686999999993,0.847772090104681,5.290198519107866
ventas,amount,2270,720.00002,True,strong,True,True,2,20.0,143.28416,123.28416000000001,-164.92624,328.21040000000005,391.7896199999999,3.177939647721166,9.367522608193283
ventas,amount,2285,486.0,True,strong,True,True,2,20.0,143.28416,123.28416000000001,-164.92624,328.21040000000005,157.78959999999995,1.2798854289147927,6.046309863885063
ventas,amount,2288,356.72732,True,strong,True,True,2,20.0,143.28416,123.28416000000001,-164.92624,328.21040000000005,28.51691999999997,0.23131049438954662,4.211514839906525
ventas,amount,2290,817.0,True,strong,True,True,2,20.0,143.28416,123.28416000000001,-164.92624,328.21040000000005,488.78959999999995,3.9647396713413947,10.744264241692472
ventas,amount,2310,375.0,True,strong,True,True,2,20.0,143.28416,123.28416000000001,-164.92624,328.21040000000005,46.78959999999995,0.37952645335783564,4.4708629275206455
ventas,amount,2337,392.72750999999994,True,strong,True,True,2,20.0,143.28416,123.28416000000001,-164.92624,328.21040000000005,64.51710999999989,0.5233203519414001,4.722473299762713
ventas,amount,2404,562.90914,True,strong,True,True,2,20.0,143.28416,123.28416000000001,-164.92624,328.21040000000005,234.69873999999993,1.903721775773951,7.137897872816794
ventas,amount,2405,972.72727,True,strong,True,True,2,20.0,143.28416,123.28416000000001,-164.92624,328.21040000000005,644.5168699999999,5.227896836057445,12.954534966286117
ventas,amount,2439,392.72724999999997,True,strong,True,True,2,20.0,143.28416,123.28416000000001,-164.92624,328.21040000000005,64.51684999999992,0.5233182429924486,4.722469609526646
ventas,amount,2441,343.63641,True,strong,True,True,2,20.0,143.28416,123.28416000000001,-164.92624,328.21040000000005,15.426009999999962,0.12512564468947154,4.0257127313144325
ventas,amount,2445,401.36355000000003,True,strong,True,True,2,20.0,143.28416,123.28416000000001,-164.92624,328.21040000000005,73.15314999999998,0.5933702269618414,4.845046477783621
ventas,amount,2453,610.90006,True,strong,True,True,2,20.0,143.28416,123.28416000000001,-164.92624,328.21040000000005,282.68966,2.2929925466499506,7.819043349279046
ventas,amount,2474,672.0002800000001,True,strong,True,True,2,20.0,143.28416,123.28416000000001,-164.92624,328.21040000000005,343.78988000000004,2.7885973348076507,8.686251947569065
ventas,amount,2537,321.81816,True,candidate,False,True,1,20.0,143.28416,123.28416000000001,-164.92624,328.21040000000005,0.0,0.0,3.716041604113234
ventas,amount,2544,666.00004,True,strong,True,True,2,20.0,143.28416,123.28416000000001,-164.92624,328.21040000000005,337.78963999999996,2.7399273353527325,8.601089247339772
ventas,amount,2545,1078.99999,True,strong,True,True,2,20.0,143.28416,123.28416000000001,-164.92624,328.21040000000005,750.78959,6.089911226227278,14.462886598206058
ventas,amount,2562,995.00002,True,strong,True,True,2,20.0,143.28416,123.28416000000001,-164.92624,328.21040000000005,666.7896199999999,5.408558731308222,13.27065690999702
ventas,amount,2615,602.18205,True,strong,True,True,2,20.0,143.28416,123.28416000000001,-164.92624,328.21040000000005,273.97164999999995,2.2222777849157582,7.69530675337189
ventas,amount,2667,474.54544000000004,True,strong,True,True,2,20.0,143.28416,123.28416000000001,-164.92624,328.21040000000005,146.33504,1.1869735738962732,5.883732823710267
ventas,amount,2668,3852.72728,True,strong,True,True,2,20.0,143.28416,123.28416000000001,-164.92624,328.21040000000005,3524.51688,28.588562228918946,53.83099615983561
ventas,amount,2688,327.00006,True,candidate,False,True,1,20.0,143.28416,123.28416000000001,-164.92624,328.21040000000005,0.0,0.0,3.789589428253296
ventas,amount,2691,832.18182,True,strong,True,True,2,20.0,143.28416,123.28416000000001,-164.92624,328.21040000000005,503.97141999999997,4.087884607398062,10.959743086804508
ventas,amount,2710,327.27278,True,candidate,False,True,1,20.0,143.28416,123.28416000000001,-164.92624,328.21040000000005,0.0,0.0,3.793460202023433
ventas,amount,2714,313.18171,True,candidate,False,True,1,20.0,143.28416,123.28416000000001,-164.92624,328.21040000000005,0.0,0.0,3.593462606873915
ventas,amount,2722,330.90911,True,strong,True,True,2,20.0,143.28416,123.28416000000001,-164.92624,328.21040000000005,2.6987099999999486,0.02189016009842585,3.845071417862262
ventas,amount,2747,798.5456200000001,True,strong,True,True,2,20.0,143.28416,123.28416000000001,-164.92624,328.21040000000005,470.33522000000005,3.8150498815095144,10.482337246796034
ventas,amount,2816,571.09093,True,strong,True,True,2,20.0,143.28416,123.28416000000001,-164.92624,328.21040000000005,242.8805299999999,1.9700870736354117,7.254023782631902
ventas,amount,2833,470.68186000000003,True,strong,True,True,2,20.0,143.28416,123.28416000000001,-164.92624,328.21040000000005,142.47145999999998,1.1556347547000358,5.828896199616585
ventas,amount,2835,1691.00003,True,strong,True,True,2,20.0,143.28416,123.28416000000001,-164.92624,328.21040000000005,1362.7896299999998,11.054052929427426,23.149135139403366
ventas,amount,2843,370.90914,True,strong,True,True,2,20.0,143.28416,123.28416000000001,-164.92624,328.21040000000005,42.69873999999993,0.3463440883240793,4.412800469375639
ventas,amount,2844,392.72726,True,strong,True,True,2,20.0,143.28416,123.28416000000001,-164.92624,328.21040000000005,64.51685999999995,0.5233183241058701,4.722469751458803
ventas,amount,2853,370.90906,True,strong,True,True,2,20.0,143.28416,123.28416000000001,-164.92624,328.21040000000005,42.69865999999996,0.3463434394167098,4.412799333918388
ventas,amount,2855,540.90908,True,strong,True,True,2,20.0,143.28416,123.28416000000001,-164.92624,328.21040000000005,212.69867999999997,1.7252717624064595,6.825646277079557
ventas,amount,2856,395.18186000000003,True,strong,True,True,2,20.0,143.28416,123.28416000000001,-164.92624,328.21040000000005,66.97145999999998,0.5432284244788622,4.757308418575922
ventas,amount,2857,660.0,True,strong,True,True,2,20.0,143.28416,123.28416000000001,-164.92624,328.21040000000005,331.78959999999995,2.691258958166239,8.51592938575361
ventas,amount,2861,336.36363,True,strong,True,True,2,20.0,143.28416,123.28416000000001,-164.92624,328.21040000000005,8.153229999999951,0.0661336379304523,3.9224885964508966
ventas,amount,2863,334.54536,True,strong,True,True,2,20.0,143.28416,123.28416000000001,-164.92624,328.21040000000005,6.334959999999967,0.05138502789003848,3.89668149824384
ventas,amount,2866,840.00011,True,strong,True,True,2,20.0,143.28416,123.28416000000001,-164.92624,328.21040000000005,511.7897099999999,4.151301432398126,11.070709762733413
ventas,amount,2870,370.90906,True,strong,True,True,2,20.0,143.28416,123.28416000000001,-164.92624,328.21040000000005,42.69865999999996,0.3463434394167098,4.412799333918388
ventas,amount,2890,720.00043,True,strong,True,True,2,20.0,143.28416,123.28416000000001,-164.92624,328.21040000000005,391.79003,3.1779429733714366,9.367528427411699
ventas,amount,2943,371.72722999999996,True,strong,True,True,2,20.0,143.28416,123.28416000000001,-164.92624,328.21040000000005,43.51682999999991,0.3529798962007764,4.424411797160957
ventas,amount,2953,327.27276,True,candidate,False,True,1,20.0,143.28416,123.28416000000001,-164.92624,328.21040000000005,0.0,0.0,3.7934599181591206
ventas,amount,2957,321.81818,True,candidate,False,True,1,20.0,143.28416,123.28416000000001,-164.92624,328.21040000000005,0.0,0.0,3.7160418879775468
ventas,amount,2965,826.36362,True,strong,True,True,2,20.0,143.28416,123.28416000000001,-164.92624,328.21040000000005,498.1532199999999,4.040691196663057,10.877164119550855
ventas,amount,2966,1926.31818,True,strong,True,True,2,20.0,143.28416,123.28416000000001,-164.92624,328.21040000000005,1598.1077799999998,12.96279895162525,26.489056387046993
ventas,amount,2981,660.0,True,strong,True,True,2,20.0,143.28416,123.28416000000001,-164.92624,328.21040000000005,331.78959999999995,2.691258958166239,8.51592938575361
ventas,amount,2984,485.54549,True,strong,True,True,2,20.0,143.28416,123.28416000000001,-164.92624,328.21040000000005,157.33508999999992,1.276198742806861,6.039858905443198
ventas,amount,3004,477.27272,True,strong,True,True,2,20.0,143.28416,123.28416000000001,-164.92624,328.21040000000005,149.06231999999994,1.2090954750391285,5.922441696868897
ventas,amount,3005,309.27276,True,candidate,False,True,1,20.0,143.28416,123.28416000000001,-164.92624,328.21040000000005,0.0,0.0,3.5379820365865116
ventas,amount,3006,360.0,True,strong,True,True,2,20.0,143.28416,123.28416000000001,-164.92624,328.21040000000005,31.78959999999995,0.2578563215258144,4.257964692876805
ventas,amount,3013,407.27274,True,strong,True,True,2,20.0,143.28416,123.28416000000001,-164.92624,328.21040000000005,79.06233999999995,0.6413016887165386,4.928916885728622
ventas,amount,3033,506.18212,True,strong,True,True,2,20.0,143.28416,123.28416000000001,-164.92624,328.21040000000005,177.97171999999995,1.4435895089847708,6.332759045176407
ventas,amount,3088,375.45453000000003,True,strong,True,True,2,20.0,143.28416,123.28416000000001,-164.92624,328.21040000000005,47.244129999999984,0.3832133016926098,4.4773141698268235
ventas,amount,3097,567.81827,True,strong,True,True,2,20.0,143.28416,123.28416000000001,-164.92624,328.21040000000005,239.60786999999993,1.9435414087259864,7.207574213525935
ventas,amount,3098,842.72726,True,strong,True,True,2,20.0,143.28416,123.28416000000001,-164.92624,328.21040000000005,514.51686,4.173422279066507,11.109416790774011
ventas,amount,3117,560.8182,True,strong,True,True,2,20.0,143.28416,123.28416000000001,-164.92624,328.21040000000005,232.6078,1.8867614460770952,7.108220710500382
ventas,amount,3123,519.27275,True,strong,True,True,2,20.0,143.28416,123.28416000000001,-164.92624,328.21040000000005,191.06234999999992,1.5497720875090515,6.518557179668118
ventas,amount,3134,343.63641,True,strong,True,True,2,20.0,143.28416,123.28416000000001,-164.92624,328.21040000000005,15.426009999999962,0.12512564468947154,4.0257127313144325
ventas,amount,3135,859.0908599999999,True,strong,True,True,2,20.0,143.28416,123.28416000000001,-164.92624,328.21040000000005,530.8804599999999,4.30615303701627,11.341668894268539
ventas,amount,3136,446.72732,True,strong,True,True,2,20.0,143.28416,123.28416000000001,-164.92624,328.21040000000005,118.51691999999997,0.961331285381674,5.488904247769566
ventas,amount,3137,360.0,True,strong,True,True,2,20.0,143.28416,123.28416000000001,-164.92624,328.21040000000005,31.78959999999995,0.2578563215258144,4.257964692876805
ventas,amount,3146,483.63642999999996,True,strong,True,True,2,20.0,143.28416,123.28416000000001,-164.92624,328.21040000000005,155.4260299999999,1.2607137040151783,6.0127632051879205
ventas,amount,3168,589.09115,True,strong,True,True,2,20.0,143.28416,123.28416000000001,-164.92624,328.21040000000005,260.8807499999999,2.116093016329104,7.509504786711952
ventas,amount,3230,697.2727,True,strong,True,True,2,20.0,143.28416,123.28416000000001,-164.92624,328.21040000000005,369.06229999999994,2.9935905796819307,9.044948854447574
ventas,amount,3241,757.63639,True,strong,True,True,2,20.0,143.28416,123.28416000000001,-164.92624,328.21040000000005,429.42598999999996,3.483221121026415,9.90170372362011
ventas,amount,3256,468.6,True,strong,True,True,2,20.0,143.28416,123.28416000000001,-164.92624,328.21040000000005,140.38959999999997,1.1387480759896482,5.799347911698209
ventas,amount,3260,525.6727599999999,True,strong,True,True,2,20.0,143.28416,123.28416000000001,-164.92624,328.21040000000005,197.46235999999988,1.6016847582041347,6.60939390171498
ventas,amount,3262,1393.0000200000002,True,strong,True,True,2,20.0,143.28416,123.28416000000001,-164.92624,328.21040000000005,1064.78962,8.636872895917852,18.919556735880253
ventas,amount,3281,668.1818,True,strong,True,True,2,20.0,143.28416,123.28416000000001,-164.92624,328.21040000000005,339.9713999999999,2.7576243371411207,8.632055437500874
ventas,amount,3282,309.27276,True,candidate,False,True,1,20.0,143.28416,123.28416000000001,-164.92624,328.21040000000005,0.0,0.0,3.5379820365865116
ventas,amount,3292,628.7273200000001,True,strong,True,True,2,20.0,143.28416,123.28416000000001,-164.92624,328.21040000000005,300.51692,2.437595551610199,8.072069494781497
ventas,amount,3316,720.00034,True,strong,True,True,2,20.0,143.28416,123.28416000000001,-164.92624,328.21040000000005,391.78994,3.1779422433506457,9.36752715002229
ventas,amount,3373,449.99991,True,strong,True,True,2,20.0,143.28416,123.28416000000001,-164.92624,328.21040000000005,121.78950999999995,0.9878763824971508,5.535352823350439
ventas,amount,3381,375.99993,True,strong,True,True,2,20.0,143.28416,123.28416000000001,-164.92624,328.21040000000005,47.78952999999996,0.3876372276860219,4.485055149638473
ventas,amount,3387,592.36371,True,strong,True,True,2,20.0,143.28416,123.28416000000001,-164.92624,328.21040000000005,264.1533099999999,2.1426378701043176,7.555952936496355
ventas,amount,3404,421.13637,True,strong,True,True,2,20.0,143.28416,123.28416000000001,-164.92624,328.21040000000005,92.92596999999995,0.7537543347012295,5.125686375912315
ventas,amount,3406,940.72729,True,strong,True,True,2,20.0,143.28416,123.28416000000001,-164.92624,328.21040000000005,612.51689,4.968334050375976,12.500352349576906
ventas,amount,3409,322.72735,True,candidate,False,True,1,20.0,143.28416,123.28416000000001,-164.92624,328.21040000000005,0.0,0.0,3.7289459338436233
ventas,amount,3423,392.72724,True,strong,True,True,2,20.0,143.28416,123.28416000000001,-164.92624,328.21040000000005,64.51683999999995,0.5233181618790276,4.72246946759449
ventas,amount,3424,460.90903,True,strong,True,True,2,20.0,143.28416,123.28416000000001,-164.92624,328.21040000000005,132.69862999999992,1.0763639870685733,5.690188315984959
ventas,amount,3425,360.00005,True,strong,True,True,2,20.0,143.28416,123.28416000000001,-164.92624,328.21040000000005,31.789649999999938,0.2578567270929204,4.257965402537587
ventas,amount,3429,342.27263,True,strong,True,True,2,20.0,143.28416,123.28416000000001,-164.92624,328.21040000000005,14.062229999999943,0.11406355853014646,4.006356307684927
ventas,amount,3435,319.9999,True,candidate,False,True,1,20.0,143.28416,123.28416000000001,-164.92624,328.21040000000005,0.0,0.0,3.690234647838334
ventas,amount,3437,483.63639,True,strong,True,True,2,20.0,143.28416,123.28416000000001,-164.92624,328.21040000000005,155.42598999999996,1.2607133795614938,6.0127626374592955
ventas,amount,3462,514.90932,True,strong,True,True,2,20.0,143.28416,123.28416000000001,-164.92624,328.21040000000005,186.69891999999993,1.5143788139530652,6.456626076735321
ventas,amount,3463,334.54532,True,strong,True,True,2,20.0,143.28416,123.28416000000001,-164.92624,328.21040000000005,6.334919999999954,0.05138470343635349,3.896680930515214
ventas,amount,3515,638.18187,True,strong,True,True,2,20.0,143.28416,123.28416000000001,-164.92624,328.21040000000005,309.97146999999995,2.5142846412710274,8.20625996173829
ventas,amount,3516,1011.72727,True,strong,True,True,2,20.0,143.28416,123.28416000000001,-164.92624,328.21040000000005,683.5168699999999,5.544239178820701,13.5080703763601
ventas,amount,3532,361.68188000000004,True,strong,True,True,2,20.0,143.28416,123.28416000000001,-164.92624,328.21040000000005,33.471479999999985,0.2714986256141907,4.2818359784023245
ventas,amount,3535,1938.00001,True,strong,True,True,2,20.0,143.28416,123.28416000000001,-164.92624,328.21040000000005,1609.7896099999998,13.057554271367868,26.654859119340955
ventas,amount,3552,306.81816,True,candidate,False,True,1,20.0,143.28416,123.28416000000001,-164.92624,328.21040000000005,0.0,0.0,3.503143369469394
ventas,amount,3553,445.45452,True,strong,True,True,2,20.0,143.28416,123.28416000000001,-164.92624,328.21040000000005,117.24411999999995,0.9510071691286207,5.470839122899254
ventas,amount,3564,432.72733,True,strong,True,True,2,20.0,143.28416,123.28416000000001,-164.92624,328.21040000000005,104.51692999999995,0.8477725767852086,5.2901993707008055
ventas,amount,3588,401.45481,True,strong,True,True,2,20.0,143.28416,123.28416000000001,-164.92624,328.21040000000005,73.24440999999996,0.5941104680439073,4.846341750643193
ventas,amount,3648,343.09096,True,strong,True,True,2,20.0,143.28416,123.28416000000001,-164.92624,328.21040000000005,14.880559999999946,0.12070131312895302,4.017971041841999
ventas,amount,3649,321.81817,True,candidate,False,True,1,20.0,143.28416,123.28416000000001,-164.92624,328.21040000000005,0.0,0.0,3.716041746045391
ventas,amount,3659,312.72724,True,candidate,False,True,1,20.0,143.28416,123.28416000000001,-164.92624,328.21040000000005,0.0,0.0,3.5870122161606757
ventas,amount,3660,592.36369,True,strong,True,True,2,20.0,143.28416,123.28416000000001,-164.92624,328.21040000000005,264.15328999999997,2.1426377078774754,7.555952652632043
ventas,amount,3677,331.95459999999997,True,strong,True,True,2,20.0,143.28416,123.28416000000001,-164.92624,328.21040000000005,3.744199999999921,0.030370487173696285,3.8599102828847807
ventas,amount,3679,470.36364000000003,True,strong,True,True,2,20.0,143.28416,123.28416000000001,-164.92624,328.21040000000005,142.15323999999998,1.1530535634099301,5.824379634534694
ventas,amount,3693,336.81813999999997,True,strong,True,True,2,20.0,143.28416,123.28416000000001,-164.92624,328.21040000000005,8.607739999999922,0.06982032403838352,3.9289395548927613
ventas,amount,3694,425.45449,True,strong,True,True,2,20.0,143.28416,123.28416000000001,-164.92624,328.21040000000005,97.24408999999997,0.7887800833456623,5.186974384244332
ventas,amount,3696,850.90905,True,strong,True,True,2,20.0,143.28416,123.28416000000001,-164.92624,328.21040000000005,522.6986499999999,4.239787576927967,11.225542700589118
ventas,amount,3697,478.63631000000004,True,strong,True,True,2,20.0,143.28416,123.28416000000001,-164.92624,328.21040000000005,150.42591,1.2201560200434507,5.94179542378743
ventas,amount,3709,534.54552,True,strong,True,True,2,20.0,143.28416,123.28416000000001,-164.92624,328.21040000000005,206.33511999999996,1.6736547501317276,6.73532689774288
ventas,amount,3733,720.00034,True,strong,True,True,2,20.0,143.28416,123.28416000000001,-164.92624,328.21040000000005,391.78994,3.1779422433506457,9.36752715002229
ventas,amount,3785,416.36358,True,strong,True,True,2,20.0,143.28416,123.28416000000001,-164.92624,328.21040000000005,88.15317999999996,0.7150406021341261,5.057945138223929
ventas,amount,3799,729.8182899999999,True,strong,True,True,2,20.0,143.28416,123.28416000000001,-164.92624,328.21040000000005,401.6078899999999,3.2575789947386578,9.50687543154372
ventas,amount,3812,467.99999,True,strong,True,True,2,20.0,143.28416,123.28416000000001,-164.92624,328.21040000000005,139.78958999999998,1.1338811896029461,5.790831840380299
ventas,amount,3816,545.00001,True,strong,True,True,2,20.0,143.28416,123.28416000000001,-164.92624,328.21040000000005,216.78960999999993,1.758454695234164,6.8837097287496585
ventas,amount,3818,901.9999899999999,True,strong,True,True,2,20.0,143.28416,123.28416000000001,-164.92624,328.21040000000005,573.7895899999999,4.6542036706094265,11.950687429408742
ventas,amount,3824,430.87275,True,strong,True,True,2,20.0,143.28416,123.28416000000001,-164.92624,328.21040000000005,102.66234999999995,0.8327294439123398,5.263876916833754
ventas,amount,3836,604.54544,True,strong,True,True,2,20.0,143.28416,123.28416000000001,-164.92624,328.21040000000005,276.33503999999994,2.24144804977379,7.728850857290215
ventas,amount,3866,606.54574,True,strong,True,True,2,20.0,143.28416,123.28416000000001,-164.92624,328.21040000000005,278.33534,2.2576731674206965,7.7572415465407545
ventas,amount,3924,375.45453999999995,True,strong,True,True,2,20.0,143.28416,123.28416000000001,-164.92624,328.21040000000005,47.2441399999999,0.38321338280603034,4.477314311758979
ventas,amount,3927,321.81813,True,candidate,False,True,1,20.0,143.28416,123.28416000000001,-164.92624,328.21040000000005,0.0,0.0,3.716041178316765
ventas,amount,3930,598.90911,True,strong,True,True,2,20.0,143.28416,123.28416000000001,-164.92624,328.21040000000005,270.69871,2.195729848830539,7.648853210165543
ventas,amount,3944,323.99998,True,candidate,False,True,1,20.0,143.28416,123.28416000000001,-164.92624,328.21040000000005,0.0,0.0,3.7470086458672758
ventas,amount,3948,331.95457999999996,True,strong,True,True,2,20.0,143.28416,123.28416000000001,-164.92624,328.21040000000005,3.744179999999915,0.03037032494685379,3.859909999020468
ventas,amount,3952,759.81822,True,strong,True,True,2,20.0,143.28416,123.28416000000001,-164.92624,328.21040000000005,431.60781999999995,3.500918690608752,9.932670907306308
ventas,amount,3970,514.09087,True,strong,True,True,2,20.0,143.28416,123.28416000000001,-164.92624,328.21040000000005,185.88046999999995,1.507740085993204,6.445009639392372
ventas,amount,4003,562.9092899999999,True,strong,True,True,2,20.0,143.28416,123.28416000000001,-164.92624,328.21040000000005,234.6988899999999,1.903722992475269,7.13790000179914
ventas,amount,4056,513.81823,True,strong,True,True,2,20.0,143.28416,123.28416000000001,-164.92624,328.21040000000005,185.60782999999992,1.505528609677025,6.441140001079484
ventas,amount,4073,1614.99999,True,strong,True,True,2,20.0,143.28416,123.28416000000001,-164.92624,328.21040000000005,1286.7895899999999,10.437590603691502,22.070450182812618
ventas,amount,4080,333.81819,True,strong,True,True,2,20.0,143.28416,123.28416000000001,-164.92624,328.21040000000005,5.607789999999966,0.04548670323908575,3.886360617624776
ventas,amount,4092,413.63633999999996,True,strong,True,True,2,20.0,143.28416,123.28416000000001,-164.92624,328.21040000000005,85.42593999999991,0.692919025444955,5.019236832793924
ventas,amount,4094,390.0,True,strong,True,True,2,20.0,143.28416,123.28416000000001,-164.92624,328.21040000000005,61.78959999999995,0.5011965851898569,4.683761162164486
ventas,amount,4103,636.3637,True,strong,True,True,2,20.0,143.28416,123.28416000000001,-164.92624,328.21040000000005,308.15329999999994,2.4995368423648254,8.180454282852798
ventas,amount,4126,772.3639999999999,True,strong,True,True,2,20.0,143.28416,123.28416000000001,-164.92624,328.21040000000005,444.15359999999987,3.602681804377787,10.110735868254974
ventas,amount,4176,418.18182,True,strong,True,True,2,20.0,143.28416,123.28416000000001,-164.92624,328.21040000000005,89.97141999999997,0.7297889688342765,5.083751810634517
ventas,amount,4177,375.45448,True,strong,True,True,2,20.0,143.28416,123.28416000000001,-164.92624,328.21040000000005,47.24407999999994,0.38321289612550336,4.477313460166041
ventas,amount,4195,757.6364,True,strong,True,True,2,20.0,143.28416,123.28416000000001,-164.92624,328.21040000000005,429.42599999999993,3.483221202139836,9.901703865552268
ventas,amount,4196,3101.7272399999997,True,strong,True,True,2,20.0,143.28416,123.28416000000001,-164.92624,328.21040000000005,2773.51684,22.49694397074206,43.17189064427203
ventas,amount,4208,588.0,True,strong,True,True,2,20.0,143.28416,123.28416000000001,-164.92624,328.21040000000005,259.78959999999995,2.107242325372537,7.494017859463177
ventas,amount,4210,341.18181,True,strong,True,True,2,20.0,143.28416,123.28416000000001,-164.92624,328.21040000000005,12.971409999999935,0.10521554431647936,3.990874064197314
ventas,amount,4211,431.04552,True,strong,True,True,2,20.0,143.28416,123.28416000000001,-164.92624,328.21040000000005,102.83511999999996,0.8341308404907812,5.266329078700382
ventas,amount,4220,494.54553,True,strong,True,True,2,20.0,143.28416,123.28416000000001,-164.92624,328.21040000000005,166.33512999999994,1.3492011463597589,6.167598413958128
ventas,amount,4232,381.81816,True,strong,True,True,2,20.0,143.28416,123.28416000000001,-164.92624,328.21040000000005,53.60775999999993,0.4348308817612897,4.5676345426885945
ventas,amount,4243,432.72729,True,strong,True,True,2,20.0,143.28416,123.28416000000001,-164.92624,328.21040000000005,104.51688999999993,0.8477722523315235,5.29019880297218
ventas,amount,4265,440.72754999999995,True,strong,True,True,2,20.0,143.28416,123.28416000000001,-164.92624,328.21040000000005,112.5171499999999,0.912665098257553,5.403748218351628
ventas,amount,4314,340.90902,True,strong,True,True,2,20.0,143.28416,123.28416000000001,-164.92624,328.21040000000005,12.698619999999949,0.10300285129898235,3.9870022969020815
ventas,amount,4326,659.45457,True,strong,True,True,2,20.0,143.28416,123.28416000000001,-164.92624,328.21040000000005,331.24416999999994,2.686834788832563,8.508187980145491
ventas,amount,4338,377.99998,True,strong,True,True,2,20.0,143.28416,123.28416000000001,-164.92624,328.21040000000005,49.789579999999944,0.40386031749739737,4.5134422905851
ventas,amount,4341,411.23657,True,strong,True,True,2,20.0,143.28416,123.28416000000001,-164.92624,328.21040000000005,83.02616999999992,0.6734536699605198,4.9851763796905075
ventas,amount,4343,886.4546,True,strong,True,True,2,20.0,143.28416,123.28416000000001,-164.92624,328.21040000000005,558.2442,4.528109693897415,11.73004835688541
ventas,amount,4361,477.27271,True,strong,True,True,2,20.0,143.28416,123.28416000000001,-164.92624,328.21040000000005,149.06230999999997,1.2090953939257074,5.92244155493674
ventas,amount,4362,309.27275000000003,True,candidate,False,True,1,20.0,143.28416,123.28416000000001,-164.92624,328.21040000000005,0.0,0.0,3.5379818946543558
ventas,amount,4371,356.36366999999996,True,strong,True,True,2,20.0,143.28416,123.28416000000001,-164.92624,328.21040000000005,28.153269999999907,0.2283608048268318,4.206353477037975
ventas,amount,4390,432.00025999999997,True,strong,True,True,2,20.0,143.28416,123.28416000000001,-164.92624,328.21040000000005,103.78985999999992,0.8418750632684678,5.279879909403306
ventas,amount,4453,489.27278,True,strong,True,True,2,20.0,143.28416,123.28416000000001,-164.92624,328.21040000000005,161.06237999999996,1.306432067185273,6.092761136176908
ventas,amount,4464,348.00001,True,strong,True,True,2,20.0,143.28416,123.28416000000001,-164.92624,328.21040000000005,19.789609999999925,0.16052029717361843,4.087646247093889
ventas,amount,4467,411.22733,True,strong,True,True,2,20.0,143.28416,123.28416000000001,-164.92624,328.21040000000005,83.01692999999995,0.6733787211593114,4.985045234377968
ventas,amount,4469,868.36363,True,strong,True,True,2,20.0,143.28416,123.28416000000001,-164.92624,328.21040000000005,540.1532299999999,4.3813676469061384,11.473279318485764
ventas,amount,4475,315.27276,True,candidate,False,True,1,20.0,143.28416,123.28416000000001,-164.92624,328.21040000000005,0.0,0.0,3.6231413304440485
ventas,amount,4487,540.90908,True,strong,True,True,2,20.0,143.28416,123.28416000000001,-164.92624,328.21040000000005,212.69867999999997,1.7252717624064595,6.825646277079557
ventas,amount,4489,314.99998,True,candidate,False,True,1,20.0,143.28416,123.28416000000001,-164.92624,328.21040000000005,0.0,0.0,3.6192697050809715
ventas,amount,4498,458.18189,True,strong,True,True,2,20.0,143.28416,123.28416000000001,-164.92624,328.21040000000005,129.97148999999996,1.0542432215136148,5.651481429876521
ventas,amount,4521,510.54573,True,strong,True,True,2,20.0,143.28416,123.28416000000001,-164.92624,328.21040000000005,182.33532999999994,1.4789842425823392,6.39469270288802
ventas,amount,4574,313.63629000000003,True,candidate,False,True,1,20.0,143.28416,123.28416000000001,-164.92624,328.21040000000005,0.0,0.0,3.599914558840875
ventas,amount,4577,321.81817,True,candidate,False,True,1,20.0,143.28416,123.28416000000001,-164.92624,328.21040000000005,0.0,0.0,3.716041746045391
ventas,amount,4589,561.27275,True,strong,True,True,2,20.0,143.28416,123.28416000000001,-164.92624,328.21040000000005,233.06234999999992,1.890448456638711,7.114672236670871
ventas,amount,4590,1164.81818,True,strong,True,True,2,20.0,143.28416,123.28416000000001,-164.92624,328.21040000000005,836.6077799999999,6.786011925619641,15.68092267496137
ventas,amount,4606,515.99998,True,strong,True,True,2,20.0,143.28416,123.28416000000001,-164.92624,328.21040000000005,187.78958,1.523225530351993,6.472106049308432
ventas,amount,4609,431.04548,True,strong,True,True,2,20.0,143.28416,123.28416000000001,-164.92624,328.21040000000005,102.83507999999995,0.8341305160370962,5.266328510971756
ventas,amount,4611,1266.36368,True,strong,True,True,2,20.0,143.28416,123.28416000000001,-164.92624,328.21040000000005,938.1532799999999,7.609682217082874,17.122179854029774
ventas,amount,4617,352.36368999999996,True,strong,True,True,2,20.0,143.28416,123.28416000000001,-164.92624,328.21040000000005,24.153289999999913,0.1959155985651353,4.149580898330598
ventas,amount,4626,425.4545,True,strong,True,True,2,20.0,143.28416,123.28416000000001,-164.92624,328.21040000000005,97.24409999999995,0.7887801644590833,5.1869745261764875
ventas,amount,4629,443.18176,True,strong,True,True,2,20.0,143.28416,123.28416000000001,-164.92624,328.21040000000005,114.97135999999995,0.9325720352071177,5.438581350114646
ventas,amount,4634,357.72716,True,strong,True,True,2,20.0,143.28416,123.28416000000001,-164.92624,328.21040000000005,29.516759999999977,0.23942053869694188,4.225705784634945
ventas,amount,4639,378.18171,True,strong,True,True,2,20.0,143.28416,123.28416000000001,-164.92624,328.21040000000005,49.97130999999996,0.40533439170125307,4.516021623663889
ventas,amount,4641,432.72731,True,strong,True,True,2,20.0,143.28416,123.28416000000001,-164.92624,328.21040000000005,104.51690999999994,0.847772414558366,5.290199086836493
ventas,amount,4661,602.18204,True,strong,True,True,2,20.0,143.28416,123.28416000000001,-164.92624,328.21040000000005,273.97164,2.2222777038023374,7.695306611439733
ventas,amount,4720,651.27281,True,strong,True,True,2,20.0,143.28416,123.28416000000001,-164.92624,328.21040000000005,323.06241,2.6204697343113663,8.392062496126853
ventas,amount,4732,420.00001,True,strong,True,True,2,20.0,143.28416,123.28416000000001,-164.92624,328.21040000000005,91.78960999999993,0.7445369299673203,5.1095577733843225
ventas,amount,4736,440.95457999999996,True,strong,True,True,2,20.0,143.28416,123.28416000000001,-164.92624,328.21040000000005,112.74417999999991,0.9145066162595414,5.40697050409904
ventas,amount,4738,1120.99995,True,strong,True,True,2,20.0,143.28416,123.28416000000001,-164.92624,328.21040000000005,792.7895499999998,6.430587270903251,15.059001087480183
ventas,amount,4745,438.90912,True,strong,True,True,2,20.0,143.28416,123.28416000000001,-164.92624,328.21040000000005,110.69871999999992,0.8979151904023998,5.377938849230068
ventas,amount,4757,509.0909,True,strong,True,True,2,20.0,143.28416,123.28416000000001,-164.92624,328.21040000000005,180.88049999999993,1.4671836187227938,6.374043986974226
ventas,amount,4758,309.27275000000003,True,candidate,False,True,1,20.0,143.28416,123.28416000000001,-164.92624,328.21040000000005,0.0,0.0,3.5379818946543558
ventas,amount,4768,381.8182,True,strong,True,True,2,20.0,143.28416,123.28416000000001,-164.92624,328.21040000000005,53.60779999999994,0.4348312062149747,4.567635110417221
ventas,amount,4789,397.09117,True,strong,True,True,2,20.0,143.28416,123.28416000000001,-164.92624,328.21040000000005,68.88076999999993,0.558715491106075,4.78440766713511
ventas,amount,4839,375.45453000000003,True,strong,True,True,2,20.0,143.28416,123.28416000000001,-164.92624,328.21040000000005,47.244129999999984,0.3832133016926098,4.4773141698268235
ventas,amount,4847,546.54551,True,strong,True,True,2,20.0,143.28416,123.28416000000001,-164.92624,328.21040000000005,218.33511,1.7709907744839237,6.905645343525796
ventas,amount,4848,575.27275,True,strong,True,True,2,20.0,143.28416,123.28416000000001,-164.92624,328.21040000000005,247.06234999999992,2.004007246348597,7.313377255671789
ventas,amount,4859,402.0,True,strong,True,True,2,20.0,143.28416,123.28416000000001,-164.92624,328.21040000000005,73.78959999999995,0.5985326906554739,4.854079749879558
ventas,amount,4864,578.9091000000001,True,strong,True,True,2,20.0,143.28416,123.28416000000001,-164.92624,328.21040000000005,250.69870000000003,2.033502925274423,7.364988755374933
ventas,amount,4870,333.81821,True,strong,True,True,2,20.0,143.28416,123.28416000000001,-164.92624,328.21040000000005,5.607809999999972,0.04548686546592824,3.8863609014890885
ventas,amount,4883,378.00003,True,strong,True,True,2,20.0,143.28416,123.28416000000001,-164.92624,328.21040000000005,49.78962999999993,0.4038607230645034,4.513443000245882
ventas,amount,4884,375.0,True,strong,True,True,2,20.0,143.28416,123.28416000000001,-164.92624,328.21040000000005,46.78959999999995,0.37952645335783564,4.4708629275206455
ventas,amount,4893,341.09091,True,strong,True,True,2,20.0,143.28416,123.28416000000001,-164.92624,328.21040000000005,12.880509999999958,0.10447822331757751,3.9895839008953726
ventas,amount,4913,541.09112,True,strong,True,True,2,20.0,143.28416,123.28416000000001,-164.92624,328.21040000000005,212.88072,1.7267483511263733,6.828230010055195
ventas,amount,4974,571.74557,True,strong,True,True,2,20.0,143.28416,123.28416000000001,-164.92624,328.21040000000005,243.53517,1.9753970826422467,7.263315229320386
ventas,amount,4987,334.19999,True,strong,True,True,2,20.0,143.28416,123.28416000000001,-164.92624,328.21040000000005,5.989589999999964,0.04858361366131678,3.8917795873572434
ventas,amount,4991,426.09091,True,strong,True,True,2,20.0,143.28416,123.28416000000001,-164.92624,328.21040000000005,97.88050999999996,0.7939423036990312,5.196007230543801
ventas,amount,4993,1049.27276,True,strong,True,True,2,20.0,143.28416,123.28416000000001,-164.92624,328.21040000000005,721.06236,5.84878349335389,14.040961612349298
ventas,amount,4999,364.72731,True,strong,True,True,2,20.0,143.28416,123.28416000000001,-164.92624,328.21040000000005,36.51690999999994,0.29620115025320315,4.325060423117749
ventas,amount,5008,307.27269,True,candidate,False,True,1,20.0,143.28416,123.28416000000001,-164.92624,328.21040000000005,0.0,0.0,3.509594611775572
ventas,amount,5010,556.36365,True,strong,True,True,2,20.0,143.28416,123.28416000000001,-164.92624,328.21040000000005,228.15324999999996,1.8506290670269394,7.0449963217582
ventas,amount,5011,389.99995,True,strong,True,True,2,20.0,143.28416,123.28416000000001,-164.92624,328.21040000000005,61.78954999999996,0.5011961796227509,4.683760452503703
ventas,amount,5012,376.36368000000004,True,strong,True,True,2,20.0,143.28416,123.28416000000001,-164.92624,328.21040000000005,48.153279999999995,0.3905877283829487,4.490217931828587
ventas,amount,5018,310.90907,True,candidate,False,True,1,20.0,143.28416,123.28416000000001,-164.92624,328.21040000000005,0.0,0.0,3.5612065372751824
ventas,amount,5024,610.90913,True,strong,True,True,2,20.0,143.28416,123.28416000000001,-164.92624,328.21040000000005,282.69872999999995,2.293066116522998,7.819172081744926
ventas,amount,5049,615.2730200000001,True,strong,True,True,2,20.0,143.28416,123.28416000000001,-164.92624,328.21040000000005,287.06262000000004,2.328463121296361,7.8811097135569215
ventas,amount,5104,334.54537,True,strong,True,True,2,20.0,143.28416,123.28416000000001,-164.92624,328.21040000000005,6.334969999999942,0.051385109003459495,3.896681640175996
ventas,amount,5108,370.90908,True,strong,True,True,2,20.0,143.28416,123.28416000000001,-164.92624,328.21040000000005,42.69867999999997,0.34634360164355227,4.4127996177827
ventas,amount,5114,731.45455,True,strong,True,True,2,20.0,143.28416,123.28416000000001,-164.92624,328.21040000000005,403.24415,3.270851259399423,9.530099222571613
ventas,amount,5115,510.54546000000005,True,strong,True,True,2,20.0,143.28416,123.28416000000001,-164.92624,328.21040000000005,182.33506,1.4789820525199666,6.394688870719797
ventas,amount,5124,330.00001,True,strong,True,True,2,20.0,143.28416,123.28416000000001,-164.92624,328.21040000000005,1.789609999999925,0.014516138975192959,3.832168365521281
ventas,amount,5127,465.72732,True,strong,True,True,2,20.0,143.28416,123.28416000000001,-164.92624,328.21040000000005,137.51691999999997,1.115446785702234,5.758575344985099
ventas,amount,5129,1349.0000200000002,True,strong,True,True,2,20.0,143.28416,123.28416000000001,-164.92624,328.21040000000005,1020.7896200000001,8.279973842543924,18.295055247591655
ventas,amount,5136,401.81822999999997,True,strong,True,True,2,20.0,143.28416,123.28416000000001,-164.92624,328.21040000000005,73.60782999999992,0.5970582919979331,4.851499849072144
ventas,amount,5149,343.63639,True,strong,True,True,2,20.0,143.28416,123.28416000000001,-164.92624,328.21040000000005,15.425989999999956,0.12512548246262906,4.025712447450119
ventas,amount,5159,330.90912,True,strong,True,True,2,20.0,143.28416,123.28416000000001,-164.92624,328.21040000000005,2.6987199999999234,0.021890241211846868,3.8450715597944187
ventas,amount,5246,528.54547,True,strong,True,True,2,20.0,143.28416,123.28416000000001,-164.92624,328.21040000000005,200.33506999999997,1.6249862918318132,6.650166894224562
ventas,amount,5247,1541.81817,True,strong,True,True,2,20.0,143.28416,123.28416000000001,-164.92624,328.21040000000005,1213.60777,9.84398782455102,21.031764830411067
ventas,amount,5259,462.0,True,strong,True,True,2,20.0,143.28416,123.28416000000001,-164.92624,328.21040000000005,133.78959999999995,1.0852132179835587,5.70567268845492
ventas,amount,5262,331.95459000000005,True,strong,True,True,2,20.0,143.28416,123.28416000000001,-164.92624,328.21040000000005,3.7441900000000032,0.03037040606027573,3.859910140952626
ventas,amount,5269,309.09093,True,candidate,False,True,1,20.0,143.28416,123.28416000000001,-164.92624,328.21040000000005,0.0,0.0,3.5354012841861593
ventas,amount,5279,324.09094,True,candidate,False,True,1,20.0,143.28416,123.28416000000001,-164.92624,328.21040000000005,0.0,0.0,3.748299660762156
ventas,amount,5280,490.90908,True,strong,True,True,2,20.0,143.28416,123.28416000000001,-164.92624,328.21040000000005,162.69867999999997,1.3197046562997221,6.1159854949334225
ventas,amount,5281,389.99995,True,strong,True,True,2,20.0,143.28416,123.28416000000001,-164.92624,328.21040000000005,61.78954999999996,0.5011961796227509,4.683760452503703
ventas,amount,5286,364.54534,True,strong,True,True,2,20.0,143.28416,123.28416000000001,-164.92624,328.21040000000005,36.33493999999996,0.29472512932723843,4.322477683667207
ventas,amount,5294,407.27279999999996,True,strong,True,True,2,20.0,143.28416,123.28416000000001,-164.92624,328.21040000000005,79.06239999999991,0.6413021753970656,4.92891773732156
ventas,amount,5316,724.36385,True,strong,True,True,2,20.0,143.28416,123.28416000000001,-164.92624,328.21040000000005,396.1534499999999,3.213336165814001,9.429459388412338
ventas,amount,5369,370.90912,True,strong,True,True,2,20.0,143.28416,123.28416000000001,-164.92624,328.21040000000005,42.69871999999992,0.3463439260972368,4.412800185511325
ventas,amount,5374,592.36361,True,strong,True,True,2,20.0,143.28416,123.28416000000001,-164.92624,328.21040000000005,264.15320999999994,2.1426370589701054,7.555951517174791
ventas,amount,5386,311.99999,True,candidate,False,True,1,20.0,143.28416,123.28416000000001,-164.92624,328.21040000000005,0.0,0.0,3.5766902000843603
ventas,amount,5390,460.77272,True,strong,True,True,2,20.0,143.28416,123.28416000000001,-164.92624,328.21040000000005,132.56231999999994,1.0752583300239051,5.688253638760672
ventas,amount,5392,1310.99996,True,strong,True,True,2,20.0,143.28416,123.28416000000001,-164.92624,328.21040000000005,982.78956,7.971742355222276,17.755712201567654
ventas,amount,5417,309.99997,True,candidate,False,True,1,20.0,143.28416,123.28416000000001,-164.92624,328.21040000000005,0.0,0.0,3.548303484934202
ventas,amount,5446,414.5457,True,strong,True,True,2,20.0,143.28416,123.28416000000001,-164.92624,328.21040000000005,86.33529999999996,0.7002951555171398,5.032143575370974
ventas,amount,5510,522.0,True,strong,True,True,2,20.0,143.28416,123.28416000000001,-164.92624,328.21040000000005,193.78959999999995,1.5718937453116437,6.557265627030279
ventas,amount,5511,455.27273,True,strong,True,True,2,20.0,143.28416,123.28416000000001,-164.92624,328.21040000000005,127.06232999999997,1.0306460294655855,5.610191094656755
