latitude,longitude,elevation,utc_offset_seconds,timezone,timezone_abbreviation
40.45694,-3.8081665,701.0,7200,Europe/Berlin,GMT+2

time,temperature_2m (°C),weather_code (wmo code),rain (mm)
2023-01-01T00:00,4.2,0,0.00
2023-01-01T01:00,3.8,2,0.00
2023-01-01T02:00,4.2,1,0.00
2023-01-01T03:00,4.1,0,0.00
2023-01-01T04:00,3.7,1,0.00
2023-01-01T05:00,3.3,0,0.00
2023-01-01T06:00,2.9,0,0.00
2023-01-01T07:00,3.5,0,0.00
2023-01-01T08:00,3.6,1,0.00
2023-01-01T09:00,3.8,3,0.00
2023-01-01T10:00,4.9,2,0.00
2023-01-01T11:00,6.7,2,0.00
2023-01-01T12:00,9.2,3,0.00
2023-01-01T13:00,11.0,3,0.00
2023-01-01T14:00,11.8,2,0.00
2023-01-01T15:00,13.0,2,0.00
2023-01-01T16:00,13.6,3,0.00
2023-01-01T17:00,13.7,3,0.00
2023-01-01T18:00,12.6,3,0.00
2023-01-01T19:00,9.6,2,0.00
2023-01-01T20:00,10.2,3,0.00
2023-01-01T21:00,10.7,1,0.00
2023-01-01T22:00,10.7,3,0.00
2023-01-01T23:00,9.9,3,0.00
2023-01-02T00:00,9.0,3,0.00
2023-01-02T01:00,8.3,2,0.00
2023-01-02T02:00,9.1,3,0.00
2023-01-02T03:00,8.8,3,0.00
2023-01-02T04:00,8.6,51,0.30
2023-01-02T05:00,8.0,53,0.50
2023-01-02T06:00,7.7,51,0.10
2023-01-02T07:00,7.7,3,0.00
2023-01-02T08:00,8.0,3,0.00
2023-01-02T09:00,7.9,3,0.00
2023-01-02T10:00,8.0,3,0.00
2023-01-02T11:00,8.4,3,0.00
2023-01-02T12:00,9.4,3,0.00
2023-01-02T13:00,10.6,3,0.00
2023-01-02T14:00,11.1,3,0.00
2023-01-02T15:00,11.4,51,0.20
2023-01-02T16:00,11.9,51,0.40
2023-01-02T17:00,11.8,51,0.40
2023-01-02T18:00,11.1,51,0.10
2023-01-02T19:00,8.2,3,0.00
2023-01-02T20:00,7.9,3,0.00
2023-01-02T21:00,6.8,51,0.10
2023-01-02T22:00,7.0,51,0.10
2023-01-02T23:00,6.9,2,0.00
2023-01-03T00:00,5.6,3,0.00
2023-01-03T01:00,5.2,1,0.00
2023-01-03T02:00,6.1,1,0.00
2023-01-03T03:00,5.2,0,0.00
2023-01-03T04:00,4.1,0,0.00
2023-01-03T05:00,3.3,0,0.00
2023-01-03T06:00,3.2,0,0.00
2023-01-03T07:00,3.5,0,0.00
2023-01-03T08:00,3.4,0,0.00
2023-01-03T09:00,2.6,0,0.00
2023-01-03T10:00,2.7,0,0.00
2023-01-03T11:00,5.0,0,0.00
2023-01-03T12:00,7.3,0,0.00
2023-01-03T13:00,9.4,0,0.00
2023-01-03T14:00,10.7,0,0.00
2023-01-03T15:00,11.4,0,0.00
2023-01-03T16:00,11.7,0,0.00
2023-01-03T17:00,11.6,0,0.00
2023-01-03T18:00,10.8,0,0.00
2023-01-03T19:00,9.3,0,0.00
2023-01-03T20:00,6.2,0,0.00
2023-01-03T21:00,7.8,0,0.00
2023-01-03T22:00,4.1,0,0.00
2023-01-03T23:00,3.0,0,0.00
2023-01-04T00:00,3.0,0,0.00
2023-01-04T01:00,2.6,0,0.00
2023-01-04T02:00,2.9,0,0.00
2023-01-04T03:00,2.3,0,0.00
2023-01-04T04:00,1.3,0,0.00
2023-01-04T05:00,1.0,0,0.00
2023-01-04T06:00,0.9,0,0.00
2023-01-04T07:00,0.9,0,0.00
2023-01-04T08:00,0.7,0,0.00
2023-01-04T09:00,0.5,0,0.00
2023-01-04T10:00,0.6,0,0.00
2023-01-04T11:00,3.1,0,0.00
2023-01-04T12:00,6.3,0,0.00
2023-01-04T13:00,8.7,0,0.00
2023-01-04T14:00,10.4,0,0.00
2023-01-04T15:00,11.3,0,0.00
2023-01-04T16:00,11.8,0,0.00
2023-01-04T17:00,11.8,0,0.00
2023-01-04T18:00,11.0,0,0.00
2023-01-04T19:00,9.5,0,0.00
2023-01-04T20:00,8.4,0,0.00
2023-01-04T21:00,7.5,0,0.00
2023-01-04T22:00,5.0,0,0.00
2023-01-04T23:00,2.6,0,0.00
2023-01-05T00:00,2.3,0,0.00
2023-01-05T01:00,2.4,0,0.00
2023-01-05T02:00,2.7,0,0.00
2023-01-05T03:00,2.4,0,0.00
2023-01-05T04:00,2.0,0,0.00
2023-01-05T05:00,1.6,0,0.00
2023-01-05T06:00,1.4,0,0.00
2023-01-05T07:00,1.2,0,0.00
2023-01-05T08:00,1.0,0,0.00
2023-01-05T09:00,0.7,0,0.00
2023-01-05T10:00,0.6,0,0.00
2023-01-05T11:00,2.8,0,0.00
2023-01-05T12:00,5.7,0,0.00
2023-01-05T13:00,8.2,0,0.00
2023-01-05T14:00,10.1,1,0.00
2023-01-05T15:00,11.2,0,0.00
2023-01-05T16:00,11.9,0,0.00
2023-01-05T17:00,11.8,0,0.00
2023-01-05T18:00,10.8,0,0.00
2023-01-05T19:00,6.5,0,0.00
2023-01-05T20:00,4.7,0,0.00
2023-01-05T21:00,5.1,0,0.00
2023-01-05T22:00,6.2,0,0.00
2023-01-05T23:00,6.1,0,0.00
2023-01-06T00:00,5.5,0,0.00
2023-01-06T01:00,4.9,0,0.00
2023-01-06T02:00,4.6,0,0.00
2023-01-06T03:00,1.2,0,0.00
2023-01-06T04:00,0.1,0,0.00
2023-01-06T05:00,0.0,0,0.00
2023-01-06T06:00,0.2,0,0.00
2023-01-06T07:00,0.0,0,0.00
2023-01-06T08:00,-0.8,0,0.00
2023-01-06T09:00,-1.4,0,0.00
2023-01-06T10:00,-1.6,3,0.00
2023-01-06T11:00,1.8,0,0.00
2023-01-06T12:00,5.7,0,0.00
2023-01-06T13:00,7.7,0,0.00
2023-01-06T14:00,9.2,0,0.00
2023-01-06T15:00,10.2,0,0.00
2023-01-06T16:00,10.7,0,0.00
2023-01-06T17:00,10.6,0,0.00
2023-01-06T18:00,9.6,0,0.00
2023-01-06T19:00,5.3,0,0.00
2023-01-06T20:00,3.7,0,0.00
2023-01-06T21:00,2.6,0,0.00
2023-01-06T22:00,1.4,0,0.00
2023-01-06T23:00,0.8,0,0.00
2023-01-07T00:00,0.9,0,0.00
2023-01-07T01:00,0.8,0,0.00
2023-01-07T02:00,2.4,0,0.00
2023-01-07T03:00,2.0,0,0.00
2023-01-07T04:00,1.7,3,0.00
2023-01-07T05:00,1.7,3,0.00
2023-01-07T06:00,1.2,3,0.00
2023-01-07T07:00,2.8,3,0.00
2023-01-07T08:00,3.0,3,0.00
2023-01-07T09:00,3.3,3,0.00
2023-01-07T10:00,3.9,3,0.00
2023-01-07T11:00,4.4,51,0.10
2023-01-07T12:00,5.1,51,0.10
2023-01-07T13:00,6.1,51,0.10
2023-01-07T14:00,4.6,53,0.50
2023-01-07T15:00,5.6,51,0.10
2023-01-07T16:00,6.2,51,0.10
2023-01-07T17:00,6.6,51,0.30
2023-01-07T18:00,6.8,51,0.10
2023-01-07T19:00,6.8,3,0.00
2023-01-07T20:00,6.8,51,0.10
2023-01-07T21:00,7.6,51,0.20
2023-01-07T22:00,8.1,51,0.30
2023-01-07T23:00,8.4,53,0.90
2023-01-08T00:00,8.7,61,1.60
2023-01-08T01:00,9.1,53,0.60
2023-01-08T02:00,7.8,61,1.50
2023-01-08T03:00,7.9,55,1.20
2023-01-08T04:00,8.1,53,0.90
2023-01-08T05:00,8.2,51,0.30
2023-01-08T06:00,8.8,51,0.10
2023-01-08T07:00,9.2,3,0.00
2023-01-08T08:00,9.2,51,0.10
2023-01-08T09:00,9.0,51,0.10
2023-01-08T10:00,9.0,51,0.30
2023-01-08T11:00,9.5,53,0.70
2023-01-08T12:00,10.0,53,0.90
2023-01-08T13:00,11.8,51,0.10
2023-01-08T14:00,11.8,51,0.10
2023-01-08T15:00,12.3,51,0.40
2023-01-08T16:00,12.4,51,0.10
2023-01-08T17:00,12.1,61,1.90
2023-01-08T18:00,11.8,51,0.10
2023-01-08T19:00,11.6,51,0.10
2023-01-08T20:00,11.5,55,1.10
2023-01-08T21:00,11.3,51,0.20
2023-01-08T22:00,11.0,53,0.70
2023-01-08T23:00,10.9,51,0.10
2023-01-09T00:00,10.6,3,0.00
2023-01-09T01:00,10.3,3,0.00
2023-01-09T02:00,10.6,3,0.00
2023-01-09T03:00,10.9,3,0.00
2023-01-09T04:00,11.0,3,0.00
2023-01-09T05:00,10.7,3,0.00
2023-01-09T06:00,10.1,3,0.00
2023-01-09T07:00,10.1,3,0.00
2023-01-09T08:00,9.9,3,0.00
2023-01-09T09:00,9.3,3,0.00
2023-01-09T10:00,8.4,3,0.00
2023-01-09T11:00,9.0,3,0.00
2023-01-09T12:00,9.8,3,0.00
2023-01-09T13:00,10.6,2,0.00
2023-01-09T14:00,11.6,2,0.00
2023-01-09T15:00,11.9,3,0.00
2023-01-09T16:00,11.8,3,0.00
2023-01-09T17:00,11.8,3,0.00
2023-01-09T18:00,11.3,3,0.00
2023-01-09T19:00,8.0,0,0.00
2023-01-09T20:00,7.4,2,0.00
2023-01-09T21:00,6.8,2,0.00
2023-01-09T22:00,5.9,2,0.00
2023-01-09T23:00,4.8,2,0.00
2023-01-10T00:00,3.4,0,0.00
2023-01-10T01:00,2.6,0,0.00
2023-01-10T02:00,2.5,0,0.00
2023-01-10T03:00,1.4,0,0.00
2023-01-10T04:00,1.4,2,0.00
2023-01-10T05:00,1.1,2,0.00
2023-01-10T06:00,1.0,0,0.00
2023-01-10T07:00,1.0,0,0.00
2023-01-10T08:00,1.0,0,0.00
2023-01-10T09:00,1.3,0,0.00
2023-01-10T10:00,1.3,0,0.00
2023-01-10T11:00,4.0,0,0.00
2023-01-10T12:00,6.8,0,0.00
2023-01-10T13:00,8.9,0,0.00
2023-01-10T14:00,9.7,0,0.00
2023-01-10T15:00,11.1,0,0.00
2023-01-10T16:00,12.0,0,0.00
2023-01-10T17:00,12.2,1,0.00
2023-01-10T18:00,11.2,0,0.00
2023-01-10T19:00,8.8,0,0.00
2023-01-10T20:00,7.0,0,0.00
2023-01-10T21:00,6.3,0,0.00
2023-01-10T22:00,5.7,0,0.00
2023-01-10T23:00,5.3,1,0.00
2023-01-11T00:00,4.4,3,0.00
2023-01-11T01:00,3.3,3,0.00
2023-01-11T02:00,4.0,3,0.00
2023-01-11T03:00,4.4,3,0.00
2023-01-11T04:00,4.3,3,0.00
2023-01-11T05:00,4.6,3,0.00
2023-01-11T06:00,4.9,3,0.00
2023-01-11T07:00,5.1,3,0.00
2023-01-11T08:00,5.4,3,0.00
2023-01-11T09:00,5.6,3,0.00
2023-01-11T10:00,5.7,3,0.00
2023-01-11T11:00,6.2,3,0.00
2023-01-11T12:00,7.1,3,0.00
2023-01-11T13:00,8.2,3,0.00
2023-01-11T14:00,7.3,3,0.00
2023-01-11T15:00,8.2,51,0.10
2023-01-11T16:00,8.7,3,0.00
2023-01-11T17:00,9.2,3,0.00
2023-01-11T18:00,9.2,0,0.00
2023-01-11T19:00,6.8,0,0.00
2023-01-11T20:00,5.6,0,0.00
2023-01-11T21:00,5.4,0,0.00
2023-01-11T22:00,3.7,3,0.00
2023-01-11T23:00,2.4,3,0.00
2023-01-12T00:00,2.3,2,0.00
2023-01-12T01:00,1.5,1,0.00
2023-01-12T02:00,1.9,0,0.00
2023-01-12T03:00,2.0,2,0.00
2023-01-12T04:00,1.7,0,0.00
2023-01-12T05:00,0.8,2,0.00
2023-01-12T06:00,0.4,3,0.00
2023-01-12T07:00,-0.1,3,0.00
2023-01-12T08:00,-0.4,3,0.00
2023-01-12T09:00,-0.5,3,0.00
2023-01-12T10:00,-0.2,1,0.00
2023-01-12T11:00,2.2,0,0.00
2023-01-12T12:00,5.1,0,0.00
2023-01-12T13:00,7.0,0,0.00
2023-01-12T14:00,8.5,1,0.00
2023-01-12T15:00,9.9,3,0.00
2023-01-12T16:00,10.4,3,0.00
2023-01-12T17:00,10.6,3,0.00
2023-01-12T18:00,10.0,3,0.00
2023-01-12T19:00,7.0,3,0.00
2023-01-12T20:00,5.3,3,0.00
2023-01-12T21:00,4.3,3,0.00
2023-01-12T22:00,3.5,3,0.00
2023-01-12T23:00,2.4,3,0.00
2023-01-13T00:00,2.1,3,0.00
2023-01-13T01:00,2.8,2,0.00
2023-01-13T02:00,3.4,3,0.00
2023-01-13T03:00,1.8,3,0.00
2023-01-13T04:00,2.3,3,0.00
2023-01-13T05:00,2.0,3,0.00
2023-01-13T06:00,1.8,3,0.00
2023-01-13T07:00,2.1,3,0.00
2023-01-13T08:00,1.9,3,0.00
2023-01-13T09:00,1.7,3,0.00
2023-01-13T10:00,1.8,3,0.00
2023-01-13T11:00,2.4,3,0.00
2023-01-13T12:00,3.2,3,0.00
2023-01-13T13:00,5.1,3,0.00
2023-01-13T14:00,7.0,2,0.00
2023-01-13T15:00,8.8,2,0.00
2023-01-13T16:00,9.9,0,0.00
2023-01-13T17:00,10.4,0,0.00
2023-01-13T18:00,10.2,1,0.00
2023-01-13T19:00,8.2,2,0.00
2023-01-13T20:00,8.1,2,0.00
2023-01-13T21:00,5.4,2,0.00
2023-01-13T22:00,6.1,1,0.00
2023-01-13T23:00,3.1,3,0.00
2023-01-14T00:00,4.7,3,0.00
2023-01-14T01:00,3.7,2,0.00
2023-01-14T02:00,2.2,3,0.00
2023-01-14T03:00,0.8,2,0.00
2023-01-14T04:00,0.2,3,0.00
2023-01-14T05:00,0.1,3,0.00
2023-01-14T06:00,0.3,3,0.00
2023-01-14T07:00,-0.9,3,0.00
2023-01-14T08:00,-1.1,3,0.00
2023-01-14T09:00,-0.6,3,0.00
2023-01-14T10:00,0.6,3,0.00
2023-01-14T11:00,2.1,3,0.00
2023-01-14T12:00,4.3,3,0.00
2023-01-14T13:00,6.5,0,0.00
2023-01-14T14:00,7.4,0,0.00
2023-01-14T15:00,9.0,1,0.00
2023-01-14T16:00,10.0,3,0.00
2023-01-14T17:00,10.4,3,0.00
2023-01-14T18:00,10.1,3,0.00
2023-01-14T19:00,7.3,3,0.00
2023-01-14T20:00,5.8,3,0.00
2023-01-14T21:00,5.0,3,0.00
2023-01-14T22:00,4.2,3,0.00
2023-01-14T23:00,4.0,3,0.00
2023-01-15T00:00,3.9,3,0.00
2023-01-15T01:00,3.6,3,0.00
2023-01-15T02:00,3.1,3,0.00
2023-01-15T03:00,2.6,3,0.00
2023-01-15T04:00,3.4,3,0.00
2023-01-15T05:00,4.0,3,0.00
2023-01-15T06:00,4.7,3,0.00
2023-01-15T07:00,4.7,3,0.00
2023-01-15T08:00,4.9,3,0.00
2023-01-15T09:00,4.6,3,0.00
2023-01-15T10:00,4.4,3,0.00
2023-01-15T11:00,4.8,3,0.00
2023-01-15T12:00,5.3,3,0.00
2023-01-15T13:00,7.3,3,0.00
2023-01-15T14:00,7.1,2,0.00
2023-01-15T15:00,9.9,2,0.00
2023-01-15T16:00,10.4,1,0.00
2023-01-15T17:00,9.4,1,0.00
2023-01-15T18:00,8.1,0,0.00
2023-01-15T19:00,6.5,0,0.00
2023-01-15T20:00,5.1,0,0.00
2023-01-15T21:00,4.0,0,0.00
2023-01-15T22:00,3.2,0,0.00
2023-01-15T23:00,3.2,0,0.00
2023-01-16T00:00,3.1,3,0.00
2023-01-16T01:00,2.0,3,0.00
2023-01-16T02:00,3.5,3,0.00
2023-01-16T03:00,3.8,2,0.00
2023-01-16T04:00,3.2,3,0.00
2023-01-16T05:00,2.0,3,0.00
2023-01-16T06:00,0.9,3,0.00
2023-01-16T07:00,0.9,3,0.00
2023-01-16T08:00,1.8,3,0.00
2023-01-16T09:00,2.5,3,0.00
2023-01-16T10:00,2.5,3,0.00
2023-01-16T11:00,3.3,3,0.00
2023-01-16T12:00,4.5,3,0.00
2023-01-16T13:00,6.1,3,0.00
2023-01-16T14:00,7.2,3,0.00
2023-01-16T15:00,7.8,3,0.00
2023-01-16T16:00,8.1,3,0.00
2023-01-16T17:00,8.2,3,0.00
2023-01-16T18:00,8.5,3,0.00
2023-01-16T19:00,8.4,3,0.00
2023-01-16T20:00,8.5,3,0.00
2023-01-16T21:00,8.5,51,0.10
2023-01-16T22:00,8.1,51,0.20
2023-01-16T23:00,7.9,51,0.10
2023-01-17T00:00,7.6,3,0.00
2023-01-17T01:00,7.5,3,0.00
2023-01-17T02:00,7.7,3,0.00
2023-01-17T03:00,7.8,51,0.30
2023-01-17T04:00,7.8,51,0.10
2023-01-17T05:00,7.7,51,0.20
2023-01-17T06:00,7.6,51,0.10
2023-01-17T07:00,7.6,53,0.50
2023-01-17T08:00,7.8,51,0.30
2023-01-17T09:00,7.6,51,0.20
2023-01-17T10:00,8.1,1,0.00
2023-01-17T11:00,7.8,0,0.00
2023-01-17T12:00,8.1,1,0.00
2023-01-17T13:00,8.7,1,0.00
2023-01-17T14:00,9.8,1,0.00
2023-01-17T15:00,10.1,2,0.00
2023-01-17T16:00,10.0,51,0.10
2023-01-17T17:00,9.6,1,0.00
2023-01-17T18:00,7.6,51,0.40
2023-01-17T19:00,6.2,53,0.50
2023-01-17T20:00,6.2,3,0.00
2023-01-17T21:00,5.0,2,0.00
2023-01-17T22:00,4.2,1,0.00
2023-01-17T23:00,3.4,2,0.00
2023-01-18T00:00,2.9,2,0.00
2023-01-18T01:00,2.3,3,0.00
2023-01-18T02:00,2.8,3,0.00
2023-01-18T03:00,2.4,1,0.00
2023-01-18T04:00,1.9,1,0.00
2023-01-18T05:00,1.5,1,0.00
2023-01-18T06:00,1.3,3,0.00
2023-01-18T07:00,1.1,2,0.00
2023-01-18T08:00,1.6,3,0.00
2023-01-18T09:00,2.6,3,0.00
2023-01-18T10:00,2.9,3,0.00
2023-01-18T11:00,3.4,3,0.00
2023-01-18T12:00,4.3,3,0.00
2023-01-18T13:00,5.3,3,0.00
2023-01-18T14:00,5.9,3,0.00
2023-01-18T15:00,6.0,2,0.00
2023-01-18T16:00,6.4,2,0.00
2023-01-18T17:00,6.3,3,0.00
2023-01-18T18:00,5.1,2,0.00
2023-01-18T19:00,4.1,1,0.00
2023-01-18T20:00,2.5,2,0.00
2023-01-18T21:00,2.3,1,0.00
2023-01-18T22:00,0.8,1,0.00
2023-01-18T23:00,-0.1,2,0.00
2023-01-19T00:00,1.5,3,0.00
2023-01-19T01:00,1.9,2,0.00
2023-01-19T02:00,1.0,2,0.00
2023-01-19T03:00,0.9,1,0.00
2023-01-19T04:00,0.6,2,0.00
2023-01-19T05:00,0.5,2,0.00
2023-01-19T06:00,0.5,2,0.00
2023-01-19T07:00,0.8,3,0.00
2023-01-19T08:00,0.8,3,0.00
2023-01-19T09:00,0.7,3,0.00
2023-01-19T10:00,0.7,2,0.00
2023-01-19T11:00,2.2,1,0.00
2023-01-19T12:00,3.4,1,0.00
2023-01-19T13:00,5.1,2,0.00
2023-01-19T14:00,7.9,3,0.00
2023-01-19T15:00,8.0,3,0.00
2023-01-19T16:00,6.9,3,0.00
2023-01-19T17:00,6.5,3,0.00
2023-01-19T18:00,5.7,3,0.00
2023-01-19T19:00,4.6,3,0.00
2023-01-19T20:00,4.4,3,0.00
2023-01-19T21:00,4.4,51,0.10
2023-01-19T22:00,4.6,3,0.00
2023-01-19T23:00,4.7,3,0.00
2023-01-20T00:00,4.9,3,0.00
2023-01-20T01:00,5.1,3,0.00
2023-01-20T02:00,6.3,3,0.00
2023-01-20T03:00,6.4,51,0.10
2023-01-20T04:00,6.4,3,0.00
2023-01-20T05:00,6.9,3,0.00
2023-01-20T06:00,7.1,3,0.00
2023-01-20T07:00,7.5,3,0.00
2023-01-20T08:00,7.9,3,0.00
2023-01-20T09:00,8.3,3,0.00
2023-01-20T10:00,8.4,3,0.00
2023-01-20T11:00,8.7,3,0.00
2023-01-20T12:00,9.5,1,0.00
2023-01-20T13:00,10.4,0,0.00
2023-01-20T14:00,12.4,0,0.00
2023-01-20T15:00,12.8,2,0.00
2023-01-20T16:00,12.8,0,0.00
2023-01-20T17:00,12.4,0,0.00
2023-01-20T18:00,11.7,1,0.00
2023-01-20T19:00,9.8,2,0.00
2023-01-20T20:00,9.2,3,0.00
2023-01-20T21:00,8.6,3,0.00
2023-01-20T22:00,8.4,3,0.00
2023-01-20T23:00,7.6,51,0.10
2023-01-21T00:00,7.1,3,0.00
2023-01-21T01:00,6.6,3,0.00
2023-01-21T02:00,6.7,3,0.00
2023-01-21T03:00,6.7,51,0.30
2023-01-21T04:00,6.2,61,1.60
2023-01-21T05:00,5.7,51,0.20
2023-01-21T06:00,5.1,3,0.00
2023-01-21T07:00,4.7,1,0.00
2023-01-21T08:00,4.2,3,0.00
2023-01-21T09:00,4.2,1,0.00
2023-01-21T10:00,3.1,0,0.00
2023-01-21T11:00,5.0,1,0.00
2023-01-21T12:00,6.6,0,0.00
2023-01-21T13:00,7.0,0,0.00
2023-01-21T14:00,9.3,1,0.00
2023-01-21T15:00,10.4,1,0.00
2023-01-21T16:00,10.7,0,0.00
2023-01-21T17:00,10.0,0,0.00
2023-01-21T18:00,8.9,0,0.00
2023-01-21T19:00,6.7,0,0.00
2023-01-21T20:00,4.5,0,0.00
2023-01-21T21:00,3.6,0,0.00
2023-01-21T22:00,2.9,0,0.00
2023-01-21T23:00,1.8,0,0.00
2023-01-22T00:00,0.5,0,0.00
2023-01-22T01:00,-0.6,0,0.00
2023-01-22T02:00,-1.1,0,0.00
2023-01-22T03:00,-1.3,0,0.00
2023-01-22T04:00,-1.7,0,0.00
2023-01-22T05:00,-3.1,0,0.00
2023-01-22T06:00,-3.7,0,0.00
2023-01-22T07:00,-4.4,0,0.00
2023-01-22T08:00,-3.3,0,0.00
2023-01-22T09:00,-3.5,0,0.00
2023-01-22T10:00,-4.4,0,0.00
2023-01-22T11:00,-1.1,0,0.00
2023-01-22T12:00,1.6,0,0.00
2023-01-22T13:00,3.7,0,0.00
2023-01-22T14:00,6.2,0,0.00
2023-01-22T15:00,7.7,0,0.00
2023-01-22T16:00,8.4,0,0.00
2023-01-22T17:00,8.0,0,0.00
2023-01-22T18:00,7.2,0,0.00
2023-01-22T19:00,4.2,0,0.00
2023-01-22T20:00,1.2,0,0.00
2023-01-22T21:00,-0.2,0,0.00
2023-01-22T22:00,1.0,0,0.00
2023-01-22T23:00,-1.5,0,0.00
2023-01-23T00:00,-1.4,0,0.00
2023-01-23T01:00,-3.6,0,0.00
2023-01-23T02:00,-1.5,0,0.00
2023-01-23T03:00,-2.1,0,0.00
2023-01-23T04:00,-3.3,0,0.00
2023-01-23T05:00,-3.7,0,0.00
2023-01-23T06:00,-4.0,0,0.00
2023-01-23T07:00,-4.8,0,0.00
2023-01-23T08:00,-5.3,0,0.00
2023-01-23T09:00,-5.0,0,0.00
2023-01-23T10:00,-4.3,0,0.00
2023-01-23T11:00,-0.1,0,0.00
2023-01-23T12:00,3.2,0,0.00
2023-01-23T13:00,4.9,0,0.00
2023-01-23T14:00,6.9,0,0.00
2023-01-23T15:00,7.8,0,0.00
2023-01-23T16:00,7.9,0,0.00
2023-01-23T17:00,7.7,0,0.00
2023-01-23T18:00,6.7,1,0.00
2023-01-23T19:00,4.9,3,0.00
2023-01-23T20:00,3.6,3,0.00
2023-01-23T21:00,3.3,1,0.00
2023-01-23T22:00,0.7,1,0.00
2023-01-23T23:00,1.6,1,0.00
2023-01-24T00:00,1.0,0,0.00
2023-01-24T01:00,-0.4,1,0.00
2023-01-24T02:00,-2.1,3,0.00
2023-01-24T03:00,-2.5,2,0.00
2023-01-24T04:00,-3.3,2,0.00
2023-01-24T05:00,-3.5,0,0.00
2023-01-24T06:00,-3.4,3,0.00
2023-01-24T07:00,-2.8,3,0.00
2023-01-24T08:00,-2.2,3,0.00
2023-01-24T09:00,-1.6,3,0.00
2023-01-24T10:00,-1.2,1,0.00
2023-01-24T11:00,0.4,3,0.00
2023-01-24T12:00,2.4,2,0.00
2023-01-24T13:00,3.8,3,0.00
2023-01-24T14:00,4.7,3,0.00
2023-01-24T15:00,4.5,3,0.00
2023-01-24T16:00,4.6,3,0.00
2023-01-24T17:00,5.0,3,0.00
2023-01-24T18:00,5.4,2,0.00
2023-01-24T19:00,4.6,1,0.00
2023-01-24T20:00,2.4,0,0.00
2023-01-24T21:00,1.0,0,0.00
2023-01-24T22:00,0.8,0,0.00
2023-01-24T23:00,0.4,0,0.00
2023-01-25T00:00,-0.2,0,0.00
2023-01-25T01:00,-0.6,0,0.00
2023-01-25T02:00,-0.4,0,0.00
2023-01-25T03:00,-0.8,0,0.00
2023-01-25T04:00,-1.1,0,0.00
2023-01-25T05:00,-1.6,0,0.00
2023-01-25T06:00,-2.1,0,0.00
2023-01-25T07:00,-2.2,0,0.00
2023-01-25T08:00,-2.3,0,0.00
2023-01-25T09:00,-2.4,0,0.00
2023-01-25T10:00,-2.3,0,0.00
2023-01-25T11:00,0.2,0,0.00
2023-01-25T12:00,3.1,0,0.00
2023-01-25T13:00,5.6,0,0.00
2023-01-25T14:00,7.3,0,0.00
2023-01-25T15:00,8.2,0,0.00
2023-01-25T16:00,8.9,0,0.00
2023-01-25T17:00,9.4,0,0.00
2023-01-25T18:00,9.3,1,0.00
2023-01-25T19:00,5.6,3,0.00
2023-01-25T20:00,2.9,3,0.00
2023-01-25T21:00,2.9,3,0.00
2023-01-25T22:00,2.1,2,0.00
2023-01-25T23:00,0.7,1,0.00
2023-01-26T00:00,-0.8,2,0.00
2023-01-26T01:00,-0.9,2,0.00
2023-01-26T02:00,0.9,1,0.00
2023-01-26T03:00,0.3,2,0.00
2023-01-26T04:00,1.2,3,0.00
2023-01-26T05:00,2.7,2,0.00
2023-01-26T06:00,2.1,3,0.00
2023-01-26T07:00,2.4,2,0.00
2023-01-26T08:00,2.8,3,0.00
2023-01-26T09:00,2.9,3,0.00
2023-01-26T10:00,3.2,3,0.00
2023-01-26T11:00,4.1,3,0.00
2023-01-26T12:00,4.9,3,0.00
2023-01-26T13:00,5.7,2,0.00
2023-01-26T14:00,7.6,2,0.00
2023-01-26T15:00,8.5,3,0.00
2023-01-26T16:00,8.7,0,0.00
2023-01-26T17:00,8.6,0,0.00
2023-01-26T18:00,8.1,0,0.00
2023-01-26T19:00,6.1,0,0.00
2023-01-26T20:00,2.2,0,0.00
2023-01-26T21:00,1.0,0,0.00
2023-01-26T22:00,0.4,0,0.00
2023-01-26T23:00,-0.3,0,0.00
2023-01-27T00:00,-0.9,0,0.00
2023-01-27T01:00,-0.6,1,0.00
2023-01-27T02:00,-1.9,0,0.00
2023-01-27T03:00,-1.9,0,0.00
2023-01-27T04:00,-2.2,0,0.00
2023-01-27T05:00,-2.3,0,0.00
2023-01-27T06:00,-2.6,0,0.00
2023-01-27T07:00,-2.1,0,0.00
2023-01-27T08:00,-2.4,1,0.00
2023-01-27T09:00,-1.1,2,0.00
2023-01-27T10:00,0.3,3,0.00
2023-01-27T11:00,2.1,3,0.00
2023-01-27T12:00,4.8,1,0.00
2023-01-27T13:00,6.7,2,0.00
2023-01-27T14:00,8.3,51,0.10
2023-01-27T15:00,8.5,1,0.00
2023-01-27T16:00,7.8,1,0.00
2023-01-27T17:00,7.4,51,0.10
2023-01-27T18:00,6.7,1,0.00
2023-01-27T19:00,5.3,1,0.00
2023-01-27T20:00,3.5,0,0.00
2023-01-27T21:00,2.4,0,0.00
2023-01-27T22:00,1.3,0,0.00
2023-01-27T23:00,0.0,1,0.00
2023-01-28T00:00,-1.1,1,0.00
2023-01-28T01:00,-1.7,1,0.00
2023-01-28T02:00,-0.8,1,0.00
2023-01-28T03:00,-1.3,1,0.00
2023-01-28T04:00,-1.3,1,0.00
2023-01-28T05:00,-2.1,0,0.00
2023-01-28T06:00,-2.1,0,0.00
2023-01-28T07:00,-2.0,0,0.00
2023-01-28T08:00,-2.8,1,0.00
2023-01-28T09:00,-2.8,0,0.00
2023-01-28T10:00,-2.2,0,0.00
2023-01-28T11:00,1.7,1,0.00
2023-01-28T12:00,4.2,1,0.00
2023-01-28T13:00,5.5,1,0.00
2023-01-28T14:00,8.0,2,0.00
2023-01-28T15:00,8.5,0,0.00
2023-01-28T16:00,8.9,0,0.00
2023-01-28T17:00,8.7,0,0.00
2023-01-28T18:00,7.9,0,0.00
2023-01-28T19:00,5.6,0,0.00
2023-01-28T20:00,3.2,0,0.00
2023-01-28T21:00,2.9,0,0.00
2023-01-28T22:00,1.8,0,0.00
2023-01-28T23:00,0.8,0,0.00
2023-01-29T00:00,-0.5,0,0.00
2023-01-29T01:00,-2.8,0,0.00
2023-01-29T02:00,-1.8,0,0.00
2023-01-29T03:00,-0.7,0,0.00
2023-01-29T04:00,-3.7,0,0.00
2023-01-29T05:00,-3.3,0,0.00
2023-01-29T06:00,-3.5,0,0.00
2023-01-29T07:00,-4.0,0,0.00
2023-01-29T08:00,-4.2,0,0.00
2023-01-29T09:00,-4.2,0,0.00
2023-01-29T10:00,-3.0,0,0.00
2023-01-29T11:00,-0.3,0,0.00
2023-01-29T12:00,2.3,0,0.00
2023-01-29T13:00,3.9,1,0.00
2023-01-29T14:00,5.3,0,0.00
2023-01-29T15:00,6.7,3,0.00
2023-01-29T16:00,7.3,2,0.00
2023-01-29T17:00,7.3,1,0.00
2023-01-29T18:00,7.1,0,0.00
2023-01-29T19:00,5.4,0,0.00
2023-01-29T20:00,2.8,0,0.00
2023-01-29T21:00,2.1,0,0.00
2023-01-29T22:00,1.3,0,0.00
2023-01-29T23:00,0.8,0,0.00
2023-01-30T00:00,0.0,0,0.00
2023-01-30T01:00,-0.5,0,0.00
2023-01-30T02:00,-0.5,0,0.00
2023-01-30T03:00,-1.1,0,0.00
2023-01-30T04:00,-1.7,1,0.00
2023-01-30T05:00,-2.3,1,0.00
2023-01-30T06:00,-2.8,0,0.00
2023-01-30T07:00,-3.1,0,0.00
2023-01-30T08:00,-3.3,0,0.00
2023-01-30T09:00,-3.7,0,0.00
2023-01-30T10:00,-3.3,0,0.00
2023-01-30T11:00,-0.2,0,0.00
2023-01-30T12:00,2.7,0,0.00
2023-01-30T13:00,4.6,0,0.00
2023-01-30T14:00,5.5,0,0.00
2023-01-30T15:00,6.8,0,0.00
2023-01-30T16:00,7.6,0,0.00
2023-01-30T17:00,7.9,0,0.00
2023-01-30T18:00,7.6,0,0.00
2023-01-30T19:00,5.8,0,0.00
2023-01-30T20:00,3.2,0,0.00
2023-01-30T21:00,2.0,0,0.00
2023-01-30T22:00,1.1,0,0.00
2023-01-30T23:00,-0.4,0,0.00
2023-01-31T00:00,-2.3,0,0.00
2023-01-31T01:00,-2.7,0,0.00
2023-01-31T02:00,-0.1,0,0.00
2023-01-31T03:00,-1.1,0,0.00
2023-01-31T04:00,-3.5,0,0.00
2023-01-31T05:00,-3.8,0,0.00
2023-01-31T06:00,-4.1,0,0.00
2023-01-31T07:00,-4.1,0,0.00
2023-01-31T08:00,-4.1,0,0.00
2023-01-31T09:00,-4.2,0,0.00
2023-01-31T10:00,-3.3,0,0.00
2023-01-31T11:00,0.2,0,0.00
2023-01-31T12:00,3.4,0,0.00
2023-01-31T13:00,5.6,0,0.00
2023-01-31T14:00,8.0,0,0.00
2023-01-31T15:00,9.0,0,0.00
2023-01-31T16:00,9.5,0,0.00
2023-01-31T17:00,9.8,0,0.00
2023-01-31T18:00,9.4,0,0.00
2023-01-31T19:00,7.7,0,0.00
2023-01-31T20:00,4.9,0,0.00
2023-01-31T21:00,1.6,0,0.00
2023-01-31T22:00,1.0,0,0.00
2023-01-31T23:00,-0.2,0,0.00
2023-02-01T00:00,0.1,0,0.00
2023-02-01T01:00,-0.4,0,0.00
2023-02-01T02:00,-0.5,0,0.00
2023-02-01T03:00,-0.5,0,0.00
2023-02-01T04:00,-0.5,0,0.00
2023-02-01T05:00,-0.5,0,0.00
2023-02-01T06:00,-0.3,0,0.00
2023-02-01T07:00,-0.3,0,0.00
2023-02-01T08:00,-0.4,0,0.00
2023-02-01T09:00,-0.4,0,0.00
2023-02-01T10:00,0.1,0,0.00
2023-02-01T11:00,2.6,0,0.00
2023-02-01T12:00,4.8,0,0.00
2023-02-01T13:00,6.7,0,0.00
2023-02-01T14:00,8.9,0,0.00
2023-02-01T15:00,10.2,0,0.00
2023-02-01T16:00,11.1,0,0.00
2023-02-01T17:00,11.5,0,0.00
2023-02-01T18:00,11.1,0,0.00
2023-02-01T19:00,7.5,0,0.00
2023-02-01T20:00,5.5,0,0.00
2023-02-01T21:00,4.8,0,0.00
2023-02-01T22:00,4.3,0,0.00
2023-02-01T23:00,4.1,0,0.00
2023-02-02T00:00,3.4,0,0.00
2023-02-02T01:00,2.7,0,0.00
2023-02-02T02:00,2.3,0,0.00
2023-02-02T03:00,1.9,0,0.00
2023-02-02T04:00,1.4,0,0.00
2023-02-02T05:00,0.9,0,0.00
2023-02-02T06:00,0.5,0,0.00
2023-02-02T07:00,-0.2,0,0.00
2023-02-02T08:00,-0.7,0,0.00
2023-02-02T09:00,-1.1,0,0.00
2023-02-02T10:00,-1.0,0,0.00
2023-02-02T11:00,1.9,0,0.00
2023-02-02T12:00,5.4,0,0.00
2023-02-02T13:00,8.3,0,0.00
2023-02-02T14:00,10.3,0,0.00
2023-02-02T15:00,11.7,0,0.00
2023-02-02T16:00,12.5,0,0.00
2023-02-02T17:00,12.8,0,0.00
2023-02-02T18:00,12.6,0,0.00
2023-02-02T19:00,12.0,0,0.00
2023-02-02T20:00,10.2,0,0.00
2023-02-02T21:00,8.7,0,0.00
2023-02-02T22:00,7.5,0,0.00
2023-02-02T23:00,2.0,0,0.00
2023-02-03T00:00,0.5,0,0.00
2023-02-03T01:00,0.1,0,0.00
2023-02-03T02:00,0.0,0,0.00
2023-02-03T03:00,0.5,0,0.00
2023-02-03T04:00,-0.9,0,0.00
2023-02-03T05:00,-1.7,0,0.00
2023-02-03T06:00,-1.4,0,0.00
2023-02-03T07:00,-1.4,0,0.00
2023-02-03T08:00,-1.8,0,0.00
2023-02-03T09:00,-2.4,0,0.00
2023-02-03T10:00,-1.3,0,0.00
2023-02-03T11:00,2.4,0,0.00
2023-02-03T12:00,6.6,0,0.00
2023-02-03T13:00,10.0,0,0.00
2023-02-03T14:00,11.8,0,0.00
2023-02-03T15:00,13.6,0,0.00
2023-02-03T16:00,14.7,0,0.00
2023-02-03T17:00,15.1,0,0.00
2023-02-03T18:00,14.5,0,0.00
2023-02-03T19:00,14.1,0,0.00
2023-02-03T20:00,12.2,0,0.00
2023-02-03T21:00,10.7,0,0.00
2023-02-03T22:00,3.8,0,0.00
2023-02-03T23:00,1.3,0,0.00
2023-02-04T00:00,0.8,0,0.00
2023-02-04T01:00,1.4,0,0.00
2023-02-04T02:00,0.9,0,0.00
2023-02-04T03:00,0.2,0,0.00
2023-02-04T04:00,-0.8,0,0.00
2023-02-04T05:00,-1.2,0,0.00
2023-02-04T06:00,-2.3,0,0.00
2023-02-04T07:00,-2.4,0,0.00
2023-02-04T08:00,-2.9,0,0.00
2023-02-04T09:00,-3.6,0,0.00
2023-02-04T10:00,-1.8,0,0.00
2023-02-04T11:00,2.5,0,0.00
2023-02-04T12:00,6.8,0,0.00
2023-02-04T13:00,10.3,0,0.00
2023-02-04T14:00,12.8,0,0.00
2023-02-04T15:00,14.3,0,0.00
2023-02-04T16:00,15.4,0,0.00
2023-02-04T17:00,16.0,0,0.00
2023-02-04T18:00,15.4,0,0.00
2023-02-04T19:00,15.2,0,0.00
2023-02-04T20:00,12.2,0,0.00
2023-02-04T21:00,5.3,0,0.00
2023-02-04T22:00,1.8,0,0.00
2023-02-04T23:00,0.1,0,0.00
2023-02-05T00:00,-0.9,0,0.00
2023-02-05T01:00,-1.3,0,0.00
2023-02-05T02:00,-1.1,0,0.00
2023-02-05T03:00,-0.2,0,0.00
2023-02-05T04:00,-0.1,0,0.00
2023-02-05T05:00,0.3,0,0.00
2023-02-05T06:00,0.9,0,0.00
2023-02-05T07:00,1.2,0,0.00
2023-02-05T08:00,1.4,0,0.00
2023-02-05T09:00,1.6,0,0.00
2023-02-05T10:00,2.4,0,0.00
2023-02-05T11:00,5.1,0,0.00
2023-02-05T12:00,8.0,0,0.00
2023-02-05T13:00,10.5,0,0.00
2023-02-05T14:00,13.7,0,0.00
2023-02-05T15:00,15.3,0,0.00
2023-02-05T16:00,16.1,0,0.00
2023-02-05T17:00,16.3,0,0.00
2023-02-05T18:00,15.7,0,0.00
2023-02-05T19:00,12.4,0,0.00
2023-02-05T20:00,8.3,0,0.00
2023-02-05T21:00,7.9,0,0.00
2023-02-05T22:00,7.5,0,0.00
2023-02-05T23:00,6.5,0,0.00
2023-02-06T00:00,4.7,0,0.00
2023-02-06T01:00,3.7,0,0.00
2023-02-06T02:00,3.4,0,0.00
2023-02-06T03:00,2.1,1,0.00
2023-02-06T04:00,0.5,0,0.00
2023-02-06T05:00,0.6,1,0.00
2023-02-06T06:00,-0.8,0,0.00
2023-02-06T07:00,-1.2,0,0.00
2023-02-06T08:00,-2.1,0,0.00
2023-02-06T09:00,-1.9,0,0.00
2023-02-06T10:00,-1.4,0,0.00
2023-02-06T11:00,2.2,0,0.00
2023-02-06T12:00,5.7,0,0.00
2023-02-06T13:00,8.1,0,0.00
2023-02-06T14:00,9.1,0,0.00
2023-02-06T15:00,10.0,0,0.00
2023-02-06T16:00,9.8,0,0.00
2023-02-06T17:00,9.8,0,0.00
2023-02-06T18:00,10.3,1,0.00
2023-02-06T19:00,9.3,2,0.00
2023-02-06T20:00,7.4,3,0.00
2023-02-06T21:00,5.7,51,0.10
2023-02-06T22:00,5.9,2,0.00
2023-02-06T23:00,5.2,2,0.00
2023-02-07T00:00,4.2,0,0.00
2023-02-07T01:00,3.4,1,0.00
2023-02-07T02:00,2.5,0,0.00
2023-02-07T03:00,2.0,0,0.00
2023-02-07T04:00,1.4,0,0.00
2023-02-07T05:00,0.9,0,0.00
2023-02-07T06:00,0.7,0,0.00
2023-02-07T07:00,0.4,0,0.00
2023-02-07T08:00,0.2,1,0.00
2023-02-07T09:00,0.3,1,0.00
2023-02-07T10:00,1.3,3,0.00
2023-02-07T11:00,3.3,3,0.00
2023-02-07T12:00,5.2,3,0.00
2023-02-07T13:00,6.9,2,0.00
2023-02-07T14:00,8.3,2,0.00
2023-02-07T15:00,8.9,1,0.00
2023-02-07T16:00,8.7,51,0.10
2023-02-07T17:00,8.7,1,0.00
2023-02-07T18:00,8.2,1,0.00
2023-02-07T19:00,7.1,1,0.00
2023-02-07T20:00,5.2,3,0.00
2023-02-07T21:00,4.5,51,0.30
2023-02-07T22:00,3.9,2,0.00
2023-02-07T23:00,3.8,1,0.00
2023-02-08T00:00,2.7,1,0.00
2023-02-08T01:00,2.2,1,0.00
2023-02-08T02:00,1.7,1,0.00
2023-02-08T03:00,1.8,3,0.00
2023-02-08T04:00,2.1,3,0.00
2023-02-08T05:00,2.3,3,0.00
2023-02-08T06:00,2.4,1,0.00
2023-02-08T07:00,2.1,0,0.00
2023-02-08T08:00,1.4,2,0.00
2023-02-08T09:00,1.3,2,0.00
2023-02-08T10:00,1.9,1,0.00
2023-02-08T11:00,4.1,1,0.00
2023-02-08T12:00,6.1,2,0.00
2023-02-08T13:00,7.7,1,0.00
2023-02-08T14:00,9.1,3,0.00
2023-02-08T15:00,9.3,3,0.00
2023-02-08T16:00,9.6,2,0.00
2023-02-08T17:00,10.4,2,0.00
2023-02-08T18:00,10.3,2,0.00
2023-02-08T19:00,9.5,1,0.00
2023-02-08T20:00,8.0,2,0.00
2023-02-08T21:00,7.1,3,0.00
2023-02-08T22:00,6.4,51,0.10
2023-02-08T23:00,5.9,3,0.00
2023-02-09T00:00,5.5,3,0.00
2023-02-09T01:00,5.2,3,0.00
2023-02-09T02:00,4.3,2,0.00
2023-02-09T03:00,3.8,3,0.00
2023-02-09T04:00,3.4,1,0.00
2023-02-09T05:00,3.2,3,0.00
2023-02-09T06:00,3.3,3,0.00
2023-02-09T07:00,3.5,3,0.00
2023-02-09T08:00,4.1,3,0.00
2023-02-09T09:00,3.9,3,0.00
2023-02-09T10:00,4.4,3,0.00
2023-02-09T11:00,5.1,51,0.20
2023-02-09T12:00,5.6,51,0.30
2023-02-09T13:00,6.1,51,0.10
2023-02-09T14:00,6.9,51,0.10
2023-02-09T15:00,7.9,51,0.10
2023-02-09T16:00,8.8,51,0.10
2023-02-09T17:00,9.1,2,0.00
2023-02-09T18:00,9.0,1,0.00
2023-02-09T19:00,8.3,0,0.00
2023-02-09T20:00,5.2,0,0.00
2023-02-09T21:00,4.0,0,0.00
2023-02-09T22:00,3.9,0,0.00
2023-02-09T23:00,2.0,0,0.00
2023-02-10T00:00,1.4,0,0.00
2023-02-10T01:00,1.5,0,0.00
2023-02-10T02:00,2.1,1,0.00
2023-02-10T03:00,1.6,3,0.00
2023-02-10T04:00,1.5,3,0.00
2023-02-10T05:00,1.8,3,0.00
2023-02-10T06:00,1.2,3,0.00
2023-02-10T07:00,1.2,3,0.00
2023-02-10T08:00,0.9,2,0.00
2023-02-10T09:00,1.2,2,0.00
2023-02-10T10:00,1.8,2,0.00
2023-02-10T11:00,3.7,1,0.00
2023-02-10T12:00,5.3,1,0.00
2023-02-10T13:00,6.7,1,0.00
2023-02-10T14:00,7.7,1,0.00
2023-02-10T15:00,8.2,1,0.00
2023-02-10T16:00,8.8,1,0.00
2023-02-10T17:00,9.2,0,0.00
2023-02-10T18:00,8.9,0,0.00
2023-02-10T19:00,8.0,0,0.00
2023-02-10T20:00,4.8,0,0.00
2023-02-10T21:00,3.4,0,0.00
2023-02-10T22:00,2.3,0,0.00
2023-02-10T23:00,1.5,0,0.00
2023-02-11T00:00,1.0,0,0.00
2023-02-11T01:00,0.6,0,0.00
2023-02-11T02:00,0.6,0,0.00
2023-02-11T03:00,0.1,0,0.00
2023-02-11T04:00,-0.3,0,0.00
2023-02-11T05:00,-0.6,0,0.00
2023-02-11T06:00,-1.0,0,0.00
2023-02-11T07:00,-1.0,0,0.00
2023-02-11T08:00,-1.0,0,0.00
2023-02-11T09:00,-1.4,0,0.00
2023-02-11T10:00,-0.7,0,0.00
2023-02-11T11:00,2.2,0,0.00
2023-02-11T12:00,4.2,0,0.00
2023-02-11T13:00,6.0,0,0.00
2023-02-11T14:00,8.2,2,0.00
2023-02-11T15:00,9.3,0,0.00
2023-02-11T16:00,10.1,0,0.00
2023-02-11T17:00,10.2,0,0.00
2023-02-11T18:00,10.0,0,0.00
2023-02-11T19:00,9.3,0,0.00
2023-02-11T20:00,6.8,1,0.00
2023-02-11T21:00,5.5,0,0.00
2023-02-11T22:00,4.0,0,0.00
2023-02-11T23:00,3.2,0,0.00
2023-02-12T00:00,2.6,0,0.00
2023-02-12T01:00,1.9,0,0.00
2023-02-12T02:00,1.0,0,0.00
2023-02-12T03:00,1.2,0,0.00
2023-02-12T04:00,0.7,0,0.00
2023-02-12T05:00,-0.2,0,0.00
2023-02-12T06:00,-0.4,1,0.00
2023-02-12T07:00,-0.3,1,0.00
2023-02-12T08:00,-0.1,1,0.00
2023-02-12T09:00,-0.2,1,0.00
2023-02-12T10:00,0.6,1,0.00
2023-02-12T11:00,2.7,2,0.00
2023-02-12T12:00,4.5,3,0.00
2023-02-12T13:00,6.2,3,0.00
2023-02-12T14:00,8.1,3,0.00
2023-02-12T15:00,10.0,3,0.00
2023-02-12T16:00,10.6,3,0.00
2023-02-12T17:00,10.9,3,0.00
2023-02-12T18:00,11.1,3,0.00
2023-02-12T19:00,10.4,3,0.00
2023-02-12T20:00,8.0,3,0.00
2023-02-12T21:00,8.1,3,0.00
2023-02-12T22:00,6.5,3,0.00
2023-02-12T23:00,5.2,3,0.00
2023-02-13T00:00,4.5,3,0.00
2023-02-13T01:00,3.4,1,0.00
2023-02-13T02:00,2.4,2,0.00
2023-02-13T03:00,2.2,3,0.00
2023-02-13T04:00,1.6,0,0.00
2023-02-13T05:00,1.2,2,0.00
2023-02-13T06:00,0.9,2,0.00
2023-02-13T07:00,0.6,1,0.00
2023-02-13T08:00,0.7,1,0.00
2023-02-13T09:00,0.4,0,0.00
2023-02-13T10:00,0.9,0,0.00
2023-02-13T11:00,3.6,0,0.00
2023-02-13T12:00,5.5,0,0.00
2023-02-13T13:00,7.2,0,0.00
2023-02-13T14:00,9.5,1,0.00
2023-02-13T15:00,10.3,1,0.00
2023-02-13T16:00,10.7,1,0.00
2023-02-13T17:00,11.0,0,0.00
2023-02-13T18:00,11.0,0,0.00
2023-02-13T19:00,10.3,0,0.00
2023-02-13T20:00,6.6,0,0.00
2023-02-13T21:00,6.2,3,0.00
2023-02-13T22:00,4.7,3,0.00
2023-02-13T23:00,4.3,3,0.00
2023-02-14T00:00,3.6,0,0.00
2023-02-14T01:00,3.2,1,0.00
2023-02-14T02:00,3.5,3,0.00
2023-02-14T03:00,3.1,2,0.00
2023-02-14T04:00,3.2,3,0.00
2023-02-14T05:00,3.0,3,0.00
2023-02-14T06:00,3.4,3,0.00
2023-02-14T07:00,4.0,3,0.00
2023-02-14T08:00,4.2,3,0.00
2023-02-14T09:00,4.2,3,0.00
2023-02-14T10:00,4.3,3,0.00
2023-02-14T11:00,4.8,3,0.00
2023-02-14T12:00,5.3,3,0.00
2023-02-14T13:00,6.4,3,0.00
2023-02-14T14:00,8.2,3,0.00
2023-02-14T15:00,9.5,3,0.00
2023-02-14T16:00,11.0,3,0.00
2023-02-14T17:00,11.4,3,0.00
2023-02-14T18:00,11.1,3,0.00
2023-02-14T19:00,10.2,3,0.00
2023-02-14T20:00,8.3,2,0.00
2023-02-14T21:00,6.4,1,0.00
2023-02-14T22:00,5.8,0,0.00
2023-02-14T23:00,5.1,1,0.00
2023-02-15T00:00,4.7,1,0.00
2023-02-15T01:00,4.7,1,0.00
2023-02-15T02:00,4.9,1,0.00
2023-02-15T03:00,4.8,3,0.00
2023-02-15T04:00,4.5,3,0.00
2023-02-15T05:00,4.6,3,0.00
2023-02-15T06:00,4.6,3,0.00
2023-02-15T07:00,4.8,3,0.00
2023-02-15T08:00,4.9,3,0.00
2023-02-15T09:00,4.6,3,0.00
2023-02-15T10:00,5.1,3,0.00
2023-02-15T11:00,6.2,3,0.00
2023-02-15T12:00,7.5,1,0.00
2023-02-15T13:00,9.2,2,0.00
2023-02-15T14:00,10.9,1,0.00
2023-02-15T15:00,11.9,3,0.00
2023-02-15T16:00,12.5,3,0.00
2023-02-15T17:00,13.4,3,0.00
2023-02-15T18:00,13.1,3,0.00
2023-02-15T19:00,11.9,3,0.00
2023-02-15T20:00,9.1,3,0.00
2023-02-15T21:00,7.9,3,0.00
2023-02-15T22:00,6.7,3,0.00
2023-02-15T23:00,4.8,0,0.00
2023-02-16T00:00,4.0,0,0.00
2023-02-16T01:00,3.7,0,0.00
2023-02-16T02:00,2.9,1,0.00
2023-02-16T03:00,2.7,1,0.00
2023-02-16T04:00,2.3,1,0.00
2023-02-16T05:00,1.9,2,0.00
2023-02-16T06:00,1.7,2,0.00
2023-02-16T07:00,1.6,2,0.00
2023-02-16T08:00,1.2,0,0.00
2023-02-16T09:00,0.8,0,0.00
2023-02-16T10:00,2.1,0,0.00
2023-02-16T11:00,5.6,0,0.00
2023-02-16T12:00,8.7,0,0.00
2023-02-16T13:00,11.1,0,0.00
2023-02-16T14:00,13.0,0,0.00
2023-02-16T15:00,14.3,0,0.00
2023-02-16T16:00,14.8,0,0.00
2023-02-16T17:00,15.0,0,0.00
2023-02-16T18:00,14.6,0,0.00
2023-02-16T19:00,13.3,0,0.00
2023-02-16T20:00,8.0,0,0.00
2023-02-16T21:00,7.3,0,0.00
2023-02-16T22:00,7.4,0,0.00
2023-02-16T23:00,6.9,0,0.00
2023-02-17T00:00,5.8,0,0.00
2023-02-17T01:00,4.9,0,0.00
2023-02-17T02:00,4.5,0,0.00
2023-02-17T03:00,4.1,0,0.00
2023-02-17T04:00,3.6,0,0.00
2023-02-17T05:00,3.0,0,0.00
2023-02-17T06:00,2.5,0,0.00
2023-02-17T07:00,2.2,0,0.00
2023-02-17T08:00,1.9,0,0.00
2023-02-17T09:00,1.9,0,0.00
2023-02-17T10:00,2.8,0,0.00
2023-02-17T11:00,5.4,0,0.00
2023-02-17T12:00,8.4,0,0.00
2023-02-17T13:00,10.9,0,0.00
2023-02-17T14:00,12.4,0,0.00
2023-02-17T15:00,13.8,0,0.00
2023-02-17T16:00,14.8,0,0.00
2023-02-17T17:00,15.4,0,0.00
2023-02-17T18:00,15.4,0,0.00
2023-02-17T19:00,14.3,0,0.00
2023-02-17T20:00,10.4,0,0.00
2023-02-17T21:00,9.2,0,0.00
2023-02-17T22:00,7.8,0,0.00
2023-02-17T23:00,6.7,0,0.00
2023-02-18T00:00,6.3,0,0.00
2023-02-18T01:00,5.5,0,0.00
2023-02-18T02:00,4.9,0,0.00
2023-02-18T03:00,4.6,0,0.00
2023-02-18T04:00,4.3,0,0.00
2023-02-18T05:00,3.5,0,0.00
2023-02-18T06:00,2.8,2,0.00
2023-02-18T07:00,3.4,3,0.00
2023-02-18T08:00,3.8,1,0.00
2023-02-18T09:00,3.5,0,0.00
2023-02-18T10:00,4.4,2,0.00
2023-02-18T11:00,7.4,2,0.00
2023-02-18T12:00,9.8,3,0.00
2023-02-18T13:00,11.1,3,0.00
2023-02-18T14:00,11.8,3,0.00
2023-02-18T15:00,12.6,3,0.00
2023-02-18T16:00,13.9,3,0.00
2023-02-18T17:00,14.8,3,0.00
2023-02-18T18:00,15.1,3,0.00
2023-02-18T19:00,14.4,1,0.00
2023-02-18T20:00,10.9,0,0.00
2023-02-18T21:00,9.6,0,0.00
2023-02-18T22:00,8.7,3,0.00
2023-02-18T23:00,8.1,3,0.00
2023-02-19T00:00,7.5,3,0.00
2023-02-19T01:00,6.8,1,0.00
2023-02-19T02:00,8.0,3,0.00
2023-02-19T03:00,7.3,2,0.00
2023-02-19T04:00,7.5,2,0.00
2023-02-19T05:00,6.5,0,0.00
2023-02-19T06:00,6.1,0,0.00
2023-02-19T07:00,5.4,0,0.00
2023-02-19T08:00,5.0,0,0.00
2023-02-19T09:00,4.6,0,0.00
2023-02-19T10:00,5.8,0,0.00
2023-02-19T11:00,9.0,0,0.00
2023-02-19T12:00,12.2,1,0.00
2023-02-19T13:00,14.4,2,0.00
2023-02-19T14:00,16.2,2,0.00
2023-02-19T15:00,17.6,3,0.00
2023-02-19T16:00,18.2,3,0.00
2023-02-19T17:00,18.6,1,0.00
2023-02-19T18:00,19.2,0,0.00
2023-02-19T19:00,18.6,3,0.00
2023-02-19T20:00,14.9,3,0.00
2023-02-19T21:00,14.0,2,0.00
2023-02-19T22:00,12.0,3,0.00
2023-02-19T23:00,10.9,3,0.00
2023-02-20T00:00,10.1,3,0.00
2023-02-20T01:00,8.9,0,0.00
2023-02-20T02:00,9.9,0,0.00
2023-02-20T03:00,8.9,51,0.20
2023-02-20T04:00,8.2,0,0.00
2023-02-20T05:00,7.6,0,0.00
2023-02-20T06:00,7.3,0,0.00
2023-02-20T07:00,7.0,0,0.00
2023-02-20T08:00,6.5,1,0.00
2023-02-20T09:00,6.1,3,0.00
2023-02-20T10:00,7.5,0,0.00
2023-02-20T11:00,11.0,0,0.00
2023-02-20T12:00,13.9,0,0.00
2023-02-20T13:00,15.6,2,0.00
2023-02-20T14:00,15.8,3,0.00
2023-02-20T15:00,16.7,3,0.00
2023-02-20T16:00,17.8,3,0.00
2023-02-20T17:00,19.6,3,0.00
2023-02-20T18:00,19.7,3,0.00
2023-02-20T19:00,18.6,3,0.00
2023-02-20T20:00,16.1,3,0.00
2023-02-20T21:00,14.4,3,0.00
2023-02-20T22:00,13.6,3,0.00
2023-02-20T23:00,12.5,3,0.00
2023-02-21T00:00,10.9,3,0.00
2023-02-21T01:00,10.3,3,0.00
2023-02-21T02:00,9.5,3,0.00
2023-02-21T03:00,9.0,3,0.00
2023-02-21T04:00,8.0,0,0.00
2023-02-21T05:00,7.1,1,0.00
2023-02-21T06:00,6.7,0,0.00
2023-02-21T07:00,5.6,1,0.00
2023-02-21T08:00,5.2,1,0.00
2023-02-21T09:00,4.9,1,0.00
2023-02-21T10:00,6.3,1,0.00
2023-02-21T11:00,9.4,1,0.00
2023-02-21T12:00,11.8,51,0.10
2023-02-21T13:00,13.9,0,0.00
2023-02-21T14:00,13.7,0,0.00
2023-02-21T15:00,14.1,51,0.20
2023-02-21T16:00,15.0,0,0.00
2023-02-21T17:00,16.3,0,0.00
2023-02-21T18:00,16.7,0,0.00
2023-02-21T19:00,16.0,1,0.00
2023-02-21T20:00,11.9,1,0.00
2023-02-21T21:00,11.7,2,0.00
2023-02-21T22:00,11.4,3,0.00
2023-02-21T23:00,9.9,3,0.00
2023-02-22T00:00,8.4,2,0.00
2023-02-22T01:00,6.8,0,0.00
2023-02-22T02:00,6.9,0,0.00
2023-02-22T03:00,8.0,0,0.00
2023-02-22T04:00,6.9,0,0.00
2023-02-22T05:00,4.7,0,0.00
2023-02-22T06:00,4.2,0,0.00
2023-02-22T07:00,4.1,0,0.00
2023-02-22T08:00,5.0,0,0.00
2023-02-22T09:00,5.5,0,0.00
2023-02-22T10:00,6.6,0,0.00
2023-02-22T11:00,9.4,1,0.00
2023-02-22T12:00,11.2,0,0.00
2023-02-22T13:00,12.9,0,0.00
2023-02-22T14:00,14.6,1,0.00
2023-02-22T15:00,15.3,0,0.00
2023-02-22T16:00,16.1,1,0.00
2023-02-22T17:00,16.5,1,0.00
2023-02-22T18:00,16.4,1,0.00
2023-02-22T19:00,15.1,3,0.00
2023-02-22T20:00,13.3,2,0.00
2023-02-22T21:00,11.5,1,0.00
2023-02-22T22:00,10.3,1,0.00
2023-02-22T23:00,9.4,0,0.00
2023-02-23T00:00,7.1,0,0.00
2023-02-23T01:00,7.7,0,0.00
2023-02-23T02:00,7.4,0,0.00
2023-02-23T03:00,5.8,2,0.00
2023-02-23T04:00,5.7,2,0.00
2023-02-23T05:00,5.8,3,0.00
2023-02-23T06:00,5.6,51,0.10
2023-02-23T07:00,5.3,51,0.20
2023-02-23T08:00,5.4,51,0.30
2023-02-23T09:00,5.9,3,0.00
2023-02-23T10:00,6.4,3,0.00
2023-02-23T11:00,7.2,51,0.10
2023-02-23T12:00,7.4,51,0.20
2023-02-23T13:00,7.1,53,0.50
2023-02-23T14:00,9.4,51,0.10
2023-02-23T15:00,8.2,51,0.10
2023-02-23T16:00,9.0,2,0.00
2023-02-23T17:00,7.6,3,0.00
2023-02-23T18:00,6.9,51,0.30
2023-02-23T19:00,5.2,3,0.00
2023-02-23T20:00,4.0,3,0.00
2023-02-23T21:00,3.3,3,0.00
2023-02-23T22:00,2.9,3,0.00
2023-02-23T23:00,2.5,2,0.00
2023-02-24T00:00,2.1,0,0.00
2023-02-24T01:00,1.4,1,0.00
2023-02-24T02:00,1.2,0,0.00
2023-02-24T03:00,0.6,0,0.00
2023-02-24T04:00,-0.5,0,0.00
2023-02-24T05:00,-1.1,0,0.00
2023-02-24T06:00,-1.9,0,0.00
2023-02-24T07:00,-2.7,0,0.00
2023-02-24T08:00,-3.1,0,0.00
2023-02-24T09:00,-3.0,0,0.00
2023-02-24T10:00,-1.0,0,0.00
2023-02-24T11:00,2.2,0,0.00
2023-02-24T12:00,4.4,0,0.00
2023-02-24T13:00,6.1,0,0.00
2023-02-24T14:00,7.1,0,0.00
2023-02-24T15:00,8.6,0,0.00
2023-02-24T16:00,9.3,0,0.00
2023-02-24T17:00,9.7,0,0.00
2023-02-24T18:00,9.7,0,0.00
2023-02-24T19:00,9.2,2,0.00
2023-02-24T20:00,6.2,1,0.00
2023-02-24T21:00,5.3,0,0.00
2023-02-24T22:00,4.4,0,0.00
2023-02-24T23:00,1.9,0,0.00
2023-02-25T00:00,1.4,0,0.00
2023-02-25T01:00,-0.4,0,0.00
2023-02-25T02:00,-0.1,2,0.00
2023-02-25T03:00,-0.4,3,0.00
2023-02-25T04:00,-1.9,3,0.00
2023-02-25T05:00,-2.6,0,0.00
2023-02-25T06:00,-2.6,0,0.00
2023-02-25T07:00,-2.8,0,0.00
2023-02-25T08:00,-3.0,0,0.00
2023-02-25T09:00,-3.5,0,0.00
2023-02-25T10:00,-0.9,1,0.00
2023-02-25T11:00,2.3,2,0.00
2023-02-25T12:00,5.0,2,0.00
2023-02-25T13:00,6.8,51,0.10
2023-02-25T14:00,8.0,51,0.20
2023-02-25T15:00,8.8,51,0.10
2023-02-25T16:00,9.3,51,0.20
2023-02-25T17:00,8.8,3,0.00
2023-02-25T18:00,5.7,71,0.20
2023-02-25T19:00,6.6,3,0.00
2023-02-25T20:00,5.4,1,0.00
2023-02-25T21:00,3.8,0,0.00
2023-02-25T22:00,2.5,0,0.00
2023-02-25T23:00,1.7,0,0.00
2023-02-26T00:00,1.0,1,0.00
2023-02-26T01:00,0.2,1,0.00
2023-02-26T02:00,-1.1,0,0.00
2023-02-26T03:00,-2.1,0,0.00
2023-02-26T04:00,-1.2,0,0.00
2023-02-26T05:00,-2.8,0,0.00
2023-02-26T06:00,-2.8,0,0.00
2023-02-26T07:00,-3.3,0,0.00
2023-02-26T08:00,-2.5,2,0.00
2023-02-26T09:00,-0.9,3,0.00
2023-02-26T10:00,2.5,3,0.00
2023-02-26T11:00,5.6,2,0.00
2023-02-26T12:00,7.0,1,0.00
2023-02-26T13:00,8.6,1,0.00
2023-02-26T14:00,9.8,1,0.00
2023-02-26T15:00,11.2,1,0.00
2023-02-26T16:00,11.7,2,0.00
2023-02-26T17:00,11.5,1,0.00
2023-02-26T18:00,9.6,0,0.00
2023-02-26T19:00,7.8,0,0.00
2023-02-26T20:00,6.1,0,0.00
2023-02-26T21:00,3.4,0,0.00
2023-02-26T22:00,1.8,0,0.00
2023-02-26T23:00,0.4,0,0.00
2023-02-27T00:00,0.6,0,0.00
2023-02-27T01:00,-0.1,0,0.00
2023-02-27T02:00,0.6,0,0.00
2023-02-27T03:00,-0.1,0,0.00
2023-02-27T04:00,-0.8,0,0.00
2023-02-27T05:00,-1.7,0,0.00
2023-02-27T06:00,-3.6,0,0.00
2023-02-27T07:00,-4.6,0,0.00
2023-02-27T08:00,-5.0,0,0.00
2023-02-27T09:00,-4.3,0,0.00
2023-02-27T10:00,-1.1,0,0.00
2023-02-27T11:00,0.9,1,0.00
2023-02-27T12:00,2.3,2,0.00
2023-02-27T13:00,3.6,3,0.00
2023-02-27T14:00,4.8,3,0.00
2023-02-27T15:00,5.0,3,0.00
2023-02-27T16:00,5.5,3,0.00
2023-02-27T17:00,5.7,3,0.00
2023-02-27T18:00,5.4,3,0.00
2023-02-27T19:00,4.7,3,0.00
2023-02-27T20:00,3.1,1,0.00
2023-02-27T21:00,0.8,0,0.00
2023-02-27T22:00,-0.5,1,0.00
2023-02-27T23:00,-2.0,0,0.00
2023-02-28T00:00,-2.6,1,0.00
2023-02-28T01:00,-1.9,0,0.00
2023-02-28T02:00,-3.5,0,0.00
2023-02-28T03:00,-2.9,0,0.00
2023-02-28T04:00,-2.9,0,0.00
2023-02-28T05:00,-4.2,0,0.00
2023-02-28T06:00,-3.1,0,0.00
2023-02-28T07:00,-3.2,0,0.00
2023-02-28T08:00,-3.7,0,0.00
2023-02-28T09:00,-5.1,0,0.00
2023-02-28T10:00,-2.0,0,0.00
2023-02-28T11:00,1.0,0,0.00
2023-02-28T12:00,3.3,0,0.00
2023-02-28T13:00,5.2,0,0.00
2023-02-28T14:00,6.6,0,0.00
2023-02-28T15:00,7.8,0,0.00
2023-02-28T16:00,8.7,0,0.00
2023-02-28T17:00,9.7,0,0.00
2023-02-28T18:00,7.9,1,0.00
2023-02-28T19:00,6.1,0,0.00
2023-02-28T20:00,4.3,0,0.00
2023-02-28T21:00,2.6,0,0.00
2023-02-28T22:00,1.2,0,0.00
2023-02-28T23:00,0.3,0,0.00
2023-03-01T00:00,-0.5,0,0.00
2023-03-01T01:00,-1.3,0,0.00
2023-03-01T02:00,-2.8,0,0.00
2023-03-01T03:00,-3.2,0,0.00
2023-03-01T04:00,-2.4,0,0.00
2023-03-01T05:00,-2.9,0,0.00
2023-03-01T06:00,-3.3,0,0.00
2023-03-01T07:00,-3.8,0,0.00
2023-03-01T08:00,-4.9,0,0.00
2023-03-01T09:00,-5.5,0,0.00
2023-03-01T10:00,-2.3,0,0.00
2023-03-01T11:00,0.6,0,0.00
2023-03-01T12:00,2.2,0,0.00
2023-03-01T13:00,3.4,1,0.00
2023-03-01T14:00,3.1,1,0.00
2023-03-01T15:00,4.0,2,0.00
2023-03-01T16:00,5.3,2,0.00
2023-03-01T17:00,6.4,3,0.00
2023-03-01T18:00,6.6,1,0.00
2023-03-01T19:00,5.9,1,0.00
2023-03-01T20:00,3.8,0,0.00
2023-03-01T21:00,1.8,0,0.00
2023-03-01T22:00,1.1,0,0.00
2023-03-01T23:00,0.8,0,0.00
2023-03-02T00:00,0.4,0,0.00
2023-03-02T01:00,-0.1,0,0.00
2023-03-02T02:00,0.1,0,0.00
2023-03-02T03:00,-0.4,0,0.00
2023-03-02T04:00,-0.5,0,0.00
2023-03-02T05:00,-0.9,0,0.00
2023-03-02T06:00,-1.0,0,0.00
2023-03-02T07:00,-3.3,0,0.00
2023-03-02T08:00,-4.3,0,0.00
2023-03-02T09:00,-4.7,0,0.00
2023-03-02T10:00,-1.8,0,0.00
2023-03-02T11:00,0.9,0,0.00
2023-03-02T12:00,3.2,0,0.00
2023-03-02T13:00,5.3,0,0.00
2023-03-02T14:00,6.7,0,0.00
2023-03-02T15:00,8.2,0,0.00
2023-03-02T16:00,9.3,0,0.00
2023-03-02T17:00,9.9,0,0.00
2023-03-02T18:00,9.9,0,0.00
2023-03-02T19:00,9.4,0,0.00
2023-03-02T20:00,5.1,0,0.00
2023-03-02T21:00,3.0,0,0.00
2023-03-02T22:00,1.4,0,0.00
2023-03-02T23:00,0.0,0,0.00
2023-03-03T00:00,-1.0,0,0.00
2023-03-03T01:00,-1.2,0,0.00
2023-03-03T02:00,-1.3,0,0.00
2023-03-03T03:00,-0.9,0,0.00
2023-03-03T04:00,-2.7,0,0.00
2023-03-03T05:00,-3.2,0,0.00
2023-03-03T06:00,-3.4,0,0.00
2023-03-03T07:00,-3.7,0,0.00
2023-03-03T08:00,-3.8,0,0.00
2023-03-03T09:00,-4.0,0,0.00
2023-03-03T10:00,-0.6,0,0.00
2023-03-03T11:00,2.9,0,0.00
2023-03-03T12:00,5.5,0,0.00
2023-03-03T13:00,7.9,0,0.00
2023-03-03T14:00,9.9,0,0.00
2023-03-03T15:00,11.5,0,0.00
2023-03-03T16:00,12.4,1,0.00
2023-03-03T17:00,12.9,0,0.00
2023-03-03T18:00,13.0,0,0.00
2023-03-03T19:00,12.2,0,0.00
2023-03-03T20:00,8.4,0,0.00
2023-03-03T21:00,5.5,0,0.00
2023-03-03T22:00,4.6,0,0.00
2023-03-03T23:00,3.4,0,0.00
2023-03-04T00:00,2.9,0,0.00
2023-03-04T01:00,2.3,0,0.00
2023-03-04T02:00,1.7,0,0.00
2023-03-04T03:00,1.2,0,0.00
2023-03-04T04:00,0.6,0,0.00
2023-03-04T05:00,0.0,0,0.00
2023-03-04T06:00,-0.6,0,0.00
2023-03-04T07:00,-1.1,0,0.00
2023-03-04T08:00,-1.4,0,0.00
2023-03-04T09:00,-1.6,0,0.00
2023-03-04T10:00,1.1,0,0.00
2023-03-04T11:00,4.4,0,0.00
2023-03-04T12:00,7.1,0,0.00
2023-03-04T13:00,8.9,0,0.00
2023-03-04T14:00,9.8,0,0.00
2023-03-04T15:00,11.4,0,0.00
2023-03-04T16:00,12.2,0,0.00
2023-03-04T17:00,12.6,0,0.00
2023-03-04T18:00,12.6,0,0.00
2023-03-04T19:00,12.1,0,0.00
2023-03-04T20:00,10.9,0,0.00
2023-03-04T21:00,9.6,0,0.00
2023-03-04T22:00,6.1,0,0.00
2023-03-04T23:00,4.0,0,0.00
2023-03-05T00:00,4.7,0,0.00
2023-03-05T01:00,3.8,0,0.00
2023-03-05T02:00,4.4,0,0.00
2023-03-05T03:00,2.7,0,0.00
2023-03-05T04:00,-0.3,0,0.00
2023-03-05T05:00,-1.3,0,0.00
2023-03-05T06:00,-1.8,0,0.00
2023-03-05T07:00,-2.3,0,0.00
2023-03-05T08:00,-2.2,2,0.00
2023-03-05T09:00,-1.3,3,0.00
2023-03-05T10:00,1.8,3,0.00
2023-03-05T11:00,5.7,3,0.00
2023-03-05T12:00,8.5,3,0.00
2023-03-05T13:00,8.4,3,0.00
2023-03-05T14:00,9.7,3,0.00
2023-03-05T15:00,10.4,3,0.00
2023-03-05T16:00,10.0,3,0.00
2023-03-05T17:00,9.0,51,0.30
2023-03-05T18:00,7.2,55,1.00
2023-03-05T19:00,6.3,53,0.60
2023-03-05T20:00,5.7,51,0.40
2023-03-05T21:00,5.4,51,0.20
2023-03-05T22:00,5.2,51,0.30
2023-03-05T23:00,5.0,51,0.40
2023-03-06T00:00,4.8,51,0.20
2023-03-06T01:00,4.4,3,0.00
2023-03-06T02:00,4.0,3,0.00
2023-03-06T03:00,4.0,3,0.00
2023-03-06T04:00,4.5,3,0.00
2023-03-06T05:00,4.1,3,0.00
2023-03-06T06:00,3.7,3,0.00
2023-03-06T07:00,4.0,3,0.00
2023-03-06T08:00,4.0,51,0.20
2023-03-06T09:00,3.9,51,0.10
2023-03-06T10:00,4.1,51,0.10
2023-03-06T11:00,4.5,51,0.10
2023-03-06T12:00,5.4,3,0.00
2023-03-06T13:00,7.5,3,0.00
2023-03-06T14:00,10.8,2,0.00
2023-03-06T15:00,12.3,51,0.10
2023-03-06T16:00,12.6,3,0.00
2023-03-06T17:00,12.3,3,0.00
2023-03-06T18:00,11.9,3,0.00
2023-03-06T19:00,11.1,3,0.00
2023-03-06T20:00,10.2,3,0.00
2023-03-06T21:00,9.6,51,0.10
2023-03-06T22:00,9.0,51,0.10
2023-03-06T23:00,8.8,3,0.00
2023-03-07T00:00,8.5,3,0.00
2023-03-07T01:00,8.2,51,0.10
2023-03-07T02:00,8.0,51,0.30
2023-03-07T03:00,7.9,51,0.30
2023-03-07T04:00,8.1,51,0.10
2023-03-07T05:00,8.1,3,0.00
2023-03-07T06:00,8.0,3,0.00
2023-03-07T07:00,7.9,3,0.00
2023-03-07T08:00,7.9,51,0.10
2023-03-07T09:00,7.9,51,0.10
2023-03-07T10:00,7.5,3,0.00
2023-03-07T11:00,7.9,3,0.00
2023-03-07T12:00,9.1,3,0.00
2023-03-07T13:00,11.0,3,0.00
2023-03-07T14:00,13.5,51,0.10
2023-03-07T15:00,14.5,51,0.10
2023-03-07T16:00,15.4,3,0.00
2023-03-07T17:00,13.7,3,0.00
2023-03-07T18:00,14.0,3,0.00
2023-03-07T19:00,12.6,3,0.00
2023-03-07T20:00,11.4,1,0.00
2023-03-07T21:00,9.9,2,0.00
2023-03-07T22:00,9.3,3,0.00
2023-03-07T23:00,9.0,3,0.00
2023-03-08T00:00,8.9,3,0.00
2023-03-08T01:00,8.4,2,0.00
2023-03-08T02:00,8.6,3,0.00
2023-03-08T03:00,8.5,2,0.00
2023-03-08T04:00,8.3,3,0.00
2023-03-08T05:00,8.6,3,0.00
2023-03-08T06:00,9.5,51,0.10
2023-03-08T07:00,9.7,51,0.20
2023-03-08T08:00,9.8,51,0.10
2023-03-08T09:00,10.0,3,0.00
2023-03-08T10:00,10.6,3,0.00
2023-03-08T11:00,11.1,3,0.00
2023-03-08T12:00,11.9,51,0.10
2023-03-08T13:00,14.1,51,0.10
2023-03-08T14:00,13.6,51,0.10
2023-03-08T15:00,16.0,51,0.10
2023-03-08T16:00,16.6,3,0.00
2023-03-08T17:00,15.8,3,0.00
2023-03-08T18:00,15.3,3,0.00
2023-03-08T19:00,15.5,3,0.00
2023-03-08T20:00,14.2,3,0.00
2023-03-08T21:00,13.1,3,0.00
2023-03-08T22:00,13.0,3,0.00
2023-03-08T23:00,12.3,3,0.00
2023-03-09T00:00,12.0,2,0.00
2023-03-09T01:00,11.8,2,0.00
2023-03-09T02:00,12.0,3,0.00
2023-03-09T03:00,12.1,3,0.00
2023-03-09T04:00,11.7,51,0.10
2023-03-09T05:00,11.2,51,0.10
2023-03-09T06:00,11.1,51,0.20
2023-03-09T07:00,10.7,53,0.70
2023-03-09T08:00,10.5,61,1.30
2023-03-09T09:00,10.7,53,0.80
2023-03-09T10:00,11.0,53,0.50
2023-03-09T11:00,11.6,3,0.00
2023-03-09T12:00,12.8,51,0.10
2023-03-09T13:00,15.0,1,0.00
2023-03-09T14:00,15.6,1,0.00
2023-03-09T15:00,16.9,2,0.00
2023-03-09T16:00,16.8,51,0.10
2023-03-09T17:00,16.2,51,0.10
2023-03-09T18:00,16.1,1,0.00
2023-03-09T19:00,15.5,1,0.00
2023-03-09T20:00,13.8,1,0.00
2023-03-09T21:00,12.2,0,0.00
2023-03-09T22:00,10.9,3,0.00
2023-03-09T23:00,9.9,3,0.00
2023-03-10T00:00,9.1,3,0.00
2023-03-10T01:00,8.3,3,0.00
2023-03-10T02:00,8.9,3,0.00
2023-03-10T03:00,8.5,3,0.00
2023-03-10T04:00,8.1,3,0.00
2023-03-10T05:00,7.4,3,0.00
2023-03-10T06:00,6.9,3,0.00
2023-03-10T07:00,6.9,3,0.00
2023-03-10T08:00,7.0,3,0.00
2023-03-10T09:00,6.9,3,0.00
2023-03-10T10:00,7.7,3,0.00
2023-03-10T11:00,10.0,2,0.00
2023-03-10T12:00,12.4,2,0.00
2023-03-10T13:00,14.7,3,0.00
2023-03-10T14:00,17.1,3,0.00
2023-03-10T15:00,17.9,2,0.00
2023-03-10T16:00,18.5,3,0.00
2023-03-10T17:00,19.2,3,0.00
2023-03-10T18:00,20.7,3,0.00
2023-03-10T19:00,17.2,2,0.00
2023-03-10T20:00,14.7,3,0.00
2023-03-10T21:00,13.0,2,0.00
2023-03-10T22:00,11.8,1,0.00
2023-03-10T23:00,10.9,0,0.00
2023-03-11T00:00,10.1,3,0.00
2023-03-11T01:00,9.4,1,0.00
2023-03-11T02:00,8.9,3,0.00
2023-03-11T03:00,8.7,3,0.00
2023-03-11T04:00,8.6,3,0.00
2023-03-11T05:00,8.3,2,0.00
2023-03-11T06:00,8.0,2,0.00
2023-03-11T07:00,7.8,3,0.00
2023-03-11T08:00,7.7,3,0.00
2023-03-11T09:00,7.5,3,0.00
2023-03-11T10:00,8.8,3,0.00
2023-03-11T11:00,11.2,1,0.00
2023-03-11T12:00,14.2,1,0.00
2023-03-11T13:00,16.6,2,0.00
2023-03-11T14:00,19.0,2,0.00
2023-03-11T15:00,20.2,1,0.00
2023-03-11T16:00,20.8,1,0.00
2023-03-11T17:00,20.7,2,0.00
2023-03-11T18:00,20.0,3,0.00
2023-03-11T19:00,20.3,3,0.00
2023-03-11T20:00,18.2,1,0.00
2023-03-11T21:00,15.9,2,0.00
2023-03-11T22:00,14.6,0,0.00
2023-03-11T23:00,13.6,1,0.00
2023-03-12T00:00,12.5,1,0.00
2023-03-12T01:00,12.0,2,0.00
2023-03-12T02:00,11.9,1,0.00
2023-03-12T03:00,11.8,2,0.00
2023-03-12T04:00,11.8,3,0.00
2023-03-12T05:00,11.7,2,0.00
2023-03-12T06:00,11.2,3,0.00
2023-03-12T07:00,9.1,2,0.00
2023-03-12T08:00,10.3,1,0.00
2023-03-12T09:00,7.7,0,0.00
2023-03-12T10:00,10.7,1,0.00
2023-03-12T11:00,13.1,0,0.00
2023-03-12T12:00,15.3,0,0.00
2023-03-12T13:00,17.5,0,0.00
2023-03-12T14:00,19.2,1,0.00
2023-03-12T15:00,21.0,3,0.00
2023-03-12T16:00,21.8,3,0.00
2023-03-12T17:00,22.0,3,0.00
2023-03-12T18:00,22.0,2,0.00
2023-03-12T19:00,21.2,1,0.00
2023-03-12T20:00,18.6,2,0.00
2023-03-12T21:00,16.2,2,0.00
2023-03-12T22:00,14.3,3,0.00
2023-03-12T23:00,12.7,3,0.00
2023-03-13T00:00,12.7,3,0.00
2023-03-13T01:00,11.4,3,0.00
2023-03-13T02:00,12.3,3,0.00
2023-03-13T03:00,11.5,3,0.00
2023-03-13T04:00,12.9,3,0.00
2023-03-13T05:00,12.0,3,0.00
2023-03-13T06:00,8.7,1,0.00
2023-03-13T07:00,8.6,1,0.00
2023-03-13T08:00,7.8,3,0.00
2023-03-13T09:00,9.0,2,0.00
2023-03-13T10:00,11.3,3,0.00
2023-03-13T11:00,14.1,3,0.00
2023-03-13T12:00,16.7,3,0.00
2023-03-13T13:00,18.3,3,0.00
2023-03-13T14:00,18.9,3,0.00
2023-03-13T15:00,19.4,3,0.00
2023-03-13T16:00,19.9,1,0.00
2023-03-13T17:00,19.0,1,0.00
2023-03-13T18:00,17.5,0,0.00
2023-03-13T19:00,15.7,0,0.00
2023-03-13T20:00,14.4,0,0.00
2023-03-13T21:00,13.2,0,0.00
2023-03-13T22:00,12.2,0,0.00
2023-03-13T23:00,11.6,0,0.00
2023-03-14T00:00,10.5,0,0.00
2023-03-14T01:00,9.5,0,0.00
2023-03-14T02:00,9.0,0,0.00
2023-03-14T03:00,8.4,0,0.00
2023-03-14T04:00,7.8,0,0.00
2023-03-14T05:00,7.0,0,0.00
2023-03-14T06:00,6.3,2,0.00
2023-03-14T07:00,5.8,3,0.00
2023-03-14T08:00,5.6,3,0.00
2023-03-14T09:00,5.9,3,0.00
2023-03-14T10:00,8.2,3,0.00
2023-03-14T11:00,9.9,3,0.00
2023-03-14T12:00,11.3,3,0.00
2023-03-14T13:00,12.9,3,0.00
2023-03-14T14:00,15.4,3,0.00
2023-03-14T15:00,16.5,3,0.00
2023-03-14T16:00,17.0,3,0.00
2023-03-14T17:00,17.0,3,0.00
2023-03-14T18:00,16.4,3,0.00
2023-03-14T19:00,15.3,3,0.00
2023-03-14T20:00,13.8,0,0.00
2023-03-14T21:00,11.9,0,0.00
2023-03-14T22:00,10.9,0,0.00
2023-03-14T23:00,9.5,0,0.00
2023-03-15T00:00,7.2,0,0.00
2023-03-15T01:00,7.9,0,0.00
2023-03-15T02:00,5.4,0,0.00
2023-03-15T03:00,4.8,0,0.00
2023-03-15T04:00,4.5,0,0.00
2023-03-15T05:00,3.6,0,0.00
2023-03-15T06:00,2.9,0,0.00
2023-03-15T07:00,2.5,0,0.00
2023-03-15T08:00,2.4,0,0.00
2023-03-15T09:00,2.9,0,0.00
2023-03-15T10:00,6.7,0,0.00
2023-03-15T11:00,10.7,0,0.00
2023-03-15T12:00,13.3,0,0.00
2023-03-15T13:00,15.4,0,0.00
2023-03-15T14:00,16.7,0,0.00
2023-03-15T15:00,18.3,0,0.00
2023-03-15T16:00,19.2,0,0.00
2023-03-15T17:00,19.8,0,0.00
2023-03-15T18:00,20.0,0,0.00
2023-03-15T19:00,19.6,0,0.00
2023-03-15T20:00,18.4,0,0.00
2023-03-15T21:00,16.9,0,0.00
2023-03-15T22:00,15.8,0,0.00
2023-03-15T23:00,12.4,0,0.00
2023-03-16T00:00,9.8,0,0.00
2023-03-16T01:00,8.2,0,0.00
2023-03-16T02:00,7.4,0,0.00
2023-03-16T03:00,6.8,0,0.00
2023-03-16T04:00,7.1,0,0.00
2023-03-16T05:00,6.9,0,0.00
2023-03-16T06:00,6.3,0,0.00
2023-03-16T07:00,6.1,0,0.00
2023-03-16T08:00,5.7,0,0.00
2023-03-16T09:00,6.3,0,0.00
2023-03-16T10:00,10.3,1,0.00
2023-03-16T11:00,14.2,1,0.00
2023-03-16T12:00,16.6,2,0.00
2023-03-16T13:00,18.8,3,0.00
2023-03-16T14:00,20.9,3,0.00
2023-03-16T15:00,22.8,3,0.00
2023-03-16T16:00,23.2,3,0.00
2023-03-16T17:00,23.0,3,0.00
2023-03-16T18:00,22.0,3,0.00
2023-03-16T19:00,21.4,3,0.00
2023-03-16T20:00,18.0,3,0.00
2023-03-16T21:00,15.4,3,0.00
2023-03-16T22:00,13.6,3,0.00
2023-03-16T23:00,13.5,3,0.00
2023-03-17T00:00,14.0,3,0.00
2023-03-17T01:00,14.2,3,0.00
2023-03-17T02:00,12.7,3,0.00
2023-03-17T03:00,12.9,3,0.00
2023-03-17T04:00,13.1,3,0.00
2023-03-17T05:00,12.2,3,0.00
2023-03-17T06:00,11.0,3,0.00
2023-03-17T07:00,10.0,53,0.50
2023-03-17T08:00,9.9,3,0.00
2023-03-17T09:00,10.2,3,0.00
2023-03-17T10:00,10.6,3,0.00
2023-03-17T11:00,11.7,0,0.00
2023-03-17T12:00,13.0,0,0.00
2023-03-17T13:00,14.7,0,0.00
2023-03-17T14:00,15.4,0,0.00
2023-03-17T15:00,15.7,0,0.00
2023-03-17T16:00,16.2,0,0.00
2023-03-17T17:00,16.3,1,0.00
2023-03-17T18:00,15.7,3,0.00
2023-03-17T19:00,14.5,3,0.00
2023-03-17T20:00,13.3,3,0.00
2023-03-17T21:00,12.5,3,0.00
2023-03-17T22:00,11.3,2,0.00
2023-03-17T23:00,10.3,1,0.00
2023-03-18T00:00,9.5,0,0.00
2023-03-18T01:00,8.6,0,0.00
2023-03-18T02:00,8.5,0,0.00
2023-03-18T03:00,7.7,0,0.00
2023-03-18T04:00,6.8,0,0.00
2023-03-18T05:00,6.1,0,0.00
2023-03-18T06:00,5.5,1,0.00
2023-03-18T07:00,5.2,2,0.00
2023-03-18T08:00,4.8,3,0.00
2023-03-18T09:00,5.0,3,0.00
2023-03-18T10:00,7.6,0,0.00
2023-03-18T11:00,10.0,0,0.00
2023-03-18T12:00,12.5,2,0.00
2023-03-18T13:00,14.0,2,0.00
2023-03-18T14:00,13.6,2,0.00
2023-03-18T15:00,14.0,2,0.00
2023-03-18T16:00,14.9,51,0.10
2023-03-18T17:00,15.2,51,0.10
2023-03-18T18:00,15.2,51,0.10
2023-03-18T19:00,14.5,2,0.00
2023-03-18T20:00,13.3,1,0.00
2023-03-18T21:00,11.6,1,0.00
2023-03-18T22:00,10.4,1,0.00
2023-03-18T23:00,9.5,1,0.00
2023-03-19T00:00,9.1,0,0.00
2023-03-19T01:00,8.5,0,0.00
2023-03-19T02:00,8.1,1,0.00
2023-03-19T03:00,7.3,0,0.00
2023-03-19T04:00,6.0,1,0.00
2023-03-19T05:00,4.9,1,0.00
2023-03-19T06:00,4.6,0,0.00
2023-03-19T07:00,4.4,0,0.00
2023-03-19T08:00,3.7,0,0.00
2023-03-19T09:00,4.3,0,0.00
2023-03-19T10:00,7.7,0,0.00
2023-03-19T11:00,11.4,0,0.00
2023-03-19T12:00,13.3,0,0.00
2023-03-19T13:00,14.8,0,0.00
2023-03-19T14:00,16.3,3,0.00
2023-03-19T15:00,17.2,3,0.00
2023-03-19T16:00,18.0,0,0.00
2023-03-19T17:00,18.4,0,0.00
2023-03-19T18:00,18.4,0,0.00
2023-03-19T19:00,17.8,0,0.00
2023-03-19T20:00,15.2,0,0.00
2023-03-19T21:00,11.8,0,0.00
2023-03-19T22:00,11.3,1,0.00
2023-03-19T23:00,9.9,0,0.00
2023-03-20T00:00,8.5,0,0.00
2023-03-20T01:00,7.7,2,0.00
2023-03-20T02:00,6.6,3,0.00
2023-03-20T03:00,5.3,3,0.00
2023-03-20T04:00,4.9,3,0.00
2023-03-20T05:00,5.2,1,0.00
2023-03-20T06:00,4.9,0,0.00
2023-03-20T07:00,4.2,3,0.00
2023-03-20T08:00,3.5,2,0.00
2023-03-20T09:00,4.3,3,0.00
2023-03-20T10:00,8.2,3,0.00
2023-03-20T11:00,11.9,3,0.00
2023-03-20T12:00,14.8,2,0.00
2023-03-20T13:00,17.2,2,0.00
2023-03-20T14:00,17.8,1,0.00
2023-03-20T15:00,19.4,3,0.00
2023-03-20T16:00,20.1,3,0.00
2023-03-20T17:00,20.4,3,0.00
2023-03-20T18:00,20.1,3,0.00
2023-03-20T19:00,19.4,3,0.00
2023-03-20T20:00,17.0,3,0.00
2023-03-20T21:00,15.0,3,0.00
2023-03-20T22:00,13.6,3,0.00
2023-03-20T23:00,12.2,2,0.00
2023-03-21T00:00,9.8,1,0.00
2023-03-21T01:00,8.6,2,0.00
2023-03-21T02:00,9.8,3,0.00
2023-03-21T03:00,7.5,3,0.00
2023-03-21T04:00,6.0,3,0.00
2023-03-21T05:00,6.0,3,0.00
2023-03-21T06:00,5.5,3,0.00
2023-03-21T07:00,5.0,3,0.00
2023-03-21T08:00,5.1,3,0.00
2023-03-21T09:00,6.0,3,0.00
2023-03-21T10:00,9.2,3,0.00
2023-03-21T11:00,12.8,3,0.00
2023-03-21T12:00,15.6,3,0.00
2023-03-21T13:00,18.0,3,0.00
2023-03-21T14:00,19.0,0,0.00
2023-03-21T15:00,20.3,0,0.00
2023-03-21T16:00,20.9,0,0.00
2023-03-21T17:00,21.0,0,0.00
2023-03-21T18:00,20.7,0,0.00
2023-03-21T19:00,20.0,0,0.00
2023-03-21T20:00,18.2,0,0.00
2023-03-21T21:00,16.0,0,0.00
2023-03-21T22:00,14.9,0,0.00
2023-03-21T23:00,12.6,0,0.00
2023-03-22T00:00,10.8,0,0.00
2023-03-22T01:00,9.7,0,0.00
2023-03-22T02:00,9.3,0,0.00
2023-03-22T03:00,11.0,1,0.00
2023-03-22T04:00,7.0,3,0.00
2023-03-22T05:00,8.3,3,0.00
2023-03-22T06:00,5.7,1,0.00
2023-03-22T07:00,5.1,0,0.00
2023-03-22T08:00,3.9,0,0.00
2023-03-22T09:00,5.8,3,0.00
2023-03-22T10:00,9.9,3,0.00
2023-03-22T11:00,13.2,2,0.00
2023-03-22T12:00,16.1,0,0.00
2023-03-22T13:00,18.5,0,0.00
2023-03-22T14:00,19.9,3,0.00
2023-03-22T15:00,20.9,3,0.00
2023-03-22T16:00,21.5,3,0.00
2023-03-22T17:00,21.6,3,0.00
2023-03-22T18:00,21.1,3,0.00
2023-03-22T19:00,20.2,3,0.00
2023-03-22T20:00,18.5,3,0.00
2023-03-22T21:00,15.8,3,0.00
2023-03-22T22:00,14.5,3,0.00
2023-03-22T23:00,13.6,3,0.00
2023-03-23T00:00,13.3,3,0.00
2023-03-23T01:00,12.6,3,0.00
2023-03-23T02:00,12.2,3,0.00
2023-03-23T03:00,11.4,3,0.00
2023-03-23T04:00,10.5,3,0.00
2023-03-23T05:00,9.4,1,0.00
2023-03-23T06:00,8.3,0,0.00
2023-03-23T07:00,6.8,0,0.00
2023-03-23T08:00,5.6,0,0.00
2023-03-23T09:00,7.2,0,0.00
2023-03-23T10:00,10.5,1,0.00
2023-03-23T11:00,13.5,3,0.00
2023-03-23T12:00,16.3,2,0.00
2023-03-23T13:00,18.5,2,0.00
2023-03-23T14:00,19.9,2,0.00
2023-03-23T15:00,20.5,3,0.00
2023-03-23T16:00,20.8,3,0.00
2023-03-23T17:00,20.6,3,0.00
2023-03-23T18:00,19.6,3,0.00
2023-03-23T19:00,18.5,3,0.00
2023-03-23T20:00,17.5,3,0.00
2023-03-23T21:00,16.1,3,0.00
2023-03-23T22:00,15.2,3,0.00
2023-03-23T23:00,13.6,0,0.00
2023-03-24T00:00,12.7,0,0.00
2023-03-24T01:00,12.1,2,0.00
2023-03-24T02:00,12.0,0,0.00
2023-03-24T03:00,11.6,3,0.00
2023-03-24T04:00,10.9,3,0.00
2023-03-24T05:00,10.3,3,0.00
2023-03-24T06:00,9.2,3,0.00
2023-03-24T07:00,8.5,3,0.00
2023-03-24T08:00,8.1,2,0.00
2023-03-24T09:00,8.0,2,0.00
2023-03-24T10:00,9.8,3,0.00
2023-03-24T11:00,11.4,3,0.00
2023-03-24T12:00,13.3,3,0.00
2023-03-24T13:00,15.4,3,0.00
2023-03-24T14:00,15.3,3,0.00
2023-03-24T15:00,16.6,3,0.00
2023-03-24T16:00,16.8,3,0.00
2023-03-24T17:00,17.7,1,0.00
2023-03-24T18:00,17.7,0,0.00
2023-03-24T19:00,17.1,0,0.00
2023-03-24T20:00,15.9,0,0.00
2023-03-24T21:00,14.1,0,0.00
2023-03-24T22:00,12.6,0,0.00
2023-03-24T23:00,11.4,0,0.00
2023-03-25T00:00,10.5,0,0.00
2023-03-25T01:00,9.8,0,0.00
2023-03-25T02:00,10.0,3,0.00
2023-03-25T03:00,9.3,0,0.00
2023-03-25T04:00,8.5,0,0.00
2023-03-25T05:00,7.0,0,0.00
2023-03-25T06:00,6.3,3,0.00
2023-03-25T07:00,6.3,3,0.00
2023-03-25T08:00,6.2,3,0.00
2023-03-25T09:00,6.5,3,0.00
2023-03-25T10:00,7.7,3,0.00
2023-03-25T11:00,10.1,2,0.00
2023-03-25T12:00,13.0,2,0.00
2023-03-25T13:00,15.2,2,0.00
2023-03-25T14:00,17.5,3,0.00
2023-03-25T15:00,18.9,3,0.00
2023-03-25T16:00,19.9,3,0.00
2023-03-25T17:00,20.4,3,0.00
2023-03-25T18:00,20.6,0,0.00
2023-03-25T19:00,19.9,0,0.00
2023-03-25T20:00,18.1,0,0.00
2023-03-25T21:00,16.1,0,0.00
2023-03-25T22:00,14.6,3,0.00
2023-03-25T23:00,13.9,0,0.00
2023-03-26T00:00,12.7,0,0.00
2023-03-26T01:00,11.3,0,0.00
2023-03-26T02:00,10.8,0,0.00
2023-03-26T03:00,9.8,2,0.00
2023-03-26T04:00,8.7,0,0.00
2023-03-26T05:00,8.0,0,0.00
2023-03-26T06:00,7.8,0,0.00
2023-03-26T07:00,7.5,1,0.00
2023-03-26T08:00,7.1,2,0.00
2023-03-26T09:00,7.6,2,0.00
2023-03-26T10:00,10.2,2,0.00
2023-03-26T11:00,14.3,0,0.00
2023-03-26T12:00,16.9,0,0.00
2023-03-26T13:00,18.6,0,0.00
2023-03-26T14:00,19.4,0,0.00
2023-03-26T15:00,20.0,0,0.00
2023-03-26T16:00,20.2,0,0.00
2023-03-26T17:00,20.1,0,0.00
2023-03-26T18:00,19.4,0,0.00
2023-03-26T19:00,18.4,0,0.00
2023-03-26T20:00,16.7,0,0.00
2023-03-26T21:00,14.1,0,0.00
2023-03-26T22:00,12.9,0,0.00
2023-03-26T23:00,11.9,0,0.00
2023-03-27T00:00,10.8,0,0.00
2023-03-27T01:00,10.7,0,0.00
2023-03-27T02:00,9.9,0,0.00
2023-03-27T03:00,9.0,0,0.00
2023-03-27T04:00,6.7,0,0.00
2023-03-27T05:00,5.8,0,0.00
2023-03-27T06:00,4.4,0,0.00
2023-03-27T07:00,4.2,0,0.00
2023-03-27T08:00,3.2,0,0.00
2023-03-27T09:00,5.0,0,0.00
2023-03-27T10:00,8.0,0,0.00
2023-03-27T11:00,10.9,0,0.00
2023-03-27T12:00,13.0,0,0.00
2023-03-27T13:00,14.7,0,0.00
2023-03-27T14:00,16.2,0,0.00
2023-03-27T15:00,18.4,0,0.00
2023-03-27T16:00,19.4,0,0.00
2023-03-27T17:00,19.9,0,0.00
2023-03-27T18:00,20.2,0,0.00
2023-03-27T19:00,20.2,0,0.00
2023-03-27T20:00,17.4,0,0.00
2023-03-27T21:00,14.2,0,0.00
2023-03-27T22:00,14.4,0,0.00
2023-03-27T23:00,14.7,0,0.00
2023-03-28T00:00,11.0,0,0.00
2023-03-28T01:00,9.3,0,0.00
2023-03-28T02:00,8.6,0,0.00
2023-03-28T03:00,7.6,0,0.00
2023-03-28T04:00,6.8,0,0.00
2023-03-28T05:00,6.2,2,0.00
2023-03-28T06:00,5.6,2,0.00
2023-03-28T07:00,5.4,1,0.00
2023-03-28T08:00,5.0,3,0.00
2023-03-28T09:00,6.2,0,0.00
2023-03-28T10:00,9.7,0,0.00
2023-03-28T11:00,13.3,0,0.00
2023-03-28T12:00,16.2,0,0.00
2023-03-28T13:00,18.4,0,0.00
2023-03-28T14:00,19.5,1,0.00
2023-03-28T15:00,21.2,0,0.00
2023-03-28T16:00,22.3,1,0.00
2023-03-28T17:00,22.9,3,0.00
2023-03-28T18:00,22.9,3,0.00
2023-03-28T19:00,22.5,2,0.00
2023-03-28T20:00,20.3,2,0.00
2023-03-28T21:00,19.5,2,0.00
2023-03-28T22:00,17.5,0,0.00
2023-03-28T23:00,13.0,0,0.00
2023-03-29T00:00,11.6,1,0.00
2023-03-29T01:00,10.0,1,0.00
2023-03-29T02:00,9.2,0,0.00
2023-03-29T03:00,8.6,0,0.00
2023-03-29T04:00,8.8,0,0.00
2023-03-29T05:00,7.8,0,0.00
2023-03-29T06:00,7.0,0,0.00
2023-03-29T07:00,6.5,0,0.00
2023-03-29T08:00,6.4,0,0.00
2023-03-29T09:00,8.2,0,0.00
2023-03-29T10:00,12.5,0,0.00
2023-03-29T11:00,15.7,0,0.00
2023-03-29T12:00,18.2,2,0.00
2023-03-29T13:00,20.6,2,0.00
2023-03-29T14:00,22.5,3,0.00
2023-03-29T15:00,24.3,3,0.00
2023-03-29T16:00,24.8,3,0.00
2023-03-29T17:00,25.1,3,0.00
2023-03-29T18:00,24.6,3,0.00
2023-03-29T19:00,23.8,3,0.00
2023-03-29T20:00,22.4,3,0.00
2023-03-29T21:00,19.0,3,0.00
2023-03-29T22:00,17.6,0,0.00
2023-03-29T23:00,16.0,0,0.00
2023-03-30T00:00,15.4,0,0.00
2023-03-30T01:00,15.3,2,0.00
2023-03-30T02:00,14.5,3,0.00
2023-03-30T03:00,13.8,3,0.00
2023-03-30T04:00,13.4,3,0.00
2023-03-30T05:00,13.0,0,0.00
2023-03-30T06:00,11.7,0,0.00
2023-03-30T07:00,10.9,0,0.00
2023-03-30T08:00,10.2,0,0.00
2023-03-30T09:00,10.9,1,0.00
2023-03-30T10:00,12.6,2,0.00
2023-03-30T11:00,14.7,3,0.00
2023-03-30T12:00,16.4,3,0.00
2023-03-30T13:00,18.3,3,0.00
2023-03-30T14:00,20.2,1,0.00
2023-03-30T15:00,21.4,3,0.00
2023-03-30T16:00,21.9,3,0.00
2023-03-30T17:00,21.9,3,0.00
2023-03-30T18:00,21.4,3,0.00
2023-03-30T19:00,19.9,3,0.00
2023-03-30T20:00,18.0,3,0.00
2023-03-30T21:00,16.5,3,0.00
2023-03-30T22:00,15.9,3,0.00
2023-03-30T23:00,15.5,3,0.00
2023-03-31T00:00,15.0,3,0.00
2023-03-31T01:00,14.4,3,0.00
2023-03-31T02:00,14.2,3,0.00
2023-03-31T03:00,13.6,3,0.00
2023-03-31T04:00,12.4,3,0.00
2023-03-31T05:00,11.1,0,0.00
2023-03-31T06:00,10.1,2,0.00
2023-03-31T07:00,9.1,1,0.00
2023-03-31T08:00,8.3,3,0.00
2023-03-31T09:00,8.7,3,0.00
2023-03-31T10:00,11.4,3,0.00
2023-03-31T11:00,14.3,3,0.00
2023-03-31T12:00,16.0,3,0.00
2023-03-31T13:00,17.5,3,0.00
2023-03-31T14:00,18.8,2,0.00
2023-03-31T15:00,18.1,61,2.10
2023-03-31T16:00,16.8,3,0.00
2023-03-31T17:00,18.5,3,0.00
2023-03-31T18:00,19.8,3,0.00
2023-03-31T19:00,19.0,3,0.00
2023-03-31T20:00,17.7,3,0.00
2023-03-31T21:00,16.4,3,0.00
2023-03-31T22:00,15.1,3,0.00
2023-03-31T23:00,14.7,3,0.00
2023-04-01T00:00,14.3,3,0.00
2023-04-01T01:00,13.5,2,0.00
2023-04-01T02:00,12.0,1,0.00
2023-04-01T03:00,11.0,3,0.00
2023-04-01T04:00,10.2,1,0.00
2023-04-01T05:00,9.7,1,0.00
2023-04-01T06:00,9.7,3,0.00
2023-04-01T07:00,9.3,3,0.00
2023-04-01T08:00,9.5,3,0.00
2023-04-01T09:00,10.2,3,0.00
2023-04-01T10:00,11.6,3,0.00
2023-04-01T11:00,13.5,3,0.00
2023-04-01T12:00,15.2,2,0.00
2023-04-01T13:00,16.5,2,0.00
2023-04-01T14:00,16.6,2,0.00
2023-04-01T15:00,17.7,2,0.00
2023-04-01T16:00,18.8,3,0.00
2023-04-01T17:00,18.6,1,0.00
2023-04-01T18:00,19.2,3,0.00
2023-04-01T19:00,17.0,0,0.00
2023-04-01T20:00,15.8,1,0.00
2023-04-01T21:00,13.9,2,0.00
2023-04-01T22:00,12.9,2,0.00
2023-04-01T23:00,12.3,1,0.00
2023-04-02T00:00,11.6,0,0.00
2023-04-02T01:00,9.2,0,0.00
2023-04-02T02:00,7.3,0,0.00
2023-04-02T03:00,6.4,0,0.00
2023-04-02T04:00,5.8,0,0.00
2023-04-02T05:00,5.4,0,0.00
2023-04-02T06:00,3.4,0,0.00
2023-04-02T07:00,4.0,0,0.00
2023-04-02T08:00,3.1,0,0.00
2023-04-02T09:00,3.6,0,0.00
2023-04-02T10:00,6.8,1,0.00
2023-04-02T11:00,9.6,0,0.00
2023-04-02T12:00,12.2,0,0.00
2023-04-02T13:00,14.1,0,0.00
2023-04-02T14:00,16.3,0,0.00
2023-04-02T15:00,17.5,0,0.00
2023-04-02T16:00,17.9,2,0.00
2023-04-02T17:00,17.9,2,0.00
2023-04-02T18:00,17.6,0,0.00
2023-04-02T19:00,17.0,0,0.00
2023-04-02T20:00,15.6,1,0.00
2023-04-02T21:00,12.5,2,0.00
2023-04-02T22:00,11.2,2,0.00
2023-04-02T23:00,10.8,2,0.00
2023-04-03T00:00,10.0,1,0.00
2023-04-03T01:00,8.8,1,0.00
2023-04-03T02:00,7.1,0,0.00
2023-04-03T03:00,6.5,1,0.00
2023-04-03T04:00,5.7,0,0.00
2023-04-03T05:00,4.9,0,0.00
2023-04-03T06:00,3.8,0,0.00
2023-04-03T07:00,2.9,0,0.00
2023-04-03T08:00,2.2,0,0.00
2023-04-03T09:00,3.6,1,0.00
2023-04-03T10:00,6.5,1,0.00
2023-04-03T11:00,9.3,2,0.00
2023-04-03T12:00,11.7,3,0.00
2023-04-03T13:00,14.1,3,0.00
2023-04-03T14:00,16.0,3,0.00
2023-04-03T15:00,18.1,3,0.00
2023-04-03T16:00,18.8,3,0.00
2023-04-03T17:00,19.0,3,0.00
2023-04-03T18:00,18.9,3,0.00
2023-04-03T19:00,18.4,3,0.00
2023-04-03T20:00,17.4,3,0.00
2023-04-03T21:00,15.0,3,0.00
2023-04-03T22:00,12.3,3,0.00
2023-04-03T23:00,11.8,3,0.00
2023-04-04T00:00,10.4,3,0.00
2023-04-04T01:00,9.6,3,0.00
2023-04-04T02:00,8.4,3,0.00
2023-04-04T03:00,8.4,3,0.00
2023-04-04T04:00,8.4,3,0.00
2023-04-04T05:00,8.0,3,0.00
2023-04-04T06:00,7.4,3,0.00
2023-04-04T07:00,6.7,1,0.00
2023-04-04T08:00,5.9,0,0.00
2023-04-04T09:00,6.8,0,0.00
2023-04-04T10:00,9.3,0,0.00
2023-04-04T11:00,12.2,0,0.00
2023-04-04T12:00,15.1,0,0.00
2023-04-04T13:00,16.9,0,0.00
2023-04-04T14:00,18.7,0,0.00
2023-04-04T15:00,19.6,0,0.00
2023-04-04T16:00,20.1,0,0.00
2023-04-04T17:00,20.3,0,0.00
2023-04-04T18:00,20.1,0,0.00
2023-04-04T19:00,19.5,0,0.00
2023-04-04T20:00,17.9,0,0.00
2023-04-04T21:00,15.2,0,0.00
2023-04-04T22:00,13.6,0,0.00
2023-04-04T23:00,12.4,0,0.00
2023-04-05T00:00,11.2,0,0.00
2023-04-05T01:00,9.9,0,0.00
2023-04-05T02:00,8.4,0,0.00
2023-04-05T03:00,6.9,0,0.00
2023-04-05T04:00,5.8,0,0.00
2023-04-05T05:00,4.6,0,0.00
2023-04-05T06:00,3.9,0,0.00
2023-04-05T07:00,3.4,0,0.00
2023-04-05T08:00,2.9,0,0.00
2023-04-05T09:00,4.7,0,0.00
2023-04-05T10:00,8.0,0,0.00
2023-04-05T11:00,11.5,0,0.00
2023-04-05T12:00,14.7,0,0.00
2023-04-05T13:00,17.0,0,0.00
2023-04-05T14:00,18.8,0,0.00
2023-04-05T15:00,20.2,0,0.00
2023-04-05T16:00,21.0,1,0.00
2023-04-05T17:00,21.3,1,0.00
2023-04-05T18:00,21.2,1,0.00
2023-04-05T19:00,20.5,2,0.00
2023-04-05T20:00,18.9,1,0.00
2023-04-05T21:00,14.4,3,0.00
2023-04-05T22:00,16.2,2,0.00
2023-04-05T23:00,10.9,2,0.00
2023-04-06T00:00,10.1,3,0.00
2023-04-06T01:00,9.4,2,0.00
2023-04-06T02:00,8.2,2,0.00
2023-04-06T03:00,9.0,3,0.00
2023-04-06T04:00,9.8,3,0.00
2023-04-06T05:00,9.2,3,0.00
2023-04-06T06:00,8.2,3,0.00
2023-04-06T07:00,7.1,0,0.00
2023-04-06T08:00,6.3,1,0.00
2023-04-06T09:00,8.0,3,0.00
2023-04-06T10:00,11.3,0,0.00
2023-04-06T11:00,14.0,1,0.00
2023-04-06T12:00,16.7,0,0.00
2023-04-06T13:00,19.0,0,0.00
2023-04-06T14:00,20.7,0,0.00
2023-04-06T15:00,22.2,0,0.00
2023-04-06T16:00,22.9,0,0.00
2023-04-06T17:00,23.2,0,0.00
2023-04-06T18:00,23.1,0,0.00
2023-04-06T19:00,22.4,0,0.00
2023-04-06T20:00,20.8,0,0.00
2023-04-06T21:00,17.4,0,0.00
2023-04-06T22:00,14.8,0,0.00
2023-04-06T23:00,13.9,0,0.00
2023-04-07T00:00,12.6,0,0.00
2023-04-07T01:00,13.1,0,0.00
2023-04-07T02:00,12.2,0,0.00
2023-04-07T03:00,11.1,0,0.00
2023-04-07T04:00,10.0,0,0.00
2023-04-07T05:00,8.8,0,0.00
2023-04-07T06:00,7.9,0,0.00
2023-04-07T07:00,7.0,0,0.00
2023-04-07T08:00,6.1,0,0.00
2023-04-07T09:00,7.9,0,0.00
2023-04-07T10:00,11.2,0,0.00
2023-04-07T11:00,14.2,0,0.00
2023-04-07T12:00,16.9,0,0.00
2023-04-07T13:00,19.4,0,0.00
2023-04-07T14:00,22.0,0,0.00
2023-04-07T15:00,23.5,0,0.00
2023-04-07T16:00,24.1,0,0.00
2023-04-07T17:00,24.2,2,0.00
2023-04-07T18:00,24.0,1,0.00
2023-04-07T19:00,23.4,2,0.00
2023-04-07T20:00,22.0,3,0.00
2023-04-07T21:00,17.7,3,0.00
2023-04-07T22:00,16.8,0,0.00
2023-04-07T23:00,15.8,0,0.00
2023-04-08T00:00,13.7,0,0.00
2023-04-08T01:00,12.8,0,0.00
2023-04-08T02:00,12.1,0,0.00
2023-04-08T03:00,11.2,2,0.00
2023-04-08T04:00,12.4,2,0.00
2023-04-08T05:00,8.6,2,0.00
2023-04-08T06:00,7.6,0,0.00
2023-04-08T07:00,7.2,0,0.00
2023-04-08T08:00,6.9,0,0.00
2023-04-08T09:00,9.5,0,0.00
2023-04-08T10:00,14.3,0,0.00
2023-04-08T11:00,18.5,0,0.00
2023-04-08T12:00,21.3,0,0.00
2023-04-08T13:00,23.1,0,0.00
2023-04-08T14:00,24.1,0,0.00
2023-04-08T15:00,25.1,0,0.00
2023-04-08T16:00,25.4,0,0.00
2023-04-08T17:00,25.3,0,0.00
2023-04-08T18:00,25.3,0,0.00
2023-04-08T19:00,25.2,3,0.00
2023-04-08T20:00,22.9,3,0.00
2023-04-08T21:00,18.0,1,0.00
2023-04-08T22:00,16.4,0,0.00
2023-04-08T23:00,15.2,0,0.00
2023-04-09T00:00,14.1,2,0.00
2023-04-09T01:00,12.8,3,0.00
2023-04-09T02:00,13.7,3,0.00
2023-04-09T03:00,15.8,3,0.00
2023-04-09T04:00,10.3,3,0.00
2023-04-09T05:00,10.1,3,0.00
2023-04-09T06:00,9.4,3,0.00
2023-04-09T07:00,8.6,1,0.00
2023-04-09T08:00,8.5,1,0.00
2023-04-09T09:00,10.5,1,0.00
2023-04-09T10:00,14.1,0,0.00
2023-04-09T11:00,17.8,0,0.00
2023-04-09T12:00,21.2,0,0.00
2023-04-09T13:00,23.8,0,0.00
2023-04-09T14:00,25.1,1,0.00
2023-04-09T15:00,26.1,2,0.00
2023-04-09T16:00,26.7,2,0.00
2023-04-09T17:00,26.7,1,0.00
2023-04-09T18:00,26.2,3,0.00
2023-04-09T19:00,25.9,3,0.00
2023-04-09T20:00,24.9,3,0.00
2023-04-09T21:00,22.5,3,0.00
2023-04-09T22:00,20.4,1,0.00
2023-04-09T23:00,19.1,1,0.00
2023-04-10T00:00,18.6,1,0.00
2023-04-10T01:00,17.6,2,0.00
2023-04-10T02:00,14.7,2,0.00
2023-04-10T03:00,14.2,2,0.00
2023-04-10T04:00,13.5,3,0.00
2023-04-10T05:00,14.4,3,0.00
2023-04-10T06:00,13.5,2,0.00
2023-04-10T07:00,14.2,3,0.00
2023-04-10T08:00,11.8,3,0.00
2023-04-10T09:00,12.9,3,0.00
2023-04-10T10:00,16.1,3,0.00
2023-04-10T11:00,19.8,3,0.00
2023-04-10T12:00,22.8,3,0.00
2023-04-10T13:00,24.8,3,0.00
2023-04-10T14:00,25.8,3,0.00
2023-04-10T15:00,26.6,3,0.00
2023-04-10T16:00,26.8,3,0.00
2023-04-10T17:00,26.5,3,0.00
2023-04-10T18:00,26.2,3,0.00
2023-04-10T19:00,25.7,3,0.00
2023-04-10T20:00,24.4,3,0.00
2023-04-10T21:00,20.7,1,0.00
2023-04-10T22:00,19.2,1,0.00
2023-04-10T23:00,19.0,3,0.00
2023-04-11T00:00,18.4,3,0.00
2023-04-11T01:00,17.3,3,0.00
2023-04-11T02:00,14.9,0,0.00
2023-04-11T03:00,13.2,0,0.00
2023-04-11T04:00,11.7,0,0.00
2023-04-11T05:00,11.4,0,0.00
2023-04-11T06:00,10.7,0,0.00
2023-04-11T07:00,9.1,0,0.00
2023-04-11T08:00,8.9,0,0.00
2023-04-11T09:00,11.8,0,0.00
2023-04-11T10:00,15.1,0,0.00
2023-04-11T11:00,18.0,0,0.00
2023-04-11T12:00,20.7,0,0.00
2023-04-11T13:00,22.7,1,0.00
2023-04-11T14:00,24.2,0,0.00
2023-04-11T15:00,25.2,2,0.00
2023-04-11T16:00,25.7,0,0.00
2023-04-11T17:00,25.8,0,0.00
2023-04-11T18:00,25.3,0,0.00
2023-04-11T19:00,24.6,0,0.00
2023-04-11T20:00,23.0,0,0.00
2023-04-11T21:00,20.6,0,0.00
2023-04-11T22:00,19.1,2,0.00
2023-04-11T23:00,18.0,0,0.00
2023-04-12T00:00,16.5,1,0.00
2023-04-12T01:00,15.1,0,0.00
2023-04-12T02:00,14.7,0,0.00
2023-04-12T03:00,13.8,0,0.00
2023-04-12T04:00,12.8,0,0.00
2023-04-12T05:00,11.6,1,0.00
2023-04-12T06:00,10.5,3,0.00
2023-04-12T07:00,9.7,3,0.00
2023-04-12T08:00,9.1,0,0.00
2023-04-12T09:00,10.9,0,0.00
2023-04-12T10:00,14.0,1,0.00
2023-04-12T11:00,16.6,2,0.00
2023-04-12T12:00,18.9,3,0.00
2023-04-12T13:00,20.6,3,0.00
2023-04-12T14:00,21.5,3,0.00
2023-04-12T15:00,20.2,3,0.00
2023-04-12T16:00,18.3,51,0.10
2023-04-12T17:00,18.3,3,0.00
2023-04-12T18:00,18.4,3,0.00
2023-04-12T19:00,17.6,51,0.20
2023-04-12T20:00,15.9,3,0.00
2023-04-12T21:00,13.9,2,0.00
2023-04-12T22:00,12.6,0,0.00
2023-04-12T23:00,11.4,0,0.00
2023-04-13T00:00,10.4,0,0.00
2023-04-13T01:00,9.8,0,0.00
2023-04-13T02:00,9.4,0,0.00
2023-04-13T03:00,8.8,1,0.00
2023-04-13T04:00,7.9,3,0.00
2023-04-13T05:00,7.7,3,0.00
2023-04-13T06:00,7.3,3,0.00
2023-04-13T07:00,6.6,3,0.00
2023-04-13T08:00,5.9,3,0.00
2023-04-13T09:00,6.8,3,0.00
2023-04-13T10:00,8.2,3,0.00
2023-04-13T11:00,9.8,3,0.00
2023-04-13T12:00,11.5,3,0.00
2023-04-13T13:00,13.1,3,0.00
2023-04-13T14:00,14.5,3,0.00
2023-04-13T15:00,16.1,3,0.00
2023-04-13T16:00,16.7,3,0.00
2023-04-13T17:00,16.7,3,0.00
2023-04-13T18:00,15.9,3,0.00
2023-04-13T19:00,15.1,3,0.00
2023-04-13T20:00,14.3,3,0.00
2023-04-13T21:00,12.6,3,0.00
2023-04-13T22:00,11.6,3,0.00
2023-04-13T23:00,10.8,3,0.00
2023-04-14T00:00,10.4,3,0.00
2023-04-14T01:00,10.3,3,0.00
2023-04-14T02:00,9.5,3,0.00
2023-04-14T03:00,8.8,3,0.00
2023-04-14T04:00,8.5,3,0.00
2023-04-14T05:00,9.0,3,0.00
2023-04-14T06:00,8.8,3,0.00
2023-04-14T07:00,9.3,3,0.00
2023-04-14T08:00,9.2,3,0.00
2023-04-14T09:00,9.9,3,0.00
2023-04-14T10:00,11.7,3,0.00
2023-04-14T11:00,13.8,3,0.00
2023-04-14T12:00,16.0,3,0.00
2023-04-14T13:00,17.6,3,0.00
2023-04-14T14:00,18.1,3,0.00
2023-04-14T15:00,17.9,3,0.00
2023-04-14T16:00,20.0,3,0.00
2023-04-14T17:00,20.4,3,0.00
2023-04-14T18:00,19.7,3,0.00
2023-04-14T19:00,18.9,3,0.00
2023-04-14T20:00,18.1,3,0.00
2023-04-14T21:00,16.5,1,0.00
2023-04-14T22:00,15.1,1,0.00
2023-04-14T23:00,14.1,0,0.00
2023-04-15T00:00,13.2,1,0.00
2023-04-15T01:00,12.6,2,0.00
2023-04-15T02:00,12.7,3,0.00
2023-04-15T03:00,12.1,1,0.00
2023-04-15T04:00,11.3,3,0.00
2023-04-15T05:00,10.5,3,0.00
2023-04-15T06:00,10.6,3,0.00
2023-04-15T07:00,10.2,3,0.00
2023-04-15T08:00,10.1,3,0.00
2023-04-15T09:00,11.1,3,0.00
2023-04-15T10:00,12.5,3,0.00
2023-04-15T11:00,14.5,2,0.00
2023-04-15T12:00,16.7,0,0.00
2023-04-15T13:00,18.5,1,0.00
2023-04-15T14:00,20.9,1,0.00
2023-04-15T15:00,23.1,1,0.00
2023-04-15T16:00,22.5,0,0.00
2023-04-15T17:00,22.8,0,0.00
2023-04-15T18:00,22.5,0,0.00
2023-04-15T19:00,21.3,0,0.00
2023-04-15T20:00,20.7,0,0.00
2023-04-15T21:00,17.9,0,0.00
2023-04-15T22:00,16.3,0,0.00
2023-04-15T23:00,14.9,0,0.00
2023-04-16T00:00,13.6,0,0.00
2023-04-16T01:00,12.4,0,0.00
2023-04-16T02:00,12.5,0,0.00
2023-04-16T03:00,11.9,1,0.00
2023-04-16T04:00,11.8,1,0.00
2023-04-16T05:00,11.5,0,0.00
2023-04-16T06:00,10.6,0,0.00
2023-04-16T07:00,9.7,0,0.00
2023-04-16T08:00,9.1,0,0.00
2023-04-16T09:00,10.9,0,0.00
2023-04-16T10:00,12.6,0,0.00
2023-04-16T11:00,14.6,0,0.00
2023-04-16T12:00,16.8,0,0.00
2023-04-16T13:00,18.8,0,0.00
2023-04-16T14:00,20.6,0,0.00
2023-04-16T15:00,22.4,0,0.00
2023-04-16T16:00,24.0,0,0.00
2023-04-16T17:00,24.4,0,0.00
2023-04-16T18:00,23.9,0,0.00
2023-04-16T19:00,23.1,0,0.00
2023-04-16T20:00,21.7,0,0.00
2023-04-16T21:00,19.2,0,0.00
2023-04-16T22:00,17.5,0,0.00
2023-04-16T23:00,16.3,0,0.00
2023-04-17T00:00,14.9,0,0.00
2023-04-17T01:00,13.6,0,0.00
2023-04-17T02:00,11.9,0,0.00
2023-04-17T03:00,10.8,0,0.00
2023-04-17T04:00,9.6,0,0.00
2023-04-17T05:00,8.6,0,0.00
2023-04-17T06:00,7.9,0,0.00
2023-04-17T07:00,7.3,0,0.00
2023-04-17T08:00,7.2,0,0.00
2023-04-17T09:00,9.4,0,0.00
2023-04-17T10:00,12.3,0,0.00
2023-04-17T11:00,15.9,0,0.00
2023-04-17T12:00,18.5,0,0.00
2023-04-17T13:00,20.1,0,0.00
2023-04-17T14:00,22.3,0,0.00
2023-04-17T15:00,24.4,0,0.00
2023-04-17T16:00,24.5,0,0.00
2023-04-17T17:00,24.3,0,0.00
2023-04-17T18:00,24.1,0,0.00
2023-04-17T19:00,23.5,0,0.00
2023-04-17T20:00,22.3,0,0.00
2023-04-17T21:00,19.8,0,0.00
2023-04-17T22:00,17.8,0,0.00
2023-04-17T23:00,15.8,0,0.00
2023-04-18T00:00,14.9,0,0.00
2023-04-18T01:00,14.1,0,0.00
2023-04-18T02:00,12.1,0,0.00
2023-04-18T03:00,10.8,0,0.00
2023-04-18T04:00,9.8,1,0.00
2023-04-18T05:00,9.1,3,0.00
2023-04-18T06:00,8.3,2,0.00
2023-04-18T07:00,7.7,0,0.00
2023-04-18T08:00,7.4,0,0.00
2023-04-18T09:00,9.1,0,0.00
2023-04-18T10:00,11.5,0,0.00
2023-04-18T11:00,14.0,0,0.00
2023-04-18T12:00,16.4,0,0.00
2023-04-18T13:00,18.3,0,0.00
2023-04-18T14:00,19.7,0,0.00
2023-04-18T15:00,21.2,0,0.00
2023-04-18T16:00,22.0,1,0.00
2023-04-18T17:00,22.5,1,0.00
2023-04-18T18:00,22.6,1,0.00
2023-04-18T19:00,22.3,0,0.00
2023-04-18T20:00,21.4,0,0.00
2023-04-18T21:00,18.4,0,0.00
2023-04-18T22:00,15.2,0,0.00
2023-04-18T23:00,15.2,0,0.00
2023-04-19T00:00,12.6,0,0.00
2023-04-19T01:00,11.4,0,0.00
2023-04-19T02:00,12.5,0,0.00
2023-04-19T03:00,11.3,3,0.00
2023-04-19T04:00,10.0,3,0.00
2023-04-19T05:00,9.4,3,0.00
2023-04-19T06:00,9.0,2,0.00
2023-04-19T07:00,8.6,3,0.00
2023-04-19T08:00,8.5,3,0.00
2023-04-19T09:00,10.6,0,0.00
2023-04-19T10:00,12.8,2,0.00
2023-04-19T11:00,14.6,1,0.00
2023-04-19T12:00,16.8,0,0.00
2023-04-19T13:00,18.9,0,0.00
2023-04-19T14:00,20.4,2,0.00
2023-04-19T15:00,22.3,3,0.00
2023-04-19T16:00,23.6,3,0.00
2023-04-19T17:00,24.0,3,0.00
2023-04-19T18:00,24.0,3,0.00
2023-04-19T19:00,23.6,3,0.00
2023-04-19T20:00,22.8,3,0.00
2023-04-19T21:00,19.6,3,0.00
2023-04-19T22:00,17.8,3,0.00
2023-04-19T23:00,18.8,3,0.00
2023-04-20T00:00,15.1,0,0.00
2023-04-20T01:00,13.2,0,0.00
2023-04-20T02:00,12.8,0,0.00
2023-04-20T03:00,11.0,0,0.00
2023-04-20T04:00,10.9,0,0.00
2023-04-20T05:00,10.3,0,0.00
2023-04-20T06:00,13.2,2,0.00
2023-04-20T07:00,10.8,3,0.00
2023-04-20T08:00,9.9,3,0.00
2023-04-20T09:00,12.3,0,0.00
2023-04-20T10:00,15.3,0,0.00
2023-04-20T11:00,18.6,0,0.00
2023-04-20T12:00,21.6,0,0.00
2023-04-20T13:00,23.8,0,0.00
2023-04-20T14:00,25.2,0,0.00
2023-04-20T15:00,26.0,2,0.00
2023-04-20T16:00,26.4,2,0.00
2023-04-20T17:00,26.7,0,0.00
2023-04-20T18:00,26.4,3,0.00
2023-04-20T19:00,25.4,3,0.00
2023-04-20T20:00,24.3,2,0.00
2023-04-20T21:00,21.9,0,0.00
2023-04-20T22:00,20.5,0,0.00
2023-04-20T23:00,19.0,0,0.00
2023-04-21T00:00,17.7,0,0.00
2023-04-21T01:00,16.7,0,0.00
2023-04-21T02:00,16.2,0,0.00
2023-04-21T03:00,13.7,1,0.00
2023-04-21T04:00,13.0,1,0.00
2023-04-21T05:00,16.2,2,0.00
2023-04-21T06:00,15.0,2,0.00
2023-04-21T07:00,12.4,1,0.00
2023-04-21T08:00,10.6,3,0.00
2023-04-21T09:00,13.7,1,0.00
2023-04-21T10:00,16.8,1,0.00
2023-04-21T11:00,20.0,0,0.00
2023-04-21T12:00,22.4,1,0.00
2023-04-21T13:00,23.5,2,0.00
2023-04-21T14:00,23.4,2,0.00
2023-04-21T15:00,23.5,3,0.00
2023-04-21T16:00,24.8,3,0.00
2023-04-21T17:00,24.7,3,0.00
2023-04-21T18:00,21.9,51,0.20
2023-04-21T19:00,20.6,3,0.00
2023-04-21T20:00,20.6,3,0.00
2023-04-21T21:00,19.2,3,0.00
2023-04-21T22:00,18.1,3,0.00
2023-04-21T23:00,17.4,3,0.00
2023-04-22T00:00,16.4,3,0.00
2023-04-22T01:00,15.1,3,0.00
2023-04-22T02:00,14.0,3,0.00
2023-04-22T03:00,13.3,51,0.40
2023-04-22T04:00,12.6,61,1.90
2023-04-22T05:00,12.3,55,1.00
2023-04-22T06:00,12.1,51,0.40
2023-04-22T07:00,11.8,55,1.20
2023-04-22T08:00,11.4,55,1.00
2023-04-22T09:00,11.2,51,0.30
2023-04-22T10:00,11.9,1,0.00
2023-04-22T11:00,14.4,51,0.20
2023-04-22T12:00,16.2,51,0.20
2023-04-22T13:00,17.9,51,0.10
2023-04-22T14:00,19.1,1,0.00
2023-04-22T15:00,19.8,1,0.00
2023-04-22T16:00,20.3,0,0.00
2023-04-22T17:00,20.4,0,0.00
2023-04-22T18:00,20.3,0,0.00
2023-04-22T19:00,20.7,1,0.00
2023-04-22T20:00,18.6,1,0.00
2023-04-22T21:00,16.1,1,0.00
2023-04-22T22:00,14.4,0,0.00
2023-04-22T23:00,13.1,0,0.00
2023-04-23T00:00,11.9,0,0.00
2023-04-23T01:00,10.7,0,0.00
2023-04-23T02:00,10.1,0,0.00
2023-04-23T03:00,9.8,1,0.00
2023-04-23T04:00,9.6,0,0.00
2023-04-23T05:00,8.9,0,0.00
2023-04-23T06:00,8.4,1,0.00
2023-04-23T07:00,8.2,0,0.00
2023-04-23T08:00,8.6,0,0.00
2023-04-23T09:00,11.4,0,0.00
2023-04-23T10:00,14.4,0,0.00
2023-04-23T11:00,16.4,0,0.00
2023-04-23T12:00,17.8,0,0.00
2023-04-23T13:00,19.4,0,0.00
2023-04-23T14:00,20.7,1,0.00
2023-04-23T15:00,21.5,3,0.00
2023-04-23T16:00,22.5,3,0.00
2023-04-23T17:00,22.7,3,0.00
2023-04-23T18:00,23.0,3,0.00
2023-04-23T19:00,22.7,3,0.00
2023-04-23T20:00,21.8,3,0.00
2023-04-23T21:00,19.4,3,0.00
2023-04-23T22:00,16.8,1,0.00
2023-04-23T23:00,15.3,1,0.00
2023-04-24T00:00,15.1,3,0.00
2023-04-24T01:00,15.1,2,0.00
2023-04-24T02:00,14.6,3,0.00
2023-04-24T03:00,14.2,3,0.00
2023-04-24T04:00,13.5,3,0.00
2023-04-24T05:00,12.7,3,0.00
2023-04-24T06:00,10.7,3,0.00
2023-04-24T07:00,10.3,0,0.00
2023-04-24T08:00,11.3,0,0.00
2023-04-24T09:00,13.0,2,0.00
2023-04-24T10:00,15.3,0,0.00
2023-04-24T11:00,17.6,0,0.00
2023-04-24T12:00,19.7,2,0.00
2023-04-24T13:00,21.2,2,0.00
2023-04-24T14:00,22.8,2,0.00
2023-04-24T15:00,23.8,3,0.00
2023-04-24T16:00,24.2,3,0.00
2023-04-24T17:00,25.7,3,0.00
2023-04-24T18:00,25.7,3,0.00
2023-04-24T19:00,24.2,3,0.00
2023-04-24T20:00,23.6,3,0.00
2023-04-24T21:00,19.5,3,0.00
2023-04-24T22:00,20.2,3,0.00
2023-04-24T23:00,16.6,2,0.00
2023-04-25T00:00,15.3,2,0.00
2023-04-25T01:00,15.5,3,0.00
2023-04-25T02:00,16.7,3,0.00
2023-04-25T03:00,15.2,3,0.00
2023-04-25T04:00,17.1,3,0.00
2023-04-25T05:00,14.7,2,0.00
2023-04-25T06:00,12.6,0,0.00
2023-04-25T07:00,11.2,3,0.00
2023-04-25T08:00,12.0,3,0.00
2023-04-25T09:00,15.2,2,0.00
2023-04-25T10:00,18.3,3,0.00
2023-04-25T11:00,20.9,3,0.00
2023-04-25T12:00,23.0,1,0.00
2023-04-25T13:00,24.9,1,0.00
2023-04-25T14:00,26.6,1,0.00
2023-04-25T15:00,27.5,3,0.00
2023-04-25T16:00,28.4,3,0.00
2023-04-25T17:00,28.3,3,0.00
2023-04-25T18:00,27.5,3,0.00
2023-04-25T19:00,26.8,3,0.00
2023-04-25T20:00,25.9,3,0.00
2023-04-25T21:00,21.5,3,0.00
2023-04-25T22:00,19.8,3,0.00
2023-04-25T23:00,17.5,2,0.00
2023-04-26T00:00,17.3,0,0.00
2023-04-26T01:00,17.1,0,0.00
2023-04-26T02:00,15.2,0,0.00
2023-04-26T03:00,15.9,0,0.00
2023-04-26T04:00,17.4,0,0.00
2023-04-26T05:00,16.1,1,0.00
2023-04-26T06:00,14.8,0,0.00
2023-04-26T07:00,11.6,0,0.00
2023-04-26T08:00,11.6,1,0.00
2023-04-26T09:00,15.7,0,0.00
2023-04-26T10:00,19.2,3,0.00
2023-04-26T11:00,21.6,3,0.00
2023-04-26T12:00,23.6,2,0.00
2023-04-26T13:00,25.3,3,0.00
2023-04-26T14:00,26.8,3,0.00
2023-04-26T15:00,27.6,2,0.00
2023-04-26T16:00,28.2,3,0.00
2023-04-26T17:00,28.3,3,0.00
2023-04-26T18:00,28.2,3,0.00
2023-04-26T19:00,27.7,3,0.00
2023-04-26T20:00,26.6,3,0.00
2023-04-26T21:00,24.0,3,0.00
2023-04-26T22:00,22.1,2,0.00
2023-04-26T23:00,20.0,3,0.00
2023-04-27T00:00,18.3,2,0.00
2023-04-27T01:00,17.2,3,0.00
2023-04-27T02:00,15.0,3,0.00
2023-04-27T03:00,14.3,3,0.00
2023-04-27T04:00,15.5,3,0.00
2023-04-27T05:00,15.5,3,0.00
2023-04-27T06:00,13.0,3,0.00
2023-04-27T07:00,13.0,3,0.00
2023-04-27T08:00,13.6,3,0.00
2023-04-27T09:00,15.9,2,0.00
2023-04-27T10:00,19.5,2,0.00
2023-04-27T11:00,22.8,1,0.00
2023-04-27T12:00,25.6,2,0.00
2023-04-27T13:00,27.7,2,0.00
2023-04-27T14:00,27.7,3,0.00
2023-04-27T15:00,29.4,1,0.00
2023-04-27T16:00,30.3,2,0.00
2023-04-27T17:00,30.4,3,0.00
2023-04-27T18:00,30.6,1,0.00
2023-04-27T19:00,30.1,2,0.00
2023-04-27T20:00,28.8,3,0.00
2023-04-27T21:00,24.5,3,0.00
2023-04-27T22:00,24.1,3,0.00
2023-04-27T23:00,22.2,3,0.00
2023-04-28T00:00,21.3,3,0.00
2023-04-28T01:00,19.0,3,0.00
2023-04-28T02:00,17.0,3,0.00
2023-04-28T03:00,15.6,3,0.00
2023-04-28T04:00,15.7,3,0.00
2023-04-28T05:00,15.6,3,0.00
2023-04-28T06:00,15.9,3,0.00
2023-04-28T07:00,15.1,3,0.00
2023-04-28T08:00,15.4,3,0.00
2023-04-28T09:00,18.4,3,0.00
2023-04-28T10:00,21.2,3,0.00
2023-04-28T11:00,23.8,2,0.00
2023-04-28T12:00,27.1,3,0.00
2023-04-28T13:00,29.1,2,0.00
2023-04-28T14:00,29.3,2,0.00
2023-04-28T15:00,30.3,3,0.00
2023-04-28T16:00,31.0,3,0.00
2023-04-28T17:00,31.2,3,0.00
2023-04-28T18:00,30.4,3,0.00
2023-04-28T19:00,29.6,3,0.00
2023-04-28T20:00,28.8,3,0.00
2023-04-28T21:00,26.4,3,0.00
2023-04-28T22:00,23.9,3,0.00
2023-04-28T23:00,23.4,3,0.00
2023-04-29T00:00,22.2,3,0.00
2023-04-29T01:00,21.3,3,0.00
2023-04-29T02:00,21.4,3,0.00
2023-04-29T03:00,20.6,3,0.00
2023-04-29T04:00,19.3,3,0.00
2023-04-29T05:00,18.0,3,0.00
2023-04-29T06:00,15.6,3,0.00
2023-04-29T07:00,17.2,3,0.00
2023-04-29T08:00,15.6,3,0.00
2023-04-29T09:00,18.0,3,0.00
2023-04-29T10:00,20.6,3,0.00
2023-04-29T11:00,22.8,3,0.00
2023-04-29T12:00,23.1,51,0.10
2023-04-29T13:00,23.3,51,0.20
2023-04-29T14:00,21.0,51,0.20
2023-04-29T15:00,24.4,3,0.00
2023-04-29T16:00,25.7,3,0.00
2023-04-29T17:00,26.0,3,0.00
2023-04-29T18:00,26.2,3,0.00
2023-04-29T19:00,25.2,2,0.00
2023-04-29T20:00,24.2,51,0.20
2023-04-29T21:00,22.4,1,0.00
2023-04-29T22:00,19.7,0,0.00
2023-04-29T23:00,17.7,1,0.00
2023-04-30T00:00,15.6,0,0.00
2023-04-30T01:00,14.7,0,0.00
2023-04-30T02:00,14.8,0,0.00
2023-04-30T03:00,13.7,0,0.00
2023-04-30T04:00,12.6,1,0.00
2023-04-30T05:00,12.3,3,0.00
2023-04-30T06:00,12.2,2,0.00
2023-04-30T07:00,12.0,3,0.00
2023-04-30T08:00,12.4,2,0.00
2023-04-30T09:00,14.7,3,0.00
2023-04-30T10:00,17.2,3,0.00
2023-04-30T11:00,19.4,3,0.00
2023-04-30T12:00,21.4,3,0.00
2023-04-30T13:00,22.8,3,0.00
2023-04-30T14:00,23.3,3,0.00
2023-04-30T15:00,24.4,3,0.00
2023-04-30T16:00,24.9,3,0.00
2023-04-30T17:00,24.9,3,0.00
2023-04-30T18:00,24.9,3,0.00
2023-04-30T19:00,23.9,3,0.00
2023-04-30T20:00,22.8,3,0.00
2023-04-30T21:00,21.1,3,0.00
2023-04-30T22:00,19.6,3,0.00
2023-04-30T23:00,18.3,3,0.00
2023-05-01T00:00,17.3,3,0.00
2023-05-01T01:00,16.4,3,0.00
2023-05-01T02:00,14.5,1,0.00
2023-05-01T03:00,13.5,0,0.00
2023-05-01T04:00,12.6,0,0.00
2023-05-01T05:00,11.9,0,0.00
2023-05-01T06:00,11.1,2,0.00
2023-05-01T07:00,10.4,2,0.00
2023-05-01T08:00,10.8,0,0.00
2023-05-01T09:00,13.1,1,0.00
2023-05-01T10:00,15.9,0,0.00
2023-05-01T11:00,19.1,0,0.00
2023-05-01T12:00,21.5,0,0.00
2023-05-01T13:00,23.1,1,0.00
2023-05-01T14:00,23.5,1,0.00
2023-05-01T15:00,25.1,2,0.00
2023-05-01T16:00,25.9,3,0.00
2023-05-01T17:00,26.5,3,0.00
2023-05-01T18:00,26.5,3,0.00
2023-05-01T19:00,26.4,3,0.00
2023-05-01T20:00,26.0,2,0.00
2023-05-01T21:00,24.1,0,0.00
2023-05-01T22:00,19.6,0,0.00
2023-05-01T23:00,19.1,1,0.00
2023-05-02T00:00,18.1,2,0.00
2023-05-02T01:00,16.9,3,0.00
2023-05-02T02:00,15.2,3,0.00
2023-05-02T03:00,14.9,1,0.00
2023-05-02T04:00,14.2,1,0.00
2023-05-02T05:00,13.6,2,0.00
2023-05-02T06:00,13.2,3,0.00
2023-05-02T07:00,13.1,3,0.00
2023-05-02T08:00,13.2,0,0.00
2023-05-02T09:00,15.2,1,0.00
2023-05-02T10:00,18.0,2,0.00
2023-05-02T11:00,21.2,3,0.00
2023-05-02T12:00,23.6,3,0.00
2023-05-02T13:00,25.4,3,0.00
2023-05-02T14:00,26.3,3,0.00
2023-05-02T15:00,27.8,3,0.00
2023-05-02T16:00,28.3,3,0.00
2023-05-02T17:00,28.3,3,0.00
2023-05-02T18:00,28.0,3,0.00
2023-05-02T19:00,27.4,3,0.00
2023-05-02T20:00,26.1,3,0.00
2023-05-02T21:00,25.2,3,0.00
2023-05-02T22:00,21.0,3,0.00
2023-05-02T23:00,20.6,3,0.00
2023-05-03T00:00,22.5,2,0.00
2023-05-03T01:00,18.0,1,0.00
2023-05-03T02:00,16.6,0,0.00
2023-05-03T03:00,16.1,3,0.00
2023-05-03T04:00,15.8,3,0.00
2023-05-03T05:00,15.0,3,0.00
2023-05-03T06:00,14.8,3,0.00
2023-05-03T07:00,14.1,3,0.00
2023-05-03T08:00,14.4,2,0.00
2023-05-03T09:00,16.8,1,0.00
2023-05-03T10:00,18.9,3,0.00
2023-05-03T11:00,20.7,3,0.00
2023-05-03T12:00,22.4,2,0.00
2023-05-03T13:00,24.9,3,0.00
2023-05-03T14:00,25.9,3,0.00
2023-05-03T15:00,27.6,3,0.00
2023-05-03T16:00,28.5,3,0.00
2023-05-03T17:00,29.1,3,0.00
2023-05-03T18:00,29.8,3,0.00
2023-05-03T19:00,29.4,3,0.00
2023-05-03T20:00,28.5,1,0.00
2023-05-03T21:00,25.9,1,0.00
2023-05-03T22:00,23.8,0,0.00
2023-05-03T23:00,22.5,0,0.00
2023-05-04T00:00,21.8,0,0.00
2023-05-04T01:00,20.2,0,0.00
2023-05-04T02:00,19.7,0,0.00
2023-05-04T03:00,18.6,0,0.00
2023-05-04T04:00,17.0,0,0.00
2023-05-04T05:00,15.9,0,0.00
2023-05-04T06:00,14.9,1,0.00
2023-05-04T07:00,14.0,1,0.00
2023-05-04T08:00,13.9,1,0.00
2023-05-04T09:00,15.4,2,0.00
2023-05-04T10:00,17.4,3,0.00
2023-05-04T11:00,19.4,3,0.00
2023-05-04T12:00,20.8,2,0.00
2023-05-04T13:00,22.1,3,0.00
2023-05-04T14:00,23.0,3,0.00
2023-05-04T15:00,23.8,0,0.00
2023-05-04T16:00,24.3,0,0.00
2023-05-04T17:00,24.3,0,0.00
2023-05-04T18:00,23.8,0,0.00
2023-05-04T19:00,23.2,0,0.00
2023-05-04T20:00,22.2,0,0.00
2023-05-04T21:00,20.4,0,0.00
2023-05-04T22:00,18.6,0,0.00
2023-05-04T23:00,17.4,3,0.00
2023-05-05T00:00,16.3,2,0.00
2023-05-05T01:00,15.6,1,0.00
2023-05-05T02:00,14.7,0,0.00
2023-05-05T03:00,13.0,0,0.00
2023-05-05T04:00,11.5,0,0.00
2023-05-05T05:00,11.1,0,0.00
2023-05-05T06:00,10.2,0,0.00
2023-05-05T07:00,9.6,3,0.00
2023-05-05T08:00,10.9,3,0.00
2023-05-05T09:00,14.3,2,0.00
2023-05-05T10:00,17.3,3,0.00
2023-05-05T11:00,19.6,3,0.00
2023-05-05T12:00,21.4,3,0.00
2023-05-05T13:00,23.0,3,0.00
2023-05-05T14:00,23.8,3,0.00
2023-05-05T15:00,25.0,3,0.00
2023-05-05T16:00,25.8,3,0.00
2023-05-05T17:00,26.0,3,0.00
2023-05-05T18:00,26.0,3,0.00
2023-05-05T19:00,25.7,3,0.00
2023-05-05T20:00,24.5,3,0.00
2023-05-05T21:00,21.6,3,0.00
2023-05-05T22:00,18.7,3,0.00
2023-05-05T23:00,17.4,3,0.00
2023-05-06T00:00,16.1,3,0.00
2023-05-06T01:00,16.1,3,0.00
2023-05-06T02:00,14.8,3,0.00
2023-05-06T03:00,12.5,2,0.00
2023-05-06T04:00,12.0,1,0.00
2023-05-06T05:00,11.4,0,0.00
2023-05-06T06:00,10.8,2,0.00
2023-05-06T07:00,10.7,3,0.00
2023-05-06T08:00,12.0,2,0.00
2023-05-06T09:00,15.0,2,0.00
2023-05-06T10:00,18.3,2,0.00
2023-05-06T11:00,21.2,1,0.00
2023-05-06T12:00,23.7,2,0.00
2023-05-06T13:00,25.4,3,0.00
2023-05-06T14:00,25.9,3,0.00
2023-05-06T15:00,26.5,0,0.00
2023-05-06T16:00,26.7,0,0.00
2023-05-06T17:00,26.6,0,0.00
2023-05-06T18:00,26.5,1,0.00
2023-05-06T19:00,25.9,1,0.00
2023-05-06T20:00,23.3,2,0.00
2023-05-06T21:00,20.5,3,0.00
2023-05-06T22:00,19.4,1,0.00
2023-05-06T23:00,17.9,1,0.00
2023-05-07T00:00,16.9,0,0.00
2023-05-07T01:00,15.6,0,0.00
2023-05-07T02:00,16.1,0,0.00
2023-05-07T03:00,15.7,0,0.00
2023-05-07T04:00,14.6,0,0.00
2023-05-07T05:00,13.9,1,0.00
2023-05-07T06:00,13.7,0,0.00
2023-05-07T07:00,13.3,0,0.00
2023-05-07T08:00,13.9,0,0.00
2023-05-07T09:00,16.7,0,0.00
2023-05-07T10:00,18.8,2,0.00
2023-05-07T11:00,20.7,2,0.00
2023-05-07T12:00,22.4,1,0.00
2023-05-07T13:00,24.2,1,0.00
2023-05-07T14:00,25.2,0,0.00
2023-05-07T15:00,26.7,1,0.00
2023-05-07T16:00,27.7,1,0.00
2023-05-07T17:00,27.8,1,0.00
2023-05-07T18:00,27.0,2,0.00
2023-05-07T19:00,26.2,3,0.00
2023-05-07T20:00,25.3,3,0.00
2023-05-07T21:00,23.6,3,0.00
2023-05-07T22:00,21.1,3,0.00
2023-05-07T23:00,19.5,1,0.00
2023-05-08T00:00,18.9,2,0.00
2023-05-08T01:00,18.3,0,0.00
2023-05-08T02:00,16.8,0,0.00
2023-05-08T03:00,16.0,0,0.00
2023-05-08T04:00,14.9,3,0.00
2023-05-08T05:00,14.1,0,0.00
2023-05-08T06:00,13.5,2,0.00
2023-05-08T07:00,12.9,3,0.00
2023-05-08T08:00,13.5,2,0.00
2023-05-08T09:00,16.1,3,0.00
2023-05-08T10:00,19.0,3,0.00
2023-05-08T11:00,21.3,3,0.00
2023-05-08T12:00,23.2,3,0.00
2023-05-08T13:00,24.8,3,0.00
2023-05-08T14:00,26.1,3,0.00
2023-05-08T15:00,27.9,3,0.00
2023-05-08T16:00,29.2,3,0.00
2023-05-08T17:00,30.1,3,0.00
2023-05-08T18:00,30.9,3,0.00
2023-05-08T19:00,28.8,3,0.00
2023-05-08T20:00,27.6,3,0.00
2023-05-08T21:00,25.2,3,0.00
2023-05-08T22:00,25.4,3,0.00
2023-05-08T23:00,21.4,3,0.00
2023-05-09T00:00,20.0,3,0.00
2023-05-09T01:00,20.8,3,0.00
2023-05-09T02:00,20.7,3,0.00
2023-05-09T03:00,19.9,3,0.00
2023-05-09T04:00,19.2,3,0.00
2023-05-09T05:00,18.7,3,0.00
2023-05-09T06:00,17.3,3,0.00
2023-05-09T07:00,16.0,3,0.00
2023-05-09T08:00,17.6,3,0.00
2023-05-09T09:00,19.5,3,0.00
2023-05-09T10:00,21.1,3,0.00
2023-05-09T11:00,22.7,2,0.00
2023-05-09T12:00,24.4,1,0.00
2023-05-09T13:00,25.3,3,0.00
2023-05-09T14:00,26.8,1,0.00
2023-05-09T15:00,26.3,1,0.00
2023-05-09T16:00,26.4,1,0.00
2023-05-09T17:00,25.8,0,0.00
2023-05-09T18:00,25.6,1,0.00
2023-05-09T19:00,25.1,3,0.00
2023-05-09T20:00,23.8,2,0.00
2023-05-09T21:00,22.8,0,0.00
2023-05-09T22:00,19.9,0,0.00
2023-05-09T23:00,19.7,0,0.00
2023-05-10T00:00,17.7,1,0.00
2023-05-10T01:00,17.0,3,0.00
2023-05-10T02:00,15.3,3,0.00
2023-05-10T03:00,15.1,2,0.00
2023-05-10T04:00,14.4,3,0.00
2023-05-10T05:00,13.8,3,0.00
2023-05-10T06:00,13.0,1,0.00
2023-05-10T07:00,12.2,2,0.00
2023-05-10T08:00,12.6,1,0.00
2023-05-10T09:00,14.2,1,0.00
2023-05-10T10:00,15.8,0,0.00
2023-05-10T11:00,17.5,1,0.00
2023-05-10T12:00,19.0,2,0.00
2023-05-10T13:00,20.7,3,0.00
2023-05-10T14:00,21.4,3,0.00
2023-05-10T15:00,23.9,3,0.00
2023-05-10T16:00,24.8,3,0.00
2023-05-10T17:00,25.3,3,0.00
2023-05-10T18:00,24.9,3,0.00
2023-05-10T19:00,23.8,3,0.00
2023-05-10T20:00,22.7,3,0.00
2023-05-10T21:00,20.6,1,0.00
2023-05-10T22:00,17.7,3,0.00
2023-05-10T23:00,16.9,3,0.00
2023-05-11T00:00,16.1,2,0.00
2023-05-11T01:00,15.1,0,0.00
2023-05-11T02:00,13.4,0,0.00
2023-05-11T03:00,12.1,0,0.00
2023-05-11T04:00,11.3,1,0.00
2023-05-11T05:00,10.7,3,0.00
2023-05-11T06:00,10.3,2,0.00
2023-05-11T07:00,9.6,1,0.00
2023-05-11T08:00,9.9,1,0.00
2023-05-11T09:00,11.6,2,0.00
2023-05-11T10:00,13.8,0,0.00
2023-05-11T11:00,16.0,0,0.00
2023-05-11T12:00,17.8,1,0.00
2023-05-11T13:00,19.2,0,0.00
2023-05-11T14:00,21.5,2,0.00
2023-05-11T15:00,23.5,3,0.00
2023-05-11T16:00,22.1,0,0.00
2023-05-11T17:00,22.3,0,0.00
2023-05-11T18:00,22.1,0,0.00
2023-05-11T19:00,21.2,0,0.00
2023-05-11T20:00,19.7,0,0.00
2023-05-11T21:00,18.1,0,0.00
2023-05-11T22:00,16.1,0,0.00
2023-05-11T23:00,14.6,0,0.00
2023-05-12T00:00,14.2,0,0.00
2023-05-12T01:00,13.3,0,0.00
2023-05-12T02:00,12.0,0,0.00
2023-05-12T03:00,11.2,0,0.00
2023-05-12T04:00,10.3,0,0.00
2023-05-12T05:00,9.7,0,0.00
2023-05-12T06:00,9.2,0,0.00
2023-05-12T07:00,8.7,0,0.00
2023-05-12T08:00,9.3,0,0.00
2023-05-12T09:00,11.5,0,0.00
2023-05-12T10:00,13.6,1,0.00
2023-05-12T11:00,15.1,51,0.10
2023-05-12T12:00,15.8,51,0.20
2023-05-12T13:00,16.4,51,0.30
2023-05-12T14:00,17.3,1,0.00
2023-05-12T15:00,19.0,0,0.00
2023-05-12T16:00,19.9,1,0.00
2023-05-12T17:00,15.2,61,1.60
2023-05-12T18:00,17.4,2,0.00
2023-05-12T19:00,16.4,1,0.00
2023-05-12T20:00,15.2,2,0.00
2023-05-12T21:00,14.0,0,0.00
2023-05-12T22:00,12.8,0,0.00
2023-05-12T23:00,12.3,0,0.00
2023-05-13T00:00,11.5,0,0.00
2023-05-13T01:00,10.6,0,0.00
2023-05-13T02:00,9.1,0,0.00
2023-05-13T03:00,8.3,0,0.00
2023-05-13T04:00,7.5,0,0.00
2023-05-13T05:00,6.5,0,0.00
2023-05-13T06:00,5.8,0,0.00
2023-05-13T07:00,4.9,0,0.00
2023-05-13T08:00,6.8,0,0.00
2023-05-13T09:00,9.5,0,0.00
2023-05-13T10:00,11.9,0,0.00
2023-05-13T11:00,14.4,0,0.00
2023-05-13T12:00,16.3,51,0.10
2023-05-13T13:00,17.5,51,0.10
2023-05-13T14:00,18.8,0,0.00
2023-05-13T15:00,19.9,2,0.00
2023-05-13T16:00,20.0,3,0.00
2023-05-13T17:00,20.0,2,0.00
2023-05-13T18:00,19.5,2,0.00
2023-05-13T19:00,19.1,0,0.00
2023-05-13T20:00,19.1,2,0.00
2023-05-13T21:00,17.6,0,0.00
2023-05-13T22:00,15.4,0,0.00
2023-05-13T23:00,14.0,0,0.00
2023-05-14T00:00,13.1,1,0.00
2023-05-14T01:00,12.3,0,0.00
2023-05-14T02:00,11.1,0,0.00
2023-05-14T03:00,10.7,0,0.00
2023-05-14T04:00,9.8,0,0.00
2023-05-14T05:00,8.1,0,0.00
2023-05-14T06:00,7.8,0,0.00
2023-05-14T07:00,7.9,0,0.00
2023-05-14T08:00,8.4,0,0.00
2023-05-14T09:00,11.6,0,0.00
2023-05-14T10:00,14.2,0,0.00
2023-05-14T11:00,16.4,1,0.00
2023-05-14T12:00,17.9,51,0.10
2023-05-14T13:00,18.3,51,0.10
2023-05-14T14:00,17.8,1,0.00
2023-05-14T15:00,19.1,51,0.10
2023-05-14T16:00,20.2,51,0.10
2023-05-14T17:00,20.5,1,0.00
2023-05-14T18:00,20.2,1,0.00
2023-05-14T19:00,19.6,1,0.00
2023-05-14T20:00,18.9,1,0.00
2023-05-14T21:00,17.1,0,0.00
2023-05-14T22:00,15.5,0,0.00
2023-05-14T23:00,13.7,1,0.00
2023-05-15T00:00,12.7,0,0.00
2023-05-15T01:00,12.8,1,0.00
2023-05-15T02:00,11.6,2,0.00
2023-05-15T03:00,10.8,3,0.00
2023-05-15T04:00,9.7,3,0.00
2023-05-15T05:00,8.4,1,0.00
2023-05-15T06:00,9.1,3,0.00
2023-05-15T07:00,8.6,2,0.00
2023-05-15T08:00,8.9,2,0.00
2023-05-15T09:00,11.2,1,0.00
2023-05-15T10:00,13.8,2,0.00
2023-05-15T11:00,15.9,2,0.00
2023-05-15T12:00,16.7,1,0.00
2023-05-15T13:00,18.3,1,0.00
2023-05-15T14:00,20.8,1,0.00
2023-05-15T15:00,20.9,1,0.00
2023-05-15T16:00,21.2,1,0.00
2023-05-15T17:00,20.6,3,0.00
2023-05-15T18:00,19.9,3,0.00
2023-05-15T19:00,19.2,1,0.00
2023-05-15T20:00,18.2,0,0.00
2023-05-15T21:00,16.7,0,0.00
2023-05-15T22:00,14.7,0,0.00
2023-05-15T23:00,13.6,0,0.00
2023-05-16T00:00,12.6,0,0.00
2023-05-16T01:00,11.7,0,0.00
2023-05-16T02:00,10.2,0,0.00
2023-05-16T03:00,9.2,0,0.00
2023-05-16T04:00,8.6,0,0.00
2023-05-16T05:00,7.9,0,0.00
2023-05-16T06:00,7.5,1,0.00
2023-05-16T07:00,6.8,1,0.00
2023-05-16T08:00,7.8,1,0.00
2023-05-16T09:00,10.5,0,0.00
2023-05-16T10:00,12.5,1,0.00
2023-05-16T11:00,14.5,1,0.00
2023-05-16T12:00,16.5,1,0.00
2023-05-16T13:00,18.3,1,0.00
2023-05-16T14:00,19.7,2,0.00
2023-05-16T15:00,21.3,2,0.00
2023-05-16T16:00,22.5,3,0.00
2023-05-16T17:00,22.9,3,0.00
2023-05-16T18:00,22.4,3,0.00
2023-05-16T19:00,21.5,3,0.00
2023-05-16T20:00,20.3,3,0.00
2023-05-16T21:00,18.8,3,0.00
2023-05-16T22:00,17.1,2,0.00
2023-05-16T23:00,15.6,3,0.00
2023-05-17T00:00,14.2,3,0.00
2023-05-17T01:00,12.7,3,0.00
2023-05-17T02:00,11.5,3,0.00
2023-05-17T03:00,10.1,3,0.00
2023-05-17T04:00,9.0,0,0.00
2023-05-17T05:00,8.3,1,0.00
2023-05-17T06:00,7.9,3,0.00
2023-05-17T07:00,7.6,3,0.00
2023-05-17T08:00,8.3,3,0.00
2023-05-17T09:00,10.1,3,0.00
2023-05-17T10:00,12.5,3,0.00
2023-05-17T11:00,14.8,3,0.00
2023-05-17T12:00,17.2,3,0.00
2023-05-17T13:00,19.4,3,0.00
2023-05-17T14:00,20.7,3,0.00
2023-05-17T15:00,22.4,3,0.00
2023-05-17T16:00,23.1,3,0.00
2023-05-17T17:00,23.6,3,0.00
2023-05-17T18:00,23.1,3,0.00
2023-05-17T19:00,22.1,3,0.00
2023-05-17T20:00,21.1,3,0.00
2023-05-17T21:00,19.3,3,0.00
2023-05-17T22:00,17.2,0,0.00
2023-05-17T23:00,15.3,0,0.00
2023-05-18T00:00,13.6,0,0.00
2023-05-18T01:00,12.1,0,0.00
2023-05-18T02:00,10.7,0,0.00
2023-05-18T03:00,9.8,0,0.00
2023-05-18T04:00,9.4,0,0.00
2023-05-18T05:00,8.8,0,0.00
2023-05-18T06:00,8.3,0,0.00
2023-05-18T07:00,7.9,0,0.00
2023-05-18T08:00,8.7,0,0.00
2023-05-18T09:00,10.7,0,0.00
2023-05-18T10:00,12.8,0,0.00
2023-05-18T11:00,14.9,0,0.00
2023-05-18T12:00,16.8,1,0.00
2023-05-18T13:00,18.4,0,0.00
2023-05-18T14:00,20.0,0,0.00
2023-05-18T15:00,20.9,0,0.00
2023-05-18T16:00,21.2,0,0.00
2023-05-18T17:00,22.7,1,0.00
2023-05-18T18:00,22.2,3,0.00
2023-05-18T19:00,21.0,0,0.00
2023-05-18T20:00,21.5,3,0.00
2023-05-18T21:00,18.4,3,0.00
2023-05-18T22:00,16.7,3,0.00
2023-05-18T23:00,15.2,2,0.00
2023-05-19T00:00,13.5,2,0.00
2023-05-19T01:00,12.2,2,0.00
2023-05-19T02:00,11.2,3,0.00
2023-05-19T03:00,10.6,0,0.00
2023-05-19T04:00,10.0,0,0.00
2023-05-19T05:00,9.4,0,0.00
2023-05-19T06:00,8.9,0,0.00
2023-05-19T07:00,8.3,0,0.00
2023-05-19T08:00,9.2,0,0.00
2023-05-19T09:00,10.9,0,0.00
2023-05-19T10:00,12.8,0,0.00
2023-05-19T11:00,14.8,0,0.00
2023-05-19T12:00,16.7,0,0.00
2023-05-19T13:00,18.6,2,0.00
2023-05-19T14:00,19.2,2,0.00
2023-05-19T15:00,20.7,2,0.00
2023-05-19T16:00,21.3,3,0.00
2023-05-19T17:00,20.0,51,0.10
2023-05-19T18:00,20.4,1,0.00
2023-05-19T19:00,19.4,51,0.10
2023-05-19T20:00,18.0,1,0.00
2023-05-19T21:00,16.9,0,0.00
2023-05-19T22:00,15.2,0,0.00
2023-05-19T23:00,14.3,0,0.00
2023-05-20T00:00,13.3,0,0.00
2023-05-20T01:00,12.1,0,0.00
2023-05-20T02:00,11.2,0,0.00
2023-05-20T03:00,10.1,0,0.00
2023-05-20T04:00,9.1,0,0.00
2023-05-20T05:00,8.3,2,0.00
2023-05-20T06:00,7.7,3,0.00
2023-05-20T07:00,7.1,0,0.00
2023-05-20T08:00,8.2,0,0.00
2023-05-20T09:00,11.0,1,0.00
2023-05-20T10:00,12.9,1,0.00
2023-05-20T11:00,14.6,3,0.00
2023-05-20T12:00,16.9,3,0.00
2023-05-20T13:00,17.5,51,0.10
2023-05-20T14:00,17.7,51,0.10
2023-05-20T15:00,18.7,3,0.00
2023-05-20T16:00,19.5,51,0.10
2023-05-20T17:00,20.5,1,0.00
2023-05-20T18:00,20.5,51,0.10
2023-05-20T19:00,20.4,3,0.00
2023-05-20T20:00,19.2,3,0.00
2023-05-20T21:00,18.5,3,0.00
2023-05-20T22:00,16.5,3,0.00
2023-05-20T23:00,15.9,3,0.00
2023-05-21T00:00,14.7,3,0.00
2023-05-21T01:00,13.7,2,0.00
2023-05-21T02:00,12.3,3,0.00
2023-05-21T03:00,11.7,3,0.00
2023-05-21T04:00,11.1,3,0.00
2023-05-21T05:00,11.1,3,0.00
2023-05-21T06:00,11.0,3,0.00
2023-05-21T07:00,10.9,3,0.00
2023-05-21T08:00,11.1,3,0.00
2023-05-21T09:00,11.9,3,0.00
2023-05-21T10:00,13.4,3,0.00
2023-05-21T11:00,15.6,51,0.20
2023-05-21T12:00,17.3,3,0.00
2023-05-21T13:00,19.1,3,0.00
2023-05-21T14:00,20.0,3,0.00
2023-05-21T15:00,21.6,3,0.00
2023-05-21T16:00,16.7,55,1.10
2023-05-21T17:00,19.2,3,0.00
2023-05-21T18:00,21.1,2,0.00
2023-05-21T19:00,20.8,1,0.00
2023-05-21T20:00,20.6,3,0.00
2023-05-21T21:00,16.9,51,0.30
2023-05-21T22:00,15.7,51,0.10
2023-05-21T23:00,15.4,3,0.00
2023-05-22T00:00,14.6,3,0.00
2023-05-22T01:00,14.5,51,0.10
2023-05-22T02:00,13.6,1,0.00
2023-05-22T03:00,12.6,51,0.10
2023-05-22T04:00,13.1,3,0.00
2023-05-22T05:00,12.6,3,0.00
2023-05-22T06:00,12.0,1,0.00
2023-05-22T07:00,11.3,3,0.00
2023-05-22T08:00,12.1,3,0.00
2023-05-22T09:00,14.4,3,0.00
2023-05-22T10:00,16.5,3,0.00
2023-05-22T11:00,18.5,2,0.00
2023-05-22T12:00,20.6,2,0.00
2023-05-22T13:00,22.1,2,0.00
2023-05-22T14:00,22.9,51,0.10
2023-05-22T15:00,22.9,3,0.00
2023-05-22T16:00,23.3,3,0.00
2023-05-22T17:00,22.2,3,0.00
2023-05-22T18:00,21.4,53,0.90
2023-05-22T19:00,22.6,3,0.00
2023-05-22T20:00,19.5,3,0.00
2023-05-22T21:00,18.3,3,0.00
2023-05-22T22:00,17.8,1,0.00
2023-05-22T23:00,15.7,53,0.50
2023-05-23T00:00,14.1,51,0.30
2023-05-23T01:00,13.5,51,0.20
2023-05-23T02:00,14.1,61,1.70
2023-05-23T03:00,13.9,61,1.30
2023-05-23T04:00,13.2,51,0.20
2023-05-23T05:00,13.0,2,0.00
2023-05-23T06:00,12.7,3,0.00
2023-05-23T07:00,12.4,1,0.00
2023-05-23T08:00,13.1,1,0.00
2023-05-23T09:00,14.9,3,0.00
2023-05-23T10:00,16.7,3,0.00
2023-05-23T11:00,18.6,51,0.10
2023-05-23T12:00,20.1,2,0.00
2023-05-23T13:00,22.1,3,0.00
2023-05-23T14:00,14.1,3,0.00
2023-05-23T15:00,19.9,51,0.20
2023-05-23T16:00,23.2,1,0.00
2023-05-23T17:00,23.6,1,0.00
2023-05-23T18:00,23.4,2,0.00
2023-05-23T19:00,18.4,61,1.50
2023-05-23T20:00,16.8,63,3.00
2023-05-23T21:00,16.2,51,0.20
2023-05-23T22:00,15.0,51,0.30
2023-05-23T23:00,14.5,2,0.00
2023-05-24T00:00,13.7,1,0.00
2023-05-24T01:00,13.2,0,0.00
2023-05-24T02:00,13.0,0,0.00
2023-05-24T03:00,12.9,51,0.30
2023-05-24T04:00,12.6,51,0.10
2023-05-24T05:00,12.7,1,0.00
2023-05-24T06:00,12.4,2,0.00
2023-05-24T07:00,12.2,2,0.00
2023-05-24T08:00,12.8,1,0.00
2023-05-24T09:00,14.2,1,0.00
2023-05-24T10:00,15.9,0,0.00
2023-05-24T11:00,17.9,0,0.00
2023-05-24T12:00,19.6,2,0.00
2023-05-24T13:00,20.9,2,0.00
2023-05-24T14:00,22.5,1,0.00
2023-05-24T15:00,22.7,2,0.00
2023-05-24T16:00,23.1,1,0.00
2023-05-24T17:00,22.9,3,0.00
2023-05-24T18:00,22.7,51,0.10
2023-05-24T19:00,21.1,51,0.30
2023-05-24T20:00,20.4,2,0.00
2023-05-24T21:00,18.8,51,0.20
2023-05-24T22:00,16.2,53,0.60
2023-05-24T23:00,15.6,3,0.00
2023-05-25T00:00,14.2,1,0.00
2023-05-25T01:00,13.3,0,0.00
2023-05-25T02:00,13.3,0,0.00
2023-05-25T03:00,12.8,0,0.00
2023-05-25T04:00,12.4,0,0.00
2023-05-25T05:00,12.2,1,0.00
2023-05-25T06:00,12.2,1,0.00
2023-05-25T07:00,12.2,1,0.00
2023-05-25T08:00,13.5,0,0.00
2023-05-25T09:00,15.5,0,0.00
2023-05-25T10:00,17.5,0,0.00
2023-05-25T11:00,19.4,0,0.00
2023-05-25T12:00,21.0,1,0.00
2023-05-25T13:00,22.0,51,0.30
2023-05-25T14:00,23.4,51,0.10
2023-05-25T15:00,20.0,53,0.80
2023-05-25T16:00,23.5,2,0.00
2023-05-25T17:00,25.3,3,0.00
2023-05-25T18:00,22.1,3,0.00
2023-05-25T19:00,21.6,3,0.00
2023-05-25T20:00,21.4,1,0.00
2023-05-25T21:00,18.3,1,0.00
2023-05-25T22:00,16.7,1,0.00
2023-05-25T23:00,15.2,2,0.00
2023-05-26T00:00,14.2,3,0.00
2023-05-26T01:00,12.8,61,1.30
2023-05-26T02:00,12.5,63,3.20
2023-05-26T03:00,12.7,55,1.10
2023-05-26T04:00,12.9,61,1.60
2023-05-26T05:00,12.8,63,2.50
2023-05-26T06:00,12.8,61,2.20
2023-05-26T07:00,12.9,61,1.60
2023-05-26T08:00,13.1,63,2.50
2023-05-26T09:00,13.6,61,1.50
2023-05-26T10:00,13.8,61,1.90
2023-05-26T11:00,15.1,51,0.10
2023-05-26T12:00,16.5,51,0.10
2023-05-26T13:00,16.8,51,0.10
2023-05-26T14:00,18.6,51,0.40
2023-05-26T15:00,15.7,61,1.60
2023-05-26T16:00,17.1,51,0.20
2023-05-26T17:00,18.7,51,0.30
2023-05-26T18:00,17.6,61,2.00
2023-05-26T19:00,17.5,51,0.40
2023-05-26T20:00,17.2,3,0.00
2023-05-26T21:00,16.6,51,0.20
2023-05-26T22:00,15.6,2,0.00
2023-05-26T23:00,14.5,51,0.30
2023-05-27T00:00,13.6,51,0.40
2023-05-27T01:00,13.7,2,0.00
2023-05-27T02:00,13.6,3,0.00
2023-05-27T03:00,13.8,51,0.10
2023-05-27T04:00,13.5,1,0.00
2023-05-27T05:00,13.2,2,0.00
2023-05-27T06:00,13.0,0,0.00
2023-05-27T07:00,12.2,1,0.00
2023-05-27T08:00,12.9,3,0.00
2023-05-27T09:00,14.5,3,0.00
2023-05-27T10:00,15.4,3,0.00
2023-05-27T11:00,16.1,3,0.00
2023-05-27T12:00,17.2,3,0.00
2023-05-27T13:00,18.0,3,0.00
2023-05-27T14:00,19.8,3,0.00
2023-05-27T15:00,19.7,3,0.00
2023-05-27T16:00,21.0,3,0.00
2023-05-27T17:00,19.2,65,10.10
2023-05-27T18:00,18.8,61,2.30
2023-05-27T19:00,17.4,53,0.50
2023-05-27T20:00,16.2,63,5.00
2023-05-27T21:00,14.8,63,4.70
2023-05-27T22:00,14.2,53,0.60
2023-05-27T23:00,14.1,61,1.30
2023-05-28T00:00,13.6,53,0.90
2023-05-28T01:00,13.6,53,0.50
2023-05-28T02:00,13.6,51,0.20
2023-05-28T03:00,13.5,51,0.10
2023-05-28T04:00,13.5,51,0.10
2023-05-28T05:00,13.4,51,0.10
2023-05-28T06:00,13.1,51,0.10
2023-05-28T07:00,12.7,3,0.00
2023-05-28T08:00,13.0,51,0.10
2023-05-28T09:00,13.9,51,0.10
2023-05-28T10:00,15.1,2,0.00
2023-05-28T11:00,16.5,51,0.20
2023-05-28T12:00,17.4,3,0.00
2023-05-28T13:00,18.3,3,0.00
2023-05-28T14:00,15.2,53,0.60
2023-05-28T15:00,16.5,55,1.00
2023-05-28T16:00,18.4,51,0.20
2023-05-28T17:00,19.2,51,0.10
2023-05-28T18:00,19.7,3,0.00
2023-05-28T19:00,19.9,3,0.00
2023-05-28T20:00,19.2,3,0.00
2023-05-28T21:00,17.8,2,0.00
2023-05-28T22:00,15.4,3,0.00
2023-05-28T23:00,14.1,3,0.00
2023-05-29T00:00,13.0,3,0.00
2023-05-29T01:00,13.2,1,0.00
2023-05-29T02:00,12.3,2,0.00
2023-05-29T03:00,12.1,3,0.00
2023-05-29T04:00,11.8,3,0.00
2023-05-29T05:00,11.6,3,0.00
2023-05-29T06:00,11.4,3,0.00
2023-05-29T07:00,11.3,3,0.00
2023-05-29T08:00,11.7,3,0.00
2023-05-29T09:00,13.4,2,0.00
2023-05-29T10:00,15.8,3,0.00
2023-05-29T11:00,17.4,2,0.00
2023-05-29T12:00,18.4,51,0.20
2023-05-29T13:00,19.3,51,0.10
2023-05-29T14:00,20.8,3,0.00
2023-05-29T15:00,21.8,0,0.00
2023-05-29T16:00,22.2,1,0.00
2023-05-29T17:00,22.3,3,0.00
2023-05-29T18:00,21.4,3,0.00
2023-05-29T19:00,18.6,53,0.50
2023-05-29T20:00,18.3,3,0.00
2023-05-29T21:00,16.5,51,0.10
2023-05-29T22:00,15.3,3,0.00
2023-05-29T23:00,15.0,3,0.00
2023-05-30T00:00,14.1,3,0.00
2023-05-30T01:00,13.6,61,1.90
2023-05-30T02:00,13.3,51,0.10
2023-05-30T03:00,12.8,1,0.00
2023-05-30T04:00,12.6,0,0.00
2023-05-30T05:00,11.5,1,0.00
2023-05-30T06:00,10.8,1,0.00
2023-05-30T07:00,10.4,3,0.00
2023-05-30T08:00,12.1,3,0.00
2023-05-30T09:00,13.7,2,0.00
2023-05-30T10:00,15.8,1,0.00
2023-05-30T11:00,17.4,1,0.00
2023-05-30T12:00,18.2,2,0.00
2023-05-30T13:00,19.4,1,0.00
2023-05-30T14:00,21.2,2,0.00
2023-05-30T15:00,21.7,51,0.10
2023-05-30T16:00,21.3,51,0.10
2023-05-30T17:00,18.7,55,1.20
2023-05-30T18:00,19.3,51,0.10
2023-05-30T19:00,18.3,61,1.40
2023-05-30T20:00,18.1,3,0.00
2023-05-30T21:00,16.9,3,0.00
2023-05-30T22:00,15.0,3,0.00
2023-05-30T23:00,14.3,3,0.00
2023-05-31T00:00,13.5,3,0.00
2023-05-31T01:00,13.1,2,0.00
2023-05-31T02:00,13.1,0,0.00
2023-05-31T03:00,12.7,2,0.00
2023-05-31T04:00,12.5,2,0.00
2023-05-31T05:00,11.8,1,0.00
2023-05-31T06:00,11.5,1,0.00
2023-05-31T07:00,10.8,1,0.00
2023-05-31T08:00,12.5,2,0.00
2023-05-31T09:00,14.0,1,0.00
2023-05-31T10:00,16.1,1,0.00
2023-05-31T11:00,17.8,2,0.00
2023-05-31T12:00,19.4,0,0.00
2023-05-31T13:00,20.6,51,0.10
2023-05-31T14:00,21.8,51,0.10
2023-05-31T15:00,22.6,1,0.00
2023-05-31T16:00,22.7,2,0.00
2023-05-31T17:00,22.9,2,0.00
2023-05-31T18:00,21.8,51,0.20
2023-05-31T19:00,20.5,51,0.10
2023-05-31T20:00,20.0,3,0.00
2023-05-31T21:00,18.9,3,0.00
2023-05-31T22:00,17.7,3,0.00
2023-05-31T23:00,15.9,53,0.90
2023-06-01T00:00,15.2,51,0.10
2023-06-01T01:00,14.5,3,0.00
2023-06-01T02:00,14.2,1,0.00
2023-06-01T03:00,14.2,2,0.00
2023-06-01T04:00,13.0,2,0.00
2023-06-01T05:00,12.9,3,0.00
2023-06-01T06:00,12.7,3,0.00
2023-06-01T07:00,12.4,3,0.00
2023-06-01T08:00,13.5,2,0.00
2023-06-01T09:00,15.1,1,0.00
2023-06-01T10:00,16.7,2,0.00
2023-06-01T11:00,18.3,51,0.10
2023-06-01T12:00,19.8,51,0.10
2023-06-01T13:00,21.0,51,0.20
2023-06-01T14:00,22.3,51,0.20
2023-06-01T15:00,22.4,51,0.10
2023-06-01T16:00,16.0,63,5.20
2023-06-01T17:00,20.0,3,0.00
2023-06-01T18:00,19.9,3,0.00
2023-06-01T19:00,19.8,3,0.00
2023-06-01T20:00,19.1,2,0.00
2023-06-01T21:00,17.7,3,0.00
2023-06-01T22:00,16.0,3,0.00
2023-06-01T23:00,14.8,53,0.70
2023-06-02T00:00,13.9,53,0.90
2023-06-02T01:00,13.7,51,0.10
2023-06-02T02:00,13.2,3,0.00
2023-06-02T03:00,13.0,2,0.00
2023-06-02T04:00,12.7,3,0.00
2023-06-02T05:00,12.6,2,0.00
2023-06-02T06:00,12.4,51,0.20
2023-06-02T07:00,12.4,53,0.70
2023-06-02T08:00,12.9,3,0.00
2023-06-02T09:00,13.7,3,0.00
2023-06-02T10:00,14.9,51,0.10
2023-06-02T11:00,16.2,51,0.10
2023-06-02T12:00,17.5,51,0.10
2023-06-02T13:00,18.7,51,0.20
2023-06-02T14:00,20.5,51,0.30
2023-06-02T15:00,21.4,51,0.20
2023-06-02T16:00,22.0,3,0.00
2023-06-02T17:00,22.1,3,0.00
2023-06-02T18:00,21.2,3,0.00
2023-06-02T19:00,16.7,63,4.10
2023-06-02T20:00,17.2,3,0.00
2023-06-02T21:00,16.4,3,0.00
2023-06-02T22:00,14.9,51,0.10
2023-06-02T23:00,14.2,3,0.00
2023-06-03T00:00,13.6,2,0.00
2023-06-03T01:00,13.1,3,0.00
2023-06-03T02:00,13.8,3,0.00
2023-06-03T03:00,13.7,3,0.00
2023-06-03T04:00,12.6,3,0.00
2023-06-03T05:00,12.4,2,0.00
2023-06-03T06:00,11.8,1,0.00
2023-06-03T07:00,11.7,1,0.00
2023-06-03T08:00,12.8,2,0.00
2023-06-03T09:00,15.0,2,0.00
2023-06-03T10:00,17.0,3,0.00
2023-06-03T11:00,18.7,3,0.00
2023-06-03T12:00,20.2,3,0.00
2023-06-03T13:00,21.7,2,0.00
2023-06-03T14:00,22.9,2,0.00
2023-06-03T15:00,23.1,1,0.00
2023-06-03T16:00,23.4,1,0.00
2023-06-03T17:00,24.0,1,0.00
2023-06-03T18:00,24.1,2,0.00
2023-06-03T19:00,23.4,1,0.00
2023-06-03T20:00,22.6,3,0.00
2023-06-03T21:00,19.8,3,0.00
2023-06-03T22:00,18.3,51,0.20
2023-06-03T23:00,16.7,3,0.00
2023-06-04T00:00,15.8,3,0.00
2023-06-04T01:00,15.3,3,0.00
2023-06-04T02:00,14.5,3,0.00
2023-06-04T03:00,14.5,1,0.00
2023-06-04T04:00,14.3,3,0.00
2023-06-04T05:00,13.7,0,0.00
2023-06-04T06:00,13.3,0,0.00
2023-06-04T07:00,12.9,0,0.00
2023-06-04T08:00,14.1,0,0.00
2023-06-04T09:00,16.2,0,0.00
2023-06-04T10:00,18.2,0,0.00
2023-06-04T11:00,19.9,51,0.10
2023-06-04T12:00,21.1,51,0.10
2023-06-04T13:00,22.2,51,0.10
2023-06-04T14:00,23.3,51,0.10
2023-06-04T15:00,24.0,3,0.00
2023-06-04T16:00,21.1,63,3.90
2023-06-04T17:00,20.8,3,0.00
2023-06-04T18:00,22.0,3,0.00
2023-06-04T19:00,21.7,51,0.10
2023-06-04T20:00,21.1,3,0.00
2023-06-04T21:00,20.2,3,0.00
2023-06-04T22:00,17.5,2,0.00
2023-06-04T23:00,16.9,2,0.00
2023-06-05T00:00,17.7,0,0.00
2023-06-05T01:00,15.5,2,0.00
2023-06-05T02:00,15.4,3,0.00
2023-06-05T03:00,15.6,53,0.80
2023-06-05T04:00,15.0,51,0.30
2023-06-05T05:00,14.5,51,0.10
2023-06-05T06:00,13.9,3,0.00
2023-06-05T07:00,13.7,3,0.00
2023-06-05T08:00,14.6,3,0.00
2023-06-05T09:00,16.1,3,0.00
2023-06-05T10:00,18.0,1,0.00
2023-06-05T11:00,19.8,2,0.00
2023-06-05T12:00,21.2,51,0.10
2023-06-05T13:00,22.5,1,0.00
2023-06-05T14:00,24.7,1,0.00
2023-06-05T15:00,24.2,53,0.80
2023-06-05T16:00,22.2,61,1.90
2023-06-05T17:00,23.5,3,0.00
2023-06-05T18:00,23.3,53,0.50
2023-06-05T19:00,23.6,51,0.30
2023-06-05T20:00,22.3,53,0.50
2023-06-05T21:00,19.3,61,1.50
2023-06-05T22:00,18.0,61,2.30
2023-06-05T23:00,16.8,2,0.00
2023-06-06T00:00,15.7,0,0.00
2023-06-06T01:00,15.3,0,0.00
2023-06-06T02:00,14.9,0,0.00
2023-06-06T03:00,14.6,0,0.00
2023-06-06T04:00,14.3,0,0.00
2023-06-06T05:00,14.1,0,0.00
2023-06-06T06:00,13.8,0,0.00
2023-06-06T07:00,13.5,0,0.00
2023-06-06T08:00,14.6,0,0.00
2023-06-06T09:00,16.8,0,0.00
2023-06-06T10:00,18.9,2,0.00
2023-06-06T11:00,20.9,3,0.00
2023-06-06T12:00,22.6,3,0.00
2023-06-06T13:00,23.9,3,0.00
2023-06-06T14:00,24.9,3,0.00
2023-06-06T15:00,25.6,3,0.00
2023-06-06T16:00,26.1,1,0.00
2023-06-06T17:00,26.4,0,0.00
2023-06-06T18:00,26.7,1,0.00
2023-06-06T19:00,26.4,1,0.00
2023-06-06T20:00,25.8,3,0.00
2023-06-06T21:00,23.5,3,0.00
2023-06-06T22:00,21.0,3,0.00
2023-06-06T23:00,20.9,3,0.00
2023-06-07T00:00,20.3,3,0.00
2023-06-07T01:00,20.1,3,0.00
2023-06-07T02:00,19.7,3,0.00
2023-06-07T03:00,20.0,3,0.00
2023-06-07T04:00,19.0,3,0.00
2023-06-07T05:00,18.1,53,0.70
2023-06-07T06:00,17.3,51,0.30
2023-06-07T07:00,16.9,3,0.00
2023-06-07T08:00,16.7,51,0.10
2023-06-07T09:00,16.6,51,0.20
2023-06-07T10:00,16.6,51,0.30
2023-06-07T11:00,16.5,53,0.70
2023-06-07T12:00,16.8,53,0.60
2023-06-07T13:00,17.1,53,0.80
2023-06-07T14:00,18.5,53,0.70
2023-06-07T15:00,17.6,53,0.90
2023-06-07T16:00,17.0,53,0.80
2023-06-07T17:00,17.6,53,0.50
2023-06-07T18:00,17.5,51,0.20
2023-06-07T19:00,18.2,51,0.10
2023-06-07T20:00,18.7,51,0.10
2023-06-07T21:00,18.4,51,0.10
2023-06-07T22:00,16.8,3,0.00
2023-06-07T23:00,15.4,3,0.00
2023-06-08T00:00,16.1,3,0.00
2023-06-08T01:00,15.9,51,0.10
2023-06-08T02:00,16.0,51,0.10
2023-06-08T03:00,15.6,3,0.00
2023-06-08T04:00,15.8,3,0.00
2023-06-08T05:00,15.4,3,0.00
2023-06-08T06:00,15.4,51,0.20
2023-06-08T07:00,15.5,51,0.20
2023-06-08T08:00,15.8,51,0.20
2023-06-08T09:00,15.8,53,0.70
2023-06-08T10:00,16.4,53,0.60
2023-06-08T11:00,17.6,51,0.30
2023-06-08T12:00,18.0,3,0.00
2023-06-08T13:00,18.4,51,0.10
2023-06-08T14:00,20.1,51,0.20
2023-06-08T15:00,18.4,53,0.50
2023-06-08T16:00,19.5,51,0.30
2023-06-08T17:00,19.4,51,0.10
2023-06-08T18:00,20.2,2,0.00
2023-06-08T19:00,21.0,2,0.00
2023-06-08T20:00,20.8,2,0.00
2023-06-08T21:00,19.6,3,0.00
2023-06-08T22:00,18.1,3,0.00
2023-06-08T23:00,17.4,3,0.00
2023-06-09T00:00,16.8,2,0.00
2023-06-09T01:00,16.6,1,0.00
2023-06-09T02:00,15.3,1,0.00
2023-06-09T03:00,15.3,0,0.00
2023-06-09T04:00,14.4,3,0.00
2023-06-09T05:00,14.5,3,0.00
2023-06-09T06:00,14.8,51,0.10
2023-06-09T07:00,14.7,51,0.10
2023-06-09T08:00,14.7,51,0.10
2023-06-09T09:00,15.2,51,0.10
2023-06-09T10:00,16.7,51,0.10
2023-06-09T11:00,18.2,1,0.00
2023-06-09T12:00,19.5,2,0.00
2023-06-09T13:00,20.8,51,0.10
2023-06-09T14:00,21.9,0,0.00
2023-06-09T15:00,22.4,51,0.10
2023-06-09T16:00,21.9,0,0.00
2023-06-09T17:00,22.4,1,0.00
2023-06-09T18:00,22.8,51,0.20
2023-06-09T19:00,22.5,51,0.30
2023-06-09T20:00,21.2,1,0.00
2023-06-09T21:00,19.9,3,0.00
2023-06-09T22:00,18.2,3,0.00
2023-06-09T23:00,17.8,3,0.00
2023-06-10T00:00,17.2,3,0.00
2023-06-10T01:00,16.5,3,0.00
2023-06-10T02:00,15.8,3,0.00
2023-06-10T03:00,16.1,3,0.00
2023-06-10T04:00,15.6,2,0.00
2023-06-10T05:00,15.0,3,0.00
2023-06-10T06:00,15.1,3,0.00
2023-06-10T07:00,14.5,3,0.00
2023-06-10T08:00,15.3,3,0.00
2023-06-10T09:00,16.6,3,0.00
2023-06-10T10:00,18.4,3,0.00
2023-06-10T11:00,19.1,3,0.00
2023-06-10T12:00,20.5,2,0.00
2023-06-10T13:00,21.6,2,0.00
2023-06-10T14:00,24.0,1,0.00
2023-06-10T15:00,25.3,1,0.00
2023-06-10T16:00,25.6,0,0.00
2023-06-10T17:00,25.5,1,0.00
2023-06-10T18:00,25.2,1,0.00
2023-06-10T19:00,24.7,1,0.00
2023-06-10T20:00,23.7,3,0.00
2023-06-10T21:00,22.2,3,0.00
2023-06-10T22:00,20.2,3,0.00
2023-06-10T23:00,19.0,3,0.00
2023-06-11T00:00,17.9,3,0.00
2023-06-11T01:00,18.8,2,0.00
2023-06-11T02:00,18.8,2,0.00
2023-06-11T03:00,17.8,2,0.00
2023-06-11T04:00,16.9,2,0.00
2023-06-11T05:00,16.3,3,0.00
2023-06-11T06:00,15.4,3,0.00
2023-06-11T07:00,15.3,3,0.00
2023-06-11T08:00,16.5,3,0.00
2023-06-11T09:00,18.4,0,0.00
2023-06-11T10:00,20.6,3,0.00
2023-06-11T11:00,22.1,2,0.00
2023-06-11T12:00,23.1,51,0.10
2023-06-11T13:00,24.3,1,0.00
2023-06-11T14:00,25.7,0,0.00
2023-06-11T15:00,26.0,1,0.00
2023-06-11T16:00,26.3,1,0.00
2023-06-11T17:00,26.1,1,0.00
2023-06-11T18:00,26.0,1,0.00
2023-06-11T19:00,25.1,2,0.00
2023-06-11T20:00,23.1,2,0.00
2023-06-11T21:00,21.2,0,0.00
2023-06-11T22:00,19.1,0,0.00
2023-06-11T23:00,17.8,1,0.00
2023-06-12T00:00,16.4,1,0.00
2023-06-12T01:00,16.4,3,0.00
2023-06-12T02:00,15.1,3,0.00
2023-06-12T03:00,15.4,3,0.00
2023-06-12T04:00,15.1,3,0.00
2023-06-12T05:00,14.7,3,0.00
2023-06-12T06:00,14.9,3,0.00
2023-06-12T07:00,14.9,3,0.00
2023-06-12T08:00,16.1,3,0.00
2023-06-12T09:00,17.7,3,0.00
2023-06-12T10:00,19.8,0,0.00
2023-06-12T11:00,21.9,2,0.00
2023-06-12T12:00,23.5,1,0.00
2023-06-12T13:00,24.4,1,0.00
2023-06-12T14:00,20.7,3,0.00
2023-06-12T15:00,23.2,1,0.00
2023-06-12T16:00,22.7,55,1.20
2023-06-12T17:00,23.7,3,0.00
2023-06-12T18:00,23.1,3,0.00
2023-06-12T19:00,22.5,53,0.50
2023-06-12T20:00,22.1,3,0.00
2023-06-12T21:00,21.3,1,0.00
2023-06-12T22:00,19.5,3,0.00
2023-06-12T23:00,18.0,3,0.00
2023-06-13T00:00,16.8,2,0.00
2023-06-13T01:00,16.4,1,0.00
2023-06-13T02:00,15.2,2,0.00
2023-06-13T03:00,15.7,51,0.40
2023-06-13T04:00,14.5,1,0.00
2023-06-13T05:00,14.2,1,0.00
2023-06-13T06:00,13.7,1,0.00
2023-06-13T07:00,13.4,1,0.00
2023-06-13T08:00,14.6,1,0.00
2023-06-13T09:00,16.1,2,0.00
2023-06-13T10:00,17.6,2,0.00
2023-06-13T11:00,19.2,51,0.20
2023-06-13T12:00,20.6,51,0.10
2023-06-13T13:00,21.7,51,0.10
2023-06-13T14:00,18.2,51,0.10
2023-06-13T15:00,21.5,53,0.70
2023-06-13T16:00,22.4,51,0.20
2023-06-13T17:00,22.9,1,0.00
2023-06-13T18:00,22.8,3,0.00
2023-06-13T19:00,22.5,0,0.00
2023-06-13T20:00,21.9,2,0.00
2023-06-13T21:00,20.9,0,0.00
2023-06-13T22:00,19.0,0,0.00
2023-06-13T23:00,17.7,0,0.00
2023-06-14T00:00,16.1,0,0.00
2023-06-14T01:00,15.0,0,0.00
2023-06-14T02:00,15.0,0,0.00
2023-06-14T03:00,14.3,0,0.00
2023-06-14T04:00,13.8,0,0.00
2023-06-14T05:00,12.9,0,0.00
2023-06-14T06:00,12.1,0,0.00
2023-06-14T07:00,11.8,0,0.00
2023-06-14T08:00,13.5,1,0.00
2023-06-14T09:00,16.2,1,0.00
2023-06-14T10:00,19.0,1,0.00
2023-06-14T11:00,20.9,1,0.00
2023-06-14T12:00,22.5,2,0.00
2023-06-14T13:00,24.5,3,0.00
2023-06-14T14:00,24.8,3,0.00
2023-06-14T15:00,24.6,3,0.00
2023-06-14T16:00,25.5,3,0.00
2023-06-14T17:00,25.7,3,0.00
2023-06-14T18:00,25.7,2,0.00
2023-06-14T19:00,25.5,1,0.00
2023-06-14T20:00,24.7,0,0.00
2023-06-14T21:00,23.6,0,0.00
2023-06-14T22:00,20.8,0,0.00
2023-06-14T23:00,18.9,0,0.00
2023-06-15T00:00,18.7,0,0.00
2023-06-15T01:00,17.9,0,0.00
2023-06-15T02:00,17.1,0,0.00
2023-06-15T03:00,17.7,0,0.00
2023-06-15T04:00,17.2,3,0.00
2023-06-15T05:00,16.7,3,0.00
2023-06-15T06:00,16.2,3,0.00
2023-06-15T07:00,15.6,0,0.00
2023-06-15T08:00,16.6,0,0.00
2023-06-15T09:00,18.9,0,0.00
2023-06-15T10:00,21.6,0,0.00
2023-06-15T11:00,23.8,0,0.00
2023-06-15T12:00,25.4,1,0.00
2023-06-15T13:00,26.7,2,0.00
2023-06-15T14:00,27.8,2,0.00
2023-06-15T15:00,29.0,2,0.00
2023-06-15T16:00,29.6,2,0.00
2023-06-15T17:00,29.8,2,0.00
2023-06-15T18:00,30.0,3,0.00
2023-06-15T19:00,29.5,1,0.00
2023-06-15T20:00,28.4,0,0.00
2023-06-15T21:00,26.0,0,0.00
2023-06-15T22:00,22.4,0,0.00
2023-06-15T23:00,21.4,0,0.00
2023-06-16T00:00,20.8,0,0.00
2023-06-16T01:00,18.7,2,0.00
2023-06-16T02:00,18.2,1,0.00
2023-06-16T03:00,18.3,3,0.00
2023-06-16T04:00,19.0,3,0.00
2023-06-16T05:00,18.7,2,0.00
2023-06-16T06:00,18.2,2,0.00
2023-06-16T07:00,17.6,2,0.00
2023-06-16T08:00,18.3,1,0.00
2023-06-16T09:00,20.2,1,0.00
2023-06-16T10:00,22.5,1,0.00
2023-06-16T11:00,24.7,1,0.00
2023-06-16T12:00,26.7,2,0.00
2023-06-16T13:00,28.7,2,0.00
2023-06-16T14:00,30.2,2,0.00
2023-06-16T15:00,31.1,3,0.00
2023-06-16T16:00,31.6,3,0.00
2023-06-16T17:00,31.8,3,0.00
2023-06-16T18:00,31.9,3,0.00
2023-06-16T19:00,31.5,3,0.00
2023-06-16T20:00,30.8,0,0.00
2023-06-16T21:00,27.9,1,0.00
2023-06-16T22:00,24.7,3,0.00
2023-06-16T23:00,23.1,3,0.00
2023-06-17T00:00,22.0,3,0.00
2023-06-17T01:00,21.6,0,0.00
2023-06-17T02:00,21.5,0,0.00
2023-06-17T03:00,21.1,1,0.00
2023-06-17T04:00,20.3,0,0.00
2023-06-17T05:00,19.3,2,0.00
2023-06-17T06:00,18.9,0,0.00
2023-06-17T07:00,18.3,0,0.00
2023-06-17T08:00,19.8,1,0.00
2023-06-17T09:00,22.2,1,0.00
2023-06-17T10:00,24.3,2,0.00
2023-06-17T11:00,26.4,0,0.00
2023-06-17T12:00,28.5,0,0.00
2023-06-17T13:00,30.8,1,0.00
2023-06-17T14:00,32.8,2,0.00
2023-06-17T15:00,32.8,3,0.00
2023-06-17T16:00,32.7,3,0.00
2023-06-17T17:00,32.2,3,0.00
2023-06-17T18:00,32.3,3,0.00
2023-06-17T19:00,30.5,3,0.00
2023-06-17T20:00,28.9,2,0.00
2023-06-17T21:00,27.5,1,0.00
2023-06-17T22:00,24.8,3,0.00
2023-06-17T23:00,22.1,51,0.10
2023-06-18T00:00,21.4,0,0.00
2023-06-18T01:00,20.4,0,0.00
2023-06-18T02:00,18.1,1,0.00
2023-06-18T03:00,18.3,51,0.30
2023-06-18T04:00,18.0,51,0.20
2023-06-18T05:00,17.5,3,0.00
2023-06-18T06:00,17.3,2,0.00
2023-06-18T07:00,17.1,2,0.00
2023-06-18T08:00,17.6,3,0.00
2023-06-18T09:00,19.0,3,0.00
2023-06-18T10:00,20.0,51,0.10
2023-06-18T11:00,21.4,53,0.50
2023-06-18T12:00,24.5,3,0.00
2023-06-18T13:00,27.5,1,0.00
2023-06-18T14:00,27.6,0,0.00
2023-06-18T15:00,29.8,0,0.00
2023-06-18T16:00,29.3,55,1.20
2023-06-18T17:00,28.8,53,0.80
2023-06-18T18:00,27.5,51,0.40
2023-06-18T19:00,27.1,2,0.00
2023-06-18T20:00,26.5,3,0.00
2023-06-18T21:00,24.8,3,0.00
2023-06-18T22:00,22.0,3,0.00
2023-06-18T23:00,20.3,3,0.00
2023-06-19T00:00,20.0,3,0.00
2023-06-19T01:00,19.7,3,0.00
2023-06-19T02:00,19.0,51,0.10
2023-06-19T03:00,17.1,63,3.90
2023-06-19T04:00,17.2,51,0.40
2023-06-19T05:00,17.0,53,0.90
2023-06-19T06:00,17.1,3,0.00
2023-06-19T07:00,16.7,2,0.00
2023-06-19T08:00,17.7,3,0.00
2023-06-19T09:00,18.8,1,0.00
2023-06-19T10:00,21.1,3,0.00
2023-06-19T11:00,22.6,2,0.00
2023-06-19T12:00,24.2,3,0.00
2023-06-19T13:00,25.8,51,0.10
2023-06-19T14:00,25.9,3,0.00
2023-06-19T15:00,27.7,1,0.00
2023-06-19T16:00,28.8,3,0.00
2023-06-19T17:00,28.5,3,0.00
2023-06-19T18:00,28.8,3,0.00
2023-06-19T19:00,29.4,3,0.00
2023-06-19T20:00,28.0,3,0.00
2023-06-19T21:00,26.9,3,0.00
2023-06-19T22:00,25.3,3,0.00
2023-06-19T23:00,23.0,3,0.00
2023-06-20T00:00,22.6,3,0.00
2023-06-20T01:00,22.0,2,0.00
2023-06-20T02:00,21.4,2,0.00
2023-06-20T03:00,20.1,51,0.20
2023-06-20T04:00,19.4,51,0.10
2023-06-20T05:00,19.2,1,0.00
2023-06-20T06:00,17.7,1,0.00
2023-06-20T07:00,16.3,0,0.00
2023-06-20T08:00,17.0,1,0.00
2023-06-20T09:00,18.9,1,0.00
2023-06-20T10:00,21.1,1,0.00
2023-06-20T11:00,22.6,0,0.00
2023-06-20T12:00,23.3,51,0.10
2023-06-20T13:00,23.8,51,0.20
2023-06-20T14:00,25.2,51,0.10
2023-06-20T15:00,26.0,3,0.00
2023-06-20T16:00,26.1,3,0.00
2023-06-20T17:00,26.0,3,0.00
2023-06-20T18:00,26.3,3,0.00
2023-06-20T19:00,25.4,3,0.00
2023-06-20T20:00,24.4,2,0.00
2023-06-20T21:00,23.6,2,0.00
2023-06-20T22:00,21.3,3,0.00
2023-06-20T23:00,19.4,3,0.00
2023-06-21T00:00,19.3,3,0.00
2023-06-21T01:00,18.7,3,0.00
2023-06-21T02:00,17.6,3,0.00
2023-06-21T03:00,17.3,3,0.00
2023-06-21T04:00,16.3,3,0.00
2023-06-21T05:00,16.8,3,0.00
2023-06-21T06:00,15.6,3,0.00
2023-06-21T07:00,16.7,3,0.00
2023-06-21T08:00,17.1,1,0.00
2023-06-21T09:00,20.1,2,0.00
2023-06-21T10:00,22.4,3,0.00
2023-06-21T11:00,23.4,3,0.00
2023-06-21T12:00,25.0,2,0.00
2023-06-21T13:00,27.0,3,0.00
2023-06-21T14:00,26.5,3,0.00
2023-06-21T15:00,27.2,3,0.00
2023-06-21T16:00,28.1,3,0.00
2023-06-21T17:00,27.6,3,0.00
2023-06-21T18:00,26.7,3,0.00
2023-06-21T19:00,21.7,51,0.10
2023-06-21T20:00,21.3,2,0.00
2023-06-21T21:00,19.2,63,2.50
2023-06-21T22:00,17.5,61,1.30
2023-06-21T23:00,15.9,51,0.40
2023-06-22T00:00,16.3,3,0.00
2023-06-22T01:00,16.1,1,0.00
2023-06-22T02:00,16.6,0,0.00
2023-06-22T03:00,15.5,0,0.00
2023-06-22T04:00,15.6,0,0.00
2023-06-22T05:00,14.2,0,0.00
2023-06-22T06:00,14.1,0,0.00
2023-06-22T07:00,13.9,0,0.00
2023-06-22T08:00,15.6,0,0.00
2023-06-22T09:00,17.5,0,0.00
2023-06-22T10:00,19.6,0,0.00
2023-06-22T11:00,21.8,0,0.00
2023-06-22T12:00,23.8,1,0.00
2023-06-22T13:00,25.8,1,0.00
2023-06-22T14:00,26.6,1,0.00
2023-06-22T15:00,27.4,0,0.00
2023-06-22T16:00,28.0,0,0.00
2023-06-22T17:00,28.5,0,0.00
2023-06-22T18:00,28.6,2,0.00
2023-06-22T19:00,28.7,3,0.00
2023-06-22T20:00,28.2,2,0.00
2023-06-22T21:00,26.5,0,0.00
2023-06-22T22:00,24.2,0,0.00
2023-06-22T23:00,22.5,0,0.00
2023-06-23T00:00,20.6,0,0.00
2023-06-23T01:00,19.6,0,0.00
2023-06-23T02:00,19.2,0,0.00
2023-06-23T03:00,19.9,0,0.00
2023-06-23T04:00,19.9,0,0.00
2023-06-23T05:00,19.2,0,0.00
2023-06-23T06:00,18.7,0,0.00
2023-06-23T07:00,18.2,0,0.00
2023-06-23T08:00,19.0,0,0.00
2023-06-23T09:00,21.0,0,0.00
2023-06-23T10:00,23.0,0,0.00
2023-06-23T11:00,25.1,0,0.00
2023-06-23T12:00,27.0,0,0.00
2023-06-23T13:00,28.8,0,0.00
2023-06-23T14:00,29.8,0,0.00
2023-06-23T15:00,30.8,0,0.00
2023-06-23T16:00,31.3,0,0.00
2023-06-23T17:00,31.3,0,0.00
2023-06-23T18:00,31.3,0,0.00
2023-06-23T19:00,31.2,0,0.00
2023-06-23T20:00,30.8,0,0.00
2023-06-23T21:00,29.2,0,0.00
2023-06-23T22:00,25.0,0,0.00
2023-06-23T23:00,24.0,0,0.00
2023-06-24T00:00,23.0,0,0.00
2023-06-24T01:00,21.9,0,0.00
2023-06-24T02:00,20.8,0,0.00
2023-06-24T03:00,20.9,0,0.00
2023-06-24T04:00,20.4,0,0.00
2023-06-24T05:00,20.3,0,0.00
2023-06-24T06:00,19.5,0,0.00
2023-06-24T07:00,18.9,0,0.00
2023-06-24T08:00,19.7,0,0.00
2023-06-24T09:00,22.1,0,0.00
2023-06-24T10:00,24.3,0,0.00
2023-06-24T11:00,26.5,0,0.00
2023-06-24T12:00,28.6,0,0.00
2023-06-24T13:00,30.4,0,0.00
2023-06-24T14:00,31.7,0,0.00
2023-06-24T15:00,32.9,0,0.00
2023-06-24T16:00,33.6,0,0.00
2023-06-24T17:00,34.0,0,0.00
2023-06-24T18:00,34.2,0,0.00
2023-06-24T19:00,34.0,0,0.00
2023-06-24T20:00,33.5,0,0.00
2023-06-24T21:00,31.4,0,0.00
2023-06-24T22:00,29.1,0,0.00
2023-06-24T23:00,26.5,0,0.00
2023-06-25T00:00,26.5,0,0.00
2023-06-25T01:00,25.2,0,0.00
2023-06-25T02:00,23.1,0,0.00
2023-06-25T03:00,22.5,0,0.00
2023-06-25T04:00,22.6,0,0.00
2023-06-25T05:00,21.3,0,0.00
2023-06-25T06:00,21.3,0,0.00
2023-06-25T07:00,20.3,0,0.00
2023-06-25T08:00,21.6,0,0.00
2023-06-25T09:00,24.3,0,0.00
2023-06-25T10:00,27.3,0,0.00
2023-06-25T11:00,30.0,0,0.00
2023-06-25T12:00,32.3,0,0.00
2023-06-25T13:00,34.1,0,0.00
2023-06-25T14:00,35.1,0,0.00
2023-06-25T15:00,35.9,0,0.00
2023-06-25T16:00,36.9,2,0.00
2023-06-25T17:00,36.1,2,0.00
2023-06-25T18:00,35.9,2,0.00
2023-06-25T19:00,36.0,2,0.00
2023-06-25T20:00,34.5,2,0.00
2023-06-25T21:00,33.0,2,0.00
2023-06-25T22:00,31.6,1,0.00
2023-06-25T23:00,27.6,0,0.00
2023-06-26T00:00,25.9,0,0.00
2023-06-26T01:00,24.1,0,0.00
2023-06-26T02:00,24.6,0,0.00
2023-06-26T03:00,23.6,0,0.00
2023-06-26T04:00,22.9,0,0.00
2023-06-26T05:00,22.3,0,0.00
2023-06-26T06:00,21.1,0,0.00
2023-06-26T07:00,20.3,0,0.00
2023-06-26T08:00,22.0,0,0.00
2023-06-26T09:00,25.0,0,0.00
2023-06-26T10:00,27.7,0,0.00
2023-06-26T11:00,30.0,0,0.00
2023-06-26T12:00,32.2,0,0.00
2023-06-26T13:00,34.2,0,0.00
2023-06-26T14:00,35.1,0,0.00
2023-06-26T15:00,36.3,1,0.00
2023-06-26T16:00,37.0,0,0.00
2023-06-26T17:00,37.1,0,0.00
2023-06-26T18:00,37.1,2,0.00
2023-06-26T19:00,36.6,3,0.00
2023-06-26T20:00,34.6,3,0.00
2023-06-26T21:00,32.7,2,0.00
2023-06-26T22:00,29.4,1,0.00
2023-06-26T23:00,27.4,0,0.00
2023-06-27T00:00,26.5,0,0.00
2023-06-27T01:00,25.4,0,0.00
2023-06-27T02:00,26.0,0,0.00
2023-06-27T03:00,24.8,0,0.00
2023-06-27T04:00,23.7,0,0.00
2023-06-27T05:00,22.7,0,0.00
2023-06-27T06:00,22.0,0,0.00
2023-06-27T07:00,21.3,0,0.00
2023-06-27T08:00,22.3,0,0.00
2023-06-27T09:00,24.4,0,0.00
2023-06-27T10:00,26.6,0,0.00
2023-06-27T11:00,29.0,0,0.00
2023-06-27T12:00,31.2,0,0.00
2023-06-27T13:00,33.1,0,0.00
2023-06-27T14:00,33.5,1,0.00
2023-06-27T15:00,34.6,1,0.00
2023-06-27T16:00,35.0,2,0.00
2023-06-27T17:00,35.1,2,0.00
2023-06-27T18:00,35.0,2,0.00
2023-06-27T19:00,34.8,2,0.00
2023-06-27T20:00,33.9,1,0.00
2023-06-27T21:00,31.6,2,0.00
2023-06-27T22:00,28.2,1,0.00
2023-06-27T23:00,26.1,1,0.00
2023-06-28T00:00,25.0,0,0.00
2023-06-28T01:00,24.4,0,0.00
2023-06-28T02:00,24.2,0,0.00
2023-06-28T03:00,23.7,0,0.00
2023-06-28T04:00,23.2,0,0.00
2023-06-28T05:00,22.7,0,0.00
2023-06-28T06:00,21.9,0,0.00
2023-06-28T07:00,21.3,0,0.00
2023-06-28T08:00,22.4,0,0.00
2023-06-28T09:00,24.3,1,0.00
2023-06-28T10:00,26.5,2,0.00
2023-06-28T11:00,28.7,2,0.00
2023-06-28T12:00,30.7,1,0.00
2023-06-28T13:00,32.4,1,0.00
2023-06-28T14:00,33.2,2,0.00
2023-06-28T15:00,34.0,2,0.00
2023-06-28T16:00,34.5,2,0.00
2023-06-28T17:00,34.8,1,0.00
2023-06-28T18:00,34.9,2,0.00
2023-06-28T19:00,34.2,3,0.00
2023-06-28T20:00,33.3,3,0.00
2023-06-28T21:00,31.4,3,0.00
2023-06-28T22:00,29.1,3,0.00
2023-06-28T23:00,26.7,1,0.00
2023-06-29T00:00,24.3,0,0.00
2023-06-29T01:00,22.3,0,0.00
2023-06-29T02:00,22.3,0,0.00
2023-06-29T03:00,21.7,0,0.00
2023-06-29T04:00,21.5,0,0.00
2023-06-29T05:00,21.1,0,0.00
2023-06-29T06:00,19.8,0,0.00
2023-06-29T07:00,18.1,0,0.00
2023-06-29T08:00,19.6,0,0.00
2023-06-29T09:00,23.8,0,0.00
2023-06-29T10:00,26.8,0,0.00
2023-06-29T11:00,29.5,0,0.00
2023-06-29T12:00,31.8,0,0.00
2023-06-29T13:00,33.3,0,0.00
2023-06-29T14:00,33.9,0,0.00
2023-06-29T15:00,34.5,1,0.00
2023-06-29T16:00,35.0,1,0.00
2023-06-29T17:00,34.8,2,0.00
2023-06-29T18:00,31.2,1,0.00
2023-06-29T19:00,30.2,0,0.00
2023-06-29T20:00,29.6,0,0.00
2023-06-29T21:00,27.6,0,0.00
2023-06-29T22:00,24.7,0,0.00
2023-06-29T23:00,23.1,0,0.00
2023-06-30T00:00,22.0,0,0.00
2023-06-30T01:00,20.8,0,0.00
2023-06-30T02:00,19.4,0,0.00
2023-06-30T03:00,18.9,0,0.00
2023-06-30T04:00,18.1,0,0.00
2023-06-30T05:00,17.4,0,0.00
2023-06-30T06:00,16.7,0,0.00
2023-06-30T07:00,16.0,0,0.00
2023-06-30T08:00,16.6,0,0.00
2023-06-30T09:00,18.0,0,0.00
2023-06-30T10:00,19.7,0,0.00
2023-06-30T11:00,21.7,0,0.00
2023-06-30T12:00,23.7,0,0.00
2023-06-30T13:00,25.3,0,0.00
2023-06-30T14:00,26.6,0,0.00
2023-06-30T15:00,28.2,1,0.00
2023-06-30T16:00,29.7,0,0.00
2023-06-30T17:00,30.3,0,0.00
2023-06-30T18:00,30.2,0,0.00
2023-06-30T19:00,28.7,0,0.00
2023-06-30T20:00,27.4,0,0.00
2023-06-30T21:00,25.9,0,0.00
2023-06-30T22:00,23.9,0,0.00
2023-06-30T23:00,22.5,0,0.00
2023-07-01T00:00,21.4,0,0.00
2023-07-01T01:00,20.7,0,0.00
2023-07-01T02:00,19.3,0,0.00
2023-07-01T03:00,18.8,0,0.00
2023-07-01T04:00,18.2,0,0.00
2023-07-01T05:00,17.4,0,0.00
2023-07-01T06:00,16.7,0,0.00
2023-07-01T07:00,16.2,0,0.00
2023-07-01T08:00,17.3,0,0.00
2023-07-01T09:00,19.2,0,0.00
2023-07-01T10:00,21.5,0,0.00
2023-07-01T11:00,23.7,0,0.00
2023-07-01T12:00,25.7,0,0.00
2023-07-01T13:00,27.6,0,0.00
2023-07-01T14:00,28.9,0,0.00
2023-07-01T15:00,30.4,0,0.00
2023-07-01T16:00,31.2,0,0.00
2023-07-01T17:00,31.7,0,0.00
2023-07-01T18:00,31.6,0,0.00
2023-07-01T19:00,31.3,1,0.00
2023-07-01T20:00,30.9,1,0.00
2023-07-01T21:00,29.7,0,0.00
2023-07-01T22:00,27.3,0,0.00
2023-07-01T23:00,26.5,0,0.00
2023-07-02T00:00,25.4,0,0.00
2023-07-02T01:00,24.4,0,0.00
2023-07-02T02:00,23.3,0,0.00
2023-07-02T03:00,22.2,0,0.00
2023-07-02T04:00,21.5,0,0.00
2023-07-02T05:00,21.0,1,0.00
2023-07-02T06:00,20.5,0,0.00
2023-07-02T07:00,20.0,0,0.00
2023-07-02T08:00,20.8,0,0.00
2023-07-02T09:00,22.9,0,0.00
2023-07-02T10:00,25.0,0,0.00
2023-07-02T11:00,27.1,0,0.00
2023-07-02T12:00,29.2,0,0.00
2023-07-02T13:00,31.2,0,0.00
2023-07-02T14:00,31.9,0,0.00
2023-07-02T15:00,33.3,1,0.00
2023-07-02T16:00,33.5,1,0.00
2023-07-02T17:00,34.5,0,0.00
2023-07-02T18:00,27.4,3,0.00
2023-07-02T19:00,29.3,3,0.00
2023-07-02T20:00,30.2,2,0.00
2023-07-02T21:00,30.0,2,0.00
2023-07-02T22:00,27.4,1,0.00
2023-07-02T23:00,26.2,2,0.00
2023-07-03T00:00,24.9,0,0.00
2023-07-03T01:00,23.8,0,0.00
2023-07-03T02:00,23.7,0,0.00
2023-07-03T03:00,22.2,0,0.00
2023-07-03T04:00,22.1,0,0.00
2023-07-03T05:00,21.7,0,0.00
2023-07-03T06:00,21.0,0,0.00
2023-07-03T07:00,20.4,0,0.00
2023-07-03T08:00,21.1,0,0.00
2023-07-03T09:00,23.2,0,0.00
2023-07-03T10:00,25.5,0,0.00
2023-07-03T11:00,27.7,0,0.00
2023-07-03T12:00,29.9,0,0.00
2023-07-03T13:00,32.2,1,0.00
2023-07-03T14:00,30.7,0,0.00
2023-07-03T15:00,34.9,1,0.00
2023-07-03T16:00,34.8,0,0.00
2023-07-03T17:00,34.9,1,0.00
2023-07-03T18:00,34.7,1,0.00
2023-07-03T19:00,34.3,0,0.00
2023-07-03T20:00,33.7,0,0.00
2023-07-03T21:00,32.2,2,0.00
2023-07-03T22:00,27.9,2,0.00
2023-07-03T23:00,28.2,1,0.00
2023-07-04T00:00,25.6,2,0.00
2023-07-04T01:00,25.2,0,0.00
2023-07-04T02:00,23.5,0,0.00
2023-07-04T03:00,22.7,0,0.00
2023-07-04T04:00,21.9,0,0.00
2023-07-04T05:00,20.6,0,0.00
2023-07-04T06:00,19.7,0,0.00
2023-07-04T07:00,18.7,0,0.00
2023-07-04T08:00,20.4,0,0.00
2023-07-04T09:00,23.2,0,0.00
2023-07-04T10:00,26.1,0,0.00
2023-07-04T11:00,28.5,0,0.00
2023-07-04T12:00,30.1,0,0.00
2023-07-04T13:00,31.4,0,0.00
2023-07-04T14:00,32.1,0,0.00
2023-07-04T15:00,32.9,0,0.00
2023-07-04T16:00,33.2,0,0.00
2023-07-04T17:00,33.5,0,0.00
2023-07-04T18:00,33.7,0,0.00
2023-07-04T19:00,33.4,0,0.00
2023-07-04T20:00,32.3,0,0.00
2023-07-04T21:00,30.4,0,0.00
2023-07-04T22:00,28.2,0,0.00
2023-07-04T23:00,27.0,0,0.00
2023-07-05T00:00,25.9,0,0.00
2023-07-05T01:00,24.6,0,0.00
2023-07-05T02:00,22.3,0,0.00
2023-07-05T03:00,21.6,0,0.00
2023-07-05T04:00,19.6,0,0.00
2023-07-05T05:00,18.0,0,0.00
2023-07-05T06:00,17.3,0,0.00
2023-07-05T07:00,17.0,0,0.00
2023-07-05T08:00,18.6,0,0.00
2023-07-05T09:00,21.2,1,0.00
2023-07-05T10:00,24.0,3,0.00
2023-07-05T11:00,26.2,3,0.00
2023-07-05T12:00,27.6,2,0.00
2023-07-05T13:00,29.1,2,0.00
2023-07-05T14:00,30.8,2,0.00
2023-07-05T15:00,32.1,2,0.00
2023-07-05T16:00,32.3,3,0.00
2023-07-05T17:00,32.4,3,0.00
2023-07-05T18:00,32.2,3,0.00
2023-07-05T19:00,31.0,3,0.00
2023-07-05T20:00,30.9,0,0.00
2023-07-05T21:00,30.1,1,0.00
2023-07-05T22:00,27.4,1,0.00
2023-07-05T23:00,25.9,1,0.00
2023-07-06T00:00,24.7,1,0.00
2023-07-06T01:00,24.1,3,0.00
2023-07-06T02:00,22.8,3,0.00
2023-07-06T03:00,22.6,3,0.00
2023-07-06T04:00,21.9,3,0.00
2023-07-06T05:00,21.0,3,0.00
2023-07-06T06:00,20.7,3,0.00
2023-07-06T07:00,20.1,3,0.00
2023-07-06T08:00,20.8,3,0.00
2023-07-06T09:00,22.2,2,0.00
2023-07-06T10:00,24.2,0,0.00
2023-07-06T11:00,26.5,0,0.00
2023-07-06T12:00,28.8,0,0.00
2023-07-06T13:00,30.4,0,0.00
2023-07-06T14:00,30.8,0,0.00
2023-07-06T15:00,32.2,0,0.00
2023-07-06T16:00,32.9,0,0.00
2023-07-06T17:00,32.9,0,0.00
2023-07-06T18:00,32.5,0,0.00
2023-07-06T19:00,32.1,0,0.00
2023-07-06T20:00,31.2,2,0.00
2023-07-06T21:00,29.9,1,0.00
2023-07-06T22:00,27.6,1,0.00
2023-07-06T23:00,25.8,2,0.00
2023-07-07T00:00,24.0,1,0.00
2023-07-07T01:00,22.2,0,0.00
2023-07-07T02:00,21.7,0,0.00
2023-07-07T03:00,21.5,0,0.00
2023-07-07T04:00,20.6,0,0.00
2023-07-07T05:00,19.8,0,0.00
2023-07-07T06:00,19.4,0,0.00
2023-07-07T07:00,19.2,0,0.00
2023-07-07T08:00,20.6,0,0.00
2023-07-07T09:00,22.4,0,0.00
2023-07-07T10:00,23.9,0,0.00
2023-07-07T11:00,25.9,1,0.00
2023-07-07T12:00,28.1,0,0.00
2023-07-07T13:00,30.2,0,0.00
2023-07-07T14:00,30.7,1,0.00
2023-07-07T15:00,25.0,53,0.90
2023-07-07T16:00,29.8,0,0.00
2023-07-07T17:00,31.7,0,0.00
2023-07-07T18:00,33.3,0,0.00
2023-07-07T19:00,32.8,0,0.00
2023-07-07T20:00,31.9,0,0.00
2023-07-07T21:00,30.4,0,0.00
2023-07-07T22:00,25.5,3,0.00
2023-07-07T23:00,26.1,3,0.00
2023-07-08T00:00,24.8,1,0.00
2023-07-08T01:00,23.8,0,0.00
2023-07-08T02:00,23.5,0,0.00
2023-07-08T03:00,22.3,0,0.00
2023-07-08T04:00,21.1,0,0.00
2023-07-08T05:00,20.2,0,0.00
2023-07-08T06:00,19.0,0,0.00
2023-07-08T07:00,17.7,0,0.00
2023-07-08T08:00,19.0,0,0.00
2023-07-08T09:00,20.9,0,0.00
2023-07-08T10:00,23.6,0,0.00
2023-07-08T11:00,26.3,0,0.00
2023-07-08T12:00,28.2,0,0.00
2023-07-08T13:00,29.4,0,0.00
2023-07-08T14:00,30.3,0,0.00
2023-07-08T15:00,30.9,0,0.00
2023-07-08T16:00,31.4,0,0.00
2023-07-08T17:00,31.6,0,0.00
2023-07-08T18:00,31.4,0,0.00
2023-07-08T19:00,30.9,0,0.00
2023-07-08T20:00,30.1,0,0.00
2023-07-08T21:00,28.6,0,0.00
2023-07-08T22:00,25.9,0,0.00
2023-07-08T23:00,24.2,0,0.00
2023-07-09T00:00,23.2,0,0.00
2023-07-09T01:00,21.2,0,0.00
2023-07-09T02:00,20.9,0,0.00
2023-07-09T03:00,20.3,1,0.00
2023-07-09T04:00,18.6,3,0.00
2023-07-09T05:00,18.5,3,0.00
2023-07-09T06:00,18.8,1,0.00
2023-07-09T07:00,18.5,2,0.00
2023-07-09T08:00,18.8,3,0.00
2023-07-09T09:00,21.3,2,0.00
2023-07-09T10:00,23.9,3,0.00
2023-07-09T11:00,26.6,3,0.00
2023-07-09T12:00,28.5,3,0.00
2023-07-09T13:00,29.9,3,0.00
2023-07-09T14:00,31.3,3,0.00
2023-07-09T15:00,32.4,1,0.00
2023-07-09T16:00,33.1,0,0.00
2023-07-09T17:00,33.4,0,0.00
2023-07-09T18:00,33.7,0,0.00
2023-07-09T19:00,33.3,0,0.00
2023-07-09T20:00,32.6,0,0.00
2023-07-09T21:00,30.9,0,0.00
2023-07-09T22:00,26.9,0,0.00
2023-07-09T23:00,25.5,0,0.00
2023-07-10T00:00,24.7,0,0.00
2023-07-10T01:00,23.8,0,0.00
2023-07-10T02:00,21.2,0,0.00
2023-07-10T03:00,20.8,0,0.00
2023-07-10T04:00,19.7,0,0.00
2023-07-10T05:00,18.4,0,0.00
2023-07-10T06:00,17.7,0,0.00
2023-07-10T07:00,17.9,0,0.00
2023-07-10T08:00,19.9,0,0.00
2023-07-10T09:00,23.9,0,0.00
2023-07-10T10:00,27.3,0,0.00
2023-07-10T11:00,29.7,0,0.00
2023-07-10T12:00,32.2,0,0.00
2023-07-10T13:00,34.3,0,0.00
2023-07-10T14:00,35.4,0,0.00
2023-07-10T15:00,36.7,0,0.00
2023-07-10T16:00,37.3,0,0.00
2023-07-10T17:00,38.0,0,0.00
2023-07-10T18:00,37.3,0,0.00
2023-07-10T19:00,37.1,0,0.00
2023-07-10T20:00,36.8,0,0.00
2023-07-10T21:00,35.0,0,0.00
2023-07-10T22:00,30.6,0,0.00
2023-07-10T23:00,29.1,0,0.00
2023-07-11T00:00,27.6,0,0.00
2023-07-11T01:00,28.1,0,0.00
2023-07-11T02:00,24.1,0,0.00
2023-07-11T03:00,22.5,0,0.00
2023-07-11T04:00,21.5,0,0.00
2023-07-11T05:00,21.0,0,0.00
2023-07-11T06:00,20.9,0,0.00
2023-07-11T07:00,20.2,0,0.00
2023-07-11T08:00,22.6,0,0.00
2023-07-11T09:00,26.3,0,0.00
2023-07-11T10:00,29.7,0,0.00
2023-07-11T11:00,32.5,0,0.00
2023-07-11T12:00,34.3,0,0.00
2023-07-11T13:00,35.7,0,0.00
2023-07-11T14:00,36.6,0,0.00
2023-07-11T15:00,37.1,0,0.00
2023-07-11T16:00,37.0,0,0.00
2023-07-11T17:00,36.9,0,0.00
2023-07-11T18:00,36.5,0,0.00
2023-07-11T19:00,35.8,0,0.00
2023-07-11T20:00,34.8,0,0.00
2023-07-11T21:00,33.3,0,0.00
2023-07-11T22:00,30.6,0,0.00
2023-07-11T23:00,29.5,0,0.00
2023-07-12T00:00,27.9,0,0.00
2023-07-12T01:00,25.5,0,0.00
2023-07-12T02:00,23.4,0,0.00
2023-07-12T03:00,22.8,0,0.00
2023-07-12T04:00,22.3,3,0.00
2023-07-12T05:00,20.1,3,0.00
2023-07-12T06:00,19.0,3,0.00
2023-07-12T07:00,18.5,3,0.00
2023-07-12T08:00,20.2,3,0.00
2023-07-12T09:00,22.3,3,0.00
2023-07-12T10:00,25.3,3,0.00
2023-07-12T11:00,27.5,3,0.00
2023-07-12T12:00,29.4,3,0.00
2023-07-12T13:00,30.6,3,0.00
2023-07-12T14:00,30.3,3,0.00
2023-07-12T15:00,30.6,3,0.00
2023-07-12T16:00,30.7,2,0.00
2023-07-12T17:00,32.3,2,0.00
2023-07-12T18:00,33.0,3,0.00
2023-07-12T19:00,33.1,3,0.00
2023-07-12T20:00,32.3,0,0.00
2023-07-12T21:00,30.8,0,0.00
2023-07-12T22:00,28.9,0,0.00
2023-07-12T23:00,24.8,0,0.00
2023-07-13T00:00,24.1,0,0.00
2023-07-13T01:00,23.5,0,0.00
2023-07-13T02:00,24.1,0,0.00
2023-07-13T03:00,23.2,3,0.00
2023-07-13T04:00,21.8,3,0.00
2023-07-13T05:00,20.3,3,0.00
2023-07-13T06:00,19.6,3,0.00
2023-07-13T07:00,19.3,3,0.00
2023-07-13T08:00,20.4,0,0.00
2023-07-13T09:00,22.5,0,0.00
2023-07-13T10:00,25.1,1,0.00
2023-07-13T11:00,27.6,3,0.00
2023-07-13T12:00,29.5,2,0.00
2023-07-13T13:00,31.1,2,0.00
2023-07-13T14:00,32.2,2,0.00
2023-07-13T15:00,33.3,0,0.00
2023-07-13T16:00,33.8,0,0.00
2023-07-13T17:00,34.0,0,0.00
2023-07-13T18:00,33.9,0,0.00
2023-07-13T19:00,33.8,0,0.00
2023-07-13T20:00,33.4,0,0.00
2023-07-13T21:00,32.1,0,0.00
2023-07-13T22:00,29.1,0,0.00
2023-07-13T23:00,28.3,0,0.00
2023-07-14T00:00,27.0,0,0.00
2023-07-14T01:00,25.0,0,0.00
2023-07-14T02:00,23.7,0,0.00
2023-07-14T03:00,22.2,0,0.00
2023-07-14T04:00,21.0,0,0.00
2023-07-14T05:00,20.4,0,0.00
2023-07-14T06:00,20.1,0,0.00
2023-07-14T07:00,20.3,0,0.00
2023-07-14T08:00,21.4,0,0.00
2023-07-14T09:00,23.8,0,0.00
2023-07-14T10:00,26.3,0,0.00
2023-07-14T11:00,29.1,0,0.00
2023-07-14T12:00,31.8,0,0.00
2023-07-14T13:00,33.2,0,0.00
2023-07-14T14:00,33.8,0,0.00
2023-07-14T15:00,34.7,0,0.00
2023-07-14T16:00,35.1,0,0.00
2023-07-14T17:00,35.2,0,0.00
2023-07-14T18:00,34.7,0,0.00
2023-07-14T19:00,34.0,0,0.00
2023-07-14T20:00,33.1,0,0.00
2023-07-14T21:00,31.7,0,0.00
2023-07-14T22:00,29.6,0,0.00
2023-07-14T23:00,28.2,0,0.00
2023-07-15T00:00,26.4,0,0.00
2023-07-15T01:00,25.2,0,0.00
2023-07-15T02:00,24.7,0,0.00
2023-07-15T03:00,23.5,0,0.00
2023-07-15T04:00,22.5,0,0.00
2023-07-15T05:00,21.4,0,0.00
2023-07-15T06:00,20.4,0,0.00
2023-07-15T07:00,19.6,0,0.00
2023-07-15T08:00,19.9,0,0.00
2023-07-15T09:00,21.4,0,0.00
2023-07-15T10:00,23.4,0,0.00
2023-07-15T11:00,25.2,0,0.00
2023-07-15T12:00,26.6,0,0.00
2023-07-15T13:00,27.7,0,0.00
2023-07-15T14:00,29.2,0,0.00
2023-07-15T15:00,29.9,0,0.00
2023-07-15T16:00,30.8,0,0.00
2023-07-15T17:00,31.2,0,0.00
2023-07-15T18:00,30.8,0,0.00
2023-07-15T19:00,30.5,0,0.00
2023-07-15T20:00,29.8,0,0.00
2023-07-15T21:00,28.1,0,0.00
2023-07-15T22:00,26.2,0,0.00
2023-07-15T23:00,24.7,0,0.00
2023-07-16T00:00,23.1,0,0.00
2023-07-16T01:00,21.2,0,0.00
2023-07-16T02:00,20.4,0,0.00
2023-07-16T03:00,18.9,0,0.00
2023-07-16T04:00,18.2,0,0.00
2023-07-16T05:00,17.8,0,0.00
2023-07-16T06:00,17.6,0,0.00
2023-07-16T07:00,17.4,0,0.00
2023-07-16T08:00,18.3,0,0.00
2023-07-16T09:00,20.6,0,0.00
2023-07-16T10:00,23.2,0,0.00
2023-07-16T11:00,25.8,2,0.00
2023-07-16T12:00,27.9,1,0.00
2023-07-16T13:00,29.4,0,0.00
2023-07-16T14:00,30.3,0,0.00
2023-07-16T15:00,31.6,0,0.00
2023-07-16T16:00,32.3,0,0.00
2023-07-16T17:00,33.0,0,0.00
2023-07-16T18:00,33.0,0,0.00
2023-07-16T19:00,32.5,0,0.00
2023-07-16T20:00,31.7,0,0.00
2023-07-16T21:00,30.2,0,0.00
2023-07-16T22:00,27.0,0,0.00
2023-07-16T23:00,25.9,0,0.00
2023-07-17T00:00,23.8,0,0.00
2023-07-17T01:00,23.6,0,0.00
2023-07-17T02:00,23.5,0,0.00
2023-07-17T03:00,20.7,0,0.00
2023-07-17T04:00,19.9,0,0.00
2023-07-17T05:00,18.5,0,0.00
2023-07-17T06:00,17.7,0,0.00
2023-07-17T07:00,17.9,0,0.00
2023-07-17T08:00,19.7,0,0.00
2023-07-17T09:00,23.7,0,0.00
2023-07-17T10:00,26.3,0,0.00
2023-07-17T11:00,28.7,0,0.00
2023-07-17T12:00,31.4,0,0.00
2023-07-17T13:00,34.0,0,0.00
2023-07-17T14:00,35.0,0,0.00
2023-07-17T15:00,36.4,0,0.00
2023-07-17T16:00,37.3,2,0.00
2023-07-17T17:00,38.0,0,0.00
2023-07-17T18:00,37.3,1,0.00
2023-07-17T19:00,36.7,1,0.00
2023-07-17T20:00,36.0,0,0.00
2023-07-17T21:00,35.0,0,0.00
2023-07-17T22:00,30.3,0,0.00
2023-07-17T23:00,28.8,0,0.00
2023-07-18T00:00,26.9,0,0.00
2023-07-18T01:00,26.7,1,0.00
2023-07-18T02:00,26.6,0,0.00
2023-07-18T03:00,25.3,0,0.00
2023-07-18T04:00,24.5,0,0.00
2023-07-18T05:00,22.6,0,0.00
2023-07-18T06:00,22.6,1,0.00
2023-07-18T07:00,21.3,0,0.00
2023-07-18T08:00,23.1,0,0.00
2023-07-18T09:00,26.6,0,0.00
2023-07-18T10:00,29.3,0,0.00
2023-07-18T11:00,32.5,0,0.00
2023-07-18T12:00,35.2,0,0.00
2023-07-18T13:00,36.6,0,0.00
2023-07-18T14:00,36.5,0,0.00
2023-07-18T15:00,37.4,0,0.00
2023-07-18T16:00,38.0,0,0.00
2023-07-18T17:00,38.1,0,0.00
2023-07-18T18:00,38.1,0,0.00
2023-07-18T19:00,37.4,0,0.00
2023-07-18T20:00,36.3,0,0.00
2023-07-18T21:00,34.9,2,0.00
2023-07-18T22:00,33.1,3,0.00
2023-07-18T23:00,31.5,3,0.00
2023-07-19T00:00,30.7,3,0.00
2023-07-19T01:00,29.4,3,0.00
2023-07-19T02:00,29.0,3,0.00
2023-07-19T03:00,28.0,1,0.00
2023-07-19T04:00,26.8,1,0.00
2023-07-19T05:00,26.5,1,0.00
2023-07-19T06:00,25.3,0,0.00
2023-07-19T07:00,24.1,0,0.00
2023-07-19T08:00,24.5,0,0.00
2023-07-19T09:00,26.5,0,0.00
2023-07-19T10:00,29.2,0,0.00
2023-07-19T11:00,31.8,0,0.00
2023-07-19T12:00,33.5,0,0.00
2023-07-19T13:00,35.0,0,0.00
2023-07-19T14:00,35.5,0,0.00
2023-07-19T15:00,36.4,0,0.00
2023-07-19T16:00,37.1,0,0.00
2023-07-19T17:00,37.2,0,0.00
2023-07-19T18:00,36.6,0,0.00
2023-07-19T19:00,36.3,0,0.00
2023-07-19T20:00,35.1,0,0.00
2023-07-19T21:00,33.6,0,0.00
2023-07-19T22:00,31.7,0,0.00
2023-07-19T23:00,30.7,0,0.00
2023-07-20T00:00,29.4,0,0.00
2023-07-20T01:00,27.4,0,0.00
2023-07-20T02:00,26.5,0,0.00
2023-07-20T03:00,25.3,0,0.00
2023-07-20T04:00,24.3,0,0.00
2023-07-20T05:00,22.8,0,0.00
2023-07-20T06:00,21.5,0,0.00
2023-07-20T07:00,20.7,0,0.00
2023-07-20T08:00,21.1,0,0.00
2023-07-20T09:00,23.6,0,0.00
2023-07-20T10:00,26.8,0,0.00
2023-07-20T11:00,29.7,0,0.00
2023-07-20T12:00,31.4,0,0.00
2023-07-20T13:00,32.7,0,0.00
2023-07-20T14:00,33.1,0,0.00
2023-07-20T15:00,33.7,0,0.00
2023-07-20T16:00,34.0,0,0.00
2023-07-20T17:00,34.2,0,0.00
2023-07-20T18:00,34.1,0,0.00
2023-07-20T19:00,33.4,0,0.00
2023-07-20T20:00,32.4,0,0.00
2023-07-20T21:00,30.8,0,0.00
2023-07-20T22:00,28.5,0,0.00
2023-07-20T23:00,26.8,0,0.00
2023-07-21T00:00,25.6,0,0.00
2023-07-21T01:00,24.7,0,0.00
2023-07-21T02:00,24.3,0,0.00
2023-07-21T03:00,23.0,0,0.00
2023-07-21T04:00,21.0,0,0.00
2023-07-21T05:00,20.9,0,0.00
2023-07-21T06:00,19.5,0,0.00
2023-07-21T07:00,19.5,0,0.00
2023-07-21T08:00,20.0,0,0.00
2023-07-21T09:00,21.4,0,0.00
2023-07-21T10:00,23.8,0,0.00
2023-07-21T11:00,26.2,1,0.00
2023-07-21T12:00,28.1,1,0.00
2023-07-21T13:00,29.8,2,0.00
2023-07-21T14:00,30.8,2,0.00
2023-07-21T15:00,31.2,3,0.00
2023-07-21T16:00,31.1,3,0.00
2023-07-21T17:00,30.9,3,0.00
2023-07-21T18:00,30.6,3,0.00
2023-07-21T19:00,30.7,0,0.00
2023-07-21T20:00,29.1,0,0.00
2023-07-21T21:00,27.5,0,0.00
2023-07-21T22:00,26.0,0,0.00
2023-07-21T23:00,24.9,0,0.00
2023-07-22T00:00,23.3,0,0.00
2023-07-22T01:00,22.8,0,0.00
2023-07-22T02:00,21.4,0,0.00
2023-07-22T03:00,20.8,0,0.00
2023-07-22T04:00,20.1,0,0.00
2023-07-22T05:00,19.6,0,0.00
2023-07-22T06:00,19.0,0,0.00
2023-07-22T07:00,18.5,0,0.00
2023-07-22T08:00,19.1,0,0.00
2023-07-22T09:00,21.1,3,0.00
2023-07-22T10:00,23.5,3,0.00
2023-07-22T11:00,25.6,3,0.00
2023-07-22T12:00,27.5,3,0.00
2023-07-22T13:00,29.1,3,0.00
2023-07-22T14:00,29.8,3,0.00
2023-07-22T15:00,30.3,3,0.00
2023-07-22T16:00,30.9,3,0.00
2023-07-22T17:00,31.9,2,0.00
2023-07-22T18:00,32.0,0,0.00
2023-07-22T19:00,31.9,0,0.00
2023-07-22T20:00,31.3,0,0.00
2023-07-22T21:00,29.9,0,0.00
2023-07-22T22:00,25.5,0,0.00
2023-07-22T23:00,24.1,0,0.00
2023-07-23T00:00,23.2,0,0.00
2023-07-23T01:00,23.5,0,0.00
2023-07-23T02:00,24.4,0,0.00
2023-07-23T03:00,19.9,0,0.00
2023-07-23T04:00,21.4,0,0.00
2023-07-23T05:00,21.5,0,0.00
2023-07-23T06:00,20.5,0,0.00
2023-07-23T07:00,19.9,0,0.00
2023-07-23T08:00,19.3,0,0.00
2023-07-23T09:00,22.1,0,0.00
2023-07-23T10:00,25.1,0,0.00
2023-07-23T11:00,28.1,0,0.00
2023-07-23T12:00,30.3,0,0.00
2023-07-23T13:00,31.8,0,0.00
2023-07-23T14:00,32.5,0,0.00
2023-07-23T15:00,33.7,0,0.00
2023-07-23T16:00,34.2,1,0.00
2023-07-23T17:00,34.3,2,0.00
2023-07-23T18:00,34.0,1,0.00
2023-07-23T19:00,33.4,0,0.00
2023-07-23T20:00,32.1,0,0.00
2023-07-23T21:00,30.7,0,0.00
2023-07-23T22:00,28.6,0,0.00
2023-07-23T23:00,26.8,0,0.00
2023-07-24T00:00,25.5,0,0.00
2023-07-24T01:00,24.2,0,0.00
2023-07-24T02:00,23.4,0,0.00
2023-07-24T03:00,22.1,0,0.00
2023-07-24T04:00,21.0,1,0.00
2023-07-24T05:00,20.3,3,0.00
2023-07-24T06:00,20.1,2,0.00
2023-07-24T07:00,19.2,0,0.00
2023-07-24T08:00,19.2,0,0.00
2023-07-24T09:00,21.2,0,0.00
2023-07-24T10:00,23.8,0,0.00
2023-07-24T11:00,26.2,0,0.00
2023-07-24T12:00,28.2,0,0.00
2023-07-24T13:00,30.0,0,0.00
2023-07-24T14:00,30.8,0,0.00
2023-07-24T15:00,31.7,2,0.00
2023-07-24T16:00,31.8,2,0.00
2023-07-24T17:00,31.9,3,0.00
2023-07-24T18:00,31.4,1,0.00
2023-07-24T19:00,30.4,1,0.00
2023-07-24T20:00,29.9,1,0.00
2023-07-24T21:00,27.5,0,0.00
2023-07-24T22:00,25.4,0,0.00
2023-07-24T23:00,23.8,0,0.00
2023-07-25T00:00,22.7,0,0.00
2023-07-25T01:00,22.4,0,0.00
2023-07-25T02:00,21.0,0,0.00
2023-07-25T03:00,19.8,0,0.00
2023-07-25T04:00,18.7,0,0.00
2023-07-25T05:00,17.8,0,0.00
2023-07-25T06:00,16.1,0,0.00
2023-07-25T07:00,15.8,0,0.00
2023-07-25T08:00,16.6,0,0.00
2023-07-25T09:00,18.8,0,0.00
2023-07-25T10:00,21.1,0,0.00
2023-07-25T11:00,23.0,0,0.00
2023-07-25T12:00,25.0,0,0.00
2023-07-25T13:00,26.7,0,0.00
2023-07-25T14:00,28.1,0,0.00
2023-07-25T15:00,29.7,0,0.00
2023-07-25T16:00,30.6,0,0.00
2023-07-25T17:00,31.1,0,0.00
2023-07-25T18:00,31.3,0,0.00
2023-07-25T19:00,30.2,0,0.00
2023-07-25T20:00,29.0,0,0.00
2023-07-25T21:00,27.6,0,0.00
2023-07-25T22:00,25.5,0,0.00
2023-07-25T23:00,22.8,0,0.00
2023-07-26T00:00,21.5,0,0.00
2023-07-26T01:00,20.1,0,0.00
2023-07-26T02:00,20.2,0,0.00
2023-07-26T03:00,19.4,0,0.00
2023-07-26T04:00,18.8,0,0.00
2023-07-26T05:00,17.8,0,0.00
2023-07-26T06:00,16.9,0,0.00
2023-07-26T07:00,16.4,0,0.00
2023-07-26T08:00,16.9,0,0.00
2023-07-26T09:00,19.1,0,0.00
2023-07-26T10:00,22.1,0,0.00
2023-07-26T11:00,25.1,0,0.00
2023-07-26T12:00,27.2,0,0.00
2023-07-26T13:00,29.0,0,0.00
2023-07-26T14:00,29.5,0,0.00
2023-07-26T15:00,31.2,0,0.00
2023-07-26T16:00,32.2,0,0.00
2023-07-26T17:00,32.7,0,0.00
2023-07-26T18:00,32.9,0,0.00
2023-07-26T19:00,32.7,0,0.00
2023-07-26T20:00,31.9,0,0.00
2023-07-26T21:00,30.4,0,0.00
2023-07-26T22:00,26.9,0,0.00
2023-07-26T23:00,28.2,0,0.00
2023-07-27T00:00,24.3,0,0.00
2023-07-27T01:00,22.5,0,0.00
2023-07-27T02:00,22.8,0,0.00
2023-07-27T03:00,22.2,0,0.00
2023-07-27T04:00,22.0,0,0.00
2023-07-27T05:00,21.0,0,0.00
2023-07-27T06:00,20.4,0,0.00
2023-07-27T07:00,20.2,0,0.00
2023-07-27T08:00,20.8,0,0.00
2023-07-27T09:00,23.0,0,0.00
2023-07-27T10:00,24.7,0,0.00
2023-07-27T11:00,26.7,0,0.00
2023-07-27T12:00,29.2,0,0.00
2023-07-27T13:00,31.3,0,0.00
2023-07-27T14:00,31.9,0,0.00
2023-07-27T15:00,32.7,0,0.00
2023-07-27T16:00,32.7,0,0.00
2023-07-27T17:00,32.9,0,0.00
2023-07-27T18:00,32.4,0,0.00
2023-07-27T19:00,31.8,0,0.00
2023-07-27T20:00,31.0,0,0.00
2023-07-27T21:00,29.5,0,0.00
2023-07-27T22:00,27.4,0,0.00
2023-07-27T23:00,26.2,0,0.00
2023-07-28T00:00,25.1,0,0.00
2023-07-28T01:00,23.6,0,0.00
2023-07-28T02:00,22.8,0,0.00
2023-07-28T03:00,22.2,0,0.00
2023-07-28T04:00,21.0,0,0.00
2023-07-28T05:00,20.3,0,0.00
2023-07-28T06:00,19.1,0,0.00
2023-07-28T07:00,18.0,0,0.00
2023-07-28T08:00,18.7,0,0.00
2023-07-28T09:00,21.8,0,0.00
2023-07-28T10:00,24.4,0,0.00
2023-07-28T11:00,26.9,0,0.00
2023-07-28T12:00,28.7,2,0.00
2023-07-28T13:00,30.2,3,0.00
2023-07-28T14:00,30.8,0,0.00
2023-07-28T15:00,32.2,0,0.00
2023-07-28T16:00,32.7,0,0.00
2023-07-28T17:00,33.0,0,0.00
2023-07-28T18:00,32.9,0,0.00
2023-07-28T19:00,32.5,0,0.00
2023-07-28T20:00,31.9,0,0.00
2023-07-28T21:00,30.2,0,0.00
2023-07-28T22:00,27.8,0,0.00
2023-07-28T23:00,26.4,0,0.00
2023-07-29T00:00,25.4,0,0.00
2023-07-29T01:00,24.1,0,0.00
2023-07-29T02:00,22.8,0,0.00
2023-07-29T03:00,23.6,0,0.00
2023-07-29T04:00,22.2,0,0.00
2023-07-29T05:00,19.1,0,0.00
2023-07-29T06:00,18.5,0,0.00
2023-07-29T07:00,17.7,0,0.00
2023-07-29T08:00,19.1,0,0.00
2023-07-29T09:00,22.7,0,0.00
2023-07-29T10:00,26.0,0,0.00
2023-07-29T11:00,28.6,0,0.00
2023-07-29T12:00,30.6,0,0.00
2023-07-29T13:00,32.1,0,0.00
2023-07-29T14:00,33.0,0,0.00
2023-07-29T15:00,34.0,0,0.00
2023-07-29T16:00,34.6,0,0.00
2023-07-29T17:00,34.7,0,0.00
2023-07-29T18:00,34.5,0,0.00
2023-07-29T19:00,33.7,1,0.00
2023-07-29T20:00,32.8,0,0.00
2023-07-29T21:00,31.7,0,0.00
2023-07-29T22:00,29.5,0,0.00
2023-07-29T23:00,27.8,0,0.00
2023-07-30T00:00,26.5,0,0.00
2023-07-30T01:00,25.5,0,0.00
2023-07-30T02:00,24.2,0,0.00
2023-07-30T03:00,22.6,0,0.00
2023-07-30T04:00,23.1,0,0.00
2023-07-30T05:00,20.8,0,0.00
2023-07-30T06:00,20.5,0,0.00
2023-07-30T07:00,20.4,0,0.00
2023-07-30T08:00,21.2,0,0.00
2023-07-30T09:00,23.6,0,0.00
2023-07-30T10:00,26.2,0,0.00
2023-07-30T11:00,29.0,0,0.00
2023-07-30T12:00,31.1,0,0.00
2023-07-30T13:00,33.0,0,0.00
2023-07-30T14:00,34.2,0,0.00
2023-07-30T15:00,35.1,0,0.00
2023-07-30T16:00,35.8,0,0.00
2023-07-30T17:00,36.0,0,0.00
2023-07-30T18:00,35.8,0,0.00
2023-07-30T19:00,35.0,0,0.00
2023-07-30T20:00,34.3,0,0.00
2023-07-30T21:00,33.2,0,0.00
2023-07-30T22:00,30.8,0,0.00
2023-07-30T23:00,28.8,0,0.00
2023-07-31T00:00,26.6,0,0.00
2023-07-31T01:00,27.7,0,0.00
2023-07-31T02:00,24.8,0,0.00
2023-07-31T03:00,24.0,0,0.00
2023-07-31T04:00,23.6,0,0.00
2023-07-31T05:00,23.2,0,0.00
2023-07-31T06:00,22.5,0,0.00
2023-07-31T07:00,21.7,0,0.00
2023-07-31T08:00,21.8,0,0.00
2023-07-31T09:00,23.9,0,0.00
2023-07-31T10:00,26.7,0,0.00
2023-07-31T11:00,29.6,0,0.00
2023-07-31T12:00,32.0,0,0.00
2023-07-31T13:00,33.7,0,0.00
2023-07-31T14:00,34.5,0,0.00
2023-07-31T15:00,35.8,0,0.00
2023-07-31T16:00,36.2,0,0.00
2023-07-31T17:00,36.2,0,0.00
2023-07-31T18:00,36.0,0,0.00
2023-07-31T19:00,35.7,0,0.00
2023-07-31T20:00,35.2,0,0.00
2023-07-31T21:00,33.3,0,0.00
2023-07-31T22:00,29.8,0,0.00
2023-07-31T23:00,28.8,0,0.00
2023-08-01T00:00,28.0,0,0.00
2023-08-01T01:00,27.8,0,0.00
2023-08-01T02:00,26.0,0,0.00
2023-08-01T03:00,25.2,0,0.00
2023-08-01T04:00,24.1,0,0.00
2023-08-01T05:00,22.3,0,0.00
2023-08-01T06:00,20.6,0,0.00
2023-08-01T07:00,20.1,0,0.00
2023-08-01T08:00,20.7,0,0.00
2023-08-01T09:00,23.6,0,0.00
2023-08-01T10:00,26.0,0,0.00
2023-08-01T11:00,28.2,0,0.00
2023-08-01T12:00,30.2,0,0.00
2023-08-01T13:00,32.1,0,0.00
2023-08-01T14:00,33.3,0,0.00
2023-08-01T15:00,35.0,0,0.00
2023-08-01T16:00,36.0,0,0.00
2023-08-01T17:00,36.4,0,0.00
2023-08-01T18:00,36.0,0,0.00
2023-08-01T19:00,34.6,0,0.00
2023-08-01T20:00,33.4,0,0.00
2023-08-01T21:00,31.9,0,0.00
2023-08-01T22:00,29.6,0,0.00
2023-08-01T23:00,28.6,0,0.00
2023-08-02T00:00,27.0,0,0.00
2023-08-02T01:00,25.7,0,0.00
2023-08-02T02:00,23.8,0,0.00
2023-08-02T03:00,22.6,0,0.00
2023-08-02T04:00,21.5,0,0.00
2023-08-02T05:00,21.2,0,0.00
2023-08-02T06:00,20.5,0,0.00
2023-08-02T07:00,20.0,0,0.00
2023-08-02T08:00,21.0,0,0.00
2023-08-02T09:00,24.0,0,0.00
2023-08-02T10:00,26.6,0,0.00
2023-08-02T11:00,29.1,0,0.00
2023-08-02T12:00,31.4,0,0.00
2023-08-02T13:00,33.0,0,0.00
2023-08-02T14:00,33.5,0,0.00
2023-08-02T15:00,34.1,0,0.00
2023-08-02T16:00,34.5,0,0.00
2023-08-02T17:00,34.9,0,0.00
2023-08-02T18:00,35.0,0,0.00
2023-08-02T19:00,34.6,0,0.00
2023-08-02T20:00,33.0,0,0.00
2023-08-02T21:00,30.2,0,0.00
2023-08-02T22:00,28.9,0,0.00
2023-08-02T23:00,26.6,0,0.00
2023-08-03T00:00,25.9,0,0.00
2023-08-03T01:00,25.3,0,0.00
2023-08-03T02:00,24.2,0,0.00
2023-08-03T03:00,23.3,0,0.00
2023-08-03T04:00,22.6,0,0.00
2023-08-03T05:00,21.9,0,0.00
2023-08-03T06:00,21.0,0,0.00
2023-08-03T07:00,19.5,0,0.00
2023-08-03T08:00,20.0,0,0.00
2023-08-03T09:00,21.5,0,0.00
2023-08-03T10:00,23.3,0,0.00
2023-08-03T11:00,25.2,0,0.00
2023-08-03T12:00,27.1,0,0.00
2023-08-03T13:00,28.8,0,0.00
2023-08-03T14:00,29.8,0,0.00
2023-08-03T15:00,31.6,0,0.00
2023-08-03T16:00,32.5,0,0.00
2023-08-03T17:00,31.4,0,0.00
2023-08-03T18:00,30.8,0,0.00
2023-08-03T19:00,29.6,0,0.00
2023-08-03T20:00,28.2,0,0.00
2023-08-03T21:00,26.0,0,0.00
2023-08-03T22:00,24.5,0,0.00
2023-08-03T23:00,23.4,0,0.00
2023-08-04T00:00,22.2,0,0.00
2023-08-04T01:00,20.7,0,0.00
2023-08-04T02:00,19.1,0,0.00
2023-08-04T03:00,17.8,0,0.00
2023-08-04T04:00,17.1,0,0.00
2023-08-04T05:00,16.4,0,0.00
2023-08-04T06:00,15.5,0,0.00
2023-08-04T07:00,14.7,0,0.00
2023-08-04T08:00,14.7,0,0.00
2023-08-04T09:00,16.0,0,0.00
2023-08-04T10:00,17.7,0,0.00
2023-08-04T11:00,19.5,0,0.00
2023-08-04T12:00,21.3,0,0.00
2023-08-04T13:00,23.1,0,0.00
2023-08-04T14:00,25.5,0,0.00
2023-08-04T15:00,27.4,0,0.00
2023-08-04T16:00,28.2,0,0.00
2023-08-04T17:00,28.2,0,0.00
2023-08-04T18:00,28.2,0,0.00
2023-08-04T19:00,27.5,0,0.00
2023-08-04T20:00,26.2,2,0.00
2023-08-04T21:00,24.7,2,0.00
2023-08-04T22:00,22.9,1,0.00
2023-08-04T23:00,21.9,0,0.00
2023-08-05T00:00,21.0,0,0.00
2023-08-05T01:00,20.0,0,0.00
2023-08-05T02:00,18.4,2,0.00
2023-08-05T03:00,17.3,1,0.00
2023-08-05T04:00,16.4,3,0.00
2023-08-05T05:00,15.6,2,0.00
2023-08-05T06:00,14.8,1,0.00
2023-08-05T07:00,14.1,0,0.00
2023-08-05T08:00,14.3,1,0.00
2023-08-05T09:00,16.3,3,0.00
2023-08-05T10:00,19.1,2,0.00
2023-08-05T11:00,21.9,2,0.00
2023-08-05T12:00,24.8,0,0.00
2023-08-05T13:00,27.4,0,0.00
2023-08-05T14:00,28.6,0,0.00
2023-08-05T15:00,30.8,0,0.00
2023-08-05T16:00,31.9,0,0.00
2023-08-05T17:00,33.0,0,0.00
2023-08-05T18:00,33.9,0,0.00
2023-08-05T19:00,33.9,0,0.00
2023-08-05T20:00,32.6,0,0.00
2023-08-05T21:00,30.6,0,0.00
2023-08-05T22:00,26.3,0,0.00
2023-08-05T23:00,27.6,0,0.00
2023-08-06T00:00,26.4,0,0.00
2023-08-06T01:00,23.4,0,0.00
2023-08-06T02:00,24.3,0,0.00
2023-08-06T03:00,21.6,0,0.00
2023-08-06T04:00,21.3,0,0.00
2023-08-06T05:00,20.2,0,0.00
2023-08-06T06:00,19.3,0,0.00
2023-08-06T07:00,18.6,0,0.00
2023-08-06T08:00,18.4,0,0.00
2023-08-06T09:00,19.8,0,0.00
2023-08-06T10:00,22.6,0,0.00
2023-08-06T11:00,25.7,0,0.00
2023-08-06T12:00,28.5,0,0.00
2023-08-06T13:00,30.7,0,0.00
2023-08-06T14:00,32.0,0,0.00
2023-08-06T15:00,34.0,0,0.00
2023-08-06T16:00,35.6,0,0.00
2023-08-06T17:00,36.2,0,0.00
2023-08-06T18:00,34.9,0,0.00
2023-08-06T19:00,34.1,0,0.00
2023-08-06T20:00,33.5,0,0.00
2023-08-06T21:00,31.5,0,0.00
2023-08-06T22:00,27.8,0,0.00
2023-08-06T23:00,26.5,0,0.00
2023-08-07T00:00,25.5,0,0.00
2023-08-07T01:00,23.1,0,0.00
2023-08-07T02:00,22.8,0,0.00
2023-08-07T03:00,21.6,0,0.00
2023-08-07T04:00,20.3,0,0.00
2023-08-07T05:00,19.2,0,0.00
2023-08-07T06:00,18.2,0,0.00
2023-08-07T07:00,17.5,0,0.00
2023-08-07T08:00,17.7,0,0.00
2023-08-07T09:00,19.9,0,0.00
2023-08-07T10:00,23.1,0,0.00
2023-08-07T11:00,25.8,0,0.00
2023-08-07T12:00,28.0,0,0.00
2023-08-07T13:00,30.3,0,0.00
2023-08-07T14:00,31.6,0,0.00
2023-08-07T15:00,33.9,0,0.00
2023-08-07T16:00,35.2,0,0.00
2023-08-07T17:00,36.0,0,0.00
2023-08-07T18:00,36.0,0,0.00
2023-08-07T19:00,35.6,0,0.00
2023-08-07T20:00,34.8,0,0.00
2023-08-07T21:00,32.7,0,0.00
2023-08-07T22:00,29.0,0,0.00
2023-08-07T23:00,27.4,0,0.00
2023-08-08T00:00,26.6,0,0.00
2023-08-08T01:00,24.8,0,0.00
2023-08-08T02:00,24.8,0,0.00
2023-08-08T03:00,24.1,0,0.00
2023-08-08T04:00,23.3,0,0.00
2023-08-08T05:00,22.4,0,0.00
2023-08-08T06:00,22.0,0,0.00
2023-08-08T07:00,21.5,0,0.00
2023-08-08T08:00,21.7,0,0.00
2023-08-08T09:00,23.7,0,0.00
2023-08-08T10:00,25.8,0,0.00
2023-08-08T11:00,28.2,0,0.00
2023-08-08T12:00,30.5,0,0.00
2023-08-08T13:00,32.8,0,0.00
2023-08-08T14:00,34.2,0,0.00
2023-08-08T15:00,36.2,0,0.00
2023-08-08T16:00,37.4,0,0.00
2023-08-08T17:00,37.9,1,0.00
2023-08-08T18:00,38.3,0,0.00
2023-08-08T19:00,37.9,1,0.00
2023-08-08T20:00,37.0,0,0.00
2023-08-08T21:00,35.1,0,0.00
2023-08-08T22:00,32.9,0,0.00
2023-08-08T23:00,31.7,0,0.00
2023-08-09T00:00,29.1,0,0.00
2023-08-09T01:00,27.1,0,0.00
2023-08-09T02:00,26.9,0,0.00
2023-08-09T03:00,24.8,0,0.00
2023-08-09T04:00,23.8,0,0.00
2023-08-09T05:00,23.6,0,0.00
2023-08-09T06:00,22.9,0,0.00
2023-08-09T07:00,22.5,0,0.00
2023-08-09T08:00,22.9,0,0.00
2023-08-09T09:00,26.0,0,0.00
2023-08-09T10:00,29.4,0,0.00
2023-08-09T11:00,32.2,0,0.00
2023-08-09T12:00,34.8,0,0.00
2023-08-09T13:00,36.6,0,0.00
2023-08-09T14:00,37.5,0,0.00
2023-08-09T15:00,38.5,0,0.00
2023-08-09T16:00,39.1,0,0.00
2023-08-09T17:00,40.1,0,0.00
2023-08-09T18:00,36.1,1,0.00
2023-08-09T19:00,37.6,0,0.00
2023-08-09T20:00,37.2,1,0.00
2023-08-09T21:00,35.3,1,0.00
2023-08-09T22:00,32.7,0,0.00
2023-08-09T23:00,31.3,0,0.00
2023-08-10T00:00,29.7,0,0.00
2023-08-10T01:00,29.4,0,0.00
2023-08-10T02:00,28.7,0,0.00
2023-08-10T03:00,27.7,0,0.00
2023-08-10T04:00,26.5,0,0.00
2023-08-10T05:00,25.6,0,0.00
2023-08-10T06:00,24.6,0,0.00
2023-08-10T07:00,23.4,0,0.00
2023-08-10T08:00,22.8,0,0.00
2023-08-10T09:00,24.5,0,0.00
2023-08-10T10:00,27.1,0,0.00
2023-08-10T11:00,29.7,0,0.00
2023-08-10T12:00,32.1,0,0.00
2023-08-10T13:00,34.1,0,0.00
2023-08-10T14:00,35.4,0,0.00
2023-08-10T15:00,37.2,0,0.00
2023-08-10T16:00,38.1,0,0.00
2023-08-10T17:00,37.7,0,0.00
2023-08-10T18:00,37.0,0,0.00
2023-08-10T19:00,36.1,0,0.00
2023-08-10T20:00,34.9,0,0.00
2023-08-10T21:00,32.8,0,0.00
2023-08-10T22:00,30.7,0,0.00
2023-08-10T23:00,28.7,0,0.00
2023-08-11T00:00,25.4,0,0.00
2023-08-11T01:00,24.8,0,0.00
2023-08-11T02:00,23.8,0,0.00
2023-08-11T03:00,22.9,0,0.00
2023-08-11T04:00,22.8,0,0.00
2023-08-11T05:00,22.7,0,0.00
2023-08-11T06:00,22.2,0,0.00
2023-08-11T07:00,21.6,0,0.00
2023-08-11T08:00,21.9,0,0.00
2023-08-11T09:00,24.6,0,0.00
2023-08-11T10:00,27.4,0,0.00
2023-08-11T11:00,29.9,0,0.00
2023-08-11T12:00,32.3,0,0.00
2023-08-11T13:00,34.5,0,0.00
2023-08-11T14:00,35.3,0,0.00
2023-08-11T15:00,37.0,0,0.00
2023-08-11T16:00,37.6,0,0.00
2023-08-11T17:00,37.8,0,0.00
2023-08-11T18:00,37.8,0,0.00
2023-08-11T19:00,37.4,0,0.00
2023-08-11T20:00,36.6,0,0.00
2023-08-11T21:00,34.6,0,0.00
2023-08-11T22:00,32.2,0,0.00
2023-08-11T23:00,29.1,0,0.00
2023-08-12T00:00,29.7,0,0.00
2023-08-12T01:00,25.6,0,0.00
2023-08-12T02:00,25.7,0,0.00
2023-08-12T03:00,24.3,0,0.00
2023-08-12T04:00,23.3,0,0.00
2023-08-12T05:00,22.0,0,0.00
2023-08-12T06:00,20.3,0,0.00
2023-08-12T07:00,20.1,0,0.00
2023-08-12T08:00,21.2,0,0.00
2023-08-12T09:00,24.5,0,0.00
2023-08-12T10:00,27.6,0,0.00
2023-08-12T11:00,30.2,0,0.00
2023-08-12T12:00,32.4,0,0.00
2023-08-12T13:00,34.3,2,0.00
2023-08-12T14:00,35.6,2,0.00
2023-08-12T15:00,36.6,0,0.00
2023-08-12T16:00,36.4,0,0.00
2023-08-12T17:00,36.4,1,0.00
2023-08-12T18:00,36.5,1,0.00
2023-08-12T19:00,35.7,0,0.00
2023-08-12T20:00,34.9,0,0.00
2023-08-12T21:00,32.8,0,0.00
2023-08-12T22:00,31.0,0,0.00
2023-08-12T23:00,28.8,0,0.00
2023-08-13T00:00,29.7,0,0.00
2023-08-13T01:00,28.5,0,0.00
2023-08-13T02:00,26.6,0,0.00
2023-08-13T03:00,24.9,0,0.00
2023-08-13T04:00,24.9,0,0.00
2023-08-13T05:00,24.4,0,0.00
2023-08-13T06:00,23.6,0,0.00
2023-08-13T07:00,22.7,0,0.00
2023-08-13T08:00,22.4,0,0.00
2023-08-13T09:00,24.2,0,0.00
2023-08-13T10:00,26.7,0,0.00
2023-08-13T11:00,29.1,0,0.00
2023-08-13T12:00,31.1,0,0.00
2023-08-13T13:00,33.0,0,0.00
2023-08-13T14:00,34.1,0,0.00
2023-08-13T15:00,35.7,0,0.00
2023-08-13T16:00,36.1,0,0.00
2023-08-13T17:00,36.4,0,0.00
2023-08-13T18:00,36.1,0,0.00
2023-08-13T19:00,35.5,0,0.00
2023-08-13T20:00,34.2,0,0.00
2023-08-13T21:00,31.9,0,0.00
2023-08-13T22:00,29.5,0,0.00
2023-08-13T23:00,28.1,1,0.00
2023-08-14T00:00,26.7,0,0.00
2023-08-14T01:00,25.5,0,0.00
2023-08-14T02:00,24.5,0,0.00
2023-08-14T03:00,24.3,0,0.00
2023-08-14T04:00,23.6,0,0.00
2023-08-14T05:00,22.3,0,0.00
2023-08-14T06:00,20.3,0,0.00
2023-08-14T07:00,21.5,0,0.00
2023-08-14T08:00,21.1,0,0.00
2023-08-14T09:00,22.7,0,0.00
2023-08-14T10:00,25.5,0,0.00
2023-08-14T11:00,27.9,0,0.00
2023-08-14T12:00,29.7,0,0.00
2023-08-14T13:00,31.1,0,0.00
2023-08-14T14:00,32.1,0,0.00
2023-08-14T15:00,33.0,0,0.00
2023-08-14T16:00,33.6,0,0.00
2023-08-14T17:00,34.0,0,0.00
2023-08-14T18:00,33.9,0,0.00
2023-08-14T19:00,33.5,0,0.00
2023-08-14T20:00,32.6,0,0.00
2023-08-14T21:00,30.2,0,0.00
2023-08-14T22:00,27.9,0,0.00
2023-08-14T23:00,27.0,1,0.00
2023-08-15T00:00,25.7,0,0.00
2023-08-15T01:00,25.0,0,0.00
2023-08-15T02:00,23.3,0,0.00
2023-08-15T03:00,22.3,0,0.00
2023-08-15T04:00,20.3,0,0.00
2023-08-15T05:00,20.5,0,0.00
2023-08-15T06:00,18.9,0,0.00
2023-08-15T07:00,17.9,0,0.00
2023-08-15T08:00,18.6,0,0.00
2023-08-15T09:00,21.7,0,0.00
2023-08-15T10:00,25.1,0,0.00
2023-08-15T11:00,27.9,0,0.00
2023-08-15T12:00,30.3,0,0.00
2023-08-15T13:00,31.9,1,0.00
2023-08-15T14:00,32.8,1,0.00
2023-08-15T15:00,33.9,2,0.00
2023-08-15T16:00,34.6,3,0.00
2023-08-15T17:00,34.8,3,0.00
2023-08-15T18:00,34.3,3,0.00
2023-08-15T19:00,33.6,3,0.00
2023-08-15T20:00,32.1,3,0.00
2023-08-15T21:00,30.4,3,0.00
2023-08-15T22:00,28.8,3,0.00
2023-08-15T23:00,27.9,3,0.00
2023-08-16T00:00,26.6,3,0.00
2023-08-16T01:00,25.7,3,0.00
2023-08-16T02:00,23.7,3,0.00
2023-08-16T03:00,23.6,3,0.00
2023-08-16T04:00,22.2,1,0.00
2023-08-16T05:00,21.9,0,0.00
2023-08-16T06:00,19.8,0,0.00
2023-08-16T07:00,20.9,0,0.00
2023-08-16T08:00,20.2,0,0.00
2023-08-16T09:00,22.2,0,0.00
2023-08-16T10:00,25.4,0,0.00
2023-08-16T11:00,28.2,0,0.00
2023-08-16T12:00,30.3,0,0.00
2023-08-16T13:00,31.7,0,0.00
2023-08-16T14:00,32.5,0,0.00
2023-08-16T15:00,33.6,0,0.00
2023-08-16T16:00,34.2,0,0.00
2023-08-16T17:00,34.2,0,0.00
2023-08-16T18:00,34.1,0,0.00
2023-08-16T19:00,33.3,0,0.00
2023-08-16T20:00,32.6,0,0.00
2023-08-16T21:00,30.5,0,0.00
2023-08-16T22:00,28.4,0,0.00
2023-08-16T23:00,27.1,0,0.00
2023-08-17T00:00,26.1,0,0.00
2023-08-17T01:00,25.3,0,0.00
2023-08-17T02:00,24.0,1,0.00
2023-08-17T03:00,21.7,0,0.00
2023-08-17T04:00,20.4,0,0.00
2023-08-17T05:00,20.3,0,0.00
2023-08-17T06:00,20.1,0,0.00
2023-08-17T07:00,19.6,0,0.00
2023-08-17T08:00,19.3,0,0.00
2023-08-17T09:00,21.8,1,0.00
2023-08-17T10:00,24.8,1,0.00
2023-08-17T11:00,27.8,1,0.00
2023-08-17T12:00,30.5,0,0.00
2023-08-17T13:00,32.2,1,0.00
2023-08-17T14:00,33.1,2,0.00
2023-08-17T15:00,34.0,3,0.00
2023-08-17T16:00,34.4,2,0.00
2023-08-17T17:00,34.5,0,0.00
2023-08-17T18:00,34.1,0,0.00
2023-08-17T19:00,33.5,0,0.00
2023-08-17T20:00,32.5,0,0.00
2023-08-17T21:00,30.3,0,0.00
2023-08-17T22:00,28.6,0,0.00
2023-08-17T23:00,27.3,0,0.00
2023-08-18T00:00,26.1,0,0.00
2023-08-18T01:00,25.3,0,0.00
2023-08-18T02:00,24.6,2,0.00
2023-08-18T03:00,23.3,3,0.00
2023-08-18T04:00,22.5,2,0.00
2023-08-18T05:00,21.5,3,0.00
2023-08-18T06:00,20.7,3,0.00
2023-08-18T07:00,20.0,0,0.00
2023-08-18T08:00,19.4,0,0.00
2023-08-18T09:00,21.1,1,0.00
2023-08-18T10:00,23.8,1,0.00
2023-08-18T11:00,27.0,2,0.00
2023-08-18T12:00,29.0,2,0.00
2023-08-18T13:00,30.6,3,0.00
2023-08-18T14:00,31.9,3,0.00
2023-08-18T15:00,32.8,3,0.00
2023-08-18T16:00,32.9,3,0.00
2023-08-18T17:00,33.0,3,0.00
2023-08-18T18:00,32.4,3,0.00
2023-08-18T19:00,31.6,3,0.00
2023-08-18T20:00,30.7,1,0.00
2023-08-18T21:00,28.9,1,0.00
2023-08-18T22:00,27.3,0,0.00
2023-08-18T23:00,25.9,0,0.00
2023-08-19T00:00,24.8,0,0.00
2023-08-19T01:00,24.0,1,0.00
2023-08-19T02:00,23.0,1,0.00
2023-08-19T03:00,21.6,0,0.00
2023-08-19T04:00,20.6,0,0.00
2023-08-19T05:00,19.9,1,0.00
2023-08-19T06:00,19.4,0,0.00
2023-08-19T07:00,19.3,0,0.00
2023-08-19T08:00,19.5,1,0.00
2023-08-19T09:00,22.0,1,0.00
2023-08-19T10:00,25.5,1,0.00
2023-08-19T11:00,28.3,1,0.00
2023-08-19T12:00,30.3,1,0.00
2023-08-19T13:00,32.0,1,0.00
2023-08-19T14:00,33.4,2,0.00
2023-08-19T15:00,34.6,2,0.00
2023-08-19T16:00,35.2,2,0.00
2023-08-19T17:00,35.4,1,0.00
2023-08-19T18:00,35.5,0,0.00
2023-08-19T19:00,35.0,0,0.00
2023-08-19T20:00,33.7,0,0.00
2023-08-19T21:00,31.7,0,0.00
2023-08-19T22:00,29.5,0,0.00
2023-08-19T23:00,28.1,0,0.00
2023-08-20T00:00,26.5,0,0.00
2023-08-20T01:00,25.8,0,0.00
2023-08-20T02:00,25.5,0,0.00
2023-08-20T03:00,24.4,0,0.00
2023-08-20T04:00,22.2,0,0.00
2023-08-20T05:00,21.5,0,0.00
2023-08-20T06:00,21.2,0,0.00
2023-08-20T07:00,21.0,0,0.00
2023-08-20T08:00,20.9,0,0.00
2023-08-20T09:00,23.8,0,0.00
2023-08-20T10:00,27.1,0,0.00
2023-08-20T11:00,29.8,0,0.00
2023-08-20T12:00,32.2,0,0.00
2023-08-20T13:00,34.4,0,0.00
2023-08-20T14:00,35.7,0,0.00
2023-08-20T15:00,36.9,0,0.00
2023-08-20T16:00,37.5,0,0.00
2023-08-20T17:00,37.8,1,0.00
2023-08-20T18:00,37.6,2,0.00
2023-08-20T19:00,36.7,1,0.00
2023-08-20T20:00,35.9,1,0.00
2023-08-20T21:00,33.1,1,0.00
2023-08-20T22:00,29.9,1,0.00
2023-08-20T23:00,28.0,0,0.00
2023-08-21T00:00,26.8,0,0.00
2023-08-21T01:00,26.4,0,0.00
2023-08-21T02:00,26.9,0,0.00
2023-08-21T03:00,24.7,0,0.00
2023-08-21T04:00,25.5,0,0.00
2023-08-21T05:00,24.4,0,0.00
2023-08-21T06:00,23.2,0,0.00
2023-08-21T07:00,22.6,0,0.00
2023-08-21T08:00,22.8,0,0.00
2023-08-21T09:00,26.2,0,0.00
2023-08-21T10:00,29.4,0,0.00
2023-08-21T11:00,31.6,0,0.00
2023-08-21T12:00,33.7,0,0.00
2023-08-21T13:00,35.8,2,0.00
2023-08-21T14:00,36.7,3,0.00
2023-08-21T15:00,38.2,0,0.00
2023-08-21T16:00,38.8,1,0.00
2023-08-21T17:00,39.0,0,0.00
2023-08-21T18:00,38.8,1,0.00
2023-08-21T19:00,38.3,2,0.00
2023-08-21T20:00,37.3,3,0.00
2023-08-21T21:00,33.7,3,0.00
2023-08-21T22:00,33.3,2,0.00
2023-08-21T23:00,32.3,2,0.00
2023-08-22T00:00,30.7,0,0.00
2023-08-22T01:00,30.8,0,0.00
2023-08-22T02:00,28.2,0,0.00
2023-08-22T03:00,26.8,0,0.00
2023-08-22T04:00,25.1,0,0.00
2023-08-22T05:00,24.5,0,0.00
2023-08-22T06:00,24.6,0,0.00
2023-08-22T07:00,24.4,1,0.00
2023-08-22T08:00,24.1,0,0.00
2023-08-22T09:00,26.8,0,0.00
2023-08-22T10:00,29.9,0,0.00
2023-08-22T11:00,32.0,0,0.00
2023-08-22T12:00,34.1,0,0.00
2023-08-22T13:00,35.9,0,0.00
2023-08-22T14:00,36.2,0,0.00
2023-08-22T15:00,38.0,0,0.00
2023-08-22T16:00,38.6,0,0.00
2023-08-22T17:00,38.7,0,0.00
2023-08-22T18:00,38.6,0,0.00
2023-08-22T19:00,38.2,0,0.00
2023-08-22T20:00,37.2,0,0.00
2023-08-22T21:00,34.0,0,0.00
2023-08-22T22:00,32.7,0,0.00
2023-08-22T23:00,31.8,0,0.00
2023-08-23T00:00,30.2,0,0.00
2023-08-23T01:00,29.1,0,0.00
2023-08-23T02:00,27.8,0,0.00
2023-08-23T03:00,26.6,0,0.00
2023-08-23T04:00,25.8,0,0.00
2023-08-23T05:00,25.0,0,0.00
2023-08-23T06:00,24.4,0,0.00
2023-08-23T07:00,23.9,0,0.00
2023-08-23T08:00,24.1,0,0.00
2023-08-23T09:00,26.5,0,0.00
2023-08-23T10:00,29.4,0,0.00
2023-08-23T11:00,31.6,0,0.00
2023-08-23T12:00,33.5,0,0.00
2023-08-23T13:00,35.1,0,0.00
2023-08-23T14:00,36.1,0,0.00
2023-08-23T15:00,37.4,0,0.00
2023-08-23T16:00,37.8,0,0.00
2023-08-23T17:00,38.2,0,0.00
2023-08-23T18:00,38.4,0,0.00
2023-08-23T19:00,37.4,0,0.00
2023-08-23T20:00,36.3,0,0.00
2023-08-23T21:00,33.7,0,0.00
2023-08-23T22:00,32.1,0,0.00
2023-08-23T23:00,31.8,0,0.00
2023-08-24T00:00,30.7,0,0.00
2023-08-24T01:00,29.3,0,0.00
2023-08-24T02:00,26.1,0,0.00
2023-08-24T03:00,25.6,0,0.00
2023-08-24T04:00,24.7,0,0.00
2023-08-24T05:00,24.2,0,0.00
2023-08-24T06:00,23.9,0,0.00
2023-08-24T07:00,23.2,0,0.00
2023-08-24T08:00,23.0,0,0.00
2023-08-24T09:00,26.1,0,0.00
2023-08-24T10:00,29.3,0,0.00
2023-08-24T11:00,31.0,1,0.00
2023-08-24T12:00,33.0,2,0.00
2023-08-24T13:00,35.0,2,0.00
2023-08-24T14:00,36.3,1,0.00
2023-08-24T15:00,37.9,0,0.00
2023-08-24T16:00,38.3,0,0.00
2023-08-24T17:00,38.4,0,0.00
2023-08-24T18:00,38.2,1,0.00
2023-08-24T19:00,37.5,1,0.00
2023-08-24T20:00,36.3,0,0.00
2023-08-24T21:00,34.0,0,0.00
2023-08-24T22:00,32.2,0,0.00
2023-08-24T23:00,30.8,0,0.00
2023-08-25T00:00,29.5,0,0.00
2023-08-25T01:00,28.9,0,0.00
2023-08-25T02:00,28.7,1,0.00
2023-08-25T03:00,26.8,0,0.00
2023-08-25T04:00,24.8,0,0.00
2023-08-25T05:00,23.9,0,0.00
2023-08-25T06:00,22.8,0,0.00
2023-08-25T07:00,21.5,0,0.00
2023-08-25T08:00,20.6,0,0.00
2023-08-25T09:00,23.7,0,0.00
2023-08-25T10:00,27.8,0,0.00
2023-08-25T11:00,31.3,1,0.00
2023-08-25T12:00,33.4,2,0.00
2023-08-25T13:00,35.0,1,0.00
2023-08-25T14:00,35.4,3,0.00
2023-08-25T15:00,36.3,1,0.00
2023-08-25T16:00,36.8,1,0.00
2023-08-25T17:00,37.3,2,0.00
2023-08-25T18:00,36.9,1,0.00
2023-08-25T19:00,36.1,2,0.00
2023-08-25T20:00,34.7,3,0.00
2023-08-25T21:00,32.6,3,0.00
2023-08-25T22:00,31.0,1,0.00
2023-08-25T23:00,29.9,3,0.00
2023-08-26T00:00,29.0,3,0.00
2023-08-26T01:00,27.9,1,0.00
2023-08-26T02:00,27.7,0,0.00
2023-08-26T03:00,25.6,2,0.00
2023-08-26T04:00,24.9,3,0.00
2023-08-26T05:00,24.0,3,0.00
2023-08-26T06:00,23.7,3,0.00
2023-08-26T07:00,22.7,3,0.00
2023-08-26T08:00,22.6,3,0.00
2023-08-26T09:00,22.5,55,1.20
2023-08-26T10:00,22.5,3,0.00
2023-08-26T11:00,24.2,3,0.00
2023-08-26T12:00,25.7,3,0.00
2023-08-26T13:00,28.5,3,0.00
2023-08-26T14:00,30.3,3,0.00
2023-08-26T15:00,30.3,3,0.00
2023-08-26T16:00,31.2,1,0.00
2023-08-26T17:00,31.3,2,0.00
2023-08-26T18:00,31.1,0,0.00
2023-08-26T19:00,30.0,0,0.00
2023-08-26T20:00,28.6,0,0.00
2023-08-26T21:00,27.1,0,0.00
2023-08-26T22:00,25.9,0,0.00
2023-08-26T23:00,23.1,0,0.00
2023-08-27T00:00,21.9,0,0.00
2023-08-27T01:00,20.9,0,0.00
2023-08-27T02:00,19.9,0,0.00
2023-08-27T03:00,18.7,0,0.00
2023-08-27T04:00,17.9,3,0.00
2023-08-27T05:00,17.6,2,0.00
2023-08-27T06:00,17.3,0,0.00
2023-08-27T07:00,16.5,0,0.00
2023-08-27T08:00,16.1,0,0.00
2023-08-27T09:00,16.7,0,0.00
2023-08-27T10:00,17.8,1,0.00
2023-08-27T11:00,19.1,1,0.00
2023-08-27T12:00,21.4,1,0.00
2023-08-27T13:00,23.2,1,0.00
2023-08-27T14:00,23.4,0,0.00
2023-08-27T15:00,23.6,2,0.00
2023-08-27T16:00,23.7,2,0.00
2023-08-27T17:00,23.8,1,0.00
2023-08-27T18:00,23.8,3,0.00
2023-08-27T19:00,23.3,1,0.00
2023-08-27T20:00,22.8,1,0.00
2023-08-27T21:00,21.5,1,0.00
2023-08-27T22:00,20.1,1,0.00
2023-08-27T23:00,18.9,2,0.00
2023-08-28T00:00,18.0,3,0.00
2023-08-28T01:00,17.0,2,0.00
2023-08-28T02:00,15.8,1,0.00
2023-08-28T03:00,15.8,0,0.00
2023-08-28T04:00,14.0,0,0.00
2023-08-28T05:00,13.8,0,0.00
2023-08-28T06:00,13.0,0,0.00
2023-08-28T07:00,12.5,0,0.00
2023-08-28T08:00,12.5,0,0.00
2023-08-28T09:00,14.6,0,0.00
2023-08-28T10:00,16.5,0,0.00
2023-08-28T11:00,18.7,0,0.00
2023-08-28T12:00,21.0,0,0.00
2023-08-28T13:00,23.1,0,0.00
2023-08-28T14:00,24.7,1,0.00
2023-08-28T15:00,26.5,0,0.00
2023-08-28T16:00,27.1,0,0.00
2023-08-28T17:00,27.4,0,0.00
2023-08-28T18:00,27.2,0,0.00
2023-08-28T19:00,26.4,0,0.00
2023-08-28T20:00,25.5,0,0.00
2023-08-28T21:00,24.0,0,0.00
2023-08-28T22:00,23.1,0,0.00
2023-08-28T23:00,22.2,0,0.00
2023-08-29T00:00,21.2,0,0.00
2023-08-29T01:00,20.5,0,0.00
2023-08-29T02:00,20.0,0,0.00
2023-08-29T03:00,18.3,0,0.00
2023-08-29T04:00,16.6,1,0.00
2023-08-29T05:00,17.2,1,0.00
2023-08-29T06:00,16.4,0,0.00
2023-08-29T07:00,14.8,1,0.00
2023-08-29T08:00,15.4,2,0.00
2023-08-29T09:00,16.8,2,0.00
2023-08-29T10:00,18.5,1,0.00
2023-08-29T11:00,20.5,2,0.00
2023-08-29T12:00,22.2,2,0.00
2023-08-29T13:00,23.9,1,0.00
2023-08-29T14:00,25.7,1,0.00
2023-08-29T15:00,27.7,3,0.00
2023-08-29T16:00,28.1,3,0.00
2023-08-29T17:00,27.5,3,0.00
2023-08-29T18:00,26.7,1,0.00
2023-08-29T19:00,26.8,0,0.00
2023-08-29T20:00,25.2,0,0.00
2023-08-29T21:00,23.0,1,0.00
2023-08-29T22:00,21.9,0,0.00
2023-08-29T23:00,20.9,1,0.00
2023-08-30T00:00,20.1,1,0.00
2023-08-30T01:00,19.5,0,0.00
2023-08-30T02:00,18.0,0,0.00
2023-08-30T03:00,17.8,0,0.00
2023-08-30T04:00,16.9,1,0.00
2023-08-30T05:00,16.2,0,0.00
2023-08-30T06:00,15.6,2,0.00
2023-08-30T07:00,15.3,2,0.00
2023-08-30T08:00,15.0,0,0.00
2023-08-30T09:00,16.6,0,0.00
2023-08-30T10:00,19.0,0,0.00
2023-08-30T11:00,21.4,0,0.00
2023-08-30T12:00,23.2,1,0.00
2023-08-30T13:00,24.9,2,0.00
2023-08-30T14:00,25.7,3,0.00
2023-08-30T15:00,27.0,2,0.00
2023-08-30T16:00,27.9,3,0.00
2023-08-30T17:00,28.4,1,0.00
2023-08-30T18:00,28.4,2,0.00
2023-08-30T19:00,28.1,3,0.00
2023-08-30T20:00,27.1,3,0.00
2023-08-30T21:00,23.6,1,0.00
2023-08-30T22:00,21.4,1,0.00
2023-08-30T23:00,20.6,1,0.00
2023-08-31T00:00,19.4,0,0.00
2023-08-31T01:00,18.2,0,0.00
2023-08-31T02:00,19.7,0,0.00
2023-08-31T03:00,18.0,0,0.00
2023-08-31T04:00,17.6,0,0.00
2023-08-31T05:00,16.9,0,0.00
2023-08-31T06:00,16.4,0,0.00
2023-08-31T07:00,15.9,0,0.00
2023-08-31T08:00,15.6,0,0.00
2023-08-31T09:00,17.7,0,0.00
2023-08-31T10:00,20.4,0,0.00
2023-08-31T11:00,22.5,0,0.00
2023-08-31T12:00,25.0,0,0.00
2023-08-31T13:00,27.2,0,0.00
2023-08-31T14:00,28.5,0,0.00
2023-08-31T15:00,29.9,2,0.00
2023-08-31T16:00,30.6,3,0.00
2023-08-31T17:00,30.9,2,0.00
2023-08-31T18:00,30.7,2,0.00
2023-08-31T19:00,30.4,1,0.00
2023-08-31T20:00,29.5,2,0.00
2023-08-31T21:00,25.3,0,0.00
2023-08-31T22:00,24.6,0,0.00
2023-08-31T23:00,23.9,1,0.00
2023-09-01T00:00,22.8,3,0.00
2023-09-01T01:00,20.6,2,0.00
2023-09-01T02:00,23.5,3,0.00
2023-09-01T03:00,22.2,3,0.00
2023-09-01T04:00,18.3,2,0.00
2023-09-01T05:00,17.3,3,0.00
2023-09-01T06:00,16.8,1,0.00
2023-09-01T07:00,16.6,2,0.00
2023-09-01T08:00,16.3,3,0.00
2023-09-01T09:00,18.5,3,0.00
2023-09-01T10:00,21.4,3,0.00
2023-09-01T11:00,24.4,3,0.00
2023-09-01T12:00,27.1,3,0.00
2023-09-01T13:00,29.4,3,0.00
2023-09-01T14:00,30.4,3,0.00
2023-09-01T15:00,30.6,3,0.00
2023-09-01T16:00,31.0,3,0.00
2023-09-01T17:00,31.1,3,0.00
2023-09-01T18:00,30.8,0,0.00
2023-09-01T19:00,29.9,1,0.00
2023-09-01T20:00,28.2,2,0.00
2023-09-01T21:00,26.4,2,0.00
2023-09-01T22:00,25.9,3,0.00
2023-09-01T23:00,24.0,3,0.00
2023-09-02T00:00,21.4,51,0.10
2023-09-02T01:00,21.3,3,0.00
2023-09-02T02:00,19.8,55,1.00
2023-09-02T03:00,18.9,2,0.00
2023-09-02T04:00,18.5,3,0.00
2023-09-02T05:00,18.0,51,0.40
2023-09-02T06:00,17.6,61,1.30
2023-09-02T07:00,17.3,3,0.00
2023-09-02T08:00,16.9,51,0.30
2023-09-02T09:00,16.8,61,2.10
2023-09-02T10:00,16.9,53,0.60
2023-09-02T11:00,18.2,53,0.50
2023-09-02T12:00,20.4,3,0.00
2023-09-02T13:00,21.7,51,0.10
2023-09-02T14:00,17.9,51,0.30
2023-09-02T15:00,20.1,51,0.20
2023-09-02T16:00,18.6,61,1.60
2023-09-02T17:00,19.2,53,0.50
2023-09-02T18:00,20.7,3,0.00
2023-09-02T19:00,20.0,3,0.00
2023-09-02T20:00,19.1,0,0.00
2023-09-02T21:00,17.7,3,0.00
2023-09-02T22:00,17.4,3,0.00
2023-09-02T23:00,17.2,3,0.00
2023-09-03T00:00,17.1,3,0.00
2023-09-03T01:00,17.2,51,0.10
2023-09-03T02:00,15.9,53,0.60
2023-09-03T03:00,16.0,63,6.90
2023-09-03T04:00,16.2,63,5.50
2023-09-03T05:00,16.4,61,1.60
2023-09-03T06:00,16.3,53,0.50
2023-09-03T07:00,16.3,51,0.20
2023-09-03T08:00,15.7,53,0.70
2023-09-03T09:00,16.2,53,0.80
2023-09-03T10:00,17.3,53,0.60
2023-09-03T11:00,17.9,53,0.60
2023-09-03T12:00,18.0,61,1.80
2023-09-03T13:00,17.6,63,7.30
2023-09-03T14:00,18.8,65,15.80
2023-09-03T15:00,18.6,63,6.40
2023-09-03T16:00,18.3,63,3.90
2023-09-03T17:00,19.1,63,3.00
2023-09-03T18:00,20.1,53,0.80
2023-09-03T19:00,19.4,65,11.10
2023-09-03T20:00,18.3,65,8.60
2023-09-03T21:00,18.5,51,0.30
2023-09-03T22:00,18.3,3,0.00
2023-09-03T23:00,18.6,3,0.00
2023-09-04T00:00,18.9,51,0.40
2023-09-04T01:00,18.5,53,0.60
2023-09-04T02:00,17.9,53,0.90
2023-09-04T03:00,17.7,51,0.30
2023-09-04T04:00,17.7,61,1.40
2023-09-04T05:00,17.7,53,0.90
2023-09-04T06:00,17.5,53,0.60
2023-09-04T07:00,17.2,65,11.50
2023-09-04T08:00,17.0,61,2.00
2023-09-04T09:00,16.8,63,2.50
2023-09-04T10:00,17.1,65,12.60
2023-09-04T11:00,17.5,51,0.20
2023-09-04T12:00,18.6,55,1.10
2023-09-04T13:00,19.8,2,0.00
2023-09-04T14:00,20.3,51,0.10
2023-09-04T15:00,22.0,51,0.10
2023-09-04T16:00,23.7,0,0.00
2023-09-04T17:00,24.4,2,0.00
2023-09-04T18:00,22.6,53,0.50
2023-09-04T19:00,22.6,1,0.00
2023-09-04T20:00,21.8,2,0.00
2023-09-04T21:00,19.8,1,0.00
2023-09-04T22:00,18.6,1,0.00
2023-09-04T23:00,17.8,0,0.00
2023-09-05T00:00,17.0,0,0.00
2023-09-05T01:00,16.7,1,0.00
2023-09-05T02:00,16.6,0,0.00
2023-09-05T03:00,16.3,0,0.00
2023-09-05T04:00,16.7,0,0.00
2023-09-05T05:00,15.9,0,0.00
2023-09-05T06:00,14.7,0,0.00
2023-09-05T07:00,14.4,0,0.00
2023-09-05T08:00,14.0,2,0.00
2023-09-05T09:00,16.5,3,0.00
2023-09-05T10:00,18.6,3,0.00
2023-09-05T11:00,20.1,2,0.00
2023-09-05T12:00,21.8,2,0.00
2023-09-05T13:00,23.3,1,0.00
2023-09-05T14:00,24.4,0,0.00
2023-09-05T15:00,24.7,1,0.00
2023-09-05T16:00,25.6,1,0.00
2023-09-05T17:00,25.9,1,0.00
2023-09-05T18:00,25.7,3,0.00
2023-09-05T19:00,25.0,3,0.00
2023-09-05T20:00,23.3,3,0.00
2023-09-05T21:00,20.8,3,0.00
2023-09-05T22:00,21.2,3,0.00
2023-09-05T23:00,20.5,0,0.00
2023-09-06T00:00,18.1,0,0.00
2023-09-06T01:00,18.1,0,0.00
2023-09-06T02:00,17.4,1,0.00
2023-09-06T03:00,17.1,2,0.00
2023-09-06T04:00,17.4,2,0.00
2023-09-06T05:00,17.9,2,0.00
2023-09-06T06:00,17.6,1,0.00
2023-09-06T07:00,17.5,51,0.10
2023-09-06T08:00,17.1,53,0.80
2023-09-06T09:00,17.8,53,0.60
2023-09-06T10:00,19.2,0,0.00
2023-09-06T11:00,20.8,0,0.00
2023-09-06T12:00,22.3,0,0.00
2023-09-06T13:00,24.3,1,0.00
2023-09-06T14:00,24.2,51,0.20
2023-09-06T15:00,25.2,3,0.00
2023-09-06T16:00,26.1,3,0.00
2023-09-06T17:00,26.5,0,0.00
2023-09-06T18:00,26.6,3,0.00
2023-09-06T19:00,26.2,3,0.00
2023-09-06T20:00,24.2,3,0.00
2023-09-06T21:00,22.8,3,0.00
2023-09-06T22:00,22.0,3,0.00
2023-09-06T23:00,23.3,3,0.00
2023-09-07T00:00,20.5,3,0.00
2023-09-07T01:00,19.2,3,0.00
2023-09-07T02:00,19.9,3,0.00
2023-09-07T03:00,20.6,3,0.00
2023-09-07T04:00,19.7,3,0.00
2023-09-07T05:00,19.3,3,0.00
2023-09-07T06:00,19.1,3,0.00
2023-09-07T07:00,18.5,3,0.00
2023-09-07T08:00,18.2,3,0.00
2023-09-07T09:00,19.4,3,0.00
2023-09-07T10:00,21.0,3,0.00
2023-09-07T11:00,22.2,3,0.00
2023-09-07T12:00,23.7,3,0.00
2023-09-07T13:00,25.2,2,0.00
2023-09-07T14:00,25.2,51,0.10
2023-09-07T15:00,25.4,2,0.00
2023-09-07T16:00,27.0,2,0.00
2023-09-07T17:00,27.6,3,0.00
2023-09-07T18:00,27.8,3,0.00
2023-09-07T19:00,27.1,3,0.00
2023-09-07T20:00,24.8,3,0.00
2023-09-07T21:00,23.5,3,0.00
2023-09-07T22:00,24.1,3,0.00
2023-09-07T23:00,21.6,3,0.00
2023-09-08T00:00,20.5,2,0.00
2023-09-08T01:00,20.7,2,0.00
2023-09-08T02:00,20.1,1,0.00
2023-09-08T03:00,19.2,51,0.20
2023-09-08T04:00,19.2,51,0.10
2023-09-08T05:00,18.3,0,0.00
2023-09-08T06:00,17.9,0,0.00
2023-09-08T07:00,17.8,0,0.00
2023-09-08T08:00,17.4,0,0.00
2023-09-08T09:00,18.5,0,0.00
2023-09-08T10:00,20.4,0,0.00
2023-09-08T11:00,21.9,0,0.00
2023-09-08T12:00,24.1,1,0.00
2023-09-08T13:00,25.2,1,0.00
2023-09-08T14:00,26.7,0,0.00
2023-09-08T15:00,27.6,0,0.00
2023-09-08T16:00,27.9,1,0.00
2023-09-08T17:00,27.8,1,0.00
2023-09-08T18:00,27.3,1,0.00
2023-09-08T19:00,26.4,1,0.00
2023-09-08T20:00,24.7,2,0.00
2023-09-08T21:00,23.6,3,0.00
2023-09-08T22:00,21.7,3,0.00
2023-09-08T23:00,21.0,3,0.00
2023-09-09T00:00,20.5,3,0.00
2023-09-09T01:00,20.5,2,0.00
2023-09-09T02:00,19.4,2,0.00
2023-09-09T03:00,19.9,1,0.00
2023-09-09T04:00,19.5,1,0.00
2023-09-09T05:00,18.9,3,0.00
2023-09-09T06:00,18.3,1,0.00
2023-09-09T07:00,17.7,2,0.00
2023-09-09T08:00,17.0,51,0.10
2023-09-09T09:00,18.7,3,0.00
2023-09-09T10:00,20.4,1,0.00
2023-09-09T11:00,22.4,1,0.00
2023-09-09T12:00,24.0,3,0.00
2023-09-09T13:00,25.4,3,0.00
2023-09-09T14:00,25.3,51,0.10
2023-09-09T15:00,25.7,2,0.00
2023-09-09T16:00,26.0,3,0.00
2023-09-09T17:00,25.0,51,0.20
2023-09-09T18:00,24.3,2,0.00
2023-09-09T19:00,24.5,2,0.00
2023-09-09T20:00,23.3,2,0.00
2023-09-09T21:00,20.2,1,0.00
2023-09-09T22:00,19.3,1,0.00
2023-09-09T23:00,18.7,1,0.00
2023-09-10T00:00,18.2,1,0.00
2023-09-10T01:00,17.9,2,0.00
2023-09-10T02:00,17.6,1,0.00
2023-09-10T03:00,18.0,51,0.20
2023-09-10T04:00,17.5,2,0.00
2023-09-10T05:00,17.0,2,0.00
2023-09-10T06:00,16.8,1,0.00
2023-09-10T07:00,16.9,51,0.10
2023-09-10T08:00,17.0,51,0.10
2023-09-10T09:00,17.9,51,0.10
2023-09-10T10:00,19.6,0,0.00
2023-09-10T11:00,21.5,2,0.00
2023-09-10T12:00,22.9,2,0.00
2023-09-10T13:00,24.2,51,0.10
2023-09-10T14:00,25.2,51,0.20
2023-09-10T15:00,26.6,51,0.10
2023-09-10T16:00,27.3,1,0.00
2023-09-10T17:00,27.4,1,0.00
2023-09-10T18:00,27.1,1,0.00
2023-09-10T19:00,24.8,51,0.20
2023-09-10T20:00,23.9,1,0.00
2023-09-10T21:00,20.9,3,0.00
2023-09-10T22:00,20.0,2,0.00
2023-09-10T23:00,18.5,51,0.10
2023-09-11T00:00,18.3,0,0.00
2023-09-11T01:00,17.8,0,0.00
2023-09-11T02:00,18.0,0,0.00
2023-09-11T03:00,17.1,63,3.90
2023-09-11T04:00,17.0,61,2.10
2023-09-11T05:00,16.8,55,1.20
2023-09-11T06:00,16.5,53,0.60
2023-09-11T07:00,16.1,0,0.00
2023-09-11T08:00,16.1,1,0.00
2023-09-11T09:00,16.7,1,0.00
2023-09-11T10:00,18.2,0,0.00
2023-09-11T11:00,19.9,51,0.20
2023-09-11T12:00,20.7,51,0.20
2023-09-11T13:00,22.2,0,0.00
2023-09-11T14:00,23.2,0,0.00
2023-09-11T15:00,24.3,0,0.00
2023-09-11T16:00,24.5,1,0.00
2023-09-11T17:00,24.5,3,0.00
2023-09-11T18:00,24.1,3,0.00
2023-09-11T19:00,23.4,3,0.00
2023-09-11T20:00,22.0,3,0.00
2023-09-11T21:00,19.9,3,0.00
2023-09-11T22:00,18.9,3,0.00
2023-09-11T23:00,18.0,3,0.00
2023-09-12T00:00,16.9,3,0.00
2023-09-12T01:00,15.9,3,0.00
2023-09-12T02:00,15.9,3,0.00
2023-09-12T03:00,15.8,3,0.00
2023-09-12T04:00,14.7,3,0.00
2023-09-12T05:00,14.2,3,0.00
2023-09-12T06:00,14.4,3,0.00
2023-09-12T07:00,14.4,3,0.00
2023-09-12T08:00,14.1,1,0.00
2023-09-12T09:00,15.8,1,0.00
2023-09-12T10:00,18.8,0,0.00
2023-09-12T11:00,21.1,0,0.00
2023-09-12T12:00,22.8,0,0.00
2023-09-12T13:00,23.9,1,0.00
2023-09-12T14:00,24.1,1,0.00
2023-09-12T15:00,24.3,1,0.00
2023-09-12T16:00,24.5,3,0.00
2023-09-12T17:00,23.4,53,0.50
2023-09-12T18:00,23.9,2,0.00
2023-09-12T19:00,23.7,0,0.00
2023-09-12T20:00,21.6,0,0.00
2023-09-12T21:00,19.3,0,0.00
2023-09-12T22:00,18.7,0,0.00
2023-09-12T23:00,18.1,0,0.00
2023-09-13T00:00,17.6,0,0.00
2023-09-13T01:00,17.0,0,0.00
2023-09-13T02:00,17.2,0,0.00
2023-09-13T03:00,17.1,0,0.00
2023-09-13T04:00,16.9,0,0.00
2023-09-13T05:00,16.5,0,0.00
2023-09-13T06:00,16.0,0,0.00
2023-09-13T07:00,15.8,0,0.00
2023-09-13T08:00,15.5,0,0.00
2023-09-13T09:00,16.4,0,0.00
2023-09-13T10:00,18.5,0,0.00
2023-09-13T11:00,20.7,0,0.00
2023-09-13T12:00,22.7,0,0.00
2023-09-13T13:00,24.3,0,0.00
2023-09-13T14:00,25.4,0,0.00
2023-09-13T15:00,26.1,0,0.00
2023-09-13T16:00,26.7,1,0.00
2023-09-13T17:00,26.6,0,0.00
2023-09-13T18:00,26.5,0,0.00
2023-09-13T19:00,25.9,0,0.00
2023-09-13T20:00,23.5,0,0.00
2023-09-13T21:00,20.8,0,0.00
2023-09-13T22:00,19.8,0,0.00
2023-09-13T23:00,18.5,0,0.00
2023-09-14T00:00,18.9,0,0.00
2023-09-14T01:00,18.5,0,0.00
2023-09-14T02:00,19.9,0,0.00
2023-09-14T03:00,19.3,2,0.00
2023-09-14T04:00,18.6,1,0.00
2023-09-14T05:00,16.4,55,1.20
2023-09-14T06:00,15.5,65,8.30
2023-09-14T07:00,15.5,53,0.70
2023-09-14T08:00,15.3,53,0.50
2023-09-14T09:00,16.0,1,0.00
2023-09-14T10:00,18.0,1,0.00
2023-09-14T11:00,20.4,2,0.00
2023-09-14T12:00,22.1,3,0.00
2023-09-14T13:00,23.6,2,0.00
2023-09-14T14:00,24.2,0,0.00
2023-09-14T15:00,25.3,51,0.10
2023-09-14T16:00,25.6,51,0.10
2023-09-14T17:00,25.6,2,0.00
2023-09-14T18:00,25.7,3,0.00
2023-09-14T19:00,25.4,2,0.00
2023-09-14T20:00,23.7,3,0.00
2023-09-14T21:00,21.5,1,0.00
2023-09-14T22:00,21.0,1,0.00
2023-09-14T23:00,20.1,2,0.00
2023-09-15T00:00,18.7,51,0.20
2023-09-15T01:00,17.6,51,0.20
2023-09-15T02:00,18.1,65,12.30
2023-09-15T03:00,17.9,55,1.10
2023-09-15T04:00,17.1,63,2.60
2023-09-15T05:00,16.7,3,0.00
2023-09-15T06:00,16.5,51,0.10
2023-09-15T07:00,16.7,3,0.00
2023-09-15T08:00,16.4,2,0.00
2023-09-15T09:00,17.0,3,0.00
2023-09-15T10:00,18.3,3,0.00
2023-09-15T11:00,19.8,3,0.00
2023-09-15T12:00,21.4,51,0.10
2023-09-15T13:00,21.7,51,0.10
2023-09-15T14:00,22.8,51,0.20
2023-09-15T15:00,24.1,1,0.00
2023-09-15T16:00,24.9,3,0.00
2023-09-15T17:00,24.9,3,0.00
2023-09-15T18:00,24.3,1,0.00
2023-09-15T19:00,22.7,51,0.10
2023-09-15T20:00,21.2,3,0.00
2023-09-15T21:00,19.4,3,0.00
2023-09-15T22:00,18.6,1,0.00
2023-09-15T23:00,18.0,2,0.00
2023-09-16T00:00,17.6,1,0.00
2023-09-16T01:00,16.4,2,0.00
2023-09-16T02:00,15.7,2,0.00
2023-09-16T03:00,14.5,51,0.30
2023-09-16T04:00,15.0,51,0.10
2023-09-16T05:00,15.0,51,0.10
2023-09-16T06:00,14.8,51,0.10
2023-09-16T07:00,15.0,51,0.10
2023-09-16T08:00,15.0,51,0.10
2023-09-16T09:00,16.1,51,0.10
2023-09-16T10:00,16.6,3,0.00
2023-09-16T11:00,17.6,51,0.10
2023-09-16T12:00,19.5,51,0.10
2023-09-16T13:00,21.0,3,0.00
2023-09-16T14:00,20.3,3,0.00
2023-09-16T15:00,21.2,3,0.00
2023-09-16T16:00,21.7,3,0.00
2023-09-16T17:00,22.0,3,0.00
2023-09-16T18:00,22.3,3,0.00
2023-09-16T19:00,22.0,3,0.00
2023-09-16T20:00,20.7,3,0.00
2023-09-16T21:00,19.9,3,0.00
2023-09-16T22:00,19.3,3,0.00
2023-09-16T23:00,18.6,3,0.00
2023-09-17T00:00,18.6,3,0.00
2023-09-17T01:00,18.3,3,0.00
2023-09-17T02:00,17.8,3,0.00
2023-09-17T03:00,17.2,3,0.00
2023-09-17T04:00,16.6,3,0.00
2023-09-17T05:00,16.1,3,0.00
2023-09-17T06:00,15.9,3,0.00
2023-09-17T07:00,15.1,3,0.00
2023-09-17T08:00,14.8,3,0.00
2023-09-17T09:00,15.7,3,0.00
2023-09-17T10:00,16.9,51,0.10
2023-09-17T11:00,17.5,51,0.20
2023-09-17T12:00,16.4,63,3.80
2023-09-17T13:00,16.1,63,3.90
2023-09-17T14:00,15.2,53,0.80
2023-09-17T15:00,17.2,3,0.00
2023-09-17T16:00,19.0,3,0.00
2023-09-17T17:00,19.5,3,0.00
2023-09-17T18:00,20.0,3,0.00
2023-09-17T19:00,20.0,3,0.00
2023-09-17T20:00,18.6,2,0.00
2023-09-17T21:00,17.2,1,0.00
2023-09-17T22:00,16.1,1,0.00
2023-09-17T23:00,15.8,0,0.00
2023-09-18T00:00,15.4,0,0.00
2023-09-18T01:00,15.3,0,0.00
2023-09-18T02:00,14.9,0,0.00
2023-09-18T03:00,14.5,1,0.00
2023-09-18T04:00,13.9,1,0.00
2023-09-18T05:00,13.5,0,0.00
2023-09-18T06:00,13.0,3,0.00
2023-09-18T07:00,13.3,3,0.00
2023-09-18T08:00,13.9,3,0.00
2023-09-18T09:00,14.6,3,0.00
2023-09-18T10:00,15.1,51,0.10
2023-09-18T11:00,15.7,51,0.30
2023-09-18T12:00,16.9,51,0.10
2023-09-18T13:00,17.9,51,0.10
2023-09-18T14:00,19.2,51,0.10
2023-09-18T15:00,19.9,51,0.10
2023-09-18T16:00,20.8,51,0.10
2023-09-18T17:00,20.7,51,0.10
2023-09-18T18:00,20.2,3,0.00
2023-09-18T19:00,19.5,3,0.00
2023-09-18T20:00,18.3,2,0.00
2023-09-18T21:00,16.2,0,0.00
2023-09-18T22:00,16.2,0,0.00
2023-09-18T23:00,16.5,0,0.00
2023-09-19T00:00,14.6,0,0.00
2023-09-19T01:00,13.8,0,0.00
2023-09-19T02:00,13.0,0,0.00
2023-09-19T03:00,12.7,0,0.00
2023-09-19T04:00,12.5,0,0.00
2023-09-19T05:00,11.7,0,0.00
2023-09-19T06:00,11.6,0,0.00
2023-09-19T07:00,11.3,1,0.00
2023-09-19T08:00,11.6,0,0.00
2023-09-19T09:00,13.4,0,0.00
2023-09-19T10:00,16.4,0,0.00
2023-09-19T11:00,18.7,0,0.00
2023-09-19T12:00,20.2,1,0.00
2023-09-19T13:00,21.2,0,0.00
2023-09-19T14:00,21.5,0,0.00
2023-09-19T15:00,22.5,1,0.00
2023-09-19T16:00,22.9,1,0.00
2023-09-19T17:00,23.1,1,0.00
2023-09-19T18:00,22.8,51,0.10
2023-09-19T19:00,22.0,51,0.10
2023-09-19T20:00,19.7,0,0.00
2023-09-19T21:00,17.7,0,0.00
2023-09-19T22:00,16.5,0,0.00
2023-09-19T23:00,15.1,0,0.00
2023-09-20T00:00,14.7,0,0.00
2023-09-20T01:00,14.0,0,0.00
2023-09-20T02:00,14.4,0,0.00
2023-09-20T03:00,13.8,0,0.00
2023-09-20T04:00,12.9,0,0.00
2023-09-20T05:00,12.4,0,0.00
2023-09-20T06:00,12.1,0,0.00
2023-09-20T07:00,11.4,0,0.00
2023-09-20T08:00,11.6,0,0.00
2023-09-20T09:00,13.5,0,0.00
2023-09-20T10:00,15.7,0,0.00
2023-09-20T11:00,18.1,0,0.00
2023-09-20T12:00,20.4,0,0.00
2023-09-20T13:00,22.0,0,0.00
2023-09-20T14:00,22.7,0,0.00
2023-09-20T15:00,23.1,1,0.00
2023-09-20T16:00,23.1,3,0.00
2023-09-20T17:00,22.9,3,0.00
2023-09-20T18:00,22.5,0,0.00
2023-09-20T19:00,21.6,0,0.00
2023-09-20T20:00,19.9,0,0.00
2023-09-20T21:00,18.7,0,0.00
2023-09-20T22:00,17.9,0,0.00
2023-09-20T23:00,17.0,3,0.00
2023-09-21T00:00,16.4,3,0.00
2023-09-21T01:00,15.6,3,0.00
2023-09-21T02:00,15.2,3,0.00
2023-09-21T03:00,15.0,3,0.00
2023-09-21T04:00,14.8,3,0.00
2023-09-21T05:00,14.3,3,0.00
2023-09-21T06:00,13.8,3,0.00
2023-09-21T07:00,13.6,3,0.00
2023-09-21T08:00,13.1,3,0.00
2023-09-21T09:00,13.7,3,0.00
2023-09-21T10:00,14.4,51,0.10
2023-09-21T11:00,15.3,51,0.10
2023-09-21T12:00,15.6,51,0.10
2023-09-21T13:00,15.7,51,0.20
2023-09-21T14:00,15.7,3,0.00
2023-09-21T15:00,17.1,51,0.10
2023-09-21T16:00,17.5,3,0.00
2023-09-21T17:00,17.2,51,0.20
2023-09-21T18:00,18.4,51,0.10
2023-09-21T19:00,17.6,55,1.20
2023-09-21T20:00,16.3,53,0.60
2023-09-21T21:00,15.7,51,0.10
2023-09-21T22:00,15.6,3,0.00
2023-09-21T23:00,15.2,3,0.00
2023-09-22T00:00,14.8,3,0.00
2023-09-22T01:00,14.1,3,0.00
2023-09-22T02:00,13.7,1,0.00
2023-09-22T03:00,12.5,0,0.00
2023-09-22T04:00,11.6,0,0.00
2023-09-22T05:00,11.3,0,0.00
2023-09-22T06:00,11.0,0,0.00
2023-09-22T07:00,10.6,0,0.00
2023-09-22T08:00,10.3,0,0.00
2023-09-22T09:00,11.2,0,0.00
2023-09-22T10:00,13.3,0,0.00
2023-09-22T11:00,14.9,1,0.00
2023-09-22T12:00,16.2,0,0.00
2023-09-22T13:00,17.2,0,0.00
2023-09-22T14:00,18.7,0,0.00
2023-09-22T15:00,19.3,0,0.00
2023-09-22T16:00,20.2,0,0.00
2023-09-22T17:00,20.3,0,0.00
2023-09-22T18:00,19.8,0,0.00
2023-09-22T19:00,19.0,0,0.00
2023-09-22T20:00,16.9,0,0.00
2023-09-22T21:00,15.5,0,0.00
2023-09-22T22:00,15.0,1,0.00
2023-09-22T23:00,13.9,2,0.00
2023-09-23T00:00,11.6,3,0.00
2023-09-23T01:00,10.3,1,0.00
2023-09-23T02:00,10.1,1,0.00
2023-09-23T03:00,10.2,1,0.00
2023-09-23T04:00,8.5,1,0.00
2023-09-23T05:00,8.3,1,0.00
2023-09-23T06:00,8.2,0,0.00
2023-09-23T07:00,7.9,0,0.00
2023-09-23T08:00,7.8,0,0.00
2023-09-23T09:00,9.4,0,0.00
2023-09-23T10:00,12.8,0,0.00
2023-09-23T11:00,15.9,0,0.00
2023-09-23T12:00,17.9,0,0.00
2023-09-23T13:00,19.2,0,0.00
2023-09-23T14:00,19.8,0,0.00
2023-09-23T15:00,20.7,0,0.00
2023-09-23T16:00,21.2,0,0.00
2023-09-23T17:00,21.5,0,0.00
2023-09-23T18:00,21.4,0,0.00
2023-09-23T19:00,20.7,0,0.00
2023-09-23T20:00,17.1,0,0.00
2023-09-23T21:00,15.7,0,0.00
2023-09-23T22:00,17.4,0,0.00
2023-09-23T23:00,13.7,0,0.00
2023-09-24T00:00,12.3,0,0.00
2023-09-24T01:00,11.7,0,0.00
2023-09-24T02:00,11.4,0,0.00
2023-09-24T03:00,11.2,0,0.00
2023-09-24T04:00,10.8,0,0.00
2023-09-24T05:00,10.7,0,0.00
2023-09-24T06:00,10.8,0,0.00
2023-09-24T07:00,10.6,0,0.00
2023-09-24T08:00,10.4,0,0.00
2023-09-24T09:00,11.8,0,0.00
2023-09-24T10:00,15.4,0,0.00
2023-09-24T11:00,18.6,0,0.00
2023-09-24T12:00,20.5,0,0.00
2023-09-24T13:00,21.9,0,0.00
2023-09-24T14:00,23.2,0,0.00
2023-09-24T15:00,24.2,0,0.00
2023-09-24T16:00,24.8,0,0.00
2023-09-24T17:00,25.1,0,0.00
2023-09-24T18:00,25.0,0,0.00
2023-09-24T19:00,24.3,0,0.00
2023-09-24T20:00,23.0,0,0.00
2023-09-24T21:00,21.4,0,0.00
2023-09-24T22:00,17.6,0,0.00
2023-09-24T23:00,15.3,0,0.00
2023-09-25T00:00,13.8,0,0.00
2023-09-25T01:00,13.0,0,0.00
2023-09-25T02:00,13.6,0,0.00
2023-09-25T03:00,12.2,0,0.00
2023-09-25T04:00,12.0,0,0.00
2023-09-25T05:00,11.4,0,0.00
2023-09-25T06:00,11.5,0,0.00
2023-09-25T07:00,11.4,0,0.00
2023-09-25T08:00,11.4,0,0.00
2023-09-25T09:00,12.9,0,0.00
2023-09-25T10:00,16.6,0,0.00
2023-09-25T11:00,20.1,0,0.00
2023-09-25T12:00,22.8,0,0.00
2023-09-25T13:00,24.7,0,0.00
2023-09-25T14:00,26.2,0,0.00
2023-09-25T15:00,26.9,0,0.00
2023-09-25T16:00,27.3,0,0.00
2023-09-25T17:00,27.3,0,0.00
2023-09-25T18:00,26.8,0,0.00
2023-09-25T19:00,25.1,0,0.00
2023-09-25T20:00,21.9,0,0.00
2023-09-25T21:00,22.6,0,0.00
2023-09-25T22:00,22.3,0,0.00
2023-09-25T23:00,16.8,0,0.00
2023-09-26T00:00,15.8,0,0.00
2023-09-26T01:00,14.3,0,0.00
2023-09-26T02:00,14.3,0,0.00
2023-09-26T03:00,14.2,0,0.00
2023-09-26T04:00,13.9,0,0.00
2023-09-26T05:00,13.6,0,0.00
2023-09-26T06:00,13.7,0,0.00
2023-09-26T07:00,13.8,0,0.00
2023-09-26T08:00,13.5,0,0.00
2023-09-26T09:00,14.4,0,0.00
2023-09-26T10:00,17.5,0,0.00
2023-09-26T11:00,20.1,0,0.00
2023-09-26T12:00,22.0,1,0.00
2023-09-26T13:00,23.7,2,0.00
2023-09-26T14:00,25.2,0,0.00
2023-09-26T15:00,26.5,2,0.00
2023-09-26T16:00,27.2,1,0.00
2023-09-26T17:00,27.5,1,0.00
2023-09-26T18:00,27.3,3,0.00
2023-09-26T19:00,25.7,1,0.00
2023-09-26T20:00,21.7,0,0.00
2023-09-26T21:00,19.6,0,0.00
2023-09-26T22:00,22.3,0,0.00
2023-09-26T23:00,17.8,0,0.00
2023-09-27T00:00,16.0,0,0.00
2023-09-27T01:00,15.8,0,0.00
2023-09-27T02:00,15.3,0,0.00
2023-09-27T03:00,14.7,0,0.00
2023-09-27T04:00,15.0,0,0.00
2023-09-27T05:00,14.6,0,0.00
2023-09-27T06:00,13.9,0,0.00
2023-09-27T07:00,13.2,1,0.00
2023-09-27T08:00,13.2,3,0.00
2023-09-27T09:00,15.1,1,0.00
2023-09-27T10:00,18.9,0,0.00
2023-09-27T11:00,20.9,0,0.00
2023-09-27T12:00,22.5,0,0.00
2023-09-27T13:00,24.2,3,0.00
2023-09-27T14:00,25.5,1,0.00
2023-09-27T15:00,26.7,3,0.00
2023-09-27T16:00,27.5,3,0.00
2023-09-27T17:00,27.5,3,0.00
2023-09-27T18:00,27.2,1,0.00
2023-09-27T19:00,25.8,3,0.00
2023-09-27T20:00,24.0,3,0.00
2023-09-27T21:00,21.2,1,0.00
2023-09-27T22:00,22.5,2,0.00
2023-09-27T23:00,22.0,0,0.00
2023-09-28T00:00,21.3,3,0.00
2023-09-28T01:00,20.6,3,0.00
2023-09-28T02:00,15.9,3,0.00
2023-09-28T03:00,14.7,3,0.00
2023-09-28T04:00,14.1,0,0.00
2023-09-28T05:00,14.4,0,0.00
2023-09-28T06:00,14.1,1,0.00
2023-09-28T07:00,13.6,0,0.00
2023-09-28T08:00,12.8,0,0.00
2023-09-28T09:00,14.7,0,0.00
2023-09-28T10:00,18.6,0,0.00
2023-09-28T11:00,21.3,0,0.00
2023-09-28T12:00,23.6,1,0.00
2023-09-28T13:00,25.5,1,0.00
2023-09-28T14:00,26.9,2,0.00
2023-09-28T15:00,27.6,0,0.00
2023-09-28T16:00,28.1,0,0.00
2023-09-28T17:00,28.2,0,0.00
2023-09-28T18:00,27.8,0,0.00
2023-09-28T19:00,26.4,0,0.00
2023-09-28T20:00,22.8,0,0.00
2023-09-28T21:00,20.9,0,0.00
2023-09-28T22:00,20.7,0,0.00
2023-09-28T23:00,18.6,0,0.00
2023-09-29T00:00,18.1,0,0.00
2023-09-29T01:00,17.0,0,0.00
2023-09-29T02:00,16.0,0,0.00
2023-09-29T03:00,15.5,0,0.00
2023-09-29T04:00,14.0,0,0.00
2023-09-29T05:00,13.6,0,0.00
2023-09-29T06:00,13.7,0,0.00
2023-09-29T07:00,13.7,0,0.00
2023-09-29T08:00,13.6,0,0.00
2023-09-29T09:00,15.4,0,0.00
2023-09-29T10:00,19.5,1,0.00
2023-09-29T11:00,23.3,2,0.00
2023-09-29T12:00,25.9,1,0.00
2023-09-29T13:00,27.8,1,0.00
2023-09-29T14:00,28.8,0,0.00
2023-09-29T15:00,29.5,0,0.00
2023-09-29T16:00,30.0,0,0.00
2023-09-29T17:00,30.2,0,0.00
2023-09-29T18:00,30.0,0,0.00
2023-09-29T19:00,28.5,0,0.00
2023-09-29T20:00,27.5,0,0.00
2023-09-29T21:00,23.5,0,0.00
2023-09-29T22:00,20.4,0,0.00
2023-09-29T23:00,18.8,0,0.00
2023-09-30T00:00,17.6,0,0.00
2023-09-30T01:00,16.5,0,0.00
2023-09-30T02:00,16.7,0,0.00
2023-09-30T03:00,16.7,0,0.00
2023-09-30T04:00,16.0,0,0.00
2023-09-30T05:00,15.1,0,0.00
2023-09-30T06:00,14.9,0,0.00
2023-09-30T07:00,14.8,0,0.00
2023-09-30T08:00,14.5,0,0.00
2023-09-30T09:00,15.7,0,0.00
2023-09-30T10:00,19.7,0,0.00
2023-09-30T11:00,23.1,0,0.00
2023-09-30T12:00,25.3,0,0.00
2023-09-30T13:00,27.0,0,0.00
2023-09-30T14:00,28.1,0,0.00
2023-09-30T15:00,29.0,0,0.00
2023-09-30T16:00,29.5,0,0.00
2023-09-30T17:00,29.7,0,0.00
2023-09-30T18:00,29.5,0,0.00
2023-09-30T19:00,27.9,0,0.00
2023-09-30T20:00,27.8,0,0.00
2023-09-30T21:00,22.0,0,0.00
2023-09-30T22:00,20.7,0,0.00
2023-09-30T23:00,18.8,0,0.00
2023-10-01T00:00,18.5,0,0.00
2023-10-01T01:00,17.7,0,0.00
2023-10-01T02:00,16.8,0,0.00
2023-10-01T03:00,15.6,0,0.00
2023-10-01T04:00,15.2,1,0.00
2023-10-01T05:00,14.9,1,0.00
2023-10-01T06:00,14.9,1,0.00
2023-10-01T07:00,14.8,0,0.00
2023-10-01T08:00,14.7,0,0.00
2023-10-01T09:00,16.3,1,0.00
2023-10-01T10:00,20.3,1,0.00
2023-10-01T11:00,23.6,0,0.00
2023-10-01T12:00,26.0,0,0.00
2023-10-01T13:00,27.8,1,0.00
2023-10-01T14:00,29.1,2,0.00
2023-10-01T15:00,30.2,2,0.00
2023-10-01T16:00,30.8,2,0.00
2023-10-01T17:00,30.8,0,0.00
2023-10-01T18:00,30.4,0,0.00
2023-10-01T19:00,27.9,0,0.00
2023-10-01T20:00,27.9,0,0.00
2023-10-01T21:00,27.1,0,0.00
2023-10-01T22:00,21.0,0,0.00
2023-10-01T23:00,19.1,0,0.00
2023-10-02T00:00,17.7,0,0.00
2023-10-02T01:00,16.9,0,0.00
2023-10-02T02:00,17.0,0,0.00
2023-10-02T03:00,15.3,0,0.00
2023-10-02T04:00,15.4,2,0.00
2023-10-02T05:00,15.5,2,0.00
2023-10-02T06:00,15.4,1,0.00
2023-10-02T07:00,15.0,2,0.00
2023-10-02T08:00,14.1,0,0.00
2023-10-02T09:00,15.7,1,0.00
2023-10-02T10:00,19.6,2,0.00
2023-10-02T11:00,23.1,3,0.00
2023-10-02T12:00,25.0,1,0.00
2023-10-02T13:00,26.4,1,0.00
2023-10-02T14:00,27.6,2,0.00
2023-10-02T15:00,28.6,3,0.00
2023-10-02T16:00,29.4,3,0.00
2023-10-02T17:00,29.6,3,0.00
2023-10-02T18:00,29.2,3,0.00
2023-10-02T19:00,27.1,1,0.00
2023-10-02T20:00,24.5,0,0.00
2023-10-02T21:00,25.2,0,0.00
2023-10-02T22:00,24.9,0,0.00
2023-10-02T23:00,22.3,0,0.00
2023-10-03T00:00,19.8,0,0.00
2023-10-03T01:00,18.2,0,0.00
2023-10-03T02:00,16.3,0,0.00
2023-10-03T03:00,16.2,0,0.00
2023-10-03T04:00,15.0,0,0.00
2023-10-03T05:00,15.0,0,0.00
2023-10-03T06:00,14.1,0,0.00
2023-10-03T07:00,13.8,0,0.00
2023-10-03T08:00,13.4,3,0.00
2023-10-03T09:00,15.1,3,0.00
2023-10-03T10:00,18.7,3,0.00
2023-10-03T11:00,22.5,3,0.00
2023-10-03T12:00,24.7,2,0.00
2023-10-03T13:00,26.5,1,0.00
2023-10-03T14:00,27.5,0,0.00
2023-10-03T15:00,28.9,1,0.00
2023-10-03T16:00,29.5,0,0.00
2023-10-03T17:00,29.6,0,0.00
2023-10-03T18:00,29.1,0,0.00
2023-10-03T19:00,27.0,1,0.00
2023-10-03T20:00,23.3,0,0.00
2023-10-03T21:00,25.4,0,0.00
2023-10-03T22:00,24.7,0,0.00
2023-10-03T23:00,21.0,0,0.00
2023-10-04T00:00,18.7,0,0.00
2023-10-04T01:00,19.2,0,0.00
2023-10-04T02:00,18.9,0,0.00
2023-10-04T03:00,18.3,0,0.00
2023-10-04T04:00,17.9,1,0.00
2023-10-04T05:00,17.4,3,0.00
2023-10-04T06:00,16.5,3,0.00
2023-10-04T07:00,15.8,3,0.00
2023-10-04T08:00,15.4,3,0.00
2023-10-04T09:00,16.0,3,0.00
2023-10-04T10:00,18.6,1,0.00
2023-10-04T11:00,21.1,0,0.00
2023-10-04T12:00,22.8,0,0.00
2023-10-04T13:00,24.6,0,0.00
2023-10-04T14:00,25.4,0,0.00
2023-10-04T15:00,26.7,0,0.00
2023-10-04T16:00,27.6,0,0.00
2023-10-04T17:00,27.9,0,0.00
2023-10-04T18:00,27.6,0,0.00
2023-10-04T19:00,26.1,0,0.00
2023-10-04T20:00,25.6,0,0.00
2023-10-04T21:00,24.6,0,0.00
2023-10-04T22:00,23.0,0,0.00
2023-10-04T23:00,23.2,0,0.00
2023-10-05T00:00,20.9,0,0.00
2023-10-05T01:00,18.6,0,0.00
2023-10-05T02:00,16.4,0,0.00
2023-10-05T03:00,15.3,0,0.00
2023-10-05T04:00,14.9,0,0.00
2023-10-05T05:00,14.9,0,0.00
2023-10-05T06:00,14.3,0,0.00
2023-10-05T07:00,14.1,0,0.00
2023-10-05T08:00,14.2,0,0.00
2023-10-05T09:00,15.9,0,0.00
2023-10-05T10:00,19.2,0,0.00
2023-10-05T11:00,22.2,0,0.00
2023-10-05T12:00,24.7,0,0.00
2023-10-05T13:00,26.6,0,0.00
2023-10-05T14:00,28.2,0,0.00
2023-10-05T15:00,29.3,0,0.00
2023-10-05T16:00,29.7,0,0.00
2023-10-05T17:00,29.7,0,0.00
2023-10-05T18:00,29.3,0,0.00
2023-10-05T19:00,27.2,0,0.00
2023-10-05T20:00,23.7,0,0.00
2023-10-05T21:00,22.9,0,0.00
2023-10-05T22:00,21.7,0,0.00
2023-10-05T23:00,19.9,0,0.00
2023-10-06T00:00,18.3,0,0.00
2023-10-06T01:00,16.7,0,0.00
2023-10-06T02:00,17.0,0,0.00
2023-10-06T03:00,16.7,0,0.00
2023-10-06T04:00,16.1,0,0.00
2023-10-06T05:00,15.9,0,0.00
2023-10-06T06:00,15.8,0,0.00
2023-10-06T07:00,15.6,0,0.00
2023-10-06T08:00,15.1,0,0.00
2023-10-06T09:00,15.4,0,0.00
2023-10-06T10:00,18.6,0,0.00
2023-10-06T11:00,22.3,0,0.00
2023-10-06T12:00,25.2,0,0.00
2023-10-06T13:00,27.2,0,0.00
2023-10-06T14:00,29.2,0,0.00
2023-10-06T15:00,29.8,0,0.00
2023-10-06T16:00,30.1,0,0.00
2023-10-06T17:00,30.1,0,0.00
2023-10-06T18:00,29.7,0,0.00
2023-10-06T19:00,27.0,0,0.00
2023-10-06T20:00,24.6,0,0.00
2023-10-06T21:00,21.2,0,0.00
2023-10-06T22:00,19.6,0,0.00
2023-10-06T23:00,18.6,0,0.00
2023-10-07T00:00,17.4,0,0.00
2023-10-07T01:00,16.5,0,0.00
2023-10-07T02:00,16.8,0,0.00
2023-10-07T03:00,15.9,0,0.00
2023-10-07T04:00,15.5,0,0.00
2023-10-07T05:00,15.4,0,0.00
2023-10-07T06:00,15.2,2,0.00
2023-10-07T07:00,14.7,3,0.00
2023-10-07T08:00,14.4,3,0.00
2023-10-07T09:00,15.0,1,0.00
2023-10-07T10:00,18.7,0,0.00
2023-10-07T11:00,22.5,0,0.00
2023-10-07T12:00,24.9,0,0.00
2023-10-07T13:00,26.6,0,0.00
2023-10-07T14:00,27.9,0,0.00
2023-10-07T15:00,28.8,0,0.00
2023-10-07T16:00,29.3,0,0.00
2023-10-07T17:00,29.4,0,0.00
2023-10-07T18:00,29.0,0,0.00
2023-10-07T19:00,27.5,0,0.00
2023-10-07T20:00,26.4,0,0.00
2023-10-07T21:00,21.1,0,0.00
2023-10-07T22:00,19.5,0,0.00
2023-10-07T23:00,18.3,0,0.00
2023-10-08T00:00,17.9,0,0.00
2023-10-08T01:00,15.8,0,0.00
2023-10-08T02:00,14.7,0,0.00
2023-10-08T03:00,14.7,0,0.00
2023-10-08T04:00,14.9,1,0.00
2023-10-08T05:00,14.6,2,0.00
2023-10-08T06:00,13.9,2,0.00
2023-10-08T07:00,14.2,0,0.00
2023-10-08T08:00,14.0,0,0.00
2023-10-08T09:00,14.1,0,0.00
2023-10-08T10:00,17.4,1,0.00
2023-10-08T11:00,21.0,3,0.00
2023-10-08T12:00,23.9,3,0.00
2023-10-08T13:00,26.2,3,0.00
2023-10-08T14:00,28.0,0,0.00
2023-10-08T15:00,29.3,1,0.00
2023-10-08T16:00,29.9,1,0.00
2023-10-08T17:00,30.1,3,0.00
2023-10-08T18:00,29.7,3,0.00
2023-10-08T19:00,27.7,3,0.00
2023-10-08T20:00,22.4,3,0.00
2023-10-08T21:00,23.5,3,0.00
2023-10-08T22:00,21.0,3,0.00
2023-10-08T23:00,19.1,3,0.00
2023-10-09T00:00,18.5,2,0.00
2023-10-09T01:00,16.5,0,0.00
2023-10-09T02:00,16.5,0,0.00
2023-10-09T03:00,16.1,3,0.00
2023-10-09T04:00,15.1,3,0.00
2023-10-09T05:00,14.8,3,0.00
2023-10-09T06:00,14.5,3,0.00
2023-10-09T07:00,13.8,3,0.00
2023-10-09T08:00,13.2,3,0.00
2023-10-09T09:00,14.4,3,0.00
2023-10-09T10:00,17.9,3,0.00
2023-10-09T11:00,21.6,2,0.00
2023-10-09T12:00,23.8,2,0.00
2023-10-09T13:00,25.5,2,0.00
2023-10-09T14:00,26.4,2,0.00
2023-10-09T15:00,27.6,2,0.00
2023-10-09T16:00,28.3,2,0.00
2023-10-09T17:00,28.4,3,0.00
2023-10-09T18:00,28.1,3,0.00
2023-10-09T19:00,25.4,3,0.00
2023-10-09T20:00,21.5,3,0.00
2023-10-09T21:00,20.5,1,0.00
2023-10-09T22:00,19.4,0,0.00
2023-10-09T23:00,18.0,0,0.00
2023-10-10T00:00,16.2,0,0.00
2023-10-10T01:00,15.2,1,0.00
2023-10-10T02:00,15.6,0,0.00
2023-10-10T03:00,14.3,2,0.00
2023-10-10T04:00,12.8,3,0.00
2023-10-10T05:00,12.6,3,0.00
2023-10-10T06:00,12.8,3,0.00
2023-10-10T07:00,12.3,3,0.00
2023-10-10T08:00,11.5,2,0.00
2023-10-10T09:00,12.6,0,0.00
2023-10-10T10:00,16.9,0,0.00
2023-10-10T11:00,20.5,0,0.00
2023-10-10T12:00,22.4,1,0.00
2023-10-10T13:00,24.1,2,0.00
2023-10-10T14:00,25.3,2,0.00
2023-10-10T15:00,26.5,0,0.00
2023-10-10T16:00,27.1,0,0.00
2023-10-10T17:00,27.3,0,0.00
2023-10-10T18:00,27.0,0,0.00
2023-10-10T19:00,24.6,0,0.00
2023-10-10T20:00,20.8,0,0.00
2023-10-10T21:00,20.3,0,0.00
2023-10-10T22:00,19.5,0,0.00
2023-10-10T23:00,17.0,0,0.00
2023-10-11T00:00,16.1,0,0.00
2023-10-11T01:00,17.5,0,0.00
2023-10-11T02:00,15.3,0,0.00
2023-10-11T03:00,14.5,0,0.00
2023-10-11T04:00,13.6,0,0.00
2023-10-11T05:00,12.8,0,0.00
2023-10-11T06:00,12.4,0,0.00
2023-10-11T07:00,11.6,0,0.00
2023-10-11T08:00,11.5,0,0.00
2023-10-11T09:00,12.1,0,0.00
2023-10-11T10:00,15.7,0,0.00
2023-10-11T11:00,19.1,0,0.00
2023-10-11T12:00,21.6,0,0.00
2023-10-11T13:00,23.5,0,0.00
2023-10-11T14:00,24.6,0,0.00
2023-10-11T15:00,25.9,0,0.00
2023-10-11T16:00,26.6,0,0.00
2023-10-11T17:00,26.8,1,0.00
2023-10-11T18:00,26.3,2,0.00
2023-10-11T19:00,24.0,3,0.00
2023-10-11T20:00,20.3,2,0.00
2023-10-11T21:00,20.9,0,0.00
2023-10-11T22:00,20.3,0,0.00
2023-10-11T23:00,17.2,1,0.00
2023-10-12T00:00,16.2,0,0.00
2023-10-12T01:00,15.5,0,0.00
2023-10-12T02:00,13.6,0,0.00
2023-10-12T03:00,12.6,0,0.00
2023-10-12T04:00,12.4,0,0.00
2023-10-12T05:00,11.9,0,0.00
2023-10-12T06:00,11.8,0,0.00
2023-10-12T07:00,11.8,0,0.00
2023-10-12T08:00,11.3,0,0.00
2023-10-12T09:00,12.5,0,0.00
2023-10-12T10:00,15.8,0,0.00
2023-10-12T11:00,19.5,0,0.00
2023-10-12T12:00,22.1,0,0.00
2023-10-12T13:00,24.0,0,0.00
2023-10-12T14:00,25.3,0,0.00
2023-10-12T15:00,26.5,0,0.00
2023-10-12T16:00,26.8,0,0.00
2023-10-12T17:00,26.7,0,0.00
2023-10-12T18:00,26.1,0,0.00
2023-10-12T19:00,23.3,0,0.00
2023-10-12T20:00,21.7,1,0.00
2023-10-12T21:00,22.9,1,0.00
2023-10-12T22:00,21.9,0,0.00
2023-10-12T23:00,19.0,0,0.00
2023-10-13T00:00,18.9,0,0.00
2023-10-13T01:00,17.9,0,0.00
2023-10-13T02:00,14.8,0,0.00
2023-10-13T03:00,13.8,2,0.00
2023-10-13T04:00,13.6,0,0.00
2023-10-13T05:00,13.2,0,0.00
2023-10-13T06:00,12.9,2,0.00
2023-10-13T07:00,12.0,0,0.00
2023-10-13T08:00,11.2,0,0.00
2023-10-13T09:00,12.7,0,0.00
2023-10-13T10:00,16.3,1,0.00
2023-10-13T11:00,19.4,3,0.00
2023-10-13T12:00,21.1,3,0.00
2023-10-13T13:00,22.8,3,0.00
2023-10-13T14:00,24.2,3,0.00
2023-10-13T15:00,25.0,3,0.00
2023-10-13T16:00,24.6,3,0.00
2023-10-13T17:00,25.0,3,0.00
2023-10-13T18:00,24.4,3,0.00
2023-10-13T19:00,23.4,3,0.00
2023-10-13T20:00,22.4,3,0.00
2023-10-13T21:00,20.8,3,0.00
2023-10-13T22:00,19.2,51,0.20
2023-10-13T23:00,18.3,51,0.30
2023-10-14T00:00,17.7,51,0.30
2023-10-14T01:00,17.5,3,0.00
2023-10-14T02:00,18.0,3,0.00
2023-10-14T03:00,17.2,53,0.90
2023-10-14T04:00,16.0,61,2.30
2023-10-14T05:00,15.2,53,0.70
2023-10-14T06:00,15.0,51,0.30
2023-10-14T07:00,14.4,3,0.00
2023-10-14T08:00,14.6,3,0.00
2023-10-14T09:00,14.3,1,0.00
2023-10-14T10:00,15.4,0,0.00
2023-10-14T11:00,17.0,0,0.00
2023-10-14T12:00,18.6,0,0.00
2023-10-14T13:00,20.3,1,0.00
2023-10-14T14:00,19.2,51,0.10
2023-10-14T15:00,18.8,3,0.00
2023-10-14T16:00,19.6,1,0.00
2023-10-14T17:00,20.4,1,0.00
2023-10-14T18:00,20.1,51,0.10
2023-10-14T19:00,19.2,1,0.00
2023-10-14T20:00,17.7,1,0.00
2023-10-14T21:00,15.8,0,0.00
2023-10-14T22:00,15.0,0,0.00
2023-10-14T23:00,14.1,0,0.00
2023-10-15T00:00,13.6,0,0.00
2023-10-15T01:00,13.2,0,0.00
2023-10-15T02:00,14.5,3,0.00
2023-10-15T03:00,13.7,3,0.00
2023-10-15T04:00,13.1,3,0.00
2023-10-15T05:00,12.3,3,0.00
2023-10-15T06:00,12.2,3,0.00
2023-10-15T07:00,11.7,1,0.00
2023-10-15T08:00,11.8,2,0.00
2023-10-15T09:00,12.2,3,0.00
2023-10-15T10:00,14.5,0,0.00
2023-10-15T11:00,16.9,1,0.00
2023-10-15T12:00,18.6,2,0.00
2023-10-15T13:00,20.1,51,0.20
2023-10-15T14:00,19.3,51,0.10
2023-10-15T15:00,20.2,51,0.10
2023-10-15T16:00,20.0,3,0.00
2023-10-15T17:00,19.8,3,0.00
2023-10-15T18:00,20.0,3,0.00
2023-10-15T19:00,18.7,51,0.10
2023-10-15T20:00,17.9,3,0.00
2023-10-15T21:00,17.4,51,0.20
2023-10-15T22:00,16.8,51,0.30
2023-10-15T23:00,16.2,51,0.30
2023-10-16T00:00,15.8,51,0.10
2023-10-16T01:00,15.6,3,0.00
2023-10-16T02:00,15.1,0,0.00
2023-10-16T03:00,14.9,51,0.10
2023-10-16T04:00,14.6,3,0.00
2023-10-16T05:00,14.2,1,0.00
2023-10-16T06:00,13.7,1,0.00
2023-10-16T07:00,13.3,3,0.00
2023-10-16T08:00,13.4,3,0.00
2023-10-16T09:00,13.7,3,0.00
2023-10-16T10:00,14.8,3,0.00
2023-10-16T11:00,16.0,51,0.10
2023-10-16T12:00,17.1,3,0.00
2023-10-16T13:00,18.3,3,0.00
2023-10-16T14:00,19.7,3,0.00
2023-10-16T15:00,19.9,3,0.00
2023-10-16T16:00,20.0,3,0.00
2023-10-16T17:00,20.0,3,0.00
2023-10-16T18:00,19.8,3,0.00
2023-10-16T19:00,19.1,3,0.00
2023-10-16T20:00,17.7,3,0.00
2023-10-16T21:00,16.8,3,0.00
2023-10-16T22:00,16.2,3,0.00
2023-10-16T23:00,15.8,3,0.00
2023-10-17T00:00,14.6,3,0.00
2023-10-17T01:00,15.3,3,0.00
2023-10-17T02:00,15.9,3,0.00
2023-10-17T03:00,16.1,51,0.30
2023-10-17T04:00,15.6,3,0.00
2023-10-17T05:00,15.3,3,0.00
2023-10-17T06:00,15.0,3,0.00
2023-10-17T07:00,14.9,3,0.00
2023-10-17T08:00,15.0,51,0.10
2023-10-17T09:00,15.3,51,0.30
2023-10-17T10:00,15.9,51,0.10
2023-10-17T11:00,17.9,2,0.00
2023-10-17T12:00,20.2,2,0.00
2023-10-17T13:00,21.9,1,0.00
2023-10-17T14:00,23.4,1,0.00
2023-10-17T15:00,23.7,3,0.00
2023-10-17T16:00,21.4,61,2.10
2023-10-17T17:00,23.4,61,2.00
2023-10-17T18:00,23.0,51,0.10
2023-10-17T19:00,21.6,1,0.00
2023-10-17T20:00,17.2,53,0.80
2023-10-17T21:00,16.7,51,0.30
2023-10-17T22:00,16.7,53,0.60
2023-10-17T23:00,16.7,53,0.60
2023-10-18T00:00,16.7,53,0.50
2023-10-18T01:00,16.5,55,1.00
2023-10-18T02:00,16.1,53,0.70
2023-10-18T03:00,16.0,51,0.30
2023-10-18T04:00,15.9,51,0.20
2023-10-18T05:00,15.5,51,0.20
2023-10-18T06:00,15.4,51,0.10
2023-10-18T07:00,15.1,51,0.40
2023-10-18T08:00,14.7,51,0.10
2023-10-18T09:00,14.9,51,0.10
2023-10-18T10:00,15.2,51,0.30
2023-10-18T11:00,15.9,51,0.10
2023-10-18T12:00,17.2,51,0.10
2023-10-18T13:00,18.9,51,0.10
2023-10-18T14:00,19.5,2,0.00
2023-10-18T15:00,20.1,1,0.00
2023-10-18T16:00,20.2,1,0.00
2023-10-18T17:00,19.5,3,0.00
2023-10-18T18:00,18.6,51,0.20
2023-10-18T19:00,17.6,51,0.20
2023-10-18T20:00,16.7,3,0.00
2023-10-18T21:00,16.3,3,0.00
2023-10-18T22:00,15.9,51,0.10
2023-10-18T23:00,15.4,51,0.20
2023-10-19T00:00,15.5,51,0.10
2023-10-19T01:00,14.8,51,0.40
2023-10-19T02:00,14.8,51,0.10
2023-10-19T03:00,14.8,51,0.20
2023-10-19T04:00,14.5,51,0.10
2023-10-19T05:00,14.3,51,0.20
2023-10-19T06:00,14.3,51,0.20
2023-10-19T07:00,14.1,53,0.80
2023-10-19T08:00,14.3,61,1.70
2023-10-19T09:00,14.6,61,2.20
2023-10-19T10:00,15.2,55,1.10
2023-10-19T11:00,15.6,53,0.70
2023-10-19T12:00,15.9,63,3.80
2023-10-19T13:00,16.1,63,5.60
2023-10-19T14:00,16.9,63,5.80
2023-10-19T15:00,17.1,61,2.20
2023-10-19T16:00,17.2,63,5.80
2023-10-19T17:00,16.2,63,5.10
2023-10-19T18:00,13.7,63,7.40
2023-10-19T19:00,13.6,55,1.20
2023-10-19T20:00,12.9,3,0.00
2023-10-19T21:00,12.8,3,0.00
2023-10-19T22:00,12.6,51,0.30
2023-10-19T23:00,12.0,53,0.50
2023-10-20T00:00,11.6,55,1.10
2023-10-20T01:00,11.3,1,0.00
2023-10-20T02:00,11.0,3,0.00
2023-10-20T03:00,10.2,3,0.00
2023-10-20T04:00,10.0,3,0.00
2023-10-20T05:00,9.9,3,0.00
2023-10-20T06:00,10.0,3,0.00
2023-10-20T07:00,9.5,3,0.00
2023-10-20T08:00,9.3,3,0.00
2023-10-20T09:00,9.6,3,0.00
2023-10-20T10:00,10.0,3,0.00
2023-10-20T11:00,10.9,3,0.00
2023-10-20T12:00,12.3,3,0.00
2023-10-20T13:00,13.7,2,0.00
2023-10-20T14:00,15.2,1,0.00
2023-10-20T15:00,15.9,51,0.10
2023-10-20T16:00,16.6,1,0.00
2023-10-20T17:00,16.3,2,0.00
2023-10-20T18:00,15.8,1,0.00
2023-10-20T19:00,14.5,0,0.00
2023-10-20T20:00,12.7,0,0.00
2023-10-20T21:00,11.3,0,0.00
2023-10-20T22:00,10.9,0,0.00
2023-10-20T23:00,10.7,0,0.00
2023-10-21T00:00,10.2,1,0.00
2023-10-21T01:00,9.7,2,0.00
2023-10-21T02:00,9.5,0,0.00
2023-10-21T03:00,9.1,1,0.00
2023-10-21T04:00,8.1,2,0.00
2023-10-21T05:00,7.5,0,0.00
2023-10-21T06:00,6.6,3,0.00
2023-10-21T07:00,5.8,2,0.00
2023-10-21T08:00,5.5,3,0.00
2023-10-21T09:00,5.8,3,0.00
2023-10-21T10:00,7.0,3,0.00
2023-10-21T11:00,9.3,3,0.00
2023-10-21T12:00,11.6,2,0.00
2023-10-21T13:00,12.9,2,0.00
2023-10-21T14:00,14.8,3,0.00
2023-10-21T15:00,14.8,3,0.00
2023-10-21T16:00,14.9,2,0.00
2023-10-21T17:00,14.9,2,0.00
2023-10-21T18:00,14.8,3,0.00
2023-10-21T19:00,13.0,3,0.00
2023-10-21T20:00,11.0,3,0.00
2023-10-21T21:00,10.1,3,0.00
2023-10-21T22:00,11.4,3,0.00
2023-10-21T23:00,10.9,3,0.00
2023-10-22T00:00,10.4,3,0.00
2023-10-22T01:00,8.9,3,0.00
2023-10-22T02:00,8.4,3,0.00
2023-10-22T03:00,8.5,3,0.00
2023-10-22T04:00,8.3,3,0.00
2023-10-22T05:00,8.1,3,0.00
2023-10-22T06:00,8.1,3,0.00
2023-10-22T07:00,7.7,3,0.00
2023-10-22T08:00,8.8,3,0.00
2023-10-22T09:00,9.1,51,0.20
2023-10-22T10:00,9.5,51,0.30
2023-10-22T11:00,10.6,3,0.00
2023-10-22T12:00,12.6,3,0.00
2023-10-22T13:00,14.5,3,0.00
2023-10-22T14:00,15.7,3,0.00
2023-10-22T15:00,16.3,3,0.00
2023-10-22T16:00,15.1,3,0.00
2023-10-22T17:00,14.2,3,0.00
2023-10-22T18:00,13.3,51,0.10
2023-10-22T19:00,12.3,51,0.20
2023-10-22T20:00,11.9,53,0.50
2023-10-22T21:00,11.3,63,2.50
2023-10-22T22:00,11.3,63,5.10
2023-10-22T23:00,11.4,63,6.70
2023-10-23T00:00,11.4,63,6.50
2023-10-23T01:00,11.5,63,3.70
2023-10-23T02:00,11.6,53,0.60
2023-10-23T03:00,11.5,3,0.00
2023-10-23T04:00,10.9,1,0.00
2023-10-23T05:00,9.8,3,0.00
2023-10-23T06:00,9.6,1,0.00
2023-10-23T07:00,9.0,0,0.00
2023-10-23T08:00,8.6,0,0.00
2023-10-23T09:00,8.3,1,0.00
2023-10-23T10:00,9.7,2,0.00
2023-10-23T11:00,11.1,3,0.00
2023-10-23T12:00,12.7,2,0.00
2023-10-23T13:00,14.1,2,0.00
2023-10-23T14:00,14.4,3,0.00
2023-10-23T15:00,14.3,51,0.20
2023-10-23T16:00,15.5,51,0.30
2023-10-23T17:00,14.3,51,0.20
2023-10-23T18:00,13.5,51,0.30
2023-10-23T19:00,12.7,51,0.10
2023-10-23T20:00,11.7,2,0.00
2023-10-23T21:00,11.1,2,0.00
2023-10-23T22:00,10.5,3,0.00
2023-10-23T23:00,10.2,3,0.00
2023-10-24T00:00,9.9,3,0.00
2023-10-24T01:00,9.5,1,0.00
2023-10-24T02:00,9.4,3,0.00
2023-10-24T03:00,9.4,3,0.00
2023-10-24T04:00,9.3,2,0.00
2023-10-24T05:00,9.0,0,0.00
2023-10-24T06:00,8.3,2,0.00
2023-10-24T07:00,8.0,3,0.00
2023-10-24T08:00,8.1,3,0.00
2023-10-24T09:00,8.3,3,0.00
2023-10-24T10:00,8.9,3,0.00
2023-10-24T11:00,10.0,3,0.00
2023-10-24T12:00,11.0,3,0.00
2023-10-24T13:00,11.9,3,0.00
2023-10-24T14:00,12.5,51,0.10
2023-10-24T15:00,13.2,51,0.10
2023-10-24T16:00,13.2,3,0.00
2023-10-24T17:00,12.2,51,0.20
2023-10-24T18:00,12.2,51,0.40
2023-10-24T19:00,12.0,3,0.00
2023-10-24T20:00,11.9,53,0.70
2023-10-24T21:00,11.9,3,0.00
2023-10-24T22:00,11.5,51,0.20
2023-10-24T23:00,11.9,51,0.10
2023-10-25T00:00,12.0,2,0.00
2023-10-25T01:00,11.8,3,0.00
2023-10-25T02:00,11.7,3,0.00
2023-10-25T03:00,11.5,3,0.00
2023-10-25T04:00,11.6,3,0.00
2023-10-25T05:00,11.6,3,0.00
2023-10-25T06:00,11.5,3,0.00
2023-10-25T07:00,11.3,3,0.00
2023-10-25T08:00,11.2,3,0.00
2023-10-25T09:00,11.4,3,0.00
2023-10-25T10:00,12.1,3,0.00
2023-10-25T11:00,13.5,2,0.00
2023-10-25T12:00,14.2,3,0.00
2023-10-25T13:00,15.0,3,0.00
2023-10-25T14:00,16.1,3,0.00
2023-10-25T15:00,16.4,3,0.00
2023-10-25T16:00,17.2,3,0.00
2023-10-25T17:00,17.0,3,0.00
2023-10-25T18:00,16.8,3,0.00
2023-10-25T19:00,16.0,2,0.00
2023-10-25T20:00,15.1,3,0.00
2023-10-25T21:00,14.8,3,0.00
2023-10-25T22:00,14.7,3,0.00
2023-10-25T23:00,15.1,3,0.00
2023-10-26T00:00,15.2,3,0.00
2023-10-26T01:00,15.3,3,0.00
2023-10-26T02:00,15.3,3,0.00
2023-10-26T03:00,15.3,3,0.00
2023-10-26T04:00,15.3,3,0.00
2023-10-26T05:00,15.3,3,0.00
2023-10-26T06:00,15.1,3,0.00
2023-10-26T07:00,15.0,3,0.00
2023-10-26T08:00,14.9,3,0.00
2023-10-26T09:00,15.0,3,0.00
2023-10-26T10:00,15.6,51,0.10
2023-10-26T11:00,16.0,51,0.10
2023-10-26T12:00,16.5,51,0.30
2023-10-26T13:00,17.1,51,0.30
2023-10-26T14:00,17.1,51,0.40
2023-10-26T15:00,17.5,53,0.80
2023-10-26T16:00,17.2,51,0.20
2023-10-26T17:00,15.6,61,2.20
2023-10-26T18:00,15.0,53,0.80
2023-10-26T19:00,14.7,61,1.70
2023-10-26T20:00,14.7,51,0.20
2023-10-26T21:00,13.9,3,0.00
2023-10-26T22:00,13.3,3,0.00
2023-10-26T23:00,12.2,3,0.00
2023-10-27T00:00,11.5,3,0.00
2023-10-27T01:00,10.9,2,0.00
2023-10-27T02:00,10.7,3,0.00
2023-10-27T03:00,10.7,3,0.00
2023-10-27T04:00,10.5,3,0.00
2023-10-27T05:00,10.1,3,0.00
2023-10-27T06:00,9.5,3,0.00
2023-10-27T07:00,9.5,3,0.00
2023-10-27T08:00,9.6,3,0.00
2023-10-27T09:00,9.5,3,0.00
2023-10-27T10:00,10.2,2,0.00
2023-10-27T11:00,11.2,3,0.00
2023-10-27T12:00,12.7,1,0.00
2023-10-27T13:00,13.8,2,0.00
2023-10-27T14:00,14.8,3,0.00
2023-10-27T15:00,13.9,51,0.20
2023-10-27T16:00,14.9,2,0.00
2023-10-27T17:00,14.4,53,0.50
2023-10-27T18:00,14.1,3,0.00
2023-10-27T19:00,13.2,3,0.00
2023-10-27T20:00,12.1,3,0.00
2023-10-27T21:00,11.8,3,0.00
2023-10-27T22:00,11.3,3,0.00
2023-10-27T23:00,11.3,3,0.00
2023-10-28T00:00,11.6,3,0.00
2023-10-28T01:00,11.6,3,0.00
2023-10-28T02:00,11.8,51,0.10
2023-10-28T03:00,12.2,51,0.10
2023-10-28T04:00,11.4,3,0.00
2023-10-28T05:00,11.4,51,0.10
2023-10-28T06:00,11.5,51,0.10
2023-10-28T07:00,11.5,51,0.20
2023-10-28T08:00,11.4,51,0.10
2023-10-28T09:00,11.4,51,0.10
2023-10-28T10:00,11.6,51,0.20
2023-10-28T11:00,11.9,51,0.20
2023-10-28T12:00,12.7,51,0.20
2023-10-28T13:00,14.6,51,0.10
2023-10-28T14:00,15.3,51,0.10
2023-10-28T15:00,14.9,51,0.10
2023-10-28T16:00,15.7,2,0.00
2023-10-28T17:00,15.9,2,0.00
2023-10-28T18:00,15.4,3,0.00
2023-10-28T19:00,14.7,3,0.00
2023-10-28T20:00,14.0,51,0.20
2023-10-28T21:00,13.4,51,0.30
2023-10-28T22:00,13.3,3,0.00
2023-10-28T23:00,13.0,51,0.10
2023-10-29T00:00,12.8,51,0.20
2023-10-29T01:00,12.8,51,0.20
2023-10-29T02:00,13.1,3,0.00
2023-10-29T03:00,12.7,51,0.10
2023-10-29T04:00,12.4,51,0.10
2023-10-29T05:00,12.3,3,0.00
2023-10-29T06:00,12.1,51,0.10
2023-10-29T07:00,12.0,51,0.10
2023-10-29T08:00,12.1,51,0.10
2023-10-29T09:00,12.2,51,0.10
2023-10-29T10:00,12.7,3,0.00
2023-10-29T11:00,13.5,3,0.00
2023-10-29T12:00,14.2,51,0.20
2023-10-29T13:00,15.0,53,0.70
2023-10-29T14:00,15.3,53,0.50
2023-10-29T15:00,15.3,51,0.10
2023-10-29T16:00,14.5,51,0.20
2023-10-29T17:00,15.7,51,0.10
2023-10-29T18:00,14.4,63,2.90
2023-10-29T19:00,13.3,61,1.60
2023-10-29T20:00,13.0,51,0.40
2023-10-29T21:00,12.6,53,0.80
2023-10-29T22:00,12.6,51,0.30
2023-10-29T23:00,12.1,51,0.30
2023-10-30T00:00,12.0,55,1.00
2023-10-30T01:00,12.3,53,0.70
2023-10-30T02:00,12.2,63,4.50
2023-10-30T03:00,12.3,63,4.10
2023-10-30T04:00,12.1,63,3.80
2023-10-30T05:00,11.9,55,1.00
2023-10-30T06:00,11.3,51,0.40
2023-10-30T07:00,11.0,61,1.30
2023-10-30T08:00,11.1,51,0.20
2023-10-30T09:00,11.1,3,0.00
2023-10-30T10:00,11.1,1,0.00
2023-10-30T11:00,11.5,51,0.20
2023-10-30T12:00,12.1,51,0.10
2023-10-30T13:00,12.5,2,0.00
2023-10-30T14:00,12.5,51,0.10
2023-10-30T15:00,13.9,51,0.30
2023-10-30T16:00,14.8,51,0.10
2023-10-30T17:00,13.7,2,0.00
2023-10-30T18:00,13.1,1,0.00
2023-10-30T19:00,11.7,0,0.00
2023-10-30T20:00,10.1,0,0.00
2023-10-30T21:00,9.1,0,0.00
2023-10-30T22:00,8.2,0,0.00
2023-10-30T23:00,7.9,0,0.00
2023-10-31T00:00,7.7,2,0.00
2023-10-31T01:00,7.3,3,0.00
2023-10-31T02:00,6.9,3,0.00
2023-10-31T03:00,6.3,3,0.00
2023-10-31T04:00,6.0,3,0.00
2023-10-31T05:00,5.9,3,0.00
2023-10-31T06:00,5.6,3,0.00
2023-10-31T07:00,4.6,3,0.00
2023-10-31T08:00,4.6,3,0.00
2023-10-31T09:00,4.8,3,0.00
2023-10-31T10:00,6.1,3,0.00
2023-10-31T11:00,8.1,3,0.00
2023-10-31T12:00,9.8,3,0.00
2023-10-31T13:00,10.9,3,0.00
2023-10-31T14:00,11.9,3,0.00
2023-10-31T15:00,12.4,3,0.00
2023-10-31T16:00,12.9,3,0.00
2023-10-31T17:00,13.0,3,0.00
2023-10-31T18:00,13.0,3,0.00
2023-10-31T19:00,11.4,3,0.00
2023-10-31T20:00,10.2,1,0.00
2023-10-31T21:00,10.1,0,0.00
2023-10-31T22:00,9.3,0,0.00
2023-10-31T23:00,8.3,1,0.00
2023-11-01T00:00,6.7,2,0.00
2023-11-01T01:00,8.5,0,0.00
2023-11-01T02:00,7.7,0,0.00
2023-11-01T03:00,6.3,1,0.00
2023-11-01T04:00,6.3,3,0.00
2023-11-01T05:00,7.7,3,0.00
2023-11-01T06:00,8.8,3,0.00
2023-11-01T07:00,9.0,3,0.00
2023-11-01T08:00,9.5,3,0.00
2023-11-01T09:00,10.0,3,0.00
2023-11-01T10:00,10.7,3,0.00
2023-11-01T11:00,11.7,51,0.10
2023-11-01T12:00,12.8,3,0.00
2023-11-01T13:00,13.3,3,0.00
2023-11-01T14:00,13.8,3,0.00
2023-11-01T15:00,13.5,3,0.00
2023-11-01T16:00,14.0,51,0.10
2023-11-01T17:00,13.9,51,0.20
2023-11-01T18:00,13.7,51,0.10
2023-11-01T19:00,13.5,3,0.00
2023-11-01T20:00,13.4,3,0.00
2023-11-01T21:00,13.6,51,0.10
2023-11-01T22:00,13.6,51,0.10
2023-11-01T23:00,13.5,51,0.10
2023-11-02T00:00,13.4,51,0.10
2023-11-02T01:00,13.3,51,0.10
2023-11-02T02:00,13.4,51,0.10
2023-11-02T03:00,13.5,51,0.10
2023-11-02T04:00,13.6,3,0.00
2023-11-02T05:00,14.1,3,0.00
2023-11-02T06:00,14.0,51,0.20
2023-11-02T07:00,14.2,51,0.20
2023-11-02T08:00,14.2,51,0.30
2023-11-02T09:00,14.3,51,0.10
2023-11-02T10:00,14.0,63,2.70
2023-11-02T11:00,13.8,63,5.80
2023-11-02T12:00,13.2,63,2.70
2023-11-02T13:00,14.5,51,0.20
2023-11-02T14:00,14.7,51,0.20
2023-11-02T15:00,14.1,51,0.10
2023-11-02T16:00,12.1,61,1.80
2023-11-02T17:00,10.0,51,0.40
2023-11-02T18:00,10.4,1,0.00
2023-11-02T19:00,9.8,1,0.00
2023-11-02T20:00,9.0,2,0.00
2023-11-02T21:00,8.7,2,0.00
2023-11-02T22:00,8.0,0,0.00
2023-11-02T23:00,7.4,0,0.00
2023-11-03T00:00,6.6,0,0.00
2023-11-03T01:00,5.8,0,0.00
2023-11-03T02:00,5.4,0,0.00
2023-11-03T03:00,6.4,3,0.00
2023-11-03T04:00,6.5,3,0.00
2023-11-03T05:00,6.7,3,0.00
2023-11-03T06:00,6.7,3,0.00
2023-11-03T07:00,6.6,3,0.00
2023-11-03T08:00,6.5,3,0.00
2023-11-03T09:00,6.6,3,0.00
2023-11-03T10:00,7.5,1,0.00
2023-11-03T11:00,8.9,3,0.00
2023-11-03T12:00,10.5,2,0.00
2023-11-03T13:00,12.1,1,0.00
2023-11-03T14:00,12.7,3,0.00
2023-11-03T15:00,12.0,51,0.10
2023-11-03T16:00,12.7,2,0.00
2023-11-03T17:00,12.8,2,0.00
2023-11-03T18:00,12.5,2,0.00
2023-11-03T19:00,11.6,3,0.00
2023-11-03T20:00,11.2,3,0.00
2023-11-03T21:00,10.6,3,0.00
2023-11-03T22:00,10.2,3,0.00
2023-11-03T23:00,9.8,3,0.00
2023-11-04T00:00,9.5,3,0.00
2023-11-04T01:00,8.9,2,0.00
2023-11-04T02:00,8.2,3,0.00
2023-11-04T03:00,9.1,3,0.00
2023-11-04T04:00,9.3,3,0.00
2023-11-04T05:00,9.8,3,0.00
2023-11-04T06:00,9.9,3,0.00
2023-11-04T07:00,10.2,3,0.00
2023-11-04T08:00,10.4,51,0.10
2023-11-04T09:00,10.7,51,0.20
2023-11-04T10:00,11.1,51,0.20
2023-11-04T11:00,11.7,51,0.20
2023-11-04T12:00,12.2,51,0.20
2023-11-04T13:00,12.8,51,0.20
2023-11-04T14:00,13.1,51,0.10
2023-11-04T15:00,13.3,51,0.20
2023-11-04T16:00,14.0,51,0.30
2023-11-04T17:00,13.7,53,0.60
2023-11-04T18:00,13.9,51,0.10
2023-11-04T19:00,12.5,1,0.00
2023-11-04T20:00,11.4,1,0.00
2023-11-04T21:00,10.8,1,0.00
2023-11-04T22:00,10.6,1,0.00
2023-11-04T23:00,9.7,0,0.00
2023-11-05T00:00,9.0,1,0.00
2023-11-05T01:00,8.3,1,0.00
2023-11-05T02:00,7.7,1,0.00
2023-11-05T03:00,7.9,0,0.00
2023-11-05T04:00,7.5,1,0.00
2023-11-05T05:00,7.3,1,0.00
2023-11-05T06:00,7.1,2,0.00
2023-11-05T07:00,7.2,2,0.00
2023-11-05T08:00,7.2,3,0.00
2023-11-05T09:00,7.2,2,0.00
2023-11-05T10:00,8.2,2,0.00
2023-11-05T11:00,9.2,1,0.00
2023-11-05T12:00,10.1,2,0.00
2023-11-05T13:00,11.3,2,0.00
2023-11-05T14:00,11.9,2,0.00
2023-11-05T15:00,12.6,1,0.00
2023-11-05T16:00,13.0,1,0.00
2023-11-05T17:00,13.0,0,0.00
2023-11-05T18:00,12.4,2,0.00
2023-11-05T19:00,11.2,2,0.00
2023-11-05T20:00,10.2,2,0.00
2023-11-05T21:00,9.7,1,0.00
2023-11-05T22:00,9.0,0,0.00
2023-11-05T23:00,8.2,0,0.00
2023-11-06T00:00,7.3,0,0.00
2023-11-06T01:00,6.5,0,0.00
2023-11-06T02:00,5.9,0,0.00
2023-11-06T03:00,5.9,0,0.00
2023-11-06T04:00,5.5,0,0.00
2023-11-06T05:00,5.2,0,0.00
2023-11-06T06:00,4.9,0,0.00
2023-11-06T07:00,4.5,0,0.00
2023-11-06T08:00,4.3,0,0.00
2023-11-06T09:00,4.3,1,0.00
2023-11-06T10:00,5.3,1,0.00
2023-11-06T11:00,7.5,0,0.00
2023-11-06T12:00,9.4,0,0.00
2023-11-06T13:00,11.1,1,0.00
2023-11-06T14:00,12.2,51,0.10
2023-11-06T15:00,12.4,1,0.00
2023-11-06T16:00,12.6,1,0.00
2023-11-06T17:00,12.4,2,0.00
2023-11-06T18:00,11.6,1,0.00
2023-11-06T19:00,9.1,1,0.00
2023-11-06T20:00,7.3,1,0.00
2023-11-06T21:00,6.7,0,0.00
2023-11-06T22:00,6.2,0,0.00
2023-11-06T23:00,5.9,0,0.00
2023-11-07T00:00,5.2,0,0.00
2023-11-07T01:00,4.8,0,0.00
2023-11-07T02:00,4.4,0,0.00
2023-11-07T03:00,4.5,0,0.00
2023-11-07T04:00,3.8,0,0.00
2023-11-07T05:00,3.0,0,0.00
2023-11-07T06:00,2.2,0,0.00
2023-11-07T07:00,1.8,0,0.00
2023-11-07T08:00,1.7,0,0.00
2023-11-07T09:00,1.4,0,0.00
2023-11-07T10:00,3.3,0,0.00
2023-11-07T11:00,5.9,1,0.00
2023-11-07T12:00,7.6,2,0.00
2023-11-07T13:00,8.8,2,0.00
2023-11-07T14:00,10.3,1,0.00
2023-11-07T15:00,10.0,3,0.00
2023-11-07T16:00,9.4,51,0.30
2023-11-07T17:00,9.7,2,0.00
2023-11-07T18:00,9.8,51,0.10
2023-11-07T19:00,8.2,1,0.00
2023-11-07T20:00,6.8,1,0.00
2023-11-07T21:00,6.1,1,0.00
2023-11-07T22:00,5.1,0,0.00
2023-11-07T23:00,4.8,1,0.00
2023-11-08T00:00,4.7,3,0.00
2023-11-08T01:00,4.5,3,0.00
2023-11-08T02:00,3.8,3,0.00
2023-11-08T03:00,3.1,3,0.00
2023-11-08T04:00,3.7,3,0.00
2023-11-08T05:00,3.3,3,0.00
2023-11-08T06:00,3.7,3,0.00
2023-11-08T07:00,3.8,3,0.00
2023-11-08T08:00,3.7,3,0.00
2023-11-08T09:00,3.7,3,0.00
2023-11-08T10:00,4.4,3,0.00
2023-11-08T11:00,5.4,3,0.00
2023-11-08T12:00,7.2,3,0.00
2023-11-08T13:00,9.3,2,0.00
2023-11-08T14:00,10.9,3,0.00
2023-11-08T15:00,12.0,3,0.00
2023-11-08T16:00,12.6,3,0.00
2023-11-08T17:00,11.4,3,0.00
2023-11-08T18:00,10.1,51,0.30
2023-11-08T19:00,9.4,51,0.10
2023-11-08T20:00,9.2,3,0.00
2023-11-08T21:00,9.0,3,0.00
2023-11-08T22:00,8.5,3,0.00
2023-11-08T23:00,8.6,3,0.00
2023-11-09T00:00,8.9,3,0.00
2023-11-09T01:00,8.9,3,0.00
2023-11-09T02:00,9.0,51,0.10
2023-11-09T03:00,9.1,3,0.00
2023-11-09T04:00,9.1,3,0.00
2023-11-09T05:00,9.4,3,0.00
2023-11-09T06:00,9.5,51,0.10
2023-11-09T07:00,9.4,3,0.00
2023-11-09T08:00,9.3,2,0.00
2023-11-09T09:00,9.0,1,0.00
2023-11-09T10:00,9.4,1,0.00
2023-11-09T11:00,11.0,0,0.00
2023-11-09T12:00,12.8,3,0.00
2023-11-09T13:00,13.7,2,0.00
2023-11-09T14:00,14.6,3,0.00
2023-11-09T15:00,15.0,1,0.00
2023-11-09T16:00,15.2,1,0.00
2023-11-09T17:00,15.1,1,0.00
2023-11-09T18:00,14.1,1,0.00
2023-11-09T19:00,10.9,0,0.00
2023-11-09T20:00,10.1,2,0.00
2023-11-09T21:00,9.4,2,0.00
2023-11-09T22:00,8.2,3,0.00
2023-11-09T23:00,8.0,2,0.00
2023-11-10T00:00,7.4,3,0.00
2023-11-10T01:00,7.2,3,0.00
2023-11-10T02:00,7.9,1,0.00
2023-11-10T03:00,7.8,2,0.00
2023-11-10T04:00,7.5,3,0.00
2023-11-10T05:00,7.8,3,0.00
2023-11-10T06:00,8.3,2,0.00
2023-11-10T07:00,8.1,3,0.00
2023-11-10T08:00,8.5,3,0.00
2023-11-10T09:00,8.5,2,0.00
2023-11-10T10:00,9.1,2,0.00
2023-11-10T11:00,10.2,2,0.00
2023-11-10T12:00,11.0,1,0.00
2023-11-10T13:00,13.0,2,0.00
2023-11-10T14:00,14.1,3,0.00
2023-11-10T15:00,13.6,3,0.00
2023-11-10T16:00,14.5,3,0.00
2023-11-10T17:00,13.9,3,0.00
2023-11-10T18:00,12.9,3,0.00
2023-11-10T19:00,11.2,53,0.60
2023-11-10T20:00,10.6,51,0.40
2023-11-10T21:00,10.0,51,0.30
2023-11-10T22:00,10.0,51,0.20
2023-11-10T23:00,10.1,51,0.30
2023-11-11T00:00,10.4,51,0.10
2023-11-11T01:00,10.4,3,0.00
2023-11-11T02:00,10.6,3,0.00
2023-11-11T03:00,10.5,3,0.00
2023-11-11T04:00,10.4,3,0.00
2023-11-11T05:00,10.7,3,0.00
2023-11-11T06:00,10.9,3,0.00
2023-11-11T07:00,11.1,3,0.00
2023-11-11T08:00,11.3,3,0.00
2023-11-11T09:00,11.6,3,0.00
2023-11-11T10:00,12.0,3,0.00
2023-11-11T11:00,12.6,3,0.00
2023-11-11T12:00,13.2,3,0.00
2023-11-11T13:00,13.9,3,0.00
2023-11-11T14:00,16.2,3,0.00
2023-11-11T15:00,16.5,3,0.00
2023-11-11T16:00,17.0,3,0.00
2023-11-11T17:00,16.3,3,0.00
2023-11-11T18:00,15.4,3,0.00
2023-11-11T19:00,14.3,3,0.00
2023-11-11T20:00,13.7,3,0.00
2023-11-11T21:00,13.5,3,0.00
2023-11-11T22:00,13.0,3,0.00
2023-11-11T23:00,12.8,3,0.00
2023-11-12T00:00,12.4,3,0.00
2023-11-12T01:00,12.0,3,0.00
2023-11-12T02:00,12.0,3,0.00
2023-11-12T03:00,12.2,3,0.00
2023-11-12T04:00,11.6,3,0.00
2023-11-12T05:00,11.8,51,0.10
2023-11-12T06:00,11.7,51,0.10
2023-11-12T07:00,11.2,3,0.00
2023-11-12T08:00,11.1,3,0.00
2023-11-12T09:00,11.2,3,0.00
2023-11-12T10:00,11.5,3,0.00
2023-11-12T11:00,12.4,3,0.00
2023-11-12T12:00,13.7,3,0.00
2023-11-12T13:00,16.1,3,0.00
2023-11-12T14:00,17.5,1,0.00
2023-11-12T15:00,18.7,51,0.30
2023-11-12T16:00,19.1,2,0.00
2023-11-12T17:00,19.2,3,0.00
2023-11-12T18:00,17.9,2,0.00
2023-11-12T19:00,15.6,3,0.00
2023-11-12T20:00,14.3,2,0.00
2023-11-12T21:00,13.5,3,0.00
2023-11-12T22:00,13.0,3,0.00
2023-11-12T23:00,12.5,1,0.00
2023-11-13T00:00,12.2,3,0.00
2023-11-13T01:00,12.0,3,0.00
2023-11-13T02:00,12.4,3,0.00
2023-11-13T03:00,13.3,3,0.00
2023-11-13T04:00,13.6,3,0.00
2023-11-13T05:00,13.8,3,0.00
2023-11-13T06:00,13.7,3,0.00
2023-11-13T07:00,13.4,3,0.00
2023-11-13T08:00,13.1,3,0.00
2023-11-13T09:00,13.2,3,0.00
2023-11-13T10:00,13.7,3,0.00
2023-11-13T11:00,14.5,3,0.00
2023-11-13T12:00,15.6,3,0.00
2023-11-13T13:00,16.7,2,0.00
2023-11-13T14:00,17.7,3,0.00
2023-11-13T15:00,18.2,3,0.00
2023-11-13T16:00,18.5,3,0.00
2023-11-13T17:00,18.1,1,0.00
2023-11-13T18:00,17.1,0,0.00
2023-11-13T19:00,14.1,0,0.00
2023-11-13T20:00,12.2,0,0.00
2023-11-13T21:00,10.9,0,0.00
2023-11-13T22:00,10.2,0,0.00
2023-11-13T23:00,9.7,0,0.00
2023-11-14T00:00,9.7,2,0.00
2023-11-14T01:00,11.2,3,0.00
2023-11-14T02:00,10.6,0,0.00
2023-11-14T03:00,9.3,3,0.00
2023-11-14T04:00,9.7,3,0.00
2023-11-14T05:00,9.7,3,0.00
2023-11-14T06:00,9.9,3,0.00
2023-11-14T07:00,10.2,3,0.00
2023-11-14T08:00,10.3,3,0.00
2023-11-14T09:00,10.5,3,0.00
2023-11-14T10:00,10.8,3,0.00
2023-11-14T11:00,11.2,3,0.00
2023-11-14T12:00,12.1,3,0.00
2023-11-14T13:00,13.4,3,0.00
2023-11-14T14:00,15.2,1,0.00
2023-11-14T15:00,16.3,0,0.00
2023-11-14T16:00,17.0,0,0.00
2023-11-14T17:00,17.2,0,0.00
2023-11-14T18:00,16.3,0,0.00
2023-11-14T19:00,13.2,0,0.00
2023-11-14T20:00,11.3,0,0.00
2023-11-14T21:00,12.1,0,0.00
2023-11-14T22:00,12.4,0,0.00
2023-11-14T23:00,9.8,0,0.00
2023-11-15T00:00,8.8,0,0.00
2023-11-15T01:00,8.2,0,0.00
2023-11-15T02:00,8.0,3,0.00
2023-11-15T03:00,9.7,3,0.00
2023-11-15T04:00,9.8,3,0.00
2023-11-15T05:00,9.9,3,0.00
2023-11-15T06:00,9.9,3,0.00
2023-11-15T07:00,9.9,3,0.00
2023-11-15T08:00,9.8,3,0.00
2023-11-15T09:00,9.7,3,0.00
2023-11-15T10:00,10.0,3,0.00
2023-11-15T11:00,10.3,3,0.00
2023-11-15T12:00,10.9,3,0.00
2023-11-15T13:00,12.3,3,0.00
2023-11-15T14:00,13.6,3,0.00
2023-11-15T15:00,14.8,3,0.00
2023-11-15T16:00,15.6,1,0.00
2023-11-15T17:00,16.2,2,0.00
2023-11-15T18:00,15.9,2,0.00
2023-11-15T19:00,15.0,2,0.00
2023-11-15T20:00,13.7,0,0.00
2023-11-15T21:00,12.6,3,0.00
2023-11-15T22:00,12.1,3,0.00
2023-11-15T23:00,11.8,1,0.00
2023-11-16T00:00,11.7,2,0.00
2023-11-16T01:00,11.4,0,0.00
2023-11-16T02:00,11.1,0,0.00
2023-11-16T03:00,8.8,3,0.00
2023-11-16T04:00,9.2,3,0.00
2023-11-16T05:00,9.8,3,0.00
2023-11-16T06:00,10.0,3,0.00
2023-11-16T07:00,10.0,3,0.00
2023-11-16T08:00,10.0,3,0.00
2023-11-16T09:00,10.1,3,0.00
2023-11-16T10:00,10.4,3,0.00
2023-11-16T11:00,10.7,3,0.00
2023-11-16T12:00,11.3,3,0.00
2023-11-16T13:00,12.7,3,0.00
2023-11-16T14:00,14.6,1,0.00
2023-11-16T15:00,14.9,1,0.00
2023-11-16T16:00,16.0,0,0.00
2023-11-16T17:00,16.5,1,0.00
2023-11-16T18:00,16.1,0,0.00
2023-11-16T19:00,13.0,1,0.00
2023-11-16T20:00,12.2,0,0.00
2023-11-16T21:00,11.1,0,0.00
2023-11-16T22:00,10.0,2,0.00
2023-11-16T23:00,11.2,3,0.00
2023-11-17T00:00,9.0,3,0.00
2023-11-17T01:00,9.8,3,0.00
2023-11-17T02:00,9.7,3,0.00
2023-11-17T03:00,9.8,3,0.00
2023-11-17T04:00,10.1,3,0.00
2023-11-17T05:00,9.8,3,0.00
2023-11-17T06:00,10.0,3,0.00
2023-11-17T07:00,10.0,3,0.00
2023-11-17T08:00,9.8,3,0.00
2023-11-17T09:00,9.6,3,0.00
2023-11-17T10:00,10.1,3,0.00
2023-11-17T11:00,10.8,3,0.00
2023-11-17T12:00,12.0,3,0.00
2023-11-17T13:00,13.5,2,0.00
2023-11-17T14:00,14.8,3,0.00
2023-11-17T15:00,16.2,2,0.00
2023-11-17T16:00,16.9,3,0.00
2023-11-17T17:00,16.9,3,0.00
2023-11-17T18:00,16.1,3,0.00
2023-11-17T19:00,13.1,1,0.00
2023-11-17T20:00,13.3,1,0.00
2023-11-17T21:00,12.4,3,0.00
2023-11-17T22:00,11.5,0,0.00
2023-11-17T23:00,10.9,1,0.00
2023-11-18T00:00,9.6,0,0.00
2023-11-18T01:00,8.5,0,0.00
2023-11-18T02:00,7.6,0,0.00
2023-11-18T03:00,8.8,3,0.00
2023-11-18T04:00,8.6,3,0.00
2023-11-18T05:00,8.3,3,0.00
2023-11-18T06:00,7.9,3,0.00
2023-11-18T07:00,7.7,3,0.00
2023-11-18T08:00,7.6,3,0.00
2023-11-18T09:00,7.4,3,0.00
2023-11-18T10:00,8.4,1,0.00
2023-11-18T11:00,10.7,0,0.00
2023-11-18T12:00,12.8,0,0.00
2023-11-18T13:00,14.6,1,0.00
2023-11-18T14:00,16.3,1,0.00
2023-11-18T15:00,16.9,3,0.00
2023-11-18T16:00,17.4,3,0.00
2023-11-18T17:00,17.4,1,0.00
2023-11-18T18:00,16.4,1,0.00
2023-11-18T19:00,15.7,0,0.00
2023-11-18T20:00,14.4,0,0.00
2023-11-18T21:00,11.0,0,0.00
2023-11-18T22:00,11.3,0,0.00
2023-11-18T23:00,9.3,0,0.00
2023-11-19T00:00,8.1,0,0.00
2023-11-19T01:00,7.8,0,0.00
2023-11-19T02:00,7.1,0,0.00
2023-11-19T03:00,7.1,0,0.00
2023-11-19T04:00,7.1,0,0.00
2023-11-19T05:00,6.6,1,0.00
2023-11-19T06:00,6.4,1,0.00
2023-11-19T07:00,6.2,0,0.00
2023-11-19T08:00,6.1,0,0.00
2023-11-19T09:00,6.0,0,0.00
2023-11-19T10:00,8.0,0,0.00
2023-11-19T11:00,11.2,0,0.00
2023-11-19T12:00,14.1,1,0.00
2023-11-19T13:00,16.1,1,0.00
2023-11-19T14:00,17.5,0,0.00
2023-11-19T15:00,18.1,1,0.00
2023-11-19T16:00,18.5,1,0.00
2023-11-19T17:00,18.3,0,0.00
2023-11-19T18:00,16.8,0,0.00
2023-11-19T19:00,16.1,0,0.00
2023-11-19T20:00,14.7,0,0.00
2023-11-19T21:00,13.5,0,0.00
2023-11-19T22:00,10.5,0,0.00
2023-11-19T23:00,9.2,0,0.00
2023-11-20T00:00,8.3,0,0.00
2023-11-20T01:00,8.0,0,0.00
2023-11-20T02:00,7.8,1,0.00
2023-11-20T03:00,6.8,0,0.00
2023-11-20T04:00,7.3,0,0.00
2023-11-20T05:00,6.8,0,0.00
2023-11-20T06:00,6.6,0,0.00
2023-11-20T07:00,6.4,0,0.00
2023-11-20T08:00,6.0,0,0.00
2023-11-20T09:00,5.9,0,0.00
2023-11-20T10:00,6.7,1,0.00
2023-11-20T11:00,10.0,1,0.00
2023-11-20T12:00,13.0,1,0.00
2023-11-20T13:00,15.0,1,0.00
2023-11-20T14:00,16.4,2,0.00
2023-11-20T15:00,17.5,1,0.00
2023-11-20T16:00,18.2,0,0.00
2023-11-20T17:00,18.6,0,0.00
2023-11-20T18:00,17.1,0,0.00
2023-11-20T19:00,12.7,1,0.00
2023-11-20T20:00,11.8,2,0.00
2023-11-20T21:00,9.7,1,0.00
2023-11-20T22:00,9.0,1,0.00
2023-11-20T23:00,8.7,1,0.00
2023-11-21T00:00,9.2,2,0.00
2023-11-21T01:00,8.8,3,0.00
2023-11-21T02:00,8.8,2,0.00
2023-11-21T03:00,8.5,0,0.00
2023-11-21T04:00,7.6,0,0.00
2023-11-21T05:00,8.6,2,0.00
2023-11-21T06:00,8.3,3,0.00
2023-11-21T07:00,6.0,1,0.00
2023-11-21T08:00,4.5,3,0.00
2023-11-21T09:00,5.5,3,0.00
2023-11-21T10:00,5.4,3,0.00
2023-11-21T11:00,7.8,3,0.00
2023-11-21T12:00,9.6,1,0.00
2023-11-21T13:00,11.0,2,0.00
2023-11-21T14:00,12.1,2,0.00
2023-11-21T15:00,13.5,3,0.00
2023-11-21T16:00,13.5,3,0.00
2023-11-21T17:00,12.7,1,0.00
2023-11-21T18:00,11.8,1,0.00
2023-11-21T19:00,8.4,1,0.00
2023-11-21T20:00,6.6,0,0.00
2023-11-21T21:00,5.7,1,0.00
2023-11-21T22:00,6.4,2,0.00
2023-11-21T23:00,5.2,0,0.00
2023-11-22T00:00,4.4,1,0.00
2023-11-22T01:00,5.8,0,0.00
2023-11-22T02:00,5.3,1,0.00
2023-11-22T03:00,4.1,0,0.00
2023-11-22T04:00,4.4,0,0.00
2023-11-22T05:00,4.4,1,0.00
2023-11-22T06:00,4.5,1,0.00
2023-11-22T07:00,4.5,1,0.00
2023-11-22T08:00,5.2,3,0.00
2023-11-22T09:00,5.5,2,0.00
2023-11-22T10:00,7.4,2,0.00
2023-11-22T11:00,9.8,1,0.00
2023-11-22T12:00,10.7,1,0.00
2023-11-22T13:00,11.9,1,0.00
2023-11-22T14:00,12.7,1,0.00
2023-11-22T15:00,13.3,0,0.00
2023-11-22T16:00,13.3,0,0.00
2023-11-22T17:00,12.8,1,0.00
2023-11-22T18:00,11.9,1,0.00
2023-11-22T19:00,10.4,1,0.00
2023-11-22T20:00,9.5,0,0.00
2023-11-22T21:00,8.2,0,0.00
2023-11-22T22:00,7.5,1,0.00
2023-11-22T23:00,7.1,1,0.00
2023-11-23T00:00,6.1,1,0.00
2023-11-23T01:00,5.3,0,0.00
2023-11-23T02:00,4.9,0,0.00
2023-11-23T03:00,3.1,0,0.00
2023-11-23T04:00,2.9,0,0.00
2023-11-23T05:00,2.3,0,0.00
2023-11-23T06:00,2.8,0,0.00
2023-11-23T07:00,3.3,0,0.00
2023-11-23T08:00,1.2,0,0.00
2023-11-23T09:00,0.1,0,0.00
2023-11-23T10:00,1.5,0,0.00
2023-11-23T11:00,5.0,0,0.00
2023-11-23T12:00,7.9,0,0.00
2023-11-23T13:00,9.9,0,0.00
2023-11-23T14:00,11.5,0,0.00
2023-11-23T15:00,13.1,0,0.00
2023-11-23T16:00,13.7,0,0.00
2023-11-23T17:00,13.8,0,0.00
2023-11-23T18:00,11.9,0,0.00
2023-11-23T19:00,12.2,0,0.00
2023-11-23T20:00,6.8,0,0.00
2023-11-23T21:00,5.6,0,0.00
2023-11-23T22:00,4.3,0,0.00
2023-11-23T23:00,4.5,0,0.00
2023-11-24T00:00,3.4,0,0.00
2023-11-24T01:00,4.8,0,0.00
2023-11-24T02:00,2.7,0,0.00
2023-11-24T03:00,2.1,0,0.00
2023-11-24T04:00,1.6,0,0.00
2023-11-24T05:00,1.2,0,0.00
2023-11-24T06:00,1.1,0,0.00
2023-11-24T07:00,0.9,0,0.00
2023-11-24T08:00,0.2,0,0.00
2023-11-24T09:00,0.3,0,0.00
2023-11-24T10:00,2.2,0,0.00
2023-11-24T11:00,5.9,0,0.00
2023-11-24T12:00,9.0,0,0.00
2023-11-24T13:00,11.3,0,0.00
2023-11-24T14:00,13.2,0,0.00
2023-11-24T15:00,15.3,0,0.00
2023-11-24T16:00,15.9,0,0.00
2023-11-24T17:00,15.6,0,0.00
2023-11-24T18:00,13.3,0,0.00
2023-11-24T19:00,8.3,0,0.00
2023-11-24T20:00,6.8,0,0.00
2023-11-24T21:00,5.6,0,0.00
2023-11-24T22:00,5.5,0,0.00
2023-11-24T23:00,6.6,0,0.00
2023-11-25T00:00,4.3,0,0.00
2023-11-25T01:00,3.7,0,0.00
2023-11-25T02:00,3.5,0,0.00
2023-11-25T03:00,2.6,0,0.00
2023-11-25T04:00,4.3,0,0.00
2023-11-25T05:00,4.1,0,0.00
2023-11-25T06:00,3.0,0,0.00
2023-11-25T07:00,4.1,0,0.00
2023-11-25T08:00,3.8,0,0.00
2023-11-25T09:00,4.4,0,0.00
2023-11-25T10:00,5.0,0,0.00
2023-11-25T11:00,7.4,0,0.00
2023-11-25T12:00,9.9,0,0.00
2023-11-25T13:00,12.0,3,0.00
2023-11-25T14:00,13.7,0,0.00
2023-11-25T15:00,15.4,1,0.00
2023-11-25T16:00,16.1,1,0.00
2023-11-25T17:00,16.0,0,0.00
2023-11-25T18:00,14.9,1,0.00
2023-11-25T19:00,13.3,1,0.00
2023-11-25T20:00,10.3,1,0.00
2023-11-25T21:00,10.5,0,0.00
2023-11-25T22:00,7.9,0,0.00
2023-11-25T23:00,7.3,0,0.00
2023-11-26T00:00,4.9,0,0.00
2023-11-26T01:00,3.4,1,0.00
2023-11-26T02:00,3.4,3,0.00
2023-11-26T03:00,3.0,3,0.00
2023-11-26T04:00,2.6,3,0.00
2023-11-26T05:00,2.9,3,0.00
2023-11-26T06:00,2.9,3,0.00
2023-11-26T07:00,2.6,3,0.00
2023-11-26T08:00,1.8,2,0.00
2023-11-26T09:00,1.2,3,0.00
2023-11-26T10:00,2.7,0,0.00
2023-11-26T11:00,6.1,3,0.00
2023-11-26T12:00,9.2,3,0.00
2023-11-26T13:00,11.4,2,0.00
2023-11-26T14:00,12.8,3,0.00
2023-11-26T15:00,14.0,3,0.00
2023-11-26T16:00,14.6,3,0.00
2023-11-26T17:00,14.5,3,0.00
2023-11-26T18:00,12.9,3,0.00
2023-11-26T19:00,9.0,3,0.00
2023-11-26T20:00,7.8,3,0.00
2023-11-26T21:00,7.5,3,0.00
2023-11-26T22:00,8.4,3,0.00
2023-11-26T23:00,9.3,3,0.00
2023-11-27T00:00,9.0,3,0.00
2023-11-27T01:00,8.6,3,0.00
2023-11-27T02:00,8.0,3,0.00
2023-11-27T03:00,6.8,3,0.00
2023-11-27T04:00,6.7,3,0.00
2023-11-27T05:00,6.1,3,0.00
2023-11-27T06:00,5.4,2,0.00
2023-11-27T07:00,4.8,3,0.00
2023-11-27T08:00,4.2,3,0.00
2023-11-27T09:00,3.5,3,0.00
2023-11-27T10:00,3.9,3,0.00
2023-11-27T11:00,4.6,3,0.00
2023-11-27T12:00,5.9,3,0.00
2023-11-27T13:00,7.7,2,0.00
2023-11-27T14:00,9.6,2,0.00
2023-11-27T15:00,11.3,2,0.00
2023-11-27T16:00,11.6,3,0.00
2023-11-27T17:00,10.3,3,0.00
2023-11-27T18:00,8.9,3,0.00
2023-11-27T19:00,7.4,3,0.00
2023-11-27T20:00,6.3,3,0.00
2023-11-27T21:00,6.0,3,0.00
2023-11-27T22:00,6.5,3,0.00
2023-11-27T23:00,6.6,3,0.00
2023-11-28T00:00,7.0,3,0.00
2023-11-28T01:00,7.1,3,0.00
2023-11-28T02:00,7.0,3,0.00
2023-11-28T03:00,6.8,3,0.00
2023-11-28T04:00,6.6,3,0.00
2023-11-28T05:00,6.7,3,0.00
2023-11-28T06:00,6.7,3,0.00
2023-11-28T07:00,6.7,3,0.00
2023-11-28T08:00,6.6,3,0.00
2023-11-28T09:00,6.8,3,0.00
2023-11-28T10:00,7.0,3,0.00
2023-11-28T11:00,7.7,3,0.00
2023-11-28T12:00,9.4,3,0.00
2023-11-28T13:00,10.3,3,0.00
2023-11-28T14:00,11.3,3,0.00
2023-11-28T15:00,10.5,3,0.00
2023-11-28T16:00,11.5,3,0.00
2023-11-28T17:00,11.6,2,0.00
2023-11-28T18:00,11.3,2,0.00
2023-11-28T19:00,9.9,2,0.00
2023-11-28T20:00,9.6,2,0.00
2023-11-28T21:00,9.0,3,0.00
2023-11-28T22:00,8.6,3,0.00
2023-11-28T23:00,9.1,3,0.00
2023-11-29T00:00,9.7,3,0.00
2023-11-29T01:00,9.9,3,0.00
2023-11-29T02:00,10.2,3,0.00
2023-11-29T03:00,10.0,3,0.00
2023-11-29T04:00,10.2,3,0.00
2023-11-29T05:00,10.2,3,0.00
2023-11-29T06:00,10.3,3,0.00
2023-11-29T07:00,10.4,3,0.00
2023-11-29T08:00,10.6,3,0.00
2023-11-29T09:00,10.7,3,0.00
2023-11-29T10:00,10.7,3,0.00
2023-11-29T11:00,11.3,3,0.00
2023-11-29T12:00,11.4,51,0.10
2023-11-29T13:00,12.8,2,0.00
2023-11-29T14:00,14.3,2,0.00
2023-11-29T15:00,13.6,51,0.20
2023-11-29T16:00,13.6,51,0.20
2023-11-29T17:00,13.5,3,0.00
2023-11-29T18:00,13.2,3,0.00
2023-11-29T19:00,12.4,3,0.00
2023-11-29T20:00,12.4,3,0.00
2023-11-29T21:00,12.4,3,0.00
2023-11-29T22:00,12.4,51,0.10
2023-11-29T23:00,12.3,51,0.10
2023-11-30T00:00,12.3,3,0.00
2023-11-30T01:00,12.0,3,0.00
2023-11-30T02:00,12.1,51,0.10
2023-11-30T03:00,11.8,3,0.00
2023-11-30T04:00,12.1,3,0.00
2023-11-30T05:00,12.1,3,0.00
2023-11-30T06:00,12.1,51,0.10
2023-11-30T07:00,12.2,51,0.10
2023-11-30T08:00,12.3,3,0.00
2023-11-30T09:00,12.3,51,0.10
2023-11-30T10:00,12.3,51,0.10
2023-11-30T11:00,12.2,53,0.80
2023-11-30T12:00,12.3,53,0.70
2023-11-30T13:00,12.7,51,0.40
2023-11-30T14:00,12.7,61,1.90
2023-11-30T15:00,13.3,55,1.10
2023-11-30T16:00,13.3,61,2.00
2023-11-30T17:00,14.2,53,0.60
2023-11-30T18:00,14.5,51,0.40
2023-11-30T19:00,14.4,51,0.20
2023-11-30T20:00,14.2,51,0.10
2023-11-30T21:00,13.5,51,0.30
2023-11-30T22:00,12.7,53,0.70
2023-11-30T23:00,12.7,55,1.20
2023-12-01T00:00,13.1,63,3.10
2023-12-01T01:00,12.6,63,7.10
2023-12-01T02:00,11.8,63,3.20
2023-12-01T03:00,12.1,63,6.30
2023-12-01T04:00,10.6,63,7.20
2023-12-01T05:00,8.4,53,0.80
2023-12-01T06:00,8.1,53,0.50
2023-12-01T07:00,8.3,51,0.10
2023-12-01T08:00,7.8,3,0.00
2023-12-01T09:00,7.1,51,0.30
2023-12-01T10:00,7.2,51,0.20
2023-12-01T11:00,7.0,3,0.00
2023-12-01T12:00,7.0,3,0.00
2023-12-01T13:00,7.9,3,0.00
2023-12-01T14:00,8.7,0,0.00
2023-12-01T15:00,9.5,0,0.00
2023-12-01T16:00,10.2,1,0.00
2023-12-01T17:00,9.4,0,0.00
2023-12-01T18:00,8.6,1,0.00
2023-12-01T19:00,7.4,1,0.00
2023-12-01T20:00,6.0,0,0.00
2023-12-01T21:00,5.3,0,0.00
2023-12-01T22:00,5.4,0,0.00
2023-12-01T23:00,5.4,0,0.00
2023-12-02T00:00,5.0,1,0.00
2023-12-02T01:00,5.2,2,0.00
2023-12-02T02:00,5.5,2,0.00
2023-12-02T03:00,5.2,1,0.00
2023-12-02T04:00,5.2,1,0.00
2023-12-02T05:00,4.9,1,0.00
2023-12-02T06:00,4.7,2,0.00
2023-12-02T07:00,4.4,2,0.00
2023-12-02T08:00,4.0,0,0.00
2023-12-02T09:00,3.9,0,0.00
2023-12-02T10:00,4.4,0,0.00
2023-12-02T11:00,6.2,0,0.00
2023-12-02T12:00,7.1,0,0.00
2023-12-02T13:00,8.0,0,0.00
2023-12-02T14:00,8.9,0,0.00
2023-12-02T15:00,10.3,2,0.00
2023-12-02T16:00,10.2,2,0.00
2023-12-02T17:00,10.1,1,0.00
2023-12-02T18:00,9.2,1,0.00
2023-12-02T19:00,7.2,0,0.00
2023-12-02T20:00,6.2,0,0.00
2023-12-02T21:00,4.8,0,0.00
2023-12-02T22:00,3.0,0,0.00
2023-12-02T23:00,4.2,0,0.00
2023-12-03T00:00,1.7,0,0.00
2023-12-03T01:00,3.7,0,0.00
2023-12-03T02:00,2.3,0,0.00
2023-12-03T03:00,0.3,0,0.00
2023-12-03T04:00,-0.1,1,0.00
2023-12-03T05:00,-0.7,0,0.00
2023-12-03T06:00,-0.7,3,0.00
2023-12-03T07:00,-0.8,3,0.00
2023-12-03T08:00,-1.3,3,0.00
2023-12-03T09:00,-1.6,3,0.00
2023-12-03T10:00,-1.0,3,0.00
2023-12-03T11:00,1.4,3,0.00
2023-12-03T12:00,4.5,0,0.00
2023-12-03T13:00,6.5,3,0.00
2023-12-03T14:00,8.0,3,0.00
2023-12-03T15:00,7.9,3,0.00
2023-12-03T16:00,8.1,3,0.00
2023-12-03T17:00,8.0,3,0.00
2023-12-03T18:00,7.5,3,0.00
2023-12-03T19:00,6.3,3,0.00
2023-12-03T20:00,5.9,3,0.00
2023-12-03T21:00,5.2,3,0.00
2023-12-03T22:00,4.3,2,0.00
2023-12-03T23:00,3.8,3,0.00
2023-12-04T00:00,4.2,3,0.00
2023-12-04T01:00,5.0,3,0.00
2023-12-04T02:00,5.1,3,0.00
2023-12-04T03:00,4.9,51,0.10
2023-12-04T04:00,4.8,53,0.50
2023-12-04T05:00,4.9,51,0.10
2023-12-04T06:00,4.9,3,0.00
2023-12-04T07:00,5.0,3,0.00
2023-12-04T08:00,5.0,2,0.00
2023-12-04T09:00,5.1,3,0.00
2023-12-04T10:00,5.3,3,0.00
2023-12-04T11:00,6.1,3,0.00
2023-12-04T12:00,6.8,3,0.00
2023-12-04T13:00,8.0,2,0.00
2023-12-04T14:00,9.4,2,0.00
2023-12-04T15:00,8.8,2,0.00
2023-12-04T16:00,9.4,3,0.00
2023-12-04T17:00,8.9,2,0.00
2023-12-04T18:00,8.2,1,0.00
2023-12-04T19:00,6.7,0,0.00
2023-12-04T20:00,6.2,0,0.00
2023-12-04T21:00,5.7,0,0.00
2023-12-04T22:00,5.3,0,0.00
2023-12-04T23:00,5.6,0,0.00
2023-12-05T00:00,5.9,1,0.00
2023-12-05T01:00,6.0,2,0.00
2023-12-05T02:00,5.4,2,0.00
2023-12-05T03:00,5.7,2,0.00
2023-12-05T04:00,5.1,2,0.00
2023-12-05T05:00,3.3,3,0.00
2023-12-05T06:00,2.9,3,0.00
2023-12-05T07:00,2.0,3,0.00
2023-12-05T08:00,2.2,3,0.00
2023-12-05T09:00,2.1,3,0.00
2023-12-05T10:00,2.5,3,0.00
2023-12-05T11:00,3.5,3,0.00
2023-12-05T12:00,5.2,3,0.00
2023-12-05T13:00,7.0,3,0.00
2023-12-05T14:00,7.9,3,0.00
2023-12-05T15:00,8.1,3,0.00
2023-12-05T16:00,8.3,3,0.00
2023-12-05T17:00,8.0,3,0.00
2023-12-05T18:00,7.6,3,0.00
2023-12-05T19:00,6.3,3,0.00
2023-12-05T20:00,6.1,3,0.00
2023-12-05T21:00,6.0,3,0.00
2023-12-05T22:00,5.8,3,0.00
2023-12-05T23:00,6.0,3,0.00
2023-12-06T00:00,6.2,3,0.00
2023-12-06T01:00,6.2,3,0.00
2023-12-06T02:00,5.9,3,0.00
2023-12-06T03:00,5.4,3,0.00
2023-12-06T04:00,5.4,3,0.00
2023-12-06T05:00,4.7,2,0.00
2023-12-06T06:00,3.3,1,0.00
2023-12-06T07:00,2.5,1,0.00
2023-12-06T08:00,2.0,0,0.00
2023-12-06T09:00,1.1,2,0.00
2023-12-06T10:00,1.6,2,0.00
2023-12-06T11:00,4.0,1,0.00
2023-12-06T12:00,6.7,0,0.00
2023-12-06T13:00,8.5,3,0.00
2023-12-06T14:00,9.6,3,0.00
2023-12-06T15:00,9.6,3,0.00
2023-12-06T16:00,9.4,3,0.00
2023-12-06T17:00,9.6,3,0.00
2023-12-06T18:00,8.6,3,0.00
2023-12-06T19:00,8.2,3,0.00
2023-12-06T20:00,5.8,3,0.00
2023-12-06T21:00,6.1,3,0.00
2023-12-06T22:00,5.3,2,0.00
2023-12-06T23:00,4.9,3,0.00
2023-12-07T00:00,4.7,2,0.00
2023-12-07T01:00,4.0,3,0.00
2023-12-07T02:00,2.8,2,0.00
2023-12-07T03:00,1.5,3,0.00
2023-12-07T04:00,1.2,3,0.00
2023-12-07T05:00,1.8,3,0.00
2023-12-07T06:00,2.7,3,0.00
2023-12-07T07:00,3.2,3,0.00
2023-12-07T08:00,3.4,3,0.00
2023-12-07T09:00,2.7,3,0.00
2023-12-07T10:00,2.8,3,0.00
2023-12-07T11:00,5.2,3,0.00
2023-12-07T12:00,7.1,3,0.00
2023-12-07T13:00,8.2,3,0.00
2023-12-07T14:00,9.0,3,0.00
2023-12-07T15:00,8.3,51,0.20
2023-12-07T16:00,8.7,51,0.30
2023-12-07T17:00,8.2,55,1.10
2023-12-07T18:00,8.0,61,1.80
2023-12-07T19:00,8.0,63,3.40
2023-12-07T20:00,8.0,61,1.40
2023-12-07T21:00,8.2,53,0.90
2023-12-07T22:00,8.0,55,1.20
2023-12-07T23:00,8.0,51,0.20
2023-12-08T00:00,8.0,3,0.00
2023-12-08T01:00,8.1,3,0.00
2023-12-08T02:00,8.1,3,0.00
2023-12-08T03:00,7.5,51,0.10
2023-12-08T04:00,7.6,3,0.00
2023-12-08T05:00,7.6,3,0.00
2023-12-08T06:00,7.3,3,0.00
2023-12-08T07:00,6.4,3,0.00
2023-12-08T08:00,7.0,51,0.10
2023-12-08T09:00,6.9,3,0.00
2023-12-08T10:00,7.8,3,0.00
2023-12-08T11:00,8.4,3,0.00
2023-12-08T12:00,8.8,3,0.00
2023-12-08T13:00,9.7,2,0.00
2023-12-08T14:00,10.5,2,0.00
2023-12-08T15:00,11.2,3,0.00
2023-12-08T16:00,10.9,3,0.00
2023-12-08T17:00,10.6,3,0.00
2023-12-08T18:00,10.2,3,0.00
2023-12-08T19:00,8.1,3,0.00
2023-12-08T20:00,7.0,1,0.00
2023-12-08T21:00,6.6,1,0.00
2023-12-08T22:00,6.3,2,0.00
2023-12-08T23:00,6.0,2,0.00
2023-12-09T00:00,5.8,3,0.00
2023-12-09T01:00,5.0,2,0.00
2023-12-09T02:00,4.7,3,0.00
2023-12-09T03:00,5.0,3,0.00
2023-12-09T04:00,4.6,3,0.00
2023-12-09T05:00,4.4,3,0.00
2023-12-09T06:00,4.7,3,0.00
2023-12-09T07:00,4.4,3,0.00
2023-12-09T08:00,3.8,3,0.00
2023-12-09T09:00,4.4,3,0.00
2023-12-09T10:00,5.8,3,0.00
2023-12-09T11:00,7.2,3,0.00
2023-12-09T12:00,7.9,3,0.00
2023-12-09T13:00,8.8,3,0.00
2023-12-09T14:00,10.0,3,0.00
2023-12-09T15:00,10.6,3,0.00
2023-12-09T16:00,11.5,3,0.00
2023-12-09T17:00,11.3,3,0.00
2023-12-09T18:00,10.1,3,0.00
2023-12-09T19:00,9.3,3,0.00
2023-12-09T20:00,9.2,3,0.00
2023-12-09T21:00,9.0,3,0.00
2023-12-09T22:00,8.8,3,0.00
2023-12-09T23:00,8.7,3,0.00
2023-12-10T00:00,8.8,3,0.00
2023-12-10T01:00,8.7,3,0.00
2023-12-10T02:00,8.4,3,0.00
2023-12-10T03:00,9.2,3,0.00
2023-12-10T04:00,9.1,3,0.00
2023-12-10T05:00,9.1,3,0.00
2023-12-10T06:00,9.0,3,0.00
2023-12-10T07:00,9.0,3,0.00
2023-12-10T08:00,8.9,3,0.00
2023-12-10T09:00,8.8,3,0.00
2023-12-10T10:00,9.0,3,0.00
2023-12-10T11:00,9.4,3,0.00
2023-12-10T12:00,10.0,3,0.00
2023-12-10T13:00,10.5,51,0.10
2023-12-10T14:00,11.2,51,0.10
2023-12-10T15:00,11.6,51,0.10
2023-12-10T16:00,12.0,51,0.10
2023-12-10T17:00,12.2,3,0.00
2023-12-10T18:00,12.1,3,0.00
2023-12-10T19:00,11.4,3,0.00
2023-12-10T20:00,11.0,3,0.00
2023-12-10T21:00,10.8,3,0.00
2023-12-10T22:00,10.7,3,0.00
2023-12-10T23:00,10.5,3,0.00
2023-12-11T00:00,10.0,3,0.00
2023-12-11T01:00,9.5,3,0.00
2023-12-11T02:00,9.3,3,0.00
2023-12-11T03:00,9.6,3,0.00
2023-12-11T04:00,9.7,3,0.00
2023-12-11T05:00,9.7,3,0.00
2023-12-11T06:00,9.6,3,0.00
2023-12-11T07:00,9.3,3,0.00
2023-12-11T08:00,9.2,3,0.00
2023-12-11T09:00,9.2,3,0.00
2023-12-11T10:00,9.3,3,0.00
2023-12-11T11:00,9.4,3,0.00
2023-12-11T12:00,10.0,3,0.00
2023-12-11T13:00,10.7,3,0.00
2023-12-11T14:00,11.3,3,0.00
2023-12-11T15:00,12.0,3,0.00
2023-12-11T16:00,12.8,3,0.00
2023-12-11T17:00,12.8,3,0.00
2023-12-11T18:00,11.9,3,0.00
2023-12-11T19:00,9.3,3,0.00
2023-12-11T20:00,8.0,3,0.00
2023-12-11T21:00,6.8,3,0.00
2023-12-11T22:00,6.5,3,0.00
2023-12-11T23:00,6.4,3,0.00
2023-12-12T00:00,6.3,3,0.00
2023-12-12T01:00,6.1,3,0.00
2023-12-12T02:00,5.9,3,0.00
2023-12-12T03:00,6.3,3,0.00
2023-12-12T04:00,6.2,3,0.00
2023-12-12T05:00,6.2,3,0.00
2023-12-12T06:00,6.4,3,0.00
2023-12-12T07:00,6.5,3,0.00
2023-12-12T08:00,6.7,3,0.00
2023-12-12T09:00,6.7,3,0.00
2023-12-12T10:00,6.8,3,0.00
2023-12-12T11:00,7.8,3,0.00
2023-12-12T12:00,9.1,3,0.00
2023-12-12T13:00,10.7,3,0.00
2023-12-12T14:00,11.3,3,0.00
2023-12-12T15:00,10.4,3,0.00
2023-12-12T16:00,10.8,51,0.10
2023-12-12T17:00,11.0,51,0.20
2023-12-12T18:00,11.0,51,0.10
2023-12-12T19:00,10.9,51,0.10
2023-12-12T20:00,11.1,3,0.00
2023-12-12T21:00,11.3,3,0.00
2023-12-12T22:00,11.5,3,0.00
2023-12-12T23:00,11.7,51,0.10
2023-12-13T00:00,11.6,51,0.30
2023-12-13T01:00,11.4,53,0.90
2023-12-13T02:00,11.0,51,0.30
2023-12-13T03:00,10.5,3,0.00
2023-12-13T04:00,10.2,3,0.00
2023-12-13T05:00,9.7,3,0.00
2023-12-13T06:00,9.3,3,0.00
2023-12-13T07:00,8.9,3,0.00
2023-12-13T08:00,8.7,3,0.00
2023-12-13T09:00,8.3,3,0.00
2023-12-13T10:00,7.8,3,0.00
2023-12-13T11:00,8.2,3,0.00
2023-12-13T12:00,9.2,1,0.00
2023-12-13T13:00,10.2,1,0.00
2023-12-13T14:00,10.7,1,0.00
2023-12-13T15:00,10.9,2,0.00
2023-12-13T16:00,10.7,1,0.00
2023-12-13T17:00,10.2,1,0.00
2023-12-13T18:00,9.6,1,0.00
2023-12-13T19:00,8.3,0,0.00
2023-12-13T20:00,7.5,0,0.00
2023-12-13T21:00,6.6,1,0.00
2023-12-13T22:00,6.0,0,0.00
2023-12-13T23:00,5.6,0,0.00
2023-12-14T00:00,5.0,0,0.00
2023-12-14T01:00,5.2,0,0.00
2023-12-14T02:00,6.0,1,0.00
2023-12-14T03:00,6.1,1,0.00
2023-12-14T04:00,5.4,0,0.00
2023-12-14T05:00,5.1,1,0.00
2023-12-14T06:00,5.0,0,0.00
2023-12-14T07:00,4.4,0,0.00
2023-12-14T08:00,4.7,0,0.00
2023-12-14T09:00,5.2,0,0.00
2023-12-14T10:00,5.0,0,0.00
2023-12-14T11:00,6.6,0,0.00
2023-12-14T12:00,7.4,0,0.00
2023-12-14T13:00,8.0,1,0.00
2023-12-14T14:00,8.6,0,0.00
2023-12-14T15:00,10.1,1,0.00
2023-12-14T16:00,10.9,3,0.00
2023-12-14T17:00,11.4,2,0.00
2023-12-14T18:00,10.2,1,0.00
2023-12-14T19:00,8.9,0,0.00
2023-12-14T20:00,5.0,0,0.00
2023-12-14T21:00,4.0,0,0.00
2023-12-14T22:00,3.1,0,0.00
2023-12-14T23:00,2.4,0,0.00
2023-12-15T00:00,2.0,0,0.00
2023-12-15T01:00,1.7,0,0.00
2023-12-15T02:00,1.7,0,0.00
2023-12-15T03:00,1.7,0,0.00
2023-12-15T04:00,2.7,0,0.00
2023-12-15T05:00,2.8,0,0.00
2023-12-15T06:00,2.7,0,0.00
2023-12-15T07:00,2.7,0,0.00
2023-12-15T08:00,2.8,0,0.00
2023-12-15T09:00,3.0,0,0.00
2023-12-15T10:00,3.4,0,0.00
2023-12-15T11:00,5.9,0,0.00
2023-12-15T12:00,9.3,0,0.00
2023-12-15T13:00,11.6,0,0.00
2023-12-15T14:00,12.3,0,0.00
2023-12-15T15:00,13.3,1,0.00
2023-12-15T16:00,13.3,0,0.00
2023-12-15T17:00,13.1,0,0.00
2023-12-15T18:00,11.7,0,0.00
2023-12-15T19:00,8.2,0,0.00
2023-12-15T20:00,7.7,0,0.00
2023-12-15T21:00,6.8,0,0.00
2023-12-15T22:00,5.3,0,0.00
2023-12-15T23:00,3.9,0,0.00
2023-12-16T00:00,2.7,0,0.00
2023-12-16T01:00,2.7,0,0.00
2023-12-16T02:00,2.2,0,0.00
2023-12-16T03:00,1.4,0,0.00
2023-12-16T04:00,1.2,0,0.00
2023-12-16T05:00,-0.2,0,0.00
2023-12-16T06:00,0.2,3,0.00
2023-12-16T07:00,-0.6,3,0.00
2023-12-16T08:00,-1.2,3,0.00
2023-12-16T09:00,-1.5,3,0.00
2023-12-16T10:00,-0.5,3,0.00
2023-12-16T11:00,2.4,0,0.00
2023-12-16T12:00,6.0,0,0.00
2023-12-16T13:00,8.5,0,0.00
2023-12-16T14:00,10.3,0,0.00
2023-12-16T15:00,11.2,0,0.00
2023-12-16T16:00,11.6,0,0.00
2023-12-16T17:00,11.7,0,0.00
2023-12-16T18:00,11.4,0,0.00
2023-12-16T19:00,9.8,0,0.00
2023-12-16T20:00,6.1,0,0.00
2023-12-16T21:00,5.4,0,0.00
2023-12-16T22:00,4.6,0,0.00
2023-12-16T23:00,2.8,0,0.00
2023-12-17T00:00,1.6,0,0.00
2023-12-17T01:00,1.6,0,0.00
2023-12-17T02:00,0.8,0,0.00
2023-12-17T03:00,0.1,0,0.00
2023-12-17T04:00,0.4,0,0.00
2023-12-17T05:00,-0.2,0,0.00
2023-12-17T06:00,-0.3,0,0.00
2023-12-17T07:00,-0.8,0,0.00
2023-12-17T08:00,-1.3,0,0.00
2023-12-17T09:00,-1.8,0,0.00
2023-12-17T10:00,-0.6,0,0.00
2023-12-17T11:00,2.8,0,0.00
2023-12-17T12:00,6.7,0,0.00
2023-12-17T13:00,8.6,0,0.00
2023-12-17T14:00,9.9,0,0.00
2023-12-17T15:00,10.8,0,0.00
2023-12-17T16:00,11.3,0,0.00
2023-12-17T17:00,11.2,0,0.00
2023-12-17T18:00,9.2,0,0.00
2023-12-17T19:00,5.7,0,0.00
2023-12-17T20:00,5.6,0,0.00
2023-12-17T21:00,2.4,0,0.00
2023-12-17T22:00,1.9,0,0.00
2023-12-17T23:00,1.1,0,0.00
2023-12-18T00:00,0.8,0,0.00
2023-12-18T01:00,-0.1,0,0.00
2023-12-18T02:00,-0.6,0,0.00
2023-12-18T03:00,-0.7,0,0.00
2023-12-18T04:00,-1.4,0,0.00
2023-12-18T05:00,-1.7,0,0.00
2023-12-18T06:00,-2.0,0,0.00
2023-12-18T07:00,-2.1,0,0.00
2023-12-18T08:00,-2.4,0,0.00
2023-12-18T09:00,-2.9,0,0.00
2023-12-18T10:00,-2.3,0,0.00
2023-12-18T11:00,0.9,0,0.00
2023-12-18T12:00,4.9,0,0.00
2023-12-18T13:00,7.6,0,0.00
2023-12-18T14:00,9.3,0,0.00
2023-12-18T15:00,10.5,0,0.00
2023-12-18T16:00,11.1,0,0.00
2023-12-18T17:00,11.1,0,0.00
2023-12-18T18:00,10.2,0,0.00
2023-12-18T19:00,9.0,0,0.00
2023-12-18T20:00,7.6,0,0.00
2023-12-18T21:00,6.8,0,0.00
2023-12-18T22:00,5.7,0,0.00
2023-12-18T23:00,4.5,0,0.00
2023-12-19T00:00,0.9,0,0.00
2023-12-19T01:00,0.0,0,0.00
2023-12-19T02:00,-0.8,0,0.00
2023-12-19T03:00,0.2,0,0.00
2023-12-19T04:00,-1.0,0,0.00
2023-12-19T05:00,-2.1,0,0.00
2023-12-19T06:00,-1.2,0,0.00
2023-12-19T07:00,-1.0,0,0.00
2023-12-19T08:00,-2.8,0,0.00
2023-12-19T09:00,-3.0,0,0.00
2023-12-19T10:00,-2.3,0,0.00
2023-12-19T11:00,0.9,0,0.00
2023-12-19T12:00,5.0,0,0.00
2023-12-19T13:00,7.6,0,0.00
2023-12-19T14:00,9.4,0,0.00
2023-12-19T15:00,10.0,0,0.00
2023-12-19T16:00,10.7,0,0.00
2023-12-19T17:00,10.4,0,0.00
2023-12-19T18:00,8.2,0,0.00
2023-12-19T19:00,4.3,0,0.00
2023-12-19T20:00,4.1,0,0.00
2023-12-19T21:00,4.8,0,0.00
2023-12-19T22:00,2.1,0,0.00
2023-12-19T23:00,-0.4,3,0.00
2023-12-20T00:00,-1.0,3,0.00
2023-12-20T01:00,-1.6,2,0.00
2023-12-20T02:00,-2.1,2,0.00
2023-12-20T03:00,-1.7,3,0.00
2023-12-20T04:00,-0.7,1,0.00
2023-12-20T05:00,-2.0,2,0.00
2023-12-20T06:00,-1.4,3,0.00
2023-12-20T07:00,-1.4,3,0.00
2023-12-20T08:00,0.9,3,0.00
2023-12-20T09:00,1.6,53,0.70
2023-12-20T10:00,2.3,51,0.30
2023-12-20T11:00,3.0,3,0.00
2023-12-20T12:00,5.5,2,0.00
2023-12-20T13:00,8.8,0,0.00
2023-12-20T14:00,9.6,0,0.00
2023-12-20T15:00,11.6,0,0.00
2023-12-20T16:00,11.2,0,0.00
2023-12-20T17:00,10.5,0,0.00
2023-12-20T18:00,9.0,0,0.00
2023-12-20T19:00,5.6,1,0.00
2023-12-20T20:00,4.3,2,0.00
2023-12-20T21:00,5.5,1,0.00
2023-12-20T22:00,4.6,0,0.00
2023-12-20T23:00,3.9,0,0.00
2023-12-21T00:00,3.0,0,0.00
2023-12-21T01:00,1.5,0,0.00
2023-12-21T02:00,0.8,0,0.00
2023-12-21T03:00,0.1,0,0.00
2023-12-21T04:00,0.2,1,0.00
2023-12-21T05:00,-0.2,3,0.00
2023-12-21T06:00,-1.1,3,0.00
2023-12-21T07:00,-1.6,2,0.00
2023-12-21T08:00,-1.2,1,0.00
2023-12-21T09:00,1.6,1,0.00
2023-12-21T10:00,0.7,1,0.00
2023-12-21T11:00,4.1,0,0.00
2023-12-21T12:00,7.0,0,0.00
2023-12-21T13:00,8.7,0,0.00
2023-12-21T14:00,9.9,0,0.00
2023-12-21T15:00,10.9,0,0.00
2023-12-21T16:00,11.7,0,0.00
2023-12-21T17:00,11.8,0,0.00
2023-12-21T18:00,11.3,0,0.00
2023-12-21T19:00,10.5,0,0.00
2023-12-21T20:00,9.5,0,0.00
2023-12-21T21:00,4.5,0,0.00
2023-12-21T22:00,2.9,0,0.00
2023-12-21T23:00,2.0,0,0.00
2023-12-22T00:00,2.1,0,0.00
2023-12-22T01:00,2.6,0,0.00
2023-12-22T02:00,1.5,0,0.00
2023-12-22T03:00,3.0,0,0.00
2023-12-22T04:00,2.6,0,0.00
2023-12-22T05:00,1.0,0,0.00
2023-12-22T06:00,-0.4,0,0.00
2023-12-22T07:00,-1.5,3,0.00
2023-12-22T08:00,-0.8,3,0.00
2023-12-22T09:00,-1.7,3,0.00
2023-12-22T10:00,-1.7,3,0.00
2023-12-22T11:00,1.7,0,0.00
2023-12-22T12:00,6.4,0,0.00
2023-12-22T13:00,8.9,0,0.00
2023-12-22T14:00,10.4,0,0.00
2023-12-22T15:00,11.9,0,0.00
2023-12-22T16:00,12.4,0,0.00
2023-12-22T17:00,12.3,0,0.00
2023-12-22T18:00,10.0,0,0.00
2023-12-22T19:00,6.9,0,0.00
2023-12-22T20:00,4.3,0,0.00
2023-12-22T21:00,3.9,0,0.00
2023-12-22T22:00,2.5,0,0.00
2023-12-22T23:00,2.4,0,0.00
2023-12-23T00:00,0.4,0,0.00
2023-12-23T01:00,0.7,0,0.00
2023-12-23T02:00,1.0,0,0.00
2023-12-23T03:00,1.3,0,0.00
2023-12-23T04:00,0.1,0,0.00
2023-12-23T05:00,1.3,0,0.00
2023-12-23T06:00,-0.6,0,0.00
2023-12-23T07:00,-1.3,3,0.00
2023-12-23T08:00,-1.8,3,0.00
2023-12-23T09:00,-1.4,0,0.00
2023-12-23T10:00,-1.2,0,0.00
2023-12-23T11:00,1.4,0,0.00
2023-12-23T12:00,4.8,0,0.00
2023-12-23T13:00,7.7,0,0.00
2023-12-23T14:00,9.7,0,0.00
2023-12-23T15:00,11.3,0,0.00
2023-12-23T16:00,11.9,0,0.00
2023-12-23T17:00,11.7,0,0.00
2023-12-23T18:00,9.6,0,0.00
2023-12-23T19:00,5.6,0,0.00
2023-12-23T20:00,3.4,0,0.00
2023-12-23T21:00,2.5,0,0.00
2023-12-23T22:00,2.1,0,0.00
2023-12-23T23:00,1.6,0,0.00
2023-12-24T00:00,1.4,0,0.00
2023-12-24T01:00,0.2,0,0.00
2023-12-24T02:00,-0.5,0,0.00
2023-12-24T03:00,0.3,0,0.00
2023-12-24T04:00,0.5,0,0.00
2023-12-24T05:00,0.2,1,0.00
2023-12-24T06:00,-0.7,1,0.00
2023-12-24T07:00,-0.8,1,0.00
2023-12-24T08:00,-0.9,1,0.00
2023-12-24T09:00,-1.2,1,0.00
2023-12-24T10:00,-1.3,1,0.00
2023-12-24T11:00,1.0,0,0.00
2023-12-24T12:00,5.0,0,0.00
2023-12-24T13:00,8.0,0,0.00
2023-12-24T14:00,9.7,0,0.00
2023-12-24T15:00,10.9,0,0.00
2023-12-24T16:00,11.4,0,0.00
2023-12-24T17:00,11.3,0,0.00
2023-12-24T18:00,10.7,0,0.00
2023-12-24T19:00,9.1,0,0.00
2023-12-24T20:00,7.5,0,0.00
2023-12-24T21:00,6.6,0,0.00
2023-12-24T22:00,6.1,0,0.00
2023-12-24T23:00,4.9,0,0.00
2023-12-25T00:00,2.5,0,0.00
2023-12-25T01:00,1.1,0,0.00
2023-12-25T02:00,0.4,0,0.00
2023-12-25T03:00,-1.0,3,0.00
2023-12-25T04:00,-1.6,3,0.00
2023-12-25T05:00,-1.2,1,0.00
2023-12-25T06:00,-1.8,0,0.00
2023-12-25T07:00,-2.1,0,0.00
2023-12-25T08:00,-2.5,3,0.00
2023-12-25T09:00,-2.8,3,0.00
2023-12-25T10:00,-2.3,3,0.00
2023-12-25T11:00,0.5,0,0.00
2023-12-25T12:00,4.3,0,0.00
2023-12-25T13:00,7.3,0,0.00
2023-12-25T14:00,9.0,0,0.00
2023-12-25T15:00,9.4,0,0.00
2023-12-25T16:00,9.8,0,0.00
2023-12-25T17:00,9.7,0,0.00
2023-12-25T18:00,7.9,0,0.00
2023-12-25T19:00,4.6,0,0.00
2023-12-25T20:00,2.3,0,0.00
2023-12-25T21:00,3.0,0,0.00
2023-12-25T22:00,4.4,0,0.00
2023-12-25T23:00,4.2,0,0.00
2023-12-26T00:00,1.5,0,0.00
2023-12-26T01:00,-1.2,0,0.00
2023-12-26T02:00,-1.9,3,0.00
2023-12-26T03:00,-1.8,3,0.00
2023-12-26T04:00,-2.5,3,0.00
2023-12-26T05:00,-1.8,3,0.00
2023-12-26T06:00,-1.7,3,0.00
2023-12-26T07:00,-2.2,3,0.00
2023-12-26T08:00,-2.3,3,0.00
2023-12-26T09:00,-2.1,3,0.00
2023-12-26T10:00,-1.1,3,0.00
2023-12-26T11:00,0.9,3,0.00
2023-12-26T12:00,2.8,0,0.00
2023-12-26T13:00,4.8,0,0.00
2023-12-26T14:00,6.5,0,0.00
2023-12-26T15:00,7.0,0,0.00
2023-12-26T16:00,7.8,0,0.00
2023-12-26T17:00,8.1,0,0.00
2023-12-26T18:00,6.9,0,0.00
2023-12-26T19:00,3.7,0,0.00
2023-12-26T20:00,3.3,0,0.00
2023-12-26T21:00,2.8,3,0.00
2023-12-26T22:00,2.4,3,0.00
2023-12-26T23:00,0.3,3,0.00
2023-12-27T00:00,0.1,3,0.00
2023-12-27T01:00,0.0,3,0.00
2023-12-27T02:00,0.1,3,0.00
2023-12-27T03:00,0.6,3,0.00
2023-12-27T04:00,0.3,3,0.00
2023-12-27T05:00,-0.1,3,0.00
2023-12-27T06:00,-0.5,3,0.00
2023-12-27T07:00,-0.5,3,0.00
2023-12-27T08:00,-0.6,3,0.00
2023-12-27T09:00,-0.8,3,0.00
2023-12-27T10:00,-0.9,3,0.00
2023-12-27T11:00,0.1,3,0.00
2023-12-27T12:00,2.0,1,0.00
2023-12-27T13:00,4.5,0,0.00
2023-12-27T14:00,6.8,0,0.00
2023-12-27T15:00,8.0,0,0.00
2023-12-27T16:00,8.8,0,0.00
2023-12-27T17:00,9.1,0,0.00
2023-12-27T18:00,7.6,0,0.00
2023-12-27T19:00,6.0,2,0.00
2023-12-27T20:00,4.9,1,0.00
2023-12-27T21:00,3.8,1,0.00
2023-12-27T22:00,1.1,2,0.00
2023-12-27T23:00,-1.1,3,0.00
2023-12-28T00:00,-0.8,3,0.00
2023-12-28T01:00,-1.1,3,0.00
2023-12-28T02:00,-1.2,3,0.00
2023-12-28T03:00,-2.6,3,0.00
2023-12-28T04:00,-2.5,3,0.00
2023-12-28T05:00,-2.6,3,0.00
2023-12-28T06:00,-2.2,3,0.00
2023-12-28T07:00,-1.6,3,0.00
2023-12-28T08:00,-0.9,3,0.00
2023-12-28T09:00,-1.0,3,0.00
2023-12-28T10:00,-0.8,3,0.00
2023-12-28T11:00,0.9,3,0.00
2023-12-28T12:00,4.0,3,0.00
2023-12-28T13:00,5.8,3,0.00
2023-12-28T14:00,6.9,3,0.00
2023-12-28T15:00,8.5,3,0.00
2023-12-28T16:00,9.3,3,0.00
2023-12-28T17:00,8.6,3,0.00
2023-12-28T18:00,8.2,3,0.00
2023-12-28T19:00,6.8,3,0.00
2023-12-28T20:00,5.2,2,0.00
2023-12-28T21:00,1.8,3,0.00
2023-12-28T22:00,0.2,3,0.00
2023-12-28T23:00,0.4,3,0.00
2023-12-29T00:00,0.6,3,0.00
2023-12-29T01:00,1.0,3,0.00
2023-12-29T02:00,0.7,3,0.00
2023-12-29T03:00,2.2,3,0.00
2023-12-29T04:00,0.5,3,0.00
2023-12-29T05:00,-0.2,3,0.00
2023-12-29T06:00,0.6,0,0.00
2023-12-29T07:00,-0.8,1,0.00
2023-12-29T08:00,0.3,3,0.00
2023-12-29T09:00,1.2,3,0.00
2023-12-29T10:00,0.3,3,0.00
2023-12-29T11:00,2.5,3,0.00
2023-12-29T12:00,5.1,3,0.00
2023-12-29T13:00,7.0,3,0.00
2023-12-29T14:00,7.2,51,0.20
2023-12-29T15:00,7.1,51,0.30
2023-12-29T16:00,7.4,3,0.00
2023-12-29T17:00,6.5,3,0.00
2023-12-29T18:00,6.0,3,0.00
2023-12-29T19:00,4.8,3,0.00
2023-12-29T20:00,3.2,3,0.00
2023-12-29T21:00,2.9,3,0.00
2023-12-29T22:00,2.2,3,0.00
2023-12-29T23:00,1.8,3,0.00
2023-12-30T00:00,1.4,3,0.00
2023-12-30T01:00,2.0,3,0.00
2023-12-30T02:00,0.8,2,0.00
2023-12-30T03:00,2.9,2,0.00
2023-12-30T04:00,3.1,1,0.00
2023-12-30T05:00,3.1,0,0.00
2023-12-30T06:00,3.4,0,0.00
2023-12-30T07:00,3.6,0,0.00
2023-12-30T08:00,0.7,0,0.00
2023-12-30T09:00,-0.5,0,0.00
2023-12-30T10:00,-1.2,3,0.00
2023-12-30T11:00,1.1,3,0.00
2023-12-30T12:00,3.9,0,0.00
2023-12-30T13:00,6.3,0,0.00
2023-12-30T14:00,8.0,0,0.00
2023-12-30T15:00,9.8,0,0.00
2023-12-30T16:00,10.7,0,0.00
2023-12-30T17:00,10.9,0,0.00
2023-12-30T18:00,9.7,0,0.00
2023-12-30T19:00,5.2,0,0.00
2023-12-30T20:00,4.4,0,0.00
2023-12-30T21:00,3.4,2,0.00
2023-12-30T22:00,3.6,3,0.00
2023-12-30T23:00,3.8,3,0.00
2023-12-31T00:00,3.6,3,0.00
2023-12-31T01:00,3.4,3,0.00
2023-12-31T02:00,3.2,2,0.00
2023-12-31T03:00,4.6,3,0.00
2023-12-31T04:00,4.8,3,0.00
2023-12-31T05:00,5.1,3,0.00
2023-12-31T06:00,5.6,3,0.00
2023-12-31T07:00,5.9,3,0.00
2023-12-31T08:00,5.9,3,0.00
2023-12-31T09:00,5.9,3,0.00
2023-12-31T10:00,6.1,3,0.00
2023-12-31T11:00,6.5,3,0.00
2023-12-31T12:00,7.0,3,0.00
2023-12-31T13:00,7.2,3,0.00
2023-12-31T14:00,7.6,3,0.00
2023-12-31T15:00,8.5,2,0.00
2023-12-31T16:00,9.7,3,0.00
2023-12-31T17:00,9.4,3,0.00
2023-12-31T18:00,8.5,3,0.00
2023-12-31T19:00,6.5,3,0.00
2023-12-31T20:00,5.5,3,0.00
2023-12-31T21:00,5.3,3,0.00
2023-12-31T22:00,4.6,3,0.00
2023-12-31T23:00,4.3,3,0.00
2024-01-01T00:00,3.6,3,0.00
2024-01-01T01:00,3.1,3,0.00
2024-01-01T02:00,2.8,3,0.00
2024-01-01T03:00,2.5,3,0.00
2024-01-01T04:00,1.9,3,0.00
2024-01-01T05:00,2.0,3,0.00
2024-01-01T06:00,2.5,3,0.00
2024-01-01T07:00,1.8,3,0.00
2024-01-01T08:00,2.0,3,0.00
2024-01-01T09:00,1.6,3,0.00
2024-01-01T10:00,1.3,3,0.00
2024-01-01T11:00,2.1,3,0.00
2024-01-01T12:00,3.3,3,0.00
2024-01-01T13:00,5.4,2,0.00
2024-01-01T14:00,7.0,1,0.00
2024-01-01T15:00,8.2,0,0.00
2024-01-01T16:00,9.0,0,0.00
2024-01-01T17:00,9.1,2,0.00
2024-01-01T18:00,8.3,3,0.00
2024-01-01T19:00,5.7,3,0.00
2024-01-01T20:00,4.5,3,0.00
2024-01-01T21:00,3.7,3,0.00
2024-01-01T22:00,3.2,3,0.00
2024-01-01T23:00,2.7,3,0.00
2024-01-02T00:00,2.1,3,0.00
2024-01-02T01:00,3.2,3,0.00
2024-01-02T02:00,2.4,3,0.00
2024-01-02T03:00,3.0,3,0.00
2024-01-02T04:00,1.8,3,0.00
2024-01-02T05:00,3.2,3,0.00
2024-01-02T06:00,3.3,3,0.00
2024-01-02T07:00,3.0,3,0.00
2024-01-02T08:00,2.6,3,0.00
2024-01-02T09:00,1.5,3,0.00
2024-01-02T10:00,1.9,3,0.00
2024-01-02T11:00,3.6,3,0.00
2024-01-02T12:00,4.7,3,0.00
2024-01-02T13:00,6.2,3,0.00
2024-01-02T14:00,7.4,3,0.00
2024-01-02T15:00,7.3,3,0.00
2024-01-02T16:00,8.2,3,0.00
2024-01-02T17:00,8.2,3,0.00
2024-01-02T18:00,8.2,3,0.00
2024-01-02T19:00,7.7,51,0.10
2024-01-02T20:00,7.8,51,0.10
2024-01-02T21:00,7.9,3,0.00
2024-01-02T22:00,8.1,3,0.00
2024-01-02T23:00,8.0,3,0.00
2024-01-03T00:00,8.2,3,0.00
2024-01-03T01:00,8.7,3,0.00
2024-01-03T02:00,9.3,3,0.00
2024-01-03T03:00,8.9,3,0.00
2024-01-03T04:00,9.0,3,0.00
2024-01-03T05:00,9.0,3,0.00
2024-01-03T06:00,9.1,51,0.20
2024-01-03T07:00,9.2,53,0.80
2024-01-03T08:00,9.3,51,0.10
2024-01-03T09:00,9.3,53,0.90
2024-01-03T10:00,9.3,51,0.20
2024-01-03T11:00,9.6,51,0.10
2024-01-03T12:00,10.0,3,0.00
2024-01-03T13:00,10.1,51,0.20
2024-01-03T14:00,10.1,51,0.20
2024-01-03T15:00,11.4,51,0.10
2024-01-03T16:00,11.5,51,0.20
2024-01-03T17:00,11.4,51,0.10
2024-01-03T18:00,10.7,3,0.00
2024-01-03T19:00,10.5,51,0.20
2024-01-03T20:00,10.2,3,0.00
2024-01-03T21:00,10.1,3,0.00
2024-01-03T22:00,10.0,3,0.00
2024-01-03T23:00,9.3,3,0.00
2024-01-04T00:00,8.6,3,0.00
2024-01-04T01:00,8.1,3,0.00
2024-01-04T02:00,7.6,3,0.00
2024-01-04T03:00,7.7,3,0.00
2024-01-04T04:00,7.5,3,0.00
2024-01-04T05:00,7.3,3,0.00
2024-01-04T06:00,7.5,3,0.00
2024-01-04T07:00,7.7,3,0.00
2024-01-04T08:00,7.8,3,0.00
2024-01-04T09:00,8.0,3,0.00
2024-01-04T10:00,8.1,3,0.00
2024-01-04T11:00,8.1,3,0.00
2024-01-04T12:00,8.7,3,0.00
2024-01-04T13:00,9.7,3,0.00
2024-01-04T14:00,9.4,3,0.00
2024-01-04T15:00,9.4,61,1.30
2024-01-04T16:00,9.5,51,0.30
2024-01-04T17:00,9.2,51,0.20
2024-01-04T18:00,8.9,51,0.40
2024-01-04T19:00,8.6,51,0.20
2024-01-04T20:00,8.1,53,0.60
2024-01-04T21:00,7.9,3,0.00
2024-01-04T22:00,7.9,3,0.00
2024-01-04T23:00,8.1,3,0.00
2024-01-05T00:00,8.0,1,0.00
2024-01-05T01:00,7.2,0,0.00
2024-01-05T02:00,6.6,3,0.00
2024-01-05T03:00,7.2,51,0.20
2024-01-05T04:00,6.3,3,0.00
2024-01-05T05:00,5.6,2,0.00
2024-01-05T06:00,5.2,3,0.00
2024-01-05T07:00,5.1,3,0.00
2024-01-05T08:00,5.2,3,0.00
2024-01-05T09:00,4.7,3,0.00
2024-01-05T10:00,4.8,3,0.00
2024-01-05T11:00,5.4,3,0.00
2024-01-05T12:00,5.8,3,0.00
2024-01-05T13:00,6.4,3,0.00
2024-01-05T14:00,6.6,3,0.00
2024-01-05T15:00,6.8,3,0.00
2024-01-05T16:00,7.2,1,0.00
2024-01-05T17:00,7.2,2,0.00
2024-01-05T18:00,7.0,1,0.00
2024-01-05T19:00,5.3,1,0.00
2024-01-05T20:00,4.4,2,0.00
2024-01-05T21:00,4.7,2,0.00
2024-01-05T22:00,4.7,3,0.00
2024-01-05T23:00,5.4,3,0.00
2024-01-06T00:00,5.5,3,0.00
2024-01-06T01:00,5.7,3,0.00
2024-01-06T02:00,5.3,3,0.00
2024-01-06T03:00,4.7,3,0.00
2024-01-06T04:00,4.8,3,0.00
2024-01-06T05:00,4.6,3,0.00
2024-01-06T06:00,4.2,3,0.00
2024-01-06T07:00,3.7,3,0.00
2024-01-06T08:00,3.6,3,0.00
2024-01-06T09:00,3.6,3,0.00
2024-01-06T10:00,3.2,2,0.00
2024-01-06T11:00,4.5,3,0.00
2024-01-06T12:00,5.1,2,0.00
2024-01-06T13:00,5.8,1,0.00
2024-01-06T14:00,6.2,1,0.00
2024-01-06T15:00,6.7,3,0.00
2024-01-06T16:00,7.4,2,0.00
2024-01-06T17:00,7.5,1,0.00
2024-01-06T18:00,7.2,0,0.00
2024-01-06T19:00,5.5,1,0.00
2024-01-06T20:00,4.4,1,0.00
2024-01-06T21:00,4.2,1,0.00
2024-01-06T22:00,3.9,1,0.00
2024-01-06T23:00,3.6,1,0.00
2024-01-07T00:00,3.1,0,0.00
2024-01-07T01:00,2.4,1,0.00
2024-01-07T02:00,1.6,2,0.00
2024-01-07T03:00,3.1,3,0.00
2024-01-07T04:00,2.9,3,0.00
2024-01-07T05:00,1.9,2,0.00
2024-01-07T06:00,1.1,3,0.00
2024-01-07T07:00,1.0,3,0.00
2024-01-07T08:00,1.1,3,0.00
2024-01-07T09:00,0.2,3,0.00
2024-01-07T10:00,-0.3,3,0.00
2024-01-07T11:00,3.2,0,0.00
2024-01-07T12:00,5.0,0,0.00
2024-01-07T13:00,6.0,0,0.00
2024-01-07T14:00,6.9,0,0.00
2024-01-07T15:00,8.2,0,0.00
2024-01-07T16:00,8.5,0,0.00
2024-01-07T17:00,8.3,0,0.00
2024-01-07T18:00,7.4,0,0.00
2024-01-07T19:00,5.0,0,0.00
2024-01-07T20:00,3.1,0,0.00
2024-01-07T21:00,2.0,0,0.00
2024-01-07T22:00,1.5,0,0.00
2024-01-07T23:00,-0.1,0,0.00
2024-01-08T00:00,-1.0,0,0.00
2024-01-08T01:00,-1.7,0,0.00
2024-01-08T02:00,-0.6,0,0.00
2024-01-08T03:00,-1.7,1,0.00
2024-01-08T04:00,-2.2,0,0.00
2024-01-08T05:00,-2.3,0,0.00
2024-01-08T06:00,-2.0,0,0.00
2024-01-08T07:00,-2.4,0,0.00
2024-01-08T08:00,-3.2,0,0.00
2024-01-08T09:00,-2.3,0,0.00
2024-01-08T10:00,-1.4,0,0.00
2024-01-08T11:00,-0.1,1,0.00
2024-01-08T12:00,2.7,1,0.00
2024-01-08T13:00,4.4,2,0.00
2024-01-08T14:00,5.5,3,0.00
2024-01-08T15:00,7.1,3,0.00
2024-01-08T16:00,7.2,3,0.00
2024-01-08T17:00,7.1,3,0.00
2024-01-08T18:00,6.7,3,0.00
2024-01-08T19:00,5.5,3,0.00
2024-01-08T20:00,3.6,3,0.00
2024-01-08T21:00,3.3,3,0.00
2024-01-08T22:00,3.8,3,0.00
2024-01-08T23:00,3.7,3,0.00
2024-01-09T00:00,3.3,3,0.00
2024-01-09T01:00,3.7,51,0.10
2024-01-09T02:00,3.7,51,0.10
2024-01-09T03:00,3.8,3,0.00
2024-01-09T04:00,3.7,3,0.00
2024-01-09T05:00,3.7,3,0.00
2024-01-09T06:00,3.6,3,0.00
2024-01-09T07:00,3.5,1,0.00
2024-01-09T08:00,1.4,3,0.00
2024-01-09T09:00,1.3,3,0.00
2024-01-09T10:00,1.1,3,0.00
2024-01-09T11:00,2.9,3,0.00
2024-01-09T12:00,4.9,3,0.00
2024-01-09T13:00,6.4,3,0.00
2024-01-09T14:00,7.3,3,0.00
2024-01-09T15:00,7.7,3,0.00
2024-01-09T16:00,8.2,3,0.00
2024-01-09T17:00,8.4,3,0.00
2024-01-09T18:00,8.0,3,0.00
2024-01-09T19:00,6.3,3,0.00
2024-01-09T20:00,5.3,3,0.00
2024-01-09T21:00,4.6,3,0.00
2024-01-09T22:00,3.8,3,0.00
2024-01-09T23:00,3.0,1,0.00
2024-01-10T00:00,3.4,3,0.00
2024-01-10T01:00,3.6,3,0.00
2024-01-10T02:00,3.6,3,0.00
2024-01-10T03:00,2.0,3,0.00
2024-01-10T04:00,2.9,3,0.00
2024-01-10T05:00,2.9,3,0.00
2024-01-10T06:00,2.5,3,0.00
2024-01-10T07:00,3.5,3,0.00
2024-01-10T08:00,4.0,51,0.10
2024-01-10T09:00,4.0,51,0.10
2024-01-10T10:00,3.8,3,0.00
2024-01-10T11:00,3.8,3,0.00
2024-01-10T12:00,4.6,3,0.00
2024-01-10T13:00,5.0,3,0.00
2024-01-10T14:00,5.8,51,0.10
2024-01-10T15:00,5.8,51,0.20
2024-01-10T16:00,6.0,51,0.10
2024-01-10T17:00,6.8,51,0.10
2024-01-10T18:00,6.6,51,0.20
2024-01-10T19:00,5.7,51,0.20
2024-01-10T20:00,5.5,51,0.40
2024-01-10T21:00,5.3,53,0.60
2024-01-10T22:00,5.0,51,0.30
2024-01-10T23:00,4.8,51,0.40
2024-01-11T00:00,4.9,51,0.40
2024-01-11T01:00,4.7,2,0.00
2024-01-11T02:00,3.2,2,0.00
2024-01-11T03:00,3.9,3,0.00
2024-01-11T04:00,2.8,3,0.00
2024-01-11T05:00,2.0,3,0.00
2024-01-11T06:00,2.3,3,0.00
2024-01-11T07:00,1.5,3,0.00
2024-01-11T08:00,1.2,3,0.00
2024-01-11T09:00,0.8,3,0.00
2024-01-11T10:00,0.5,3,0.00
2024-01-11T11:00,1.1,3,0.00
2024-01-11T12:00,2.8,1,0.00
2024-01-11T13:00,4.4,0,0.00
2024-01-11T14:00,5.5,0,0.00
2024-01-11T15:00,6.7,2,0.00
2024-01-11T16:00,7.0,3,0.00
2024-01-11T17:00,7.0,2,0.00
2024-01-11T18:00,6.3,2,0.00
2024-01-11T19:00,4.8,3,0.00
2024-01-11T20:00,4.4,3,0.00
2024-01-11T21:00,4.8,3,0.00
2024-01-11T22:00,4.0,3,0.00
2024-01-11T23:00,2.8,0,0.00
2024-01-12T00:00,2.0,0,0.00
2024-01-12T01:00,0.5,0,0.00
2024-01-12T02:00,-0.4,0,0.00
2024-01-12T03:00,-0.3,0,0.00
2024-01-12T04:00,-0.8,2,0.00
2024-01-12T05:00,-1.2,1,0.00
2024-01-12T06:00,-1.6,0,0.00
2024-01-12T07:00,-2.0,0,0.00
2024-01-12T08:00,-2.3,0,0.00
2024-01-12T09:00,-2.5,0,0.00
2024-01-12T10:00,-2.6,0,0.00
2024-01-12T11:00,-0.6,0,0.00
2024-01-12T12:00,2.3,0,0.00
2024-01-12T13:00,4.3,0,0.00
2024-01-12T14:00,5.6,1,0.00
2024-01-12T15:00,6.3,0,0.00
2024-01-12T16:00,6.9,1,0.00
2024-01-12T17:00,7.1,0,0.00
2024-01-12T18:00,6.7,0,0.00
2024-01-12T19:00,3.2,1,0.00
2024-01-12T20:00,2.9,2,0.00
2024-01-12T21:00,2.2,1,0.00
2024-01-12T22:00,1.2,3,0.00
2024-01-12T23:00,0.4,1,0.00
2024-01-13T00:00,-0.3,0,0.00
2024-01-13T01:00,-0.8,0,0.00
2024-01-13T02:00,-1.2,0,0.00
2024-01-13T03:00,-0.6,1,0.00
2024-01-13T04:00,0.2,3,0.00
2024-01-13T05:00,1.1,3,0.00
2024-01-13T06:00,1.1,3,0.00
2024-01-13T07:00,1.8,3,0.00
2024-01-13T08:00,0.5,3,0.00
2024-01-13T09:00,1.8,1,0.00
2024-01-13T10:00,0.4,2,0.00
2024-01-13T11:00,2.9,3,0.00
2024-01-13T12:00,6.0,3,0.00
2024-01-13T13:00,6.7,3,0.00
2024-01-13T14:00,7.8,3,0.00
2024-01-13T15:00,8.7,3,0.00
2024-01-13T16:00,9.8,3,0.00
2024-01-13T17:00,9.3,3,0.00
2024-01-13T18:00,8.9,3,0.00
2024-01-13T19:00,6.6,3,0.00
2024-01-13T20:00,5.8,3,0.00
2024-01-13T21:00,4.1,3,0.00
2024-01-13T22:00,2.9,2,0.00
2024-01-13T23:00,2.2,3,0.00
2024-01-14T00:00,2.9,3,0.00
2024-01-14T01:00,3.2,3,0.00
2024-01-14T02:00,5.1,3,0.00
2024-01-14T03:00,5.2,3,0.00
2024-01-14T04:00,3.3,3,0.00
2024-01-14T05:00,4.1,51,0.10
2024-01-14T06:00,4.6,51,0.40
2024-01-14T07:00,4.2,3,0.00
2024-01-14T08:00,5.6,53,0.60
2024-01-14T09:00,4.3,3,0.00
2024-01-14T10:00,4.4,53,0.90
2024-01-14T11:00,5.3,3,0.00
2024-01-14T12:00,6.8,3,0.00
2024-01-14T13:00,7.2,51,0.20
2024-01-14T14:00,7.7,3,0.00
2024-01-14T15:00,8.4,51,0.10
2024-01-14T16:00,8.7,55,1.10
2024-01-14T17:00,8.2,53,0.80
2024-01-14T18:00,8.3,51,0.10
2024-01-14T19:00,8.0,3,0.00
2024-01-14T20:00,7.7,3,0.00
2024-01-14T21:00,7.5,3,0.00
2024-01-14T22:00,7.7,3,0.00
2024-01-14T23:00,7.9,3,0.00
2024-01-15T00:00,7.9,3,0.00
2024-01-15T01:00,8.4,3,0.00
2024-01-15T02:00,8.6,3,0.00
2024-01-15T03:00,8.3,51,0.40
2024-01-15T04:00,8.5,53,0.90
2024-01-15T05:00,8.7,61,1.80
2024-01-15T06:00,8.6,51,0.30
2024-01-15T07:00,8.7,51,0.40
2024-01-15T08:00,8.8,61,2.30
2024-01-15T09:00,8.8,53,0.50
2024-01-15T10:00,9.0,53,0.70
2024-01-15T11:00,9.5,55,1.00
2024-01-15T12:00,10.1,55,1.10
2024-01-15T13:00,10.7,3,0.00
2024-01-15T14:00,11.4,3,0.00
2024-01-15T15:00,11.8,51,0.10
2024-01-15T16:00,12.9,3,0.00
2024-01-15T17:00,13.6,3,0.00
2024-01-15T18:00,13.3,3,0.00
2024-01-15T19:00,12.3,3,0.00
2024-01-15T20:00,12.4,51,0.30
2024-01-15T21:00,12.0,51,0.20
2024-01-15T22:00,11.9,51,0.10
2024-01-15T23:00,11.9,3,0.00
2024-01-16T00:00,12.0,3,0.00
2024-01-16T01:00,12.0,3,0.00
2024-01-16T02:00,12.0,3,0.00
2024-01-16T03:00,12.0,3,0.00
2024-01-16T04:00,12.1,3,0.00
2024-01-16T05:00,12.0,3,0.00
2024-01-16T06:00,12.0,3,0.00
2024-01-16T07:00,12.0,3,0.00
2024-01-16T08:00,11.9,3,0.00
2024-01-16T09:00,11.8,3,0.00
2024-01-16T10:00,11.7,51,0.10
2024-01-16T11:00,12.1,3,0.00
2024-01-16T12:00,12.3,51,0.30
2024-01-16T13:00,12.4,51,0.20
2024-01-16T14:00,13.4,3,0.00
2024-01-16T15:00,13.2,3,0.00
2024-01-16T16:00,14.3,3,0.00
2024-01-16T17:00,14.4,3,0.00
2024-01-16T18:00,14.0,3,0.00
2024-01-16T19:00,12.9,3,0.00
2024-01-16T20:00,12.6,3,0.00
2024-01-16T21:00,12.0,51,0.30
2024-01-16T22:00,11.0,55,1.00
2024-01-16T23:00,10.7,51,0.40
2024-01-17T00:00,10.8,51,0.10
2024-01-17T01:00,10.8,51,0.10
2024-01-17T02:00,10.7,3,0.00
2024-01-17T03:00,11.0,51,0.10
2024-01-17T04:00,11.0,53,0.60
2024-01-17T05:00,11.2,55,1.00
2024-01-17T06:00,11.5,55,1.20
2024-01-17T07:00,11.4,63,3.30
2024-01-17T08:00,11.0,63,2.80
2024-01-17T09:00,11.0,61,2.00
2024-01-17T10:00,10.9,53,0.70
2024-01-17T11:00,10.7,51,0.40
2024-01-17T12:00,11.2,1,0.00
2024-01-17T13:00,11.5,51,0.10
2024-01-17T14:00,11.5,51,0.30
2024-01-17T15:00,11.0,51,0.20
2024-01-17T16:00,10.8,51,0.10
2024-01-17T17:00,10.8,51,0.10
2024-01-17T18:00,11.1,51,0.10
2024-01-17T19:00,10.5,2,0.00
2024-01-17T20:00,10.2,51,0.10
2024-01-17T21:00,9.8,51,0.10
2024-01-17T22:00,9.7,51,0.10
2024-01-17T23:00,9.4,3,0.00
2024-01-18T00:00,9.2,3,0.00
2024-01-18T01:00,9.5,3,0.00
2024-01-18T02:00,9.6,51,0.10
2024-01-18T03:00,10.0,51,0.10
2024-01-18T04:00,9.7,3,0.00
2024-01-18T05:00,9.7,3,0.00
2024-01-18T06:00,9.8,3,0.00
2024-01-18T07:00,9.9,3,0.00
2024-01-18T08:00,10.2,51,0.10
2024-01-18T09:00,9.9,51,0.10
2024-01-18T10:00,9.9,51,0.10
2024-01-18T11:00,10.3,3,0.00
2024-01-18T12:00,10.6,51,0.10
2024-01-18T13:00,11.2,51,0.10
2024-01-18T14:00,12.1,51,0.20
2024-01-18T15:00,13.2,1,0.00
2024-01-18T16:00,13.5,1,0.00
2024-01-18T17:00,13.4,3,0.00
2024-01-18T18:00,12.6,3,0.00
2024-01-18T19:00,11.2,3,0.00
2024-01-18T20:00,10.3,3,0.00
2024-01-18T21:00,9.5,3,0.00
2024-01-18T22:00,9.0,3,0.00
2024-01-18T23:00,8.8,3,0.00
2024-01-19T00:00,8.7,51,0.20
2024-01-19T01:00,8.8,53,0.80
2024-01-19T02:00,8.9,61,1.70
2024-01-19T03:00,9.2,53,0.80
2024-01-19T04:00,9.0,51,0.30
2024-01-19T05:00,9.0,53,0.80
2024-01-19T06:00,8.8,53,0.90
2024-01-19T07:00,8.9,53,0.60
2024-01-19T08:00,8.7,55,1.00
2024-01-19T09:00,7.5,61,1.70
2024-01-19T10:00,6.8,63,2.70
2024-01-19T11:00,6.7,53,0.90
2024-01-19T12:00,6.6,61,1.30
2024-01-19T13:00,5.9,63,2.70
2024-01-19T14:00,5.5,63,4.10
2024-01-19T15:00,5.4,63,4.40
2024-01-19T16:00,5.1,53,0.50
2024-01-19T17:00,5.4,3,0.00
2024-01-19T18:00,5.4,3,0.00
2024-01-19T19:00,4.9,3,0.00
2024-01-19T20:00,4.6,3,0.00
2024-01-19T21:00,4.8,3,0.00
2024-01-19T22:00,4.9,3,0.00
2024-01-19T23:00,5.2,3,0.00
2024-01-20T00:00,5.1,3,0.00
2024-01-20T01:00,5.2,3,0.00
2024-01-20T02:00,5.2,3,0.00
2024-01-20T03:00,4.9,3,0.00
2024-01-20T04:00,3.9,1,0.00
2024-01-20T05:00,2.7,0,0.00
2024-01-20T06:00,1.8,0,0.00
2024-01-20T07:00,1.3,0,0.00
2024-01-20T08:00,-0.3,0,0.00
2024-01-20T09:00,-0.9,0,0.00
2024-01-20T10:00,0.0,0,0.00
2024-01-20T11:00,1.7,0,0.00
2024-01-20T12:00,4.1,0,0.00
2024-01-20T13:00,6.4,0,0.00
2024-01-20T14:00,8.1,0,0.00
2024-01-20T15:00,9.6,0,0.00
2024-01-20T16:00,10.0,0,0.00
2024-01-20T17:00,10.0,0,0.00
2024-01-20T18:00,9.5,0,0.00
2024-01-20T19:00,7.4,0,0.00
2024-01-20T20:00,5.7,0,0.00
2024-01-20T21:00,4.1,0,0.00
2024-01-20T22:00,5.5,3,0.00
2024-01-20T23:00,4.4,2,0.00
2024-01-21T00:00,2.1,3,0.00
2024-01-21T01:00,1.6,1,0.00
2024-01-21T02:00,1.9,1,0.00
2024-01-21T03:00,3.1,1,0.00
2024-01-21T04:00,2.7,2,0.00
2024-01-21T05:00,1.7,3,0.00
2024-01-21T06:00,1.3,3,0.00
2024-01-21T07:00,1.1,3,0.00
2024-01-21T08:00,1.1,2,0.00
2024-01-21T09:00,0.1,1,0.00
2024-01-21T10:00,0.1,3,0.00
2024-01-21T11:00,3.2,1,0.00
2024-01-21T12:00,6.5,1,0.00
2024-01-21T13:00,8.3,2,0.00
2024-01-21T14:00,9.5,2,0.00
2024-01-21T15:00,10.5,2,0.00
2024-01-21T16:00,10.9,1,0.00
2024-01-21T17:00,11.1,0,0.00
2024-01-21T18:00,10.7,0,0.00
2024-01-21T19:00,7.3,0,0.00
2024-01-21T20:00,4.7,0,0.00
2024-01-21T21:00,3.9,0,0.00
2024-01-21T22:00,4.1,0,0.00
2024-01-21T23:00,3.8,0,0.00
2024-01-22T00:00,4.5,0,0.00
2024-01-22T01:00,5.0,0,0.00
2024-01-22T02:00,4.7,0,0.00
2024-01-22T03:00,4.5,3,0.00
2024-01-22T04:00,2.9,0,0.00
2024-01-22T05:00,1.3,3,0.00
2024-01-22T06:00,1.0,3,0.00
2024-01-22T07:00,1.7,3,0.00
2024-01-22T08:00,2.1,3,0.00
2024-01-22T09:00,2.0,3,0.00
2024-01-22T10:00,2.2,3,0.00
2024-01-22T11:00,2.6,3,0.00
2024-01-22T12:00,3.4,3,0.00
2024-01-22T13:00,4.7,3,0.00
2024-01-22T14:00,6.9,3,0.00
2024-01-22T15:00,8.6,3,0.00
2024-01-22T16:00,10.3,3,0.00
2024-01-22T17:00,10.8,0,0.00
2024-01-22T18:00,10.9,3,0.00
2024-01-22T19:00,10.2,3,0.00
2024-01-22T20:00,8.9,0,0.00
2024-01-22T21:00,4.9,0,0.00
2024-01-22T22:00,4.8,3,0.00
2024-01-22T23:00,5.0,3,0.00
2024-01-23T00:00,4.1,3,0.00
2024-01-23T01:00,3.6,3,0.00
2024-01-23T02:00,3.2,3,0.00
2024-01-23T03:00,4.5,3,0.00
2024-01-23T04:00,3.7,3,0.00
2024-01-23T05:00,3.5,3,0.00
2024-01-23T06:00,3.4,3,0.00
2024-01-23T07:00,3.5,3,0.00
2024-01-23T08:00,3.5,3,0.00
2024-01-23T09:00,3.6,3,0.00
2024-01-23T10:00,3.7,3,0.00
2024-01-23T11:00,4.6,3,0.00
2024-01-23T12:00,5.9,3,0.00
2024-01-23T13:00,7.5,3,0.00
2024-01-23T14:00,9.5,3,0.00
2024-01-23T15:00,12.2,3,0.00
2024-01-23T16:00,13.5,3,0.00
2024-01-23T17:00,14.1,3,0.00
2024-01-23T18:00,14.0,3,0.00
2024-01-23T19:00,12.0,0,0.00
2024-01-23T20:00,8.1,0,0.00
2024-01-23T21:00,6.8,0,0.00
2024-01-23T22:00,5.7,0,0.00
2024-01-23T23:00,5.6,0,0.00
2024-01-24T00:00,5.9,0,0.00
2024-01-24T01:00,5.8,0,0.00
2024-01-24T02:00,5.4,0,0.00
2024-01-24T03:00,4.7,0,0.00
2024-01-24T04:00,4.9,0,0.00
2024-01-24T05:00,4.4,0,0.00
2024-01-24T06:00,3.9,0,0.00
2024-01-24T07:00,4.2,0,0.00
2024-01-24T08:00,4.0,3,0.00
2024-01-24T09:00,3.7,3,0.00
2024-01-24T10:00,3.8,3,0.00
2024-01-24T11:00,6.3,2,0.00
2024-01-24T12:00,9.4,0,0.00
2024-01-24T13:00,12.3,0,0.00
2024-01-24T14:00,14.7,0,0.00
2024-01-24T15:00,16.4,0,0.00
2024-01-24T16:00,17.3,0,0.00
2024-01-24T17:00,17.4,0,0.00
2024-01-24T18:00,16.6,0,0.00
2024-01-24T19:00,15.7,0,0.00
2024-01-24T20:00,14.1,0,0.00
2024-01-24T21:00,12.9,0,0.00
2024-01-24T22:00,8.8,0,0.00
2024-01-24T23:00,7.5,0,0.00
2024-01-25T00:00,7.0,0,0.00
2024-01-25T01:00,6.3,0,0.00
2024-01-25T02:00,5.9,0,0.00
2024-01-25T03:00,5.9,0,0.00
2024-01-25T04:00,5.2,0,0.00
2024-01-25T05:00,4.7,0,0.00
2024-01-25T06:00,4.8,0,0.00
2024-01-25T07:00,4.2,0,0.00
2024-01-25T08:00,4.0,0,0.00
2024-01-25T09:00,3.5,0,0.00
2024-01-25T10:00,3.8,3,0.00
2024-01-25T11:00,7.6,3,0.00
2024-01-25T12:00,11.8,0,0.00
2024-01-25T13:00,14.4,1,0.00
2024-01-25T14:00,16.1,0,0.00
2024-01-25T15:00,17.2,0,0.00
2024-01-25T16:00,17.8,0,0.00
2024-01-25T17:00,17.9,3,0.00
2024-01-25T18:00,17.2,3,0.00
2024-01-25T19:00,16.5,3,0.00
2024-01-25T20:00,14.5,3,0.00
2024-01-25T21:00,11.8,3,0.00
2024-01-25T22:00,8.7,3,0.00
2024-01-25T23:00,8.4,3,0.00
2024-01-26T00:00,7.7,3,0.00
2024-01-26T01:00,6.4,3,0.00
2024-01-26T02:00,5.8,2,0.00
2024-01-26T03:00,5.8,3,0.00
2024-01-26T04:00,4.9,3,0.00
2024-01-26T05:00,4.7,3,0.00
2024-01-26T06:00,4.0,3,0.00
2024-01-26T07:00,3.5,3,0.00
2024-01-26T08:00,3.4,3,0.00
2024-01-26T09:00,3.5,3,0.00
2024-01-26T10:00,4.2,3,0.00
2024-01-26T11:00,7.6,3,0.00
2024-01-26T12:00,12.2,3,0.00
2024-01-26T13:00,15.4,3,0.00
2024-01-26T14:00,17.2,1,0.00
2024-01-26T15:00,18.4,3,0.00
2024-01-26T16:00,19.0,3,0.00
2024-01-26T17:00,19.0,3,0.00
2024-01-26T18:00,17.8,3,0.00
2024-01-26T19:00,16.2,3,0.00
2024-01-26T20:00,15.4,2,0.00
2024-01-26T21:00,13.6,3,0.00
2024-01-26T22:00,9.5,3,0.00
2024-01-26T23:00,8.2,3,0.00
2024-01-27T00:00,7.4,3,0.00
2024-01-27T01:00,7.0,3,0.00
2024-01-27T02:00,7.1,3,0.00
2024-01-27T03:00,7.7,3,0.00
2024-01-27T04:00,6.8,3,0.00
2024-01-27T05:00,6.2,3,0.00
2024-01-27T06:00,5.9,3,0.00
2024-01-27T07:00,5.7,3,0.00
2024-01-27T08:00,5.6,3,0.00
2024-01-27T09:00,5.9,3,0.00
2024-01-27T10:00,6.3,3,0.00
2024-01-27T11:00,9.0,3,0.00
2024-01-27T12:00,12.0,3,0.00
2024-01-27T13:00,14.6,3,0.00
2024-01-27T14:00,16.2,3,0.00
2024-01-27T15:00,17.3,3,0.00
2024-01-27T16:00,17.8,3,0.00
2024-01-27T17:00,17.7,3,0.00
2024-01-27T18:00,16.5,3,0.00
2024-01-27T19:00,13.0,3,0.00
2024-01-27T20:00,10.6,3,0.00
2024-01-27T21:00,10.0,3,0.00
2024-01-27T22:00,8.4,3,0.00
2024-01-27T23:00,7.4,3,0.00
2024-01-28T00:00,7.0,3,0.00
2024-01-28T01:00,7.2,3,0.00
2024-01-28T02:00,7.1,3,0.00
2024-01-28T03:00,6.9,3,0.00
2024-01-28T04:00,6.4,2,0.00
2024-01-28T05:00,6.1,3,0.00
2024-01-28T06:00,5.6,2,0.00
2024-01-28T07:00,5.3,3,0.00
2024-01-28T08:00,4.8,3,0.00
2024-01-28T09:00,4.7,3,0.00
2024-01-28T10:00,4.9,1,0.00
2024-01-28T11:00,7.9,3,0.00
2024-01-28T12:00,10.9,3,0.00
2024-01-28T13:00,13.0,1,0.00
2024-01-28T14:00,14.4,3,0.00
2024-01-28T15:00,15.6,0,0.00
2024-01-28T16:00,16.3,3,0.00
2024-01-28T17:00,16.5,1,0.00
2024-01-28T18:00,16.1,2,0.00
2024-01-28T19:00,13.2,1,0.00
2024-01-28T20:00,9.6,3,0.00
2024-01-28T21:00,8.4,3,0.00
2024-01-28T22:00,8.2,3,0.00
2024-01-28T23:00,7.9,3,0.00
2024-01-29T00:00,7.7,3,0.00
2024-01-29T01:00,7.7,3,0.00
2024-01-29T02:00,7.8,3,0.00
2024-01-29T03:00,7.7,3,0.00
2024-01-29T04:00,7.3,3,0.00
2024-01-29T05:00,6.3,2,0.00
2024-01-29T06:00,5.1,3,0.00
2024-01-29T07:00,5.3,3,0.00
2024-01-29T08:00,4.9,3,0.00
2024-01-29T09:00,4.6,3,0.00
2024-01-29T10:00,4.8,3,0.00
2024-01-29T11:00,7.8,3,0.00
2024-01-29T12:00,10.5,3,0.00
2024-01-29T13:00,12.3,3,0.00
2024-01-29T14:00,13.6,3,0.00
2024-01-29T15:00,14.3,3,0.00
2024-01-29T16:00,14.5,3,0.00
2024-01-29T17:00,14.6,3,0.00
2024-01-29T18:00,14.1,3,0.00
2024-01-29T19:00,11.9,3,0.00
2024-01-29T20:00,11.7,3,0.00
2024-01-29T21:00,11.4,3,0.00
2024-01-29T22:00,8.0,3,0.00
2024-01-29T23:00,6.8,3,0.00
2024-01-30T00:00,6.1,3,0.00
2024-01-30T01:00,5.7,3,0.00
2024-01-30T02:00,5.7,3,0.00
2024-01-30T03:00,5.5,3,0.00
2024-01-30T04:00,4.5,3,0.00
2024-01-30T05:00,4.1,3,0.00
2024-01-30T06:00,3.9,3,0.00
2024-01-30T07:00,3.7,3,0.00
2024-01-30T08:00,3.9,2,0.00
2024-01-30T09:00,3.6,0,0.00
2024-01-30T10:00,2.9,0,0.00
2024-01-30T11:00,6.5,0,0.00
2024-01-30T12:00,9.3,0,0.00
2024-01-30T13:00,11.0,0,0.00
2024-01-30T14:00,12.3,0,0.00
2024-01-30T15:00,12.9,0,0.00
2024-01-30T16:00,13.7,0,0.00
2024-01-30T17:00,14.0,0,0.00
2024-01-30T18:00,13.8,0,0.00
2024-01-30T19:00,12.9,0,0.00
2024-01-30T20:00,11.2,0,0.00
2024-01-30T21:00,10.3,0,0.00
2024-01-30T22:00,8.5,0,0.00
2024-01-30T23:00,7.3,0,0.00
2024-01-31T00:00,5.6,0,0.00
2024-01-31T01:00,4.6,0,0.00
2024-01-31T02:00,3.8,0,0.00
2024-01-31T03:00,3.2,3,0.00
2024-01-31T04:00,2.8,3,0.00
2024-01-31T05:00,2.5,3,0.00
2024-01-31T06:00,2.1,3,0.00
2024-01-31T07:00,2.7,3,0.00
2024-01-31T08:00,3.1,3,0.00
2024-01-31T09:00,2.9,3,0.00
2024-01-31T10:00,3.2,3,0.00
2024-01-31T11:00,4.2,3,0.00
2024-01-31T12:00,6.3,2,0.00
2024-01-31T13:00,8.7,1,0.00
2024-01-31T14:00,10.6,0,0.00
2024-01-31T15:00,11.0,2,0.00
2024-01-31T16:00,12.4,3,0.00
2024-01-31T17:00,13.0,3,0.00
2024-01-31T18:00,12.9,3,0.00
2024-01-31T19:00,12.1,3,0.00
2024-01-31T20:00,10.6,3,0.00
2024-01-31T21:00,9.0,3,0.00
2024-01-31T22:00,6.3,3,0.00
2024-01-31T23:00,5.4,3,0.00
2024-02-01T00:00,5.1,1,0.00
2024-02-01T01:00,4.1,1,0.00
2024-02-01T02:00,3.5,0,0.00
2024-02-01T03:00,2.7,0,0.00
2024-02-01T04:00,3.0,0,0.00
2024-02-01T05:00,2.0,0,0.00
2024-02-01T06:00,1.9,0,0.00
2024-02-01T07:00,1.7,0,0.00
2024-02-01T08:00,1.9,2,0.00
2024-02-01T09:00,1.5,3,0.00
2024-02-01T10:00,2.5,0,0.00
2024-02-01T11:00,5.7,1,0.00
2024-02-01T12:00,9.2,0,0.00
2024-02-01T13:00,12.1,0,0.00
2024-02-01T14:00,14.6,0,0.00
2024-02-01T15:00,15.9,1,0.00
2024-02-01T16:00,16.8,3,0.00
2024-02-01T17:00,17.1,1,0.00
2024-02-01T18:00,16.6,1,0.00
2024-02-01T19:00,14.5,1,0.00
2024-02-01T20:00,11.3,1,0.00
2024-02-01T21:00,8.4,2,0.00
2024-02-01T22:00,6.8,1,0.00
2024-02-01T23:00,5.6,0,0.00
2024-02-02T00:00,4.6,0,0.00
2024-02-02T01:00,4.2,0,0.00
2024-02-02T02:00,3.2,0,0.00
2024-02-02T03:00,3.4,3,0.00
2024-02-02T04:00,3.2,3,0.00
2024-02-02T05:00,2.2,3,0.00
2024-02-02T06:00,2.8,1,0.00
2024-02-02T07:00,3.4,0,0.00
2024-02-02T08:00,1.4,0,0.00
2024-02-02T09:00,1.3,1,0.00
2024-02-02T10:00,2.3,0,0.00
2024-02-02T11:00,6.3,0,0.00
2024-02-02T12:00,9.8,0,0.00
2024-02-02T13:00,11.8,0,0.00
2024-02-02T14:00,13.6,0,0.00
2024-02-02T15:00,14.9,1,0.00
2024-02-02T16:00,15.3,2,0.00
2024-02-02T17:00,15.2,0,0.00
2024-02-02T18:00,14.7,0,0.00
2024-02-02T19:00,12.9,0,0.00
2024-02-02T20:00,10.2,0,0.00
2024-02-02T21:00,8.7,0,0.00
2024-02-02T22:00,7.6,0,0.00
2024-02-02T23:00,7.2,0,0.00
2024-02-03T00:00,7.2,0,0.00
2024-02-03T01:00,6.5,0,0.00
2024-02-03T02:00,5.8,0,0.00
2024-02-03T03:00,5.4,0,0.00
2024-02-03T04:00,4.7,0,0.00
2024-02-03T05:00,4.2,0,0.00
2024-02-03T06:00,3.9,0,0.00
2024-02-03T07:00,3.6,0,0.00
2024-02-03T08:00,3.3,0,0.00
2024-02-03T09:00,2.8,0,0.00
2024-02-03T10:00,3.7,0,0.00
2024-02-03T11:00,7.2,0,0.00
2024-02-03T12:00,10.2,0,0.00
2024-02-03T13:00,12.2,0,0.00
2024-02-03T14:00,13.6,0,0.00
2024-02-03T15:00,14.6,0,0.00
2024-02-03T16:00,15.1,0,0.00
2024-02-03T17:00,15.2,0,0.00
2024-02-03T18:00,14.8,0,0.00
2024-02-03T19:00,11.7,0,0.00
2024-02-03T20:00,8.5,0,0.00
2024-02-03T21:00,7.3,0,0.00
2024-02-03T22:00,5.7,0,0.00
2024-02-03T23:00,4.4,0,0.00
2024-02-04T00:00,3.6,0,0.00
2024-02-04T01:00,3.6,0,0.00
2024-02-04T02:00,3.9,0,0.00
2024-02-04T03:00,2.9,0,0.00
2024-02-04T04:00,2.1,0,0.00
2024-02-04T05:00,2.0,0,0.00
2024-02-04T06:00,1.6,0,0.00
2024-02-04T07:00,1.2,0,0.00
2024-02-04T08:00,0.8,0,0.00
2024-02-04T09:00,0.8,0,0.00
2024-02-04T10:00,2.2,0,0.00
2024-02-04T11:00,5.9,1,0.00
2024-02-04T12:00,10.0,1,0.00
2024-02-04T13:00,12.8,0,0.00
2024-02-04T14:00,14.5,1,0.00
2024-02-04T15:00,15.6,1,0.00
2024-02-04T16:00,16.3,0,0.00
2024-02-04T17:00,16.6,0,0.00
2024-02-04T18:00,16.2,0,0.00
2024-02-04T19:00,13.4,0,0.00
2024-02-04T20:00,10.6,0,0.00
2024-02-04T21:00,11.7,0,0.00
2024-02-04T22:00,10.7,0,0.00
2024-02-04T23:00,9.9,0,0.00
2024-02-05T00:00,6.3,0,0.00
2024-02-05T01:00,4.3,0,0.00
2024-02-05T02:00,4.3,0,0.00
2024-02-05T03:00,3.0,0,0.00
2024-02-05T04:00,3.1,0,0.00
2024-02-05T05:00,2.9,0,0.00
2024-02-05T06:00,2.7,0,0.00
2024-02-05T07:00,2.6,3,0.00
2024-02-05T08:00,2.1,3,0.00
2024-02-05T09:00,1.5,3,0.00
2024-02-05T10:00,2.8,3,0.00
2024-02-05T11:00,5.7,3,0.00
2024-02-05T12:00,8.9,3,0.00
2024-02-05T13:00,11.8,3,0.00
2024-02-05T14:00,13.6,3,0.00
2024-02-05T15:00,14.7,3,0.00
2024-02-05T16:00,15.0,3,0.00
2024-02-05T17:00,15.1,3,0.00
2024-02-05T18:00,14.6,3,0.00
2024-02-05T19:00,11.6,3,0.00
2024-02-05T20:00,8.7,3,0.00
2024-02-05T21:00,7.6,3,0.00
2024-02-05T22:00,8.1,3,0.00
2024-02-05T23:00,7.4,3,0.00
2024-02-06T00:00,9.0,3,0.00
2024-02-06T01:00,7.1,3,0.00
2024-02-06T02:00,5.8,3,0.00
2024-02-06T03:00,5.7,3,0.00
2024-02-06T04:00,4.7,3,0.00
2024-02-06T05:00,4.6,3,0.00
2024-02-06T06:00,4.2,3,0.00
2024-02-06T07:00,4.4,3,0.00
2024-02-06T08:00,3.9,3,0.00
2024-02-06T09:00,3.9,3,0.00
2024-02-06T10:00,4.9,3,0.00
2024-02-06T11:00,6.9,3,0.00
2024-02-06T12:00,9.1,3,0.00
2024-02-06T13:00,10.8,3,0.00
2024-02-06T14:00,12.5,3,0.00
2024-02-06T15:00,12.9,3,0.00
2024-02-06T16:00,14.0,3,0.00
2024-02-06T17:00,14.8,1,0.00
2024-02-06T18:00,15.0,3,0.00
2024-02-06T19:00,13.6,2,0.00
2024-02-06T20:00,10.9,0,0.00
2024-02-06T21:00,9.3,0,0.00
2024-02-06T22:00,8.1,0,0.00
2024-02-06T23:00,7.1,0,0.00
2024-02-07T00:00,6.3,0,0.00
2024-02-07T01:00,5.7,0,0.00
2024-02-07T02:00,5.2,0,0.00
2024-02-07T03:00,4.6,0,0.00
2024-02-07T04:00,3.0,0,0.00
2024-02-07T05:00,2.9,3,0.00
2024-02-07T06:00,3.8,3,0.00
2024-02-07T07:00,3.5,3,0.00
2024-02-07T08:00,3.1,3,0.00
2024-02-07T09:00,4.0,3,0.00
2024-02-07T10:00,4.3,3,0.00
2024-02-07T11:00,5.4,3,0.00
2024-02-07T12:00,6.2,3,0.00
2024-02-07T13:00,8.8,3,0.00
2024-02-07T14:00,10.0,3,0.00
2024-02-07T15:00,11.2,3,0.00
2024-02-07T16:00,11.6,51,0.20
2024-02-07T17:00,11.0,3,0.00
2024-02-07T18:00,10.5,3,0.00
2024-02-07T19:00,10.5,1,0.00
2024-02-07T20:00,9.0,1,0.00
2024-02-07T21:00,8.3,1,0.00
2024-02-07T22:00,8.1,3,0.00
2024-02-07T23:00,8.0,3,0.00
2024-02-08T00:00,7.9,3,0.00
2024-02-08T01:00,8.2,3,0.00
2024-02-08T02:00,8.7,3,0.00
2024-02-08T03:00,9.1,3,0.00
2024-02-08T04:00,9.0,3,0.00
2024-02-08T05:00,8.9,3,0.00
2024-02-08T06:00,9.0,3,0.00
2024-02-08T07:00,8.9,3,0.00
2024-02-08T08:00,8.2,3,0.00
2024-02-08T09:00,7.3,3,0.00
2024-02-08T10:00,7.4,3,0.00
2024-02-08T11:00,8.7,3,0.00
2024-02-08T12:00,9.6,3,0.00
2024-02-08T13:00,9.5,3,0.00
2024-02-08T14:00,9.2,3,0.00
2024-02-08T15:00,9.9,3,0.00
2024-02-08T16:00,10.5,3,0.00
2024-02-08T17:00,10.8,3,0.00
2024-02-08T18:00,11.4,3,0.00
2024-02-08T19:00,10.4,3,0.00
2024-02-08T20:00,9.7,3,0.00
2024-02-08T21:00,9.0,51,0.30
2024-02-08T22:00,8.7,53,0.50
2024-02-08T23:00,8.4,53,0.50
2024-02-09T00:00,8.1,51,0.40
2024-02-09T01:00,8.0,53,0.60
2024-02-09T02:00,7.9,53,0.50
2024-02-09T03:00,8.3,55,1.20
2024-02-09T04:00,8.4,61,1.40
2024-02-09T05:00,8.4,53,0.80
2024-02-09T06:00,8.4,55,1.20
2024-02-09T07:00,8.3,53,0.90
2024-02-09T08:00,8.4,51,0.20
2024-02-09T09:00,8.4,51,0.10
2024-02-09T10:00,8.7,51,0.10
2024-02-09T11:00,9.1,51,0.10
2024-02-09T12:00,9.7,51,0.10
2024-02-09T13:00,10.9,51,0.30
2024-02-09T14:00,10.7,55,1.20
2024-02-09T15:00,12.2,51,0.20
2024-02-09T16:00,10.6,53,0.90
2024-02-09T17:00,10.2,55,1.00
2024-02-09T18:00,10.7,51,0.40
2024-02-09T19:00,10.0,53,0.80
2024-02-09T20:00,9.8,51,0.40
2024-02-09T21:00,8.5,3,0.00
2024-02-09T22:00,7.9,3,0.00
2024-02-09T23:00,7.5,3,0.00
2024-02-10T00:00,7.1,3,0.00
2024-02-10T01:00,6.7,2,0.00
2024-02-10T02:00,6.2,51,0.30
2024-02-10T03:00,6.6,53,0.60
2024-02-10T04:00,6.9,51,0.40
2024-02-10T05:00,7.0,51,0.10
2024-02-10T06:00,6.8,2,0.00
2024-02-10T07:00,6.5,2,0.00
2024-02-10T08:00,6.1,1,0.00
2024-02-10T09:00,5.1,1,0.00
2024-02-10T10:00,5.0,2,0.00
2024-02-10T11:00,6.7,1,0.00
2024-02-10T12:00,7.8,51,0.10
2024-02-10T13:00,8.7,51,0.20
2024-02-10T14:00,9.7,2,0.00
2024-02-10T15:00,10.6,51,0.10
2024-02-10T16:00,9.4,53,0.60
2024-02-10T17:00,9.2,51,0.30
2024-02-10T18:00,8.8,1,0.00
2024-02-10T19:00,7.8,0,0.00
2024-02-10T20:00,6.5,0,0.00
2024-02-10T21:00,5.6,0,0.00
2024-02-10T22:00,5.3,0,0.00
2024-02-10T23:00,4.9,0,0.00
2024-02-11T00:00,4.5,0,0.00
2024-02-11T01:00,4.1,2,0.00
2024-02-11T02:00,3.9,1,0.00
2024-02-11T03:00,3.4,1,0.00
2024-02-11T04:00,3.3,2,0.00
2024-02-11T05:00,3.4,3,0.00
2024-02-11T06:00,2.9,3,0.00
2024-02-11T07:00,2.2,3,0.00
2024-02-11T08:00,1.6,3,0.00
2024-02-11T09:00,1.3,3,0.00
2024-02-11T10:00,1.6,3,0.00
2024-02-11T11:00,2.6,3,0.00
2024-02-11T12:00,3.9,51,0.10
2024-02-11T13:00,4.8,51,0.20
2024-02-11T14:00,4.5,53,0.50
2024-02-11T15:00,8.6,3,0.00
2024-02-11T16:00,7.6,3,0.00
2024-02-11T17:00,6.9,3,0.00
2024-02-11T18:00,6.2,51,0.20
2024-02-11T19:00,5.6,51,0.20
2024-02-11T20:00,5.2,51,0.30
2024-02-11T21:00,5.0,51,0.20
2024-02-11T22:00,4.9,51,0.10
2024-02-11T23:00,4.9,3,0.00
2024-02-12T00:00,4.8,3,0.00
2024-02-12T01:00,4.7,3,0.00
2024-02-12T02:00,4.7,3,0.00
2024-02-12T03:00,5.0,3,0.00
2024-02-12T04:00,5.3,3,0.00
2024-02-12T05:00,5.2,3,0.00
2024-02-12T06:00,5.0,3,0.00
2024-02-12T07:00,4.9,3,0.00
2024-02-12T08:00,5.0,3,0.00
2024-02-12T09:00,5.3,3,0.00
2024-02-12T10:00,5.5,3,0.00
2024-02-12T11:00,6.7,3,0.00
2024-02-12T12:00,7.9,3,0.00
2024-02-12T13:00,9.7,2,0.00
2024-02-12T14:00,11.3,2,0.00
2024-02-12T15:00,14.3,3,0.00
2024-02-12T16:00,15.5,51,0.10
2024-02-12T17:00,15.9,1,0.00
2024-02-12T18:00,15.6,1,0.00
2024-02-12T19:00,13.8,1,0.00
2024-02-12T20:00,10.8,3,0.00
2024-02-12T21:00,9.5,3,0.00
2024-02-12T22:00,9.0,3,0.00
2024-02-12T23:00,8.7,3,0.00
2024-02-13T00:00,8.4,3,0.00
2024-02-13T01:00,8.4,3,0.00
2024-02-13T02:00,8.2,3,0.00
2024-02-13T03:00,8.8,3,0.00
2024-02-13T04:00,8.7,3,0.00
2024-02-13T05:00,8.3,3,0.00
2024-02-13T06:00,7.8,3,0.00
2024-02-13T07:00,7.8,3,0.00
2024-02-13T08:00,7.3,3,0.00
2024-02-13T09:00,6.9,3,0.00
2024-02-13T10:00,6.5,3,0.00
2024-02-13T11:00,7.6,3,0.00
2024-02-13T12:00,8.9,3,0.00
2024-02-13T13:00,11.3,3,0.00
2024-02-13T14:00,13.1,3,0.00
2024-02-13T15:00,14.9,3,0.00
2024-02-13T16:00,15.7,3,0.00
2024-02-13T17:00,16.1,2,0.00
2024-02-13T18:00,15.8,2,0.00
2024-02-13T19:00,14.9,1,0.00
2024-02-13T20:00,12.1,1,0.00
2024-02-13T21:00,10.2,2,0.00
2024-02-13T22:00,9.4,2,0.00
2024-02-13T23:00,10.2,3,0.00
2024-02-14T00:00,10.3,3,0.00
2024-02-14T01:00,9.7,3,0.00
2024-02-14T02:00,8.7,3,0.00
2024-02-14T03:00,8.0,3,0.00
2024-02-14T04:00,7.9,3,0.00
2024-02-14T05:00,8.2,3,0.00
2024-02-14T06:00,8.2,3,0.00
2024-02-14T07:00,8.3,3,0.00
2024-02-14T08:00,8.8,3,0.00
2024-02-14T09:00,9.1,3,0.00
2024-02-14T10:00,9.6,3,0.00
2024-02-14T11:00,10.7,3,0.00
2024-02-14T12:00,12.3,3,0.00
2024-02-14T13:00,13.1,3,0.00
2024-02-14T14:00,14.9,3,0.00
2024-02-14T15:00,15.2,3,0.00
2024-02-14T16:00,16.1,3,0.00
2024-02-14T17:00,16.4,3,0.00
2024-02-14T18:00,16.1,3,0.00
2024-02-14T19:00,14.9,3,0.00
2024-02-14T20:00,12.8,3,0.00
2024-02-14T21:00,12.4,3,0.00
2024-02-14T22:00,11.9,3,0.00
2024-02-14T23:00,11.0,3,0.00
2024-02-15T00:00,10.4,3,0.00
2024-02-15T01:00,10.2,3,0.00
2024-02-15T02:00,9.9,3,0.00
2024-02-15T03:00,9.6,3,0.00
2024-02-15T04:00,9.2,3,0.00
2024-02-15T05:00,9.1,3,0.00
2024-02-15T06:00,9.0,3,0.00
2024-02-15T07:00,9.0,3,0.00
2024-02-15T08:00,9.4,3,0.00
2024-02-15T09:00,9.5,3,0.00
2024-02-15T10:00,9.9,3,0.00
2024-02-15T11:00,12.3,3,0.00
2024-02-15T12:00,13.5,51,0.10
2024-02-15T13:00,13.4,61,1.40
2024-02-15T14:00,13.2,51,0.20
2024-02-15T15:00,14.9,51,0.30
2024-02-15T16:00,14.6,55,1.10
2024-02-15T17:00,13.2,55,1.00
2024-02-15T18:00,12.7,53,0.90
2024-02-15T19:00,12.6,53,0.80
2024-02-15T20:00,11.7,61,1.80
2024-02-15T21:00,11.2,55,1.20
2024-02-15T22:00,11.1,51,0.30
2024-02-15T23:00,10.5,51,0.30
2024-02-16T00:00,10.3,1,0.00
2024-02-16T01:00,9.7,1,0.00
2024-02-16T02:00,9.0,1,0.00
2024-02-16T03:00,9.8,2,0.00
2024-02-16T04:00,9.0,1,0.00
2024-02-16T05:00,8.4,3,0.00
2024-02-16T06:00,8.2,2,0.00
2024-02-16T07:00,8.4,3,0.00
2024-02-16T08:00,8.1,2,0.00
2024-02-16T09:00,7.9,1,0.00
2024-02-16T10:00,8.5,0,0.00
2024-02-16T11:00,10.1,0,0.00
2024-02-16T12:00,11.5,0,0.00
2024-02-16T13:00,12.7,0,0.00
2024-02-16T14:00,13.7,2,0.00
2024-02-16T15:00,14.7,2,0.00
2024-02-16T16:00,15.0,3,0.00
2024-02-16T17:00,15.2,2,0.00
2024-02-16T18:00,14.8,1,0.00
2024-02-16T19:00,13.5,1,0.00
2024-02-16T20:00,10.2,1,0.00
2024-02-16T21:00,11.1,2,0.00
2024-02-16T22:00,8.8,1,0.00
2024-02-16T23:00,6.1,0,0.00
2024-02-17T00:00,5.3,0,0.00
2024-02-17T01:00,4.7,1,0.00
2024-02-17T02:00,3.7,0,0.00
2024-02-17T03:00,3.1,0,0.00
2024-02-17T04:00,2.3,0,0.00
2024-02-17T05:00,1.7,0,0.00
2024-02-17T06:00,1.4,3,0.00
2024-02-17T07:00,1.0,2,0.00
2024-02-17T08:00,0.7,1,0.00
2024-02-17T09:00,2.3,0,0.00
2024-02-17T10:00,3.1,1,0.00
2024-02-17T11:00,7.4,1,0.00
2024-02-17T12:00,10.6,0,0.00
2024-02-17T13:00,12.5,0,0.00
2024-02-17T14:00,13.5,0,0.00
2024-02-17T15:00,15.1,0,0.00
2024-02-17T16:00,15.8,0,0.00
2024-02-17T17:00,16.1,0,0.00
2024-02-17T18:00,16.1,0,0.00
2024-02-17T19:00,14.4,0,0.00
2024-02-17T20:00,12.8,0,0.00
2024-02-17T21:00,9.1,1,0.00
2024-02-17T22:00,7.2,0,0.00
2024-02-17T23:00,5.3,0,0.00
2024-02-18T00:00,3.8,0,0.00
2024-02-18T01:00,2.8,1,0.00
2024-02-18T02:00,2.0,2,0.00
2024-02-18T03:00,2.8,3,0.00
2024-02-18T04:00,2.5,3,0.00
2024-02-18T05:00,2.0,2,0.00
2024-02-18T06:00,1.5,1,0.00
2024-02-18T07:00,1.6,2,0.00
2024-02-18T08:00,1.0,3,0.00
2024-02-18T09:00,0.7,3,0.00
2024-02-18T10:00,2.7,3,0.00
2024-02-18T11:00,6.7,1,0.00
2024-02-18T12:00,10.9,2,0.00
2024-02-18T13:00,13.5,3,0.00
2024-02-18T14:00,14.9,3,0.00
2024-02-18T15:00,15.9,3,0.00
2024-02-18T16:00,16.6,2,0.00
2024-02-18T17:00,17.1,3,0.00
2024-02-18T18:00,16.7,3,0.00
2024-02-18T19:00,15.9,3,0.00
2024-02-18T20:00,14.4,3,0.00
2024-02-18T21:00,12.2,2,0.00
2024-02-18T22:00,8.8,2,0.00
2024-02-18T23:00,6.8,2,0.00
2024-02-19T00:00,5.8,1,0.00
2024-02-19T01:00,5.4,0,0.00
2024-02-19T02:00,5.5,0,0.00
2024-02-19T03:00,5.2,0,0.00
2024-02-19T04:00,5.5,0,0.00
2024-02-19T05:00,4.7,1,0.00
2024-02-19T06:00,5.2,0,0.00
2024-02-19T07:00,4.3,0,0.00
2024-02-19T08:00,3.7,0,0.00
2024-02-19T09:00,3.9,0,0.00
2024-02-19T10:00,5.8,0,0.00
2024-02-19T11:00,9.5,1,0.00
2024-02-19T12:00,11.9,1,0.00
2024-02-19T13:00,14.4,0,0.00
2024-02-19T14:00,15.7,0,0.00
2024-02-19T15:00,16.9,0,0.00
2024-02-19T16:00,17.7,0,0.00
2024-02-19T17:00,18.1,0,0.00
2024-02-19T18:00,18.1,0,0.00
2024-02-19T19:00,16.6,0,0.00
2024-02-19T20:00,14.7,0,0.00
2024-02-19T21:00,11.3,0,0.00
2024-02-19T22:00,10.9,0,0.00
2024-02-19T23:00,9.4,0,0.00
2024-02-20T00:00,8.1,0,0.00
2024-02-20T01:00,6.8,0,0.00
2024-02-20T02:00,5.7,0,0.00
2024-02-20T03:00,5.4,0,0.00
2024-02-20T04:00,3.7,0,0.00
2024-02-20T05:00,3.1,0,0.00
2024-02-20T06:00,2.5,0,0.00
2024-02-20T07:00,1.9,0,0.00
2024-02-20T08:00,1.6,0,0.00
2024-02-20T09:00,1.7,0,0.00
2024-02-20T10:00,3.3,0,0.00
2024-02-20T11:00,8.3,0,0.00
2024-02-20T12:00,11.8,0,0.00
2024-02-20T13:00,14.0,0,0.00
2024-02-20T14:00,15.9,0,0.00
2024-02-20T15:00,17.6,0,0.00
2024-02-20T16:00,18.3,0,0.00
2024-02-20T17:00,18.5,2,0.00
2024-02-20T18:00,18.2,3,0.00
2024-02-20T19:00,16.1,3,0.00
2024-02-20T20:00,11.4,3,0.00
2024-02-20T21:00,9.7,3,0.00
2024-02-20T22:00,8.5,2,0.00
2024-02-20T23:00,6.6,3,0.00
2024-02-21T00:00,5.2,2,0.00
2024-02-21T01:00,4.3,3,0.00
2024-02-21T02:00,3.7,3,0.00
2024-02-21T03:00,5.4,3,0.00
2024-02-21T04:00,4.6,0,0.00
2024-02-21T05:00,3.2,1,0.00
2024-02-21T06:00,2.6,1,0.00
2024-02-21T07:00,2.4,3,0.00
2024-02-21T08:00,1.4,3,0.00
2024-02-21T09:00,1.3,3,0.00
2024-02-21T10:00,3.5,3,0.00
2024-02-21T11:00,7.6,3,0.00
2024-02-21T12:00,11.0,3,0.00
2024-02-21T13:00,13.3,3,0.00
2024-02-21T14:00,14.0,3,0.00
2024-02-21T15:00,16.1,3,0.00
2024-02-21T16:00,16.7,3,0.00
2024-02-21T17:00,15.8,3,0.00
2024-02-21T18:00,15.0,3,0.00
2024-02-21T19:00,14.0,3,0.00
2024-02-21T20:00,12.3,3,0.00
2024-02-21T21:00,11.4,3,0.00
2024-02-21T22:00,10.5,3,0.00
2024-02-21T23:00,10.2,3,0.00
2024-02-22T00:00,10.0,3,0.00
2024-02-22T01:00,9.9,3,0.00
2024-02-22T02:00,8.7,3,0.00
2024-02-22T03:00,10.1,53,0.70
2024-02-22T04:00,9.3,3,0.00
2024-02-22T05:00,8.7,3,0.00
2024-02-22T06:00,8.3,3,0.00
2024-02-22T07:00,7.2,3,0.00
2024-02-22T08:00,6.8,3,0.00
2024-02-22T09:00,6.5,3,0.00
2024-02-22T10:00,7.0,3,0.00
2024-02-22T11:00,8.4,3,0.00
2024-02-22T12:00,9.4,3,0.00
2024-02-22T13:00,9.9,3,0.00
2024-02-22T14:00,11.0,3,0.00
2024-02-22T15:00,12.0,3,0.00
2024-02-22T16:00,12.6,3,0.00
2024-02-22T17:00,12.6,3,0.00
2024-02-22T18:00,12.1,3,0.00
2024-02-22T19:00,11.7,3,0.00
2024-02-22T20:00,11.1,3,0.00
2024-02-22T21:00,10.5,53,0.70
2024-02-22T22:00,10.6,53,0.80
2024-02-22T23:00,9.4,1,0.00
2024-02-23T00:00,8.0,0,0.00
2024-02-23T01:00,6.7,0,0.00
2024-02-23T02:00,5.4,0,0.00
2024-02-23T03:00,5.1,0,0.00
2024-02-23T04:00,4.4,0,0.00
2024-02-23T05:00,3.7,0,0.00
2024-02-23T06:00,3.1,0,0.00
2024-02-23T07:00,3.0,0,0.00
2024-02-23T08:00,2.9,0,0.00
2024-02-23T09:00,2.2,0,0.00
2024-02-23T10:00,3.0,0,0.00
2024-02-23T11:00,4.7,0,0.00
2024-02-23T12:00,6.8,51,0.20
2024-02-23T13:00,8.3,51,0.10
2024-02-23T14:00,9.1,1,0.00
2024-02-23T15:00,8.2,3,0.00
2024-02-23T16:00,9.3,51,0.10
2024-02-23T17:00,8.0,51,0.10
2024-02-23T18:00,8.4,1,0.00
2024-02-23T19:00,7.9,1,0.00
2024-02-23T20:00,6.6,3,0.00
2024-02-23T21:00,5.9,1,0.00
2024-02-23T22:00,5.2,0,0.00
2024-02-23T23:00,4.7,0,0.00
2024-02-24T00:00,4.4,0,0.00
2024-02-24T01:00,4.3,1,0.00
2024-02-24T02:00,3.9,0,0.00
2024-02-24T03:00,3.5,1,0.00
2024-02-24T04:00,2.7,3,0.00
2024-02-24T05:00,2.0,51,0.10
2024-02-24T06:00,1.9,3,0.00
2024-02-24T07:00,2.4,3,0.00
2024-02-24T08:00,2.8,3,0.00
2024-02-24T09:00,3.0,2,0.00
2024-02-24T10:00,4.2,1,0.00
2024-02-24T11:00,5.4,1,0.00
2024-02-24T12:00,6.5,1,0.00
2024-02-24T13:00,7.7,1,0.00
2024-02-24T14:00,8.8,0,0.00
2024-02-24T15:00,9.8,1,0.00
2024-02-24T16:00,10.1,1,0.00
2024-02-24T17:00,10.1,2,0.00
2024-02-24T18:00,9.8,3,0.00
2024-02-24T19:00,9.0,3,0.00
2024-02-24T20:00,7.9,3,0.00
2024-02-24T21:00,6.9,3,0.00
2024-02-24T22:00,6.3,3,0.00
2024-02-24T23:00,5.1,3,0.00
2024-02-25T00:00,4.4,3,0.00
2024-02-25T01:00,4.5,3,0.00
2024-02-25T02:00,4.7,51,0.20
2024-02-25T03:00,5.2,3,0.00
2024-02-25T04:00,5.2,51,0.10
2024-02-25T05:00,5.2,51,0.10
2024-02-25T06:00,5.4,3,0.00
2024-02-25T07:00,5.7,51,0.10
2024-02-25T08:00,6.3,51,0.10
2024-02-25T09:00,6.5,3,0.00
2024-02-25T10:00,6.8,3,0.00
2024-02-25T11:00,7.9,3,0.00
2024-02-25T12:00,9.0,3,0.00
2024-02-25T13:00,10.2,3,0.00
2024-02-25T14:00,11.6,3,0.00
2024-02-25T15:00,12.7,3,0.00
2024-02-25T16:00,13.0,3,0.00
2024-02-25T17:00,13.0,3,0.00
2024-02-25T18:00,12.3,3,0.00
2024-02-25T19:00,11.7,3,0.00
2024-02-25T20:00,11.1,3,0.00
2024-02-25T21:00,10.9,3,0.00
2024-02-25T22:00,10.4,3,0.00
2024-02-25T23:00,10.1,51,0.10
2024-02-26T00:00,10.0,51,0.20
2024-02-26T01:00,9.5,51,0.10
2024-02-26T02:00,9.6,51,0.10
2024-02-26T03:00,9.1,3,0.00
2024-02-26T04:00,8.7,3,0.00
2024-02-26T05:00,8.1,3,0.00
2024-02-26T06:00,8.0,3,0.00
2024-02-26T07:00,7.8,3,0.00
2024-02-26T08:00,7.5,3,0.00
2024-02-26T09:00,7.2,1,0.00
2024-02-26T10:00,7.1,3,0.00
2024-02-26T11:00,7.5,2,0.00
2024-02-26T12:00,7.9,1,0.00
2024-02-26T13:00,8.8,1,0.00
2024-02-26T14:00,9.6,0,0.00
2024-02-26T15:00,10.3,0,0.00
2024-02-26T16:00,10.0,51,0.10
2024-02-26T17:00,8.1,51,0.10
2024-02-26T18:00,6.8,53,0.90
2024-02-26T19:00,6.6,71,1.00
2024-02-26T20:00,6.3,51,0.20
2024-02-26T21:00,6.2,51,0.10
2024-02-26T22:00,5.7,3,0.00
2024-02-26T23:00,5.3,3,0.00
2024-02-27T00:00,5.4,3,0.00
2024-02-27T01:00,5.0,3,0.00
2024-02-27T02:00,4.6,3,0.00
2024-02-27T03:00,4.4,3,0.00
2024-02-27T04:00,4.1,3,0.00
2024-02-27T05:00,4.5,3,0.00
2024-02-27T06:00,3.9,3,0.00
2024-02-27T07:00,3.6,3,0.00
2024-02-27T08:00,3.7,2,0.00
2024-02-27T09:00,3.6,2,0.00
2024-02-27T10:00,4.3,3,0.00
2024-02-27T11:00,5.1,1,0.00
2024-02-27T12:00,5.7,1,0.00
2024-02-27T13:00,6.9,3,0.00
2024-02-27T14:00,8.0,3,0.00
2024-02-27T15:00,10.0,1,0.00
2024-02-27T16:00,11.0,2,0.00
2024-02-27T17:00,10.0,2,0.00
2024-02-27T18:00,9.4,3,0.00
2024-02-27T19:00,8.8,3,0.00
2024-02-27T20:00,7.9,2,0.00
2024-02-27T21:00,6.7,3,0.00
2024-02-27T22:00,5.2,3,0.00
2024-02-27T23:00,2.5,1,0.00
2024-02-28T00:00,3.3,0,0.00
2024-02-28T01:00,2.2,0,0.00
2024-02-28T02:00,-0.3,0,0.00
2024-02-28T03:00,-1.6,1,0.00
2024-02-28T04:00,0.1,1,0.00
2024-02-28T05:00,1.1,3,0.00
2024-02-28T06:00,2.3,2,0.00
2024-02-28T07:00,2.9,0,0.00
2024-02-28T08:00,2.8,1,0.00
2024-02-28T09:00,2.7,0,0.00
2024-02-28T10:00,3.7,0,0.00
2024-02-28T11:00,6.0,1,0.00
2024-02-28T12:00,7.7,2,0.00
2024-02-28T13:00,9.4,2,0.00
2024-02-28T14:00,10.8,0,0.00
2024-02-28T15:00,12.8,0,0.00
2024-02-28T16:00,13.2,0,0.00
2024-02-28T17:00,12.9,0,0.00
2024-02-28T18:00,12.0,0,0.00
2024-02-28T19:00,11.1,0,0.00
2024-02-28T20:00,8.2,0,0.00
2024-02-28T21:00,5.9,0,0.00
2024-02-28T22:00,6.3,0,0.00
2024-02-28T23:00,5.4,0,0.00
2024-02-29T00:00,4.3,0,0.00
2024-02-29T01:00,1.1,0,0.00
2024-02-29T02:00,0.4,0,0.00
2024-02-29T03:00,0.3,0,0.00
2024-02-29T04:00,0.4,1,0.00
2024-02-29T05:00,-0.1,0,0.00
2024-02-29T06:00,1.0,0,0.00
2024-02-29T07:00,1.1,0,0.00
2024-02-29T08:00,0.1,2,0.00
2024-02-29T09:00,-0.7,3,0.00
2024-02-29T10:00,2.1,3,0.00
2024-02-29T11:00,5.0,0,0.00
2024-02-29T12:00,7.9,0,0.00
2024-02-29T13:00,10.6,0,0.00
2024-02-29T14:00,13.7,2,0.00
2024-02-29T15:00,13.8,0,0.00
2024-02-29T16:00,14.8,1,0.00
2024-02-29T17:00,13.4,0,0.00
2024-02-29T18:00,12.9,1,0.00
2024-02-29T19:00,11.5,0,0.00
2024-02-29T20:00,9.8,0,0.00
2024-02-29T21:00,8.2,1,0.00
2024-02-29T22:00,7.1,0,0.00
2024-02-29T23:00,6.1,0,0.00
2024-03-01T00:00,5.1,0,0.00
2024-03-01T01:00,4.1,1,0.00
2024-03-01T02:00,3.5,1,0.00
2024-03-01T03:00,2.9,0,0.00
2024-03-01T04:00,3.1,0,0.00
2024-03-01T05:00,2.5,0,0.00
2024-03-01T06:00,2.3,0,0.00
2024-03-01T07:00,2.0,0,0.00
2024-03-01T08:00,2.0,0,0.00
2024-03-01T09:00,2.0,0,0.00
2024-03-01T10:00,3.2,0,0.00
2024-03-01T11:00,4.7,0,0.00
2024-03-01T12:00,6.8,1,0.00
2024-03-01T13:00,9.2,1,0.00
2024-03-01T14:00,10.8,1,0.00
2024-03-01T15:00,12.3,3,0.00
2024-03-01T16:00,12.1,3,0.00
2024-03-01T17:00,12.2,3,0.00
2024-03-01T18:00,11.7,3,0.00
2024-03-01T19:00,10.8,0,0.00
2024-03-01T20:00,8.9,0,0.00
2024-03-01T21:00,7.7,0,0.00
2024-03-01T22:00,6.5,0,0.00
2024-03-01T23:00,5.8,0,0.00
2024-03-02T00:00,5.8,1,0.00
2024-03-02T01:00,5.8,1,0.00
2024-03-02T02:00,5.2,2,0.00
2024-03-02T03:00,4.9,1,0.00
2024-03-02T04:00,4.9,3,0.00
2024-03-02T05:00,5.7,3,0.00
2024-03-02T06:00,5.8,3,0.00
2024-03-02T07:00,5.9,51,0.10
2024-03-02T08:00,6.0,51,0.10
2024-03-02T09:00,5.7,51,0.10
2024-03-02T10:00,5.9,3,0.00
2024-03-02T11:00,6.4,51,0.10
2024-03-02T12:00,6.8,51,0.10
2024-03-02T13:00,7.4,51,0.10
2024-03-02T14:00,7.4,51,0.20
2024-03-02T15:00,7.3,51,0.30
2024-03-02T16:00,8.0,51,0.20
2024-03-02T17:00,7.9,51,0.30
2024-03-02T18:00,7.5,55,1.00
2024-03-02T19:00,7.5,63,3.40
2024-03-02T20:00,5.4,63,2.80
2024-03-02T21:00,5.1,51,0.10
2024-03-02T22:00,4.3,2,0.00
2024-03-02T23:00,3.5,3,0.00
2024-03-03T00:00,3.7,2,0.00
2024-03-03T01:00,3.5,2,0.00
2024-03-03T02:00,3.4,3,0.00
2024-03-03T03:00,2.5,2,0.00
2024-03-03T04:00,2.5,2,0.00
2024-03-03T05:00,2.4,2,0.00
2024-03-03T06:00,2.2,3,0.00
2024-03-03T07:00,2.2,3,0.00
2024-03-03T08:00,1.8,3,0.00
2024-03-03T09:00,1.6,1,0.00
2024-03-03T10:00,3.1,2,0.00
2024-03-03T11:00,4.7,3,0.00
2024-03-03T12:00,5.4,3,0.00
2024-03-03T13:00,6.1,2,0.00
2024-03-03T14:00,7.9,0,0.00
2024-03-03T15:00,8.4,51,0.20
2024-03-03T16:00,8.6,51,0.10
2024-03-03T17:00,9.3,1,0.00
2024-03-03T18:00,9.1,51,0.10
2024-03-03T19:00,8.6,2,0.00
2024-03-03T20:00,7.3,2,0.00
2024-03-03T21:00,5.8,2,0.00
2024-03-03T22:00,5.2,1,0.00
2024-03-03T23:00,5.0,1,0.00
2024-03-04T00:00,5.4,1,0.00
2024-03-04T01:00,5.1,3,0.00
2024-03-04T02:00,4.4,3,0.00
2024-03-04T03:00,5.6,3,0.00
2024-03-04T04:00,5.4,3,0.00
2024-03-04T05:00,5.3,3,0.00
2024-03-04T06:00,5.2,3,0.00
2024-03-04T07:00,5.3,3,0.00
2024-03-04T08:00,4.6,3,0.00
2024-03-04T09:00,4.3,3,0.00
2024-03-04T10:00,5.4,3,0.00
2024-03-04T11:00,6.9,3,0.00
2024-03-04T12:00,7.9,3,0.00
2024-03-04T13:00,9.6,51,0.10
2024-03-04T14:00,10.0,51,0.10
2024-03-04T15:00,11.5,3,0.00
2024-03-04T16:00,11.4,1,0.00
2024-03-04T17:00,12.4,0,0.00
2024-03-04T18:00,11.8,1,0.00
2024-03-04T19:00,11.2,1,0.00
2024-03-04T20:00,9.6,0,0.00
2024-03-04T21:00,8.1,0,0.00
2024-03-04T22:00,6.8,0,0.00
2024-03-04T23:00,6.7,0,0.00
2024-03-05T00:00,6.5,0,0.00
2024-03-05T01:00,5.1,0,0.00
2024-03-05T02:00,3.7,0,0.00
2024-03-05T03:00,4.0,0,0.00
2024-03-05T04:00,3.1,0,0.00
2024-03-05T05:00,2.4,0,0.00
2024-03-05T06:00,3.1,1,0.00
2024-03-05T07:00,3.8,1,0.00
2024-03-05T08:00,3.9,1,0.00
2024-03-05T09:00,3.6,0,0.00
2024-03-05T10:00,5.4,0,0.00
2024-03-05T11:00,7.2,0,0.00
2024-03-05T12:00,8.3,0,0.00
2024-03-05T13:00,9.5,0,0.00
2024-03-05T14:00,10.3,0,0.00
2024-03-05T15:00,12.3,1,0.00
2024-03-05T16:00,12.4,1,0.00
2024-03-05T17:00,12.6,1,0.00
2024-03-05T18:00,12.5,0,0.00
2024-03-05T19:00,11.9,0,0.00
2024-03-05T20:00,10.7,0,0.00
2024-03-05T21:00,9.5,0,0.00
2024-03-05T22:00,4.9,0,0.00
2024-03-05T23:00,3.8,0,0.00
2024-03-06T00:00,2.4,0,0.00
2024-03-06T01:00,1.7,0,0.00
2024-03-06T02:00,0.6,0,0.00
2024-03-06T03:00,0.9,0,0.00
2024-03-06T04:00,0.4,0,0.00
2024-03-06T05:00,0.2,0,0.00
2024-03-06T06:00,0.0,0,0.00
2024-03-06T07:00,0.2,0,0.00
2024-03-06T08:00,0.1,0,0.00
2024-03-06T09:00,-0.2,0,0.00
2024-03-06T10:00,2.5,0,0.00
2024-03-06T11:00,6.2,0,0.00
2024-03-06T12:00,8.6,3,0.00
2024-03-06T13:00,10.3,3,0.00
2024-03-06T14:00,11.5,3,0.00
2024-03-06T15:00,12.7,3,0.00
2024-03-06T16:00,13.4,3,0.00
2024-03-06T17:00,13.6,2,0.00
2024-03-06T18:00,13.5,3,0.00
2024-03-06T19:00,12.7,3,0.00
2024-03-06T20:00,10.3,3,0.00
2024-03-06T21:00,11.1,3,0.00
2024-03-06T22:00,7.0,3,0.00
2024-03-06T23:00,6.0,3,0.00
2024-03-07T00:00,7.0,3,0.00
2024-03-07T01:00,6.4,3,0.00
2024-03-07T02:00,5.6,3,0.00
2024-03-07T03:00,5.4,3,0.00
2024-03-07T04:00,4.7,3,0.00
2024-03-07T05:00,4.0,1,0.00
2024-03-07T06:00,2.6,2,0.00
2024-03-07T07:00,3.6,2,0.00
2024-03-07T08:00,3.2,3,0.00
2024-03-07T09:00,3.3,3,0.00
2024-03-07T10:00,5.3,3,0.00
2024-03-07T11:00,7.8,2,0.00
2024-03-07T12:00,10.2,1,0.00
2024-03-07T13:00,11.9,3,0.00
2024-03-07T14:00,13.0,3,0.00
2024-03-07T15:00,12.3,3,0.00
2024-03-07T16:00,11.8,53,0.90
2024-03-07T17:00,9.2,61,1.30
2024-03-07T18:00,8.5,61,1.60
2024-03-07T19:00,7.6,61,2.00
2024-03-07T20:00,7.1,55,1.00
2024-03-07T21:00,6.7,61,1.50
2024-03-07T22:00,6.3,63,2.50
2024-03-07T23:00,5.5,55,1.00
2024-03-08T00:00,4.8,51,0.20
2024-03-08T01:00,4.4,51,0.10
2024-03-08T02:00,4.1,51,0.30
2024-03-08T03:00,3.6,51,0.10
2024-03-08T04:00,3.4,51,0.10
2024-03-08T05:00,3.0,73,0.50
2024-03-08T06:00,3.4,53,0.50
2024-03-08T07:00,3.2,51,0.40
2024-03-08T08:00,3.4,73,1.00
2024-03-08T09:00,3.4,71,0.50
2024-03-08T10:00,4.2,55,1.20
2024-03-08T11:00,4.8,51,0.40
2024-03-08T12:00,5.3,51,0.10
2024-03-08T13:00,7.2,51,0.20
2024-03-08T14:00,8.1,51,0.10
2024-03-08T15:00,9.6,2,0.00
2024-03-08T16:00,9.8,2,0.00
2024-03-08T17:00,9.6,2,0.00
2024-03-08T18:00,9.3,3,0.00
2024-03-08T19:00,8.6,3,0.00
2024-03-08T20:00,7.7,3,0.00
2024-03-08T21:00,7.5,3,0.00
2024-03-08T22:00,7.4,3,0.00
2024-03-08T23:00,6.9,53,0.50
2024-03-09T00:00,6.4,61,1.40
2024-03-09T01:00,6.6,63,3.30
2024-03-09T02:00,6.9,61,2.10
2024-03-09T03:00,7.9,53,0.60
2024-03-09T04:00,7.9,53,0.90
2024-03-09T05:00,7.2,53,0.80
2024-03-09T06:00,6.1,51,0.40
2024-03-09T07:00,5.2,51,0.30
2024-03-09T08:00,4.8,51,0.10
2024-03-09T09:00,4.6,51,0.10
2024-03-09T10:00,4.7,51,0.10
2024-03-09T11:00,5.5,51,0.10
2024-03-09T12:00,5.9,51,0.40
2024-03-09T13:00,5.3,55,1.00
2024-03-09T14:00,5.7,51,0.20
2024-03-09T15:00,7.6,3,0.00
2024-03-09T16:00,5.4,53,0.70
2024-03-09T17:00,6.8,51,0.20
2024-03-09T18:00,6.5,2,0.00
2024-03-09T19:00,6.2,3,0.00
2024-03-09T20:00,5.0,3,0.00
2024-03-09T21:00,3.9,3,0.00
2024-03-09T22:00,3.4,1,0.00
2024-03-09T23:00,2.9,3,0.00
2024-03-10T00:00,3.7,3,0.00
2024-03-10T01:00,3.9,3,0.00
2024-03-10T02:00,4.1,51,0.10
2024-03-10T03:00,4.0,3,0.00
2024-03-10T04:00,4.1,3,0.00
2024-03-10T05:00,4.1,3,0.00
2024-03-10T06:00,4.1,3,0.00
2024-03-10T07:00,4.4,51,0.20
2024-03-10T08:00,4.9,53,0.50
2024-03-10T09:00,5.0,51,0.20
2024-03-10T10:00,5.4,51,0.10
2024-03-10T11:00,6.3,51,0.10
2024-03-10T12:00,7.5,51,0.10
2024-03-10T13:00,9.2,51,0.20
2024-03-10T14:00,10.4,51,0.10
2024-03-10T15:00,10.9,53,0.80
2024-03-10T16:00,10.7,61,2.30
2024-03-10T17:00,11.4,51,0.10
2024-03-10T18:00,11.6,1,0.00
2024-03-10T19:00,11.0,51,0.10
2024-03-10T20:00,9.4,1,0.00
2024-03-10T21:00,8.3,1,0.00
2024-03-10T22:00,8.1,2,0.00
2024-03-10T23:00,7.8,2,0.00
2024-03-11T00:00,7.6,2,0.00
2024-03-11T01:00,7.1,3,0.00
2024-03-11T02:00,6.8,3,0.00
2024-03-11T03:00,7.2,2,0.00
2024-03-11T04:00,6.7,3,0.00
2024-03-11T05:00,6.3,2,0.00
2024-03-11T06:00,5.6,3,0.00
2024-03-11T07:00,5.4,3,0.00
2024-03-11T08:00,5.3,3,0.00
2024-03-11T09:00,5.1,2,0.00
2024-03-11T10:00,6.5,3,0.00
2024-03-11T11:00,7.6,2,0.00
2024-03-11T12:00,8.8,2,0.00
2024-03-11T13:00,9.8,2,0.00
2024-03-11T14:00,10.8,2,0.00
2024-03-11T15:00,12.1,3,0.00
2024-03-11T16:00,12.3,2,0.00
2024-03-11T17:00,12.4,3,0.00
2024-03-11T18:00,12.3,3,0.00
2024-03-11T19:00,11.8,3,0.00
2024-03-11T20:00,10.5,3,0.00
2024-03-11T21:00,8.8,3,0.00
2024-03-11T22:00,8.5,3,0.00
2024-03-11T23:00,7.5,3,0.00
2024-03-12T00:00,7.1,0,0.00
2024-03-12T01:00,4.4,0,0.00
2024-03-12T02:00,3.1,0,0.00
2024-03-12T03:00,3.2,0,0.00
2024-03-12T04:00,2.2,1,0.00
2024-03-12T05:00,1.6,0,0.00
2024-03-12T06:00,1.2,0,0.00
2024-03-12T07:00,1.1,0,0.00
2024-03-12T08:00,0.9,0,0.00
2024-03-12T09:00,1.5,0,0.00
2024-03-12T10:00,4.5,0,0.00
2024-03-12T11:00,7.9,0,0.00
2024-03-12T12:00,10.6,0,0.00
2024-03-12T13:00,12.3,0,0.00
2024-03-12T14:00,13.5,0,0.00
2024-03-12T15:00,14.4,0,0.00
2024-03-12T16:00,15.0,0,0.00
2024-03-12T17:00,15.3,0,0.00
2024-03-12T18:00,15.2,0,0.00
2024-03-12T19:00,14.8,0,0.00
2024-03-12T20:00,13.8,0,0.00
2024-03-12T21:00,11.1,0,0.00
2024-03-12T22:00,11.3,0,0.00
2024-03-12T23:00,9.9,1,0.00
2024-03-13T00:00,5.2,3,0.00
2024-03-13T01:00,3.7,3,0.00
2024-03-13T02:00,3.2,3,0.00
2024-03-13T03:00,4.1,3,0.00
2024-03-13T04:00,3.9,3,0.00
2024-03-13T05:00,4.0,3,0.00
2024-03-13T06:00,4.0,3,0.00
2024-03-13T07:00,4.2,3,0.00
2024-03-13T08:00,4.2,3,0.00
2024-03-13T09:00,4.3,3,0.00
2024-03-13T10:00,7.0,3,0.00
2024-03-13T11:00,10.4,3,0.00
2024-03-13T12:00,12.4,3,0.00
2024-03-13T13:00,13.9,3,0.00
2024-03-13T14:00,15.0,3,0.00
2024-03-13T15:00,16.4,3,0.00
2024-03-13T16:00,17.1,3,0.00
2024-03-13T17:00,17.4,2,0.00
2024-03-13T18:00,17.3,0,0.00
2024-03-13T19:00,16.7,0,0.00
2024-03-13T20:00,16.0,0,0.00
2024-03-13T21:00,14.4,0,0.00
2024-03-13T22:00,11.1,0,0.00
2024-03-13T23:00,9.6,0,0.00
2024-03-14T00:00,8.6,0,0.00
2024-03-14T01:00,6.4,0,0.00
2024-03-14T02:00,5.8,0,0.00
2024-03-14T03:00,9.0,0,0.00
2024-03-14T04:00,9.0,0,0.00
2024-03-14T05:00,8.4,0,0.00
2024-03-14T06:00,8.0,0,0.00
2024-03-14T07:00,6.0,0,0.00
2024-03-14T08:00,4.5,0,0.00
2024-03-14T09:00,5.1,0,0.00
2024-03-14T10:00,8.0,0,0.00
2024-03-14T11:00,10.8,0,0.00
2024-03-14T12:00,13.3,0,0.00
2024-03-14T13:00,15.2,1,0.00
2024-03-14T14:00,16.2,3,0.00
2024-03-14T15:00,15.4,3,0.00
2024-03-14T16:00,15.1,2,0.00
2024-03-14T17:00,15.0,2,0.00
2024-03-14T18:00,14.4,2,0.00
2024-03-14T19:00,13.9,1,0.00
2024-03-14T20:00,12.4,0,0.00
2024-03-14T21:00,10.8,0,0.00
2024-03-14T22:00,9.6,2,0.00
2024-03-14T23:00,8.9,1,0.00
2024-03-15T00:00,8.2,1,0.00
2024-03-15T01:00,7.7,0,0.00
2024-03-15T02:00,7.1,0,0.00
2024-03-15T03:00,6.7,0,0.00
2024-03-15T04:00,5.0,0,0.00
2024-03-15T05:00,5.8,1,0.00
2024-03-15T06:00,5.9,0,0.00
2024-03-15T07:00,3.8,3,0.00
2024-03-15T08:00,3.9,3,0.00
2024-03-15T09:00,4.3,3,0.00
2024-03-15T10:00,6.2,3,0.00
2024-03-15T11:00,8.8,3,0.00
2024-03-15T12:00,11.7,3,0.00
2024-03-15T13:00,14.1,1,0.00
2024-03-15T14:00,16.0,1,0.00
2024-03-15T15:00,16.1,3,0.00
2024-03-15T16:00,16.5,3,0.00
2024-03-15T17:00,16.9,3,0.00
2024-03-15T18:00,17.1,3,0.00
2024-03-15T19:00,16.7,3,0.00
2024-03-15T20:00,14.7,2,0.00
2024-03-15T21:00,13.1,0,0.00
2024-03-15T22:00,11.8,0,0.00
2024-03-15T23:00,10.7,0,0.00
2024-03-16T00:00,9.3,0,0.00
2024-03-16T01:00,8.1,0,0.00
2024-03-16T02:00,6.2,3,0.00
2024-03-16T03:00,5.8,3,0.00
2024-03-16T04:00,5.6,3,0.00
2024-03-16T05:00,5.7,3,0.00
2024-03-16T06:00,5.9,3,0.00
2024-03-16T07:00,6.1,3,0.00
2024-03-16T08:00,6.1,3,0.00
2024-03-16T09:00,6.3,3,0.00
2024-03-16T10:00,7.9,3,0.00
2024-03-16T11:00,9.8,3,0.00
2024-03-16T12:00,11.8,3,0.00
2024-03-16T13:00,13.4,3,0.00
2024-03-16T14:00,15.3,2,0.00
2024-03-16T15:00,17.8,3,0.00
2024-03-16T16:00,18.0,3,0.00
2024-03-16T17:00,17.5,3,0.00
2024-03-16T18:00,17.5,3,0.00
2024-03-16T19:00,17.2,3,0.00
2024-03-16T20:00,14.3,3,0.00
2024-03-16T21:00,15.2,3,0.00
2024-03-16T22:00,14.6,3,0.00
2024-03-16T23:00,14.0,3,0.00
2024-03-17T00:00,11.6,3,0.00
2024-03-17T01:00,11.4,3,0.00
2024-03-17T02:00,9.9,3,0.00
2024-03-17T03:00,11.8,3,0.00
2024-03-17T04:00,11.1,3,0.00
2024-03-17T05:00,8.8,3,0.00
2024-03-17T06:00,7.8,3,0.00
2024-03-17T07:00,6.9,3,0.00
2024-03-17T08:00,6.7,3,0.00
2024-03-17T09:00,7.9,3,0.00
2024-03-17T10:00,10.9,3,0.00
2024-03-17T11:00,14.3,3,0.00
2024-03-17T12:00,16.5,3,0.00
2024-03-17T13:00,18.1,3,0.00
2024-03-17T14:00,19.5,3,0.00
2024-03-17T15:00,19.7,3,0.00
2024-03-17T16:00,20.1,3,0.00
2024-03-17T17:00,20.4,3,0.00
2024-03-17T18:00,20.5,3,0.00
2024-03-17T19:00,19.6,3,0.00
2024-03-17T20:00,16.3,3,0.00
2024-03-17T21:00,16.5,3,0.00
2024-03-17T22:00,12.1,3,0.00
2024-03-17T23:00,11.6,3,0.00
2024-03-18T00:00,11.6,3,0.00
2024-03-18T01:00,11.2,3,0.00
2024-03-18T02:00,11.7,3,0.00
2024-03-18T03:00,13.1,3,0.00
2024-03-18T04:00,12.8,3,0.00
2024-03-18T05:00,10.7,2,0.00
2024-03-18T06:00,7.8,3,0.00
2024-03-18T07:00,7.0,3,0.00
2024-03-18T08:00,7.1,3,0.00
2024-03-18T09:00,8.5,3,0.00
2024-03-18T10:00,12.0,3,0.00
2024-03-18T11:00,14.8,3,0.00
2024-03-18T12:00,16.7,3,0.00
2024-03-18T13:00,17.7,3,0.00
2024-03-18T14:00,18.9,3,0.00
2024-03-18T15:00,20.8,3,0.00
2024-03-18T16:00,21.3,3,0.00
2024-03-18T17:00,21.2,3,0.00
2024-03-18T18:00,21.0,3,0.00
2024-03-18T19:00,20.2,3,0.00
2024-03-18T20:00,16.7,3,0.00
2024-03-18T21:00,15.4,3,0.00
2024-03-18T22:00,15.8,3,0.00
2024-03-18T23:00,15.4,3,0.00
2024-03-19T00:00,14.7,3,0.00
2024-03-19T01:00,11.1,1,0.00
2024-03-19T02:00,10.4,1,0.00
2024-03-19T03:00,10.2,3,0.00
2024-03-19T04:00,10.1,0,0.00
2024-03-19T05:00,9.5,1,0.00
2024-03-19T06:00,9.5,0,0.00
2024-03-19T07:00,8.3,0,0.00
2024-03-19T08:00,8.2,0,0.00
2024-03-19T09:00,9.5,0,0.00
2024-03-19T10:00,12.7,0,0.00
2024-03-19T11:00,15.7,0,0.00
2024-03-19T12:00,18.0,0,0.00
2024-03-19T13:00,19.6,0,0.00
2024-03-19T14:00,21.1,0,0.00
2024-03-19T15:00,22.2,3,0.00
2024-03-19T16:00,22.8,3,0.00
2024-03-19T17:00,22.9,3,0.00
2024-03-19T18:00,22.6,3,0.00
2024-03-19T19:00,21.6,3,0.00
2024-03-19T20:00,18.1,3,0.00
2024-03-19T21:00,16.7,3,0.00
2024-03-19T22:00,14.2,3,0.00
2024-03-19T23:00,13.2,3,0.00
2024-03-20T00:00,13.0,3,0.00
2024-03-20T01:00,12.8,3,0.00
2024-03-20T02:00,11.6,3,0.00
2024-03-20T03:00,12.0,3,0.00
2024-03-20T04:00,11.4,3,0.00
2024-03-20T05:00,10.5,0,0.00
2024-03-20T06:00,8.8,0,0.00
2024-03-20T07:00,8.3,51,0.10
2024-03-20T08:00,9.5,51,0.30
2024-03-20T09:00,10.0,1,0.00
2024-03-20T10:00,12.8,0,0.00
2024-03-20T11:00,15.8,1,0.00
2024-03-20T12:00,18.0,1,0.00
2024-03-20T13:00,19.8,0,0.00
2024-03-20T14:00,21.3,3,0.00
2024-03-20T15:00,21.1,53,0.50
2024-03-20T16:00,20.9,3,0.00
2024-03-20T17:00,20.3,51,0.20
2024-03-20T18:00,19.0,51,0.30
2024-03-20T19:00,16.2,63,2.90
2024-03-20T20:00,14.8,3,0.00
2024-03-20T21:00,13.1,3,0.00
2024-03-20T22:00,12.7,3,0.00
2024-03-20T23:00,12.7,51,0.10
2024-03-21T00:00,12.0,3,0.00
2024-03-21T01:00,11.7,3,0.00
2024-03-21T02:00,12.0,3,0.00
2024-03-21T03:00,12.1,51,0.10
2024-03-21T04:00,11.9,3,0.00
2024-03-21T05:00,11.8,3,0.00
2024-03-21T06:00,11.3,3,0.00
2024-03-21T07:00,11.6,3,0.00
2024-03-21T08:00,11.4,3,0.00
2024-03-21T09:00,12.0,3,0.00
2024-03-21T10:00,13.6,3,0.00
2024-03-21T11:00,15.4,3,0.00
2024-03-21T12:00,17.5,3,0.00
2024-03-21T13:00,19.3,2,0.00
2024-03-21T14:00,21.5,1,0.00
2024-03-21T15:00,22.7,3,0.00
2024-03-21T16:00,23.4,3,0.00
2024-03-21T17:00,23.8,3,0.00
2024-03-21T18:00,23.6,0,0.00
2024-03-21T19:00,22.7,3,0.00
2024-03-21T20:00,20.0,3,0.00
2024-03-21T21:00,17.8,3,0.00
2024-03-21T22:00,16.8,3,0.00
2024-03-21T23:00,15.7,3,0.00
2024-03-22T00:00,15.1,3,0.00
2024-03-22T01:00,14.6,3,0.00
2024-03-22T02:00,14.0,2,0.00
2024-03-22T03:00,12.8,1,0.00
2024-03-22T04:00,12.5,2,0.00
2024-03-22T05:00,12.4,2,0.00
2024-03-22T06:00,11.5,1,0.00
2024-03-22T07:00,11.1,0,0.00
2024-03-22T08:00,10.5,3,0.00
2024-03-22T09:00,11.3,2,0.00
2024-03-22T10:00,13.9,0,0.00
2024-03-22T11:00,17.7,1,0.00
2024-03-22T12:00,21.0,2,0.00
2024-03-22T13:00,22.9,0,0.00
2024-03-22T14:00,24.2,0,0.00
2024-03-22T15:00,24.7,0,0.00
2024-03-22T16:00,25.5,0,0.00
2024-03-22T17:00,25.3,3,0.00
2024-03-22T18:00,24.7,3,0.00
2024-03-22T19:00,23.5,3,0.00
2024-03-22T20:00,21.0,3,0.00
2024-03-22T21:00,18.1,3,0.00
2024-03-22T22:00,15.2,2,0.00
2024-03-22T23:00,14.5,2,0.00
2024-03-23T00:00,13.5,3,0.00
2024-03-23T01:00,12.2,0,0.00
2024-03-23T02:00,11.2,0,0.00
2024-03-23T03:00,12.8,3,0.00
2024-03-23T04:00,11.0,3,0.00
2024-03-23T05:00,11.4,3,0.00
2024-03-23T06:00,11.0,3,0.00
2024-03-23T07:00,9.8,3,0.00
2024-03-23T08:00,10.3,3,0.00
2024-03-23T09:00,12.0,3,0.00
2024-03-23T10:00,13.9,3,0.00
2024-03-23T11:00,15.7,3,0.00
2024-03-23T12:00,17.4,3,0.00
2024-03-23T13:00,19.5,2,0.00
2024-03-23T14:00,21.4,3,0.00
2024-03-23T15:00,23.3,1,0.00
2024-03-23T16:00,24.0,0,0.00
2024-03-23T17:00,24.3,1,0.00
2024-03-23T18:00,24.1,1,0.00
2024-03-23T19:00,23.4,1,0.00
2024-03-23T20:00,20.6,2,0.00
2024-03-23T21:00,18.5,2,0.00
2024-03-23T22:00,16.5,2,0.00
2024-03-23T23:00,15.4,0,0.00
2024-03-24T00:00,14.4,0,0.00
2024-03-24T01:00,13.4,0,0.00
2024-03-24T02:00,13.0,0,0.00
2024-03-24T03:00,12.1,0,0.00
2024-03-24T04:00,11.2,0,0.00
2024-03-24T05:00,10.8,0,0.00
2024-03-24T06:00,11.1,0,0.00
2024-03-24T07:00,10.5,0,0.00
2024-03-24T08:00,10.0,0,0.00
2024-03-24T09:00,10.7,1,0.00
2024-03-24T10:00,13.3,0,0.00
2024-03-24T11:00,16.3,0,0.00
2024-03-24T12:00,18.8,0,0.00
2024-03-24T13:00,20.8,0,0.00
2024-03-24T14:00,22.1,0,0.00
2024-03-24T15:00,22.1,2,0.00
2024-03-24T16:00,23.0,1,0.00
2024-03-24T17:00,23.4,2,0.00
2024-03-24T18:00,23.2,3,0.00
2024-03-24T19:00,22.5,1,0.00
2024-03-24T20:00,20.1,2,0.00
2024-03-24T21:00,18.2,3,0.00
2024-03-24T22:00,17.3,3,0.00
2024-03-24T23:00,16.1,3,0.00
2024-03-25T00:00,14.7,3,0.00
2024-03-25T01:00,14.3,3,0.00
2024-03-25T02:00,13.6,53,0.60
2024-03-25T03:00,12.0,3,0.00
2024-03-25T04:00,11.8,3,0.00
2024-03-25T05:00,11.1,3,0.00
2024-03-25T06:00,11.1,3,0.00
2024-03-25T07:00,10.9,53,0.50
2024-03-25T08:00,10.4,55,1.00
2024-03-25T09:00,10.2,53,0.60
2024-03-25T10:00,10.5,51,0.40
2024-03-25T11:00,10.6,51,0.40
2024-03-25T12:00,11.6,53,0.60
2024-03-25T13:00,12.7,51,0.10
2024-03-25T14:00,13.7,51,0.20
2024-03-25T15:00,15.0,3,0.00
2024-03-25T16:00,15.7,3,0.00
2024-03-25T17:00,15.9,51,0.10
2024-03-25T18:00,13.7,61,1.30
2024-03-25T19:00,13.0,63,3.10
2024-03-25T20:00,12.9,53,0.50
2024-03-25T21:00,11.3,63,2.50
2024-03-25T22:00,11.0,3,0.00
2024-03-25T23:00,10.4,3,0.00
2024-03-26T00:00,9.6,3,0.00
2024-03-26T01:00,9.1,3,0.00
2024-03-26T02:00,8.5,3,0.00
2024-03-26T03:00,7.6,3,0.00
2024-03-26T04:00,6.8,3,0.00
2024-03-26T05:00,6.1,51,0.10
2024-03-26T06:00,5.4,51,0.10
2024-03-26T07:00,4.7,3,0.00
2024-03-26T08:00,4.3,3,0.00
2024-03-26T09:00,4.2,3,0.00
2024-03-26T10:00,4.6,3,0.00
2024-03-26T11:00,5.6,51,0.10
2024-03-26T12:00,6.9,51,0.10
2024-03-26T13:00,8.3,1,0.00
2024-03-26T14:00,9.1,51,0.10
2024-03-26T15:00,7.4,51,0.20
2024-03-26T16:00,6.8,71,0.20
2024-03-26T17:00,7.4,51,0.10
2024-03-26T18:00,8.8,3,0.00
2024-03-26T19:00,8.0,3,0.00
2024-03-26T20:00,6.2,3,0.00
2024-03-26T21:00,4.6,71,0.70
2024-03-26T22:00,3.3,73,0.70
2024-03-26T23:00,3.7,51,0.40
2024-03-27T00:00,3.9,73,0.80
2024-03-27T01:00,4.6,2,0.00
2024-03-27T02:00,4.6,51,0.10
2024-03-27T03:00,4.8,2,0.00
2024-03-27T04:00,4.7,3,0.00
2024-03-27T05:00,3.9,3,0.00
2024-03-27T06:00,3.7,3,0.00
2024-03-27T07:00,4.4,51,0.40
2024-03-27T08:00,5.0,71,0.60
2024-03-27T09:00,5.7,3,0.00
2024-03-27T10:00,6.5,3,0.00
2024-03-27T11:00,7.3,51,0.10
2024-03-27T12:00,8.7,51,0.10
2024-03-27T13:00,11.1,51,0.10
2024-03-27T14:00,11.6,51,0.10
2024-03-27T15:00,12.3,51,0.10
2024-03-27T16:00,9.9,51,0.40
2024-03-27T17:00,10.5,51,0.30
2024-03-27T18:00,10.8,53,0.50
2024-03-27T19:00,10.5,55,1.10
2024-03-27T20:00,10.1,51,0.20
2024-03-27T21:00,9.7,51,0.30
2024-03-27T22:00,9.8,2,0.00
2024-03-27T23:00,9.0,1,0.00
2024-03-28T00:00,8.7,3,0.00
2024-03-28T01:00,8.4,3,0.00
2024-03-28T02:00,8.2,3,0.00
2024-03-28T03:00,7.8,3,0.00
2024-03-28T04:00,7.5,3,0.00
2024-03-28T05:00,7.3,2,0.00
2024-03-28T06:00,7.0,1,0.00
2024-03-28T07:00,6.5,1,0.00
2024-03-28T08:00,6.4,1,0.00
2024-03-28T09:00,6.7,3,0.00
2024-03-28T10:00,8.0,2,0.00
2024-03-28T11:00,9.0,2,0.00
2024-03-28T12:00,10.4,3,0.00
2024-03-28T13:00,11.0,3,0.00
2024-03-28T14:00,12.5,51,0.10
2024-03-28T15:00,13.7,51,0.10
2024-03-28T16:00,13.3,51,0.20
2024-03-28T17:00,14.5,51,0.30
2024-03-28T18:00,13.9,51,0.10
2024-03-28T19:00,13.4,51,0.10
2024-03-28T20:00,11.6,61,1.80
2024-03-28T21:00,11.1,61,1.40
2024-03-28T22:00,10.9,53,0.90
2024-03-28T23:00,11.1,61,1.30
2024-03-29T00:00,11.2,63,3.00
2024-03-29T01:00,11.0,53,0.90
2024-03-29T02:00,10.9,51,0.40
2024-03-29T03:00,10.3,63,2.50
2024-03-29T04:00,9.9,55,1.20
2024-03-29T05:00,8.8,51,0.20
2024-03-29T06:00,7.6,61,1.90
2024-03-29T07:00,7.3,53,0.90
2024-03-29T08:00,7.1,61,2.30
2024-03-29T09:00,6.8,61,2.00
2024-03-29T10:00,6.6,63,2.50
2024-03-29T11:00,7.2,53,0.50
2024-03-29T12:00,7.4,61,1.90
2024-03-29T13:00,7.0,55,1.20
2024-03-29T14:00,7.6,53,0.90
2024-03-29T15:00,7.2,51,0.40
2024-03-29T16:00,6.0,53,0.60
2024-03-29T17:00,5.5,53,0.90
2024-03-29T18:00,6.9,51,0.10
2024-03-29T19:00,6.3,3,0.00
2024-03-29T20:00,6.3,1,0.00
2024-03-29T21:00,5.4,0,0.00
2024-03-29T22:00,4.5,0,0.00
2024-03-29T23:00,3.8,3,0.00
2024-03-30T00:00,3.6,3,0.00
2024-03-30T01:00,3.2,3,0.00
2024-03-30T02:00,2.7,3,0.00
2024-03-30T03:00,4.4,51,0.40
2024-03-30T04:00,4.5,51,0.10
2024-03-30T05:00,4.8,51,0.40
2024-03-30T06:00,4.6,71,0.70
2024-03-30T07:00,4.8,51,0.10
2024-03-30T08:00,5.3,51,0.10
2024-03-30T09:00,5.4,53,0.60
2024-03-30T10:00,6.1,51,0.30
2024-03-30T11:00,7.0,51,0.10
2024-03-30T12:00,6.5,53,0.70
2024-03-30T13:00,9.3,51,0.10
2024-03-30T14:00,9.5,51,0.20
2024-03-30T15:00,10.1,51,0.10
2024-03-30T16:00,10.5,51,0.10
2024-03-30T17:00,8.7,51,0.20
2024-03-30T18:00,8.4,51,0.30
2024-03-30T19:00,7.7,53,0.90
2024-03-30T20:00,6.3,55,1.10
2024-03-30T21:00,6.0,51,0.20
2024-03-30T22:00,5.4,2,0.00
2024-03-30T23:00,5.6,3,0.00
2024-03-31T00:00,6.0,51,0.10
2024-03-31T01:00,5.7,51,0.10
2024-03-31T02:00,5.5,3,0.00
2024-03-31T03:00,4.8,3,0.00
2024-03-31T04:00,4.9,3,0.00
2024-03-31T05:00,4.9,51,0.20
2024-03-31T06:00,5.1,53,0.70
2024-03-31T07:00,5.2,53,0.90
2024-03-31T08:00,5.2,61,1.50
2024-03-31T09:00,4.6,53,0.80
2024-03-31T10:00,4.9,51,0.20
2024-03-31T11:00,6.0,51,0.40
2024-03-31T12:00,6.4,53,0.80
2024-03-31T13:00,7.6,51,0.20
2024-03-31T14:00,7.3,51,0.20
2024-03-31T15:00,8.0,51,0.10
2024-03-31T16:00,9.5,1,0.00
2024-03-31T17:00,10.0,51,0.20
2024-03-31T18:00,8.9,53,0.50
2024-03-31T19:00,8.6,51,0.20
2024-03-31T20:00,7.4,51,0.10
2024-03-31T21:00,5.9,1,0.00
2024-03-31T22:00,5.2,1,0.00
2024-03-31T23:00,4.6,0,0.00
2024-04-01T00:00,4.0,0,0.00
2024-04-01T01:00,3.6,0,0.00
2024-04-01T02:00,3.3,0,0.00
2024-04-01T03:00,3.5,0,0.00
2024-04-01T04:00,3.3,2,0.00
2024-04-01T05:00,2.7,3,0.00
2024-04-01T06:00,2.8,3,0.00
2024-04-01T07:00,3.3,3,0.00
2024-04-01T08:00,4.1,3,0.00
2024-04-01T09:00,5.0,3,0.00
2024-04-01T10:00,5.5,3,0.00
2024-04-01T11:00,6.3,3,0.00
2024-04-01T12:00,7.5,51,0.10
2024-04-01T13:00,9.2,3,0.00
2024-04-01T14:00,10.7,1,0.00
2024-04-01T15:00,11.2,51,0.10
2024-04-01T16:00,11.7,51,0.10
2024-04-01T17:00,11.4,51,0.20
2024-04-01T18:00,11.1,0,0.00
2024-04-01T19:00,10.6,2,0.00
2024-04-01T20:00,9.5,2,0.00
2024-04-01T21:00,8.0,1,0.00
2024-04-01T22:00,7.1,0,0.00
2024-04-01T23:00,6.4,1,0.00
2024-04-02T00:00,5.9,3,0.00
2024-04-02T01:00,5.5,3,0.00
2024-04-02T02:00,5.0,3,0.00
2024-04-02T03:00,4.5,3,0.00
2024-04-02T04:00,3.6,0,0.00
2024-04-02T05:00,3.3,3,0.00
2024-04-02T06:00,4.0,3,0.00
2024-04-02T07:00,2.4,3,0.00
2024-04-02T08:00,2.3,3,0.00
2024-04-02T09:00,4.3,3,0.00
2024-04-02T10:00,6.5,3,0.00
2024-04-02T11:00,8.5,3,0.00
2024-04-02T12:00,9.5,3,0.00
2024-04-02T13:00,11.3,51,0.10
2024-04-02T14:00,13.2,51,0.10
2024-04-02T15:00,12.6,3,0.00
2024-04-02T16:00,12.2,3,0.00
2024-04-02T17:00,12.1,3,0.00
2024-04-02T18:00,11.8,3,0.00
2024-04-02T19:00,11.9,3,0.00
2024-04-02T20:00,11.2,1,0.00
2024-04-02T21:00,8.6,2,0.00
2024-04-02T22:00,9.1,1,0.00
2024-04-02T23:00,7.8,3,0.00
2024-04-03T00:00,8.3,3,0.00
2024-04-03T01:00,9.0,51,0.10
2024-04-03T02:00,8.5,3,0.00
2024-04-03T03:00,8.9,2,0.00
2024-04-03T04:00,8.6,1,0.00
2024-04-03T05:00,8.0,3,0.00
2024-04-03T06:00,7.9,3,0.00
2024-04-03T07:00,7.9,3,0.00
2024-04-03T08:00,7.7,3,0.00
2024-04-03T09:00,8.7,3,0.00
2024-04-03T10:00,9.9,3,0.00
2024-04-03T11:00,11.4,3,0.00
2024-04-03T12:00,12.9,3,0.00
2024-04-03T13:00,14.3,3,0.00
2024-04-03T14:00,15.3,2,0.00
2024-04-03T15:00,16.5,2,0.00
2024-04-03T16:00,16.2,3,0.00
2024-04-03T17:00,16.6,1,0.00
2024-04-03T18:00,16.1,2,0.00
2024-04-03T19:00,15.6,3,0.00
2024-04-03T20:00,13.8,3,0.00
2024-04-03T21:00,11.2,3,0.00
2024-04-03T22:00,10.6,2,0.00
2024-04-03T23:00,9.6,2,0.00
2024-04-04T00:00,8.4,1,0.00
2024-04-04T01:00,7.3,3,0.00
2024-04-04T02:00,7.6,3,0.00
2024-04-04T03:00,7.9,3,0.00
2024-04-04T04:00,7.0,3,0.00
2024-04-04T05:00,7.7,1,0.00
2024-04-04T06:00,6.3,3,0.00
2024-04-04T07:00,4.8,3,0.00
2024-04-04T08:00,4.5,3,0.00
2024-04-04T09:00,6.5,3,0.00
2024-04-04T10:00,10.0,3,0.00
2024-04-04T11:00,12.8,2,0.00
2024-04-04T12:00,14.8,0,0.00
2024-04-04T13:00,16.4,0,0.00
2024-04-04T14:00,17.8,3,0.00
2024-04-04T15:00,18.7,3,0.00
2024-04-04T16:00,19.4,3,0.00
2024-04-04T17:00,19.6,3,0.00
2024-04-04T18:00,19.3,3,0.00
2024-04-04T19:00,18.9,3,0.00
2024-04-04T20:00,16.8,3,0.00
2024-04-04T21:00,15.5,3,0.00
2024-04-04T22:00,14.6,3,0.00
2024-04-04T23:00,10.6,3,0.00
2024-04-05T00:00,9.2,3,0.00
2024-04-05T01:00,8.4,3,0.00
2024-04-05T02:00,8.5,3,0.00
2024-04-05T03:00,7.6,3,0.00
2024-04-05T04:00,6.8,3,0.00
2024-04-05T05:00,6.1,3,0.00
2024-04-05T06:00,6.4,3,0.00
2024-04-05T07:00,6.5,3,0.00
2024-04-05T08:00,6.7,3,0.00
2024-04-05T09:00,8.3,3,0.00
2024-04-05T10:00,11.9,3,0.00
2024-04-05T11:00,14.6,3,0.00
2024-04-05T12:00,16.6,3,0.00
2024-04-05T13:00,18.4,3,0.00
2024-04-05T14:00,19.9,3,0.00
2024-04-05T15:00,20.3,3,0.00
2024-04-05T16:00,21.1,3,0.00
2024-04-05T17:00,21.5,3,0.00
2024-04-05T18:00,21.5,3,0.00
2024-04-05T19:00,21.5,3,0.00
2024-04-05T20:00,18.8,3,0.00
2024-04-05T21:00,15.2,3,0.00
2024-04-05T22:00,14.6,0,0.00
2024-04-05T23:00,13.3,3,0.00
2024-04-06T00:00,12.9,3,0.00
2024-04-06T01:00,12.0,3,0.00
2024-04-06T02:00,10.1,3,0.00
2024-04-06T03:00,10.7,3,0.00
2024-04-06T04:00,10.5,3,0.00
2024-04-06T05:00,9.7,3,0.00
2024-04-06T06:00,10.6,3,0.00
2024-04-06T07:00,10.8,3,0.00
2024-04-06T08:00,10.7,2,0.00
2024-04-06T09:00,12.4,3,0.00
2024-04-06T10:00,15.7,3,0.00
2024-04-06T11:00,17.7,3,0.00
2024-04-06T12:00,19.6,3,0.00
2024-04-06T13:00,21.2,3,0.00
2024-04-06T14:00,22.4,3,0.00
2024-04-06T15:00,22.7,3,0.00
2024-04-06T16:00,23.5,3,0.00
2024-04-06T17:00,23.9,3,0.00
2024-04-06T18:00,22.8,3,0.00
2024-04-06T19:00,21.4,3,0.00
2024-04-06T20:00,19.2,3,0.00
2024-04-06T21:00,16.9,3,0.00
2024-04-06T22:00,18.6,3,0.00
2024-04-06T23:00,16.3,3,0.00
2024-04-07T00:00,15.1,3,0.00
2024-04-07T01:00,15.2,3,0.00
2024-04-07T02:00,14.6,3,0.00
2024-04-07T03:00,13.9,3,0.00
2024-04-07T04:00,12.1,3,0.00
2024-04-07T05:00,12.2,3,0.00
2024-04-07T06:00,11.8,3,0.00
2024-04-07T07:00,12.2,3,0.00
2024-04-07T08:00,12.1,51,0.10
2024-04-07T09:00,13.1,3,0.00
2024-04-07T10:00,14.6,3,0.00
2024-04-07T11:00,15.0,51,0.20
2024-04-07T12:00,15.6,51,0.10
2024-04-07T13:00,17.8,3,0.00
2024-04-07T14:00,17.7,3,0.00
2024-04-07T15:00,20.7,1,0.00
2024-04-07T16:00,21.1,0,0.00
2024-04-07T17:00,21.1,0,0.00
2024-04-07T18:00,20.4,0,0.00
2024-04-07T19:00,19.5,3,0.00
2024-04-07T20:00,18.0,3,0.00
2024-04-07T21:00,14.8,3,0.00
2024-04-07T22:00,14.0,3,0.00
2024-04-07T23:00,13.6,3,0.00
2024-04-08T00:00,13.7,51,0.10
2024-04-08T01:00,13.4,3,0.00
2024-04-08T02:00,12.7,3,0.00
2024-04-08T03:00,12.6,1,0.00
2024-04-08T04:00,11.7,0,0.00
2024-04-08T05:00,10.6,0,0.00
2024-04-08T06:00,9.8,0,0.00
2024-04-08T07:00,9.1,0,0.00
2024-04-08T08:00,8.8,0,0.00
2024-04-08T09:00,9.5,0,0.00
2024-04-08T10:00,10.8,3,0.00
2024-04-08T11:00,12.3,3,0.00
2024-04-08T12:00,13.8,2,0.00
2024-04-08T13:00,15.1,1,0.00
2024-04-08T14:00,16.5,3,0.00
2024-04-08T15:00,13.7,2,0.00
2024-04-08T16:00,15.0,1,0.00
2024-04-08T17:00,14.6,1,0.00
2024-04-08T18:00,14.5,51,0.10
2024-04-08T19:00,13.7,53,0.70
2024-04-08T20:00,12.0,53,0.90
2024-04-08T21:00,11.1,0,0.00
2024-04-08T22:00,9.8,0,0.00
2024-04-08T23:00,8.7,0,0.00
2024-04-09T00:00,7.9,0,0.00
2024-04-09T01:00,7.3,0,0.00
2024-04-09T02:00,6.8,0,0.00
2024-04-09T03:00,6.4,1,0.00
2024-04-09T04:00,6.1,0,0.00
2024-04-09T05:00,5.6,0,0.00
2024-04-09T06:00,5.2,0,0.00
2024-04-09T07:00,4.8,0,0.00
2024-04-09T08:00,4.3,0,0.00
2024-04-09T09:00,5.4,0,0.00
2024-04-09T10:00,6.7,0,0.00
2024-04-09T11:00,8.2,0,0.00
2024-04-09T12:00,9.8,0,0.00
2024-04-09T13:00,11.3,0,0.00
2024-04-09T14:00,12.4,1,0.00
2024-04-09T15:00,13.6,0,0.00
2024-04-09T16:00,14.4,0,0.00
2024-04-09T17:00,14.7,0,0.00
2024-04-09T18:00,14.7,1,0.00
2024-04-09T19:00,14.4,0,0.00
2024-04-09T20:00,13.2,3,0.00
2024-04-09T21:00,10.3,0,0.00
2024-04-09T22:00,9.8,0,0.00
2024-04-09T23:00,8.9,0,0.00
2024-04-10T00:00,7.6,0,0.00
2024-04-10T01:00,6.4,1,0.00
2024-04-10T02:00,5.6,1,0.00
2024-04-10T03:00,5.9,0,0.00
2024-04-10T04:00,5.5,0,0.00
2024-04-10T05:00,5.2,0,0.00
2024-04-10T06:00,4.7,0,0.00
2024-04-10T07:00,4.2,0,0.00
2024-04-10T08:00,4.0,0,0.00
2024-04-10T09:00,5.9,0,0.00
2024-04-10T10:00,8.8,0,0.00
2024-04-10T11:00,11.4,0,0.00
2024-04-10T12:00,13.4,1,0.00
2024-04-10T13:00,15.1,0,0.00
2024-04-10T14:00,16.5,1,0.00
2024-04-10T15:00,17.8,1,0.00
2024-04-10T16:00,18.7,2,0.00
2024-04-10T17:00,19.2,1,0.00
2024-04-10T18:00,19.6,3,0.00
2024-04-10T19:00,19.4,2,0.00
2024-04-10T20:00,17.9,1,0.00
2024-04-10T21:00,16.4,2,0.00
2024-04-10T22:00,12.1,3,0.00
2024-04-10T23:00,10.9,3,0.00
2024-04-11T00:00,9.9,2,0.00
2024-04-11T01:00,8.9,1,0.00
2024-04-11T02:00,7.8,1,0.00
2024-04-11T03:00,7.8,0,0.00
2024-04-11T04:00,7.6,1,0.00
2024-04-11T05:00,6.9,1,0.00
2024-04-11T06:00,6.0,0,0.00
2024-04-11T07:00,5.8,0,0.00
2024-04-11T08:00,5.4,2,0.00
2024-04-11T09:00,8.4,1,0.00
2024-04-11T10:00,12.3,2,0.00
2024-04-11T11:00,15.1,2,0.00
2024-04-11T12:00,18.2,0,0.00
2024-04-11T13:00,20.8,0,0.00
2024-04-11T14:00,22.8,0,0.00
2024-04-11T15:00,25.2,3,0.00
2024-04-11T16:00,25.4,2,0.00
2024-04-11T17:00,25.5,2,0.00
2024-04-11T18:00,25.1,2,0.00
2024-04-11T19:00,24.1,1,0.00
2024-04-11T20:00,22.2,0,0.00
2024-04-11T21:00,18.9,0,0.00
2024-04-11T22:00,17.5,0,0.00
2024-04-11T23:00,16.3,0,0.00
2024-04-12T00:00,15.3,0,0.00
2024-04-12T01:00,13.7,0,0.00
2024-04-12T02:00,11.8,0,0.00
2024-04-12T03:00,10.7,0,0.00
2024-04-12T04:00,9.6,0,0.00
2024-04-12T05:00,9.6,0,0.00
2024-04-12T06:00,9.6,0,0.00
2024-04-12T07:00,9.0,0,0.00
2024-04-12T08:00,8.7,0,0.00
2024-04-12T09:00,11.4,0,0.00
2024-04-12T10:00,14.4,0,0.00
2024-04-12T11:00,16.4,0,0.00
2024-04-12T12:00,18.2,0,0.00
2024-04-12T13:00,19.9,0,0.00
2024-04-12T14:00,21.4,0,0.00
2024-04-12T15:00,22.7,0,0.00
2024-04-12T16:00,23.5,0,0.00
2024-04-12T17:00,24.1,0,0.00
2024-04-12T18:00,24.1,0,0.00
2024-04-12T19:00,23.7,0,0.00
2024-04-12T20:00,21.3,0,0.00
2024-04-12T21:00,17.4,0,0.00
2024-04-12T22:00,19.8,0,0.00
2024-04-12T23:00,15.1,0,0.00
2024-04-13T00:00,13.8,0,0.00
2024-04-13T01:00,13.3,0,0.00
2024-04-13T02:00,12.2,0,0.00
2024-04-13T03:00,12.7,0,0.00
2024-04-13T04:00,12.6,0,0.00
2024-04-13T05:00,9.9,0,0.00
2024-04-13T06:00,8.9,0,0.00
2024-04-13T07:00,8.1,0,0.00
2024-04-13T08:00,8.2,0,0.00
2024-04-13T09:00,11.7,0,0.00
2024-04-13T10:00,16.2,0,0.00
2024-04-13T11:00,18.5,0,0.00
2024-04-13T12:00,20.5,0,0.00
2024-04-13T13:00,22.3,0,0.00
2024-04-13T14:00,24.0,0,0.00
2024-04-13T15:00,25.2,0,0.00
2024-04-13T16:00,26.0,0,0.00
2024-04-13T17:00,26.4,0,0.00
2024-04-13T18:00,26.4,0,0.00
2024-04-13T19:00,25.6,0,0.00
2024-04-13T20:00,22.7,0,0.00
2024-04-13T21:00,18.5,0,0.00
2024-04-13T22:00,21.6,1,0.00
2024-04-13T23:00,16.0,2,0.00
2024-04-14T00:00,14.7,3,0.00
2024-04-14T01:00,14.1,2,0.00
2024-04-14T02:00,12.5,0,0.00
2024-04-14T03:00,13.5,1,0.00
2024-04-14T04:00,11.5,0,0.00
2024-04-14T05:00,10.8,0,0.00
2024-04-14T06:00,9.5,0,0.00
2024-04-14T07:00,9.4,0,0.00
2024-04-14T08:00,9.2,0,0.00
2024-04-14T09:00,12.7,2,0.00
2024-04-14T10:00,17.1,2,0.00
2024-04-14T11:00,19.4,3,0.00
2024-04-14T12:00,21.1,3,0.00
2024-04-14T13:00,22.6,2,0.00
2024-04-14T14:00,24.0,1,0.00
2024-04-14T15:00,25.3,3,0.00
2024-04-14T16:00,25.9,2,0.00
2024-04-14T17:00,26.2,1,0.00
2024-04-14T18:00,26.2,0,0.00
2024-04-14T19:00,25.7,3,0.00
2024-04-14T20:00,23.3,0,0.00
2024-04-14T21:00,19.2,0,0.00
2024-04-14T22:00,17.4,0,0.00
2024-04-14T23:00,16.6,0,0.00
2024-04-15T00:00,15.9,0,0.00
2024-04-15T01:00,15.3,2,0.00
2024-04-15T02:00,14.0,1,0.00
2024-04-15T03:00,12.4,2,0.00
2024-04-15T04:00,13.0,3,0.00
2024-04-15T05:00,11.1,3,0.00
2024-04-15T06:00,11.0,3,0.00
2024-04-15T07:00,10.1,3,0.00
2024-04-15T08:00,10.9,3,0.00
2024-04-15T09:00,13.7,3,0.00
2024-04-15T10:00,16.9,2,0.00
2024-04-15T11:00,20.1,1,0.00
2024-04-15T12:00,22.5,0,0.00
2024-04-15T13:00,24.4,0,0.00
2024-04-15T14:00,25.9,0,0.00
2024-04-15T15:00,27.3,0,0.00
2024-04-15T16:00,27.7,1,0.00
2024-04-15T17:00,27.5,1,0.00
2024-04-15T18:00,26.8,0,0.00
2024-04-15T19:00,25.8,0,0.00
2024-04-15T20:00,23.9,0,0.00
2024-04-15T21:00,19.4,0,0.00
2024-04-15T22:00,18.3,0,0.00
2024-04-15T23:00,17.8,0,0.00
2024-04-16T00:00,13.9,0,0.00
2024-04-16T01:00,12.7,0,0.00
2024-04-16T02:00,12.0,0,0.00
2024-04-16T03:00,11.1,0,0.00
2024-04-16T04:00,11.4,0,0.00
2024-04-16T05:00,11.6,0,0.00
2024-04-16T06:00,9.0,0,0.00
2024-04-16T07:00,8.7,0,0.00
2024-04-16T08:00,8.6,0,0.00
2024-04-16T09:00,11.5,0,0.00
2024-04-16T10:00,14.3,0,0.00
2024-04-16T11:00,17.0,0,0.00
2024-04-16T12:00,19.3,0,0.00
2024-04-16T13:00,21.4,0,0.00
2024-04-16T14:00,23.2,0,0.00
2024-04-16T15:00,25.5,0,0.00
2024-04-16T16:00,25.7,0,0.00
2024-04-16T17:00,25.2,0,0.00
2024-04-16T18:00,24.7,0,0.00
2024-04-16T19:00,23.8,0,0.00
2024-04-16T20:00,22.1,0,0.00
2024-04-16T21:00,18.6,0,0.00
2024-04-16T22:00,18.0,0,0.00
2024-04-16T23:00,14.6,0,0.00
2024-04-17T00:00,14.0,0,0.00
2024-04-17T01:00,12.7,0,0.00
2024-04-17T02:00,11.5,0,0.00
2024-04-17T03:00,11.2,0,0.00
2024-04-17T04:00,10.8,0,0.00
2024-04-17T05:00,9.6,0,0.00
2024-04-17T06:00,8.4,0,0.00
2024-04-17T07:00,7.6,0,0.00
2024-04-17T08:00,7.3,0,0.00
2024-04-17T09:00,8.7,0,0.00
2024-04-17T10:00,10.4,0,0.00
2024-04-17T11:00,12.4,0,0.00
2024-04-17T12:00,14.4,0,0.00
2024-04-17T13:00,16.2,0,0.00
2024-04-17T14:00,17.8,0,0.00
2024-04-17T15:00,19.4,0,0.00
2024-04-17T16:00,20.1,0,0.00
2024-04-17T17:00,20.6,0,0.00
2024-04-17T18:00,20.8,0,0.00
2024-04-17T19:00,20.7,0,0.00
2024-04-17T20:00,19.5,0,0.00
2024-04-17T21:00,16.5,0,0.00
2024-04-17T22:00,14.5,0,0.00
2024-04-17T23:00,13.3,0,0.00
2024-04-18T00:00,12.6,0,0.00
2024-04-18T01:00,11.9,0,0.00
2024-04-18T02:00,10.7,0,0.00
2024-04-18T03:00,10.4,0,0.00
2024-04-18T04:00,9.1,0,0.00
2024-04-18T05:00,8.2,0,0.00
2024-04-18T06:00,7.3,0,0.00
2024-04-18T07:00,6.6,1,0.00
2024-04-18T08:00,6.3,0,0.00
2024-04-18T09:00,8.0,0,0.00
2024-04-18T10:00,10.3,0,0.00
2024-04-18T11:00,13.0,1,0.00
2024-04-18T12:00,15.3,0,0.00
2024-04-18T13:00,17.5,0,0.00
2024-04-18T14:00,19.1,0,0.00
2024-04-18T15:00,20.6,0,0.00
2024-04-18T16:00,21.3,0,0.00
2024-04-18T17:00,21.4,0,0.00
2024-04-18T18:00,21.2,0,0.00
2024-04-18T19:00,20.9,0,0.00
2024-04-18T20:00,19.0,0,0.00
2024-04-18T21:00,16.4,0,0.00
2024-04-18T22:00,15.0,0,0.00
2024-04-18T23:00,13.6,0,0.00
2024-04-19T00:00,12.2,0,0.00
2024-04-19T01:00,11.0,0,0.00
2024-04-19T02:00,9.8,0,0.00
2024-04-19T03:00,8.4,0,0.00
2024-04-19T04:00,7.4,0,0.00
2024-04-19T05:00,6.7,0,0.00
2024-04-19T06:00,6.0,0,0.00
2024-04-19T07:00,5.5,0,0.00
2024-04-19T08:00,5.7,0,0.00
2024-04-19T09:00,7.7,0,0.00
2024-04-19T10:00,10.6,0,0.00
2024-04-19T11:00,12.6,0,0.00
2024-04-19T12:00,14.7,1,0.00
2024-04-19T13:00,16.8,1,0.00
2024-04-19T14:00,18.6,2,0.00
2024-04-19T15:00,19.8,0,0.00
2024-04-19T16:00,20.9,0,0.00
2024-04-19T17:00,21.6,0,0.00
2024-04-19T18:00,21.8,0,0.00
2024-04-19T19:00,21.7,0,0.00
2024-04-19T20:00,20.6,0,0.00
2024-04-19T21:00,17.8,0,0.00
2024-04-19T22:00,15.8,0,0.00
2024-04-19T23:00,13.7,1,0.00
2024-04-20T00:00,12.1,2,0.00
2024-04-20T01:00,11.1,3,0.00
2024-04-20T02:00,11.8,3,0.00
2024-04-20T03:00,10.9,3,0.00
2024-04-20T04:00,10.4,3,0.00
2024-04-20T05:00,9.4,3,0.00
2024-04-20T06:00,8.7,3,0.00
2024-04-20T07:00,8.3,3,0.00
2024-04-20T08:00,8.5,3,0.00
2024-04-20T09:00,11.3,3,0.00
2024-04-20T10:00,14.6,3,0.00
2024-04-20T11:00,17.3,3,0.00
2024-04-20T12:00,19.3,3,0.00
2024-04-20T13:00,20.8,3,0.00
2024-04-20T14:00,22.0,3,0.00
2024-04-20T15:00,22.9,3,0.00
2024-04-20T16:00,23.3,3,0.00
2024-04-20T17:00,23.5,2,0.00
2024-04-20T18:00,23.6,0,0.00
2024-04-20T19:00,23.3,0,0.00
2024-04-20T20:00,21.7,1,0.00
2024-04-20T21:00,17.7,1,0.00
2024-04-20T22:00,15.4,0,0.00
2024-04-20T23:00,15.7,0,0.00
2024-04-21T00:00,14.8,0,0.00
2024-04-21T01:00,13.6,0,0.00
2024-04-21T02:00,12.3,0,0.00
2024-04-21T03:00,12.0,0,0.00
2024-04-21T04:00,11.1,0,0.00
2024-04-21T05:00,10.3,0,0.00
2024-04-21T06:00,9.7,0,0.00
2024-04-21T07:00,9.0,0,0.00
2024-04-21T08:00,8.6,0,0.00
2024-04-21T09:00,10.5,0,0.00
2024-04-21T10:00,13.4,0,0.00
2024-04-21T11:00,15.5,0,0.00
2024-04-21T12:00,17.4,0,0.00
2024-04-21T13:00,19.0,0,0.00
2024-04-21T14:00,20.4,0,0.00
2024-04-21T15:00,21.8,0,0.00
2024-04-21T16:00,22.4,0,0.00
2024-04-21T17:00,22.8,0,0.00
2024-04-21T18:00,22.7,0,0.00
2024-04-21T19:00,22.4,0,0.00
2024-04-21T20:00,21.7,1,0.00
2024-04-21T21:00,19.4,1,0.00
2024-04-21T22:00,15.4,0,0.00
2024-04-21T23:00,14.2,0,0.00
2024-04-22T00:00,14.1,0,0.00
2024-04-22T01:00,12.5,1,0.00
2024-04-22T02:00,10.8,1,0.00
2024-04-22T03:00,9.6,2,0.00
2024-04-22T04:00,8.6,1,0.00
2024-04-22T05:00,7.6,0,0.00
2024-04-22T06:00,6.6,0,0.00
2024-04-22T07:00,5.9,0,0.00
2024-04-22T08:00,5.4,0,0.00
2024-04-22T09:00,6.9,0,0.00
2024-04-22T10:00,8.8,0,0.00
2024-04-22T11:00,10.8,0,0.00
2024-04-22T12:00,13.1,0,0.00
2024-04-22T13:00,14.9,0,0.00
2024-04-22T14:00,16.3,0,0.00
2024-04-22T15:00,18.1,0,0.00
2024-04-22T16:00,19.7,1,0.00
2024-04-22T17:00,19.3,0,0.00
2024-04-22T18:00,18.4,0,0.00
2024-04-22T19:00,16.9,0,0.00
2024-04-22T20:00,15.1,0,0.00
2024-04-22T21:00,13.0,0,0.00
2024-04-22T22:00,11.2,0,0.00
2024-04-22T23:00,9.8,0,0.00
2024-04-23T00:00,8.4,0,0.00
2024-04-23T01:00,7.2,0,0.00
2024-04-23T02:00,6.2,0,0.00
2024-04-23T03:00,5.4,0,0.00
2024-04-23T04:00,4.4,0,0.00
2024-04-23T05:00,3.7,0,0.00
2024-04-23T06:00,3.0,0,0.00
2024-04-23T07:00,2.3,0,0.00
2024-04-23T08:00,2.3,0,0.00
2024-04-23T09:00,4.1,0,0.00
2024-04-23T10:00,6.3,0,0.00
2024-04-23T11:00,8.6,0,0.00
2024-04-23T12:00,10.9,0,0.00
2024-04-23T13:00,12.4,0,0.00
2024-04-23T14:00,13.5,0,0.00
2024-04-23T15:00,16.0,3,0.00
2024-04-23T16:00,17.3,3,0.00
2024-04-23T17:00,17.2,1,0.00
2024-04-23T18:00,17.1,2,0.00
2024-04-23T19:00,16.2,1,0.00
2024-04-23T20:00,14.9,3,0.00
2024-04-23T21:00,13.8,2,0.00
2024-04-23T22:00,12.0,0,0.00
2024-04-23T23:00,10.2,0,0.00
2024-04-24T00:00,9.3,0,0.00
2024-04-24T01:00,8.4,0,0.00
2024-04-24T02:00,7.4,0,0.00
2024-04-24T03:00,6.1,0,0.00
2024-04-24T04:00,5.1,0,0.00
2024-04-24T05:00,4.9,0,0.00
2024-04-24T06:00,4.1,0,0.00
2024-04-24T07:00,2.3,0,0.00
2024-04-24T08:00,3.0,0,0.00
2024-04-24T09:00,4.9,0,0.00
2024-04-24T10:00,7.0,0,0.00
2024-04-24T11:00,9.0,0,0.00
2024-04-24T12:00,11.1,0,0.00
2024-04-24T13:00,13.0,1,0.00
2024-04-24T14:00,14.9,3,0.00
2024-04-24T15:00,16.7,3,0.00
2024-04-24T16:00,17.8,3,0.00
2024-04-24T17:00,18.9,3,0.00
2024-04-24T18:00,19.7,3,0.00
2024-04-24T19:00,19.5,3,0.00
2024-04-24T20:00,17.9,3,0.00
2024-04-24T21:00,15.8,0,0.00
2024-04-24T22:00,13.5,3,0.00
2024-04-24T23:00,11.8,3,0.00
2024-04-25T00:00,11.0,1,0.00
2024-04-25T01:00,10.6,0,0.00
2024-04-25T02:00,8.4,1,0.00
2024-04-25T03:00,7.2,2,0.00
2024-04-25T04:00,5.8,3,0.00
2024-04-25T05:00,5.7,3,0.00
2024-04-25T06:00,7.0,3,0.00
2024-04-25T07:00,7.3,3,0.00
2024-04-25T08:00,7.2,3,0.00
2024-04-25T09:00,9.1,3,0.00
2024-04-25T10:00,10.9,3,0.00
2024-04-25T11:00,13.0,3,0.00
2024-04-25T12:00,13.7,1,0.00
2024-04-25T13:00,15.9,3,0.00
2024-04-25T14:00,17.4,3,0.00
2024-04-25T15:00,18.6,3,0.00
2024-04-25T16:00,17.6,3,0.00
2024-04-25T17:00,17.8,3,0.00
2024-04-25T18:00,17.7,3,0.00
2024-04-25T19:00,17.0,2,0.00
2024-04-25T20:00,16.3,1,0.00
2024-04-25T21:00,13.9,1,0.00
2024-04-25T22:00,12.5,1,0.00
2024-04-25T23:00,12.0,0,0.00
2024-04-26T00:00,10.4,0,0.00
2024-04-26T01:00,9.1,2,0.00
2024-04-26T02:00,9.4,0,0.00
2024-04-26T03:00,10.8,1,0.00
2024-04-26T04:00,8.7,2,0.00
2024-04-26T05:00,7.6,3,0.00
2024-04-26T06:00,6.5,3,0.00
2024-04-26T07:00,5.9,3,0.00
2024-04-26T08:00,6.6,3,0.00
2024-04-26T09:00,9.1,3,0.00
2024-04-26T10:00,11.1,3,0.00
2024-04-26T11:00,12.6,3,0.00
2024-04-26T12:00,14.3,3,0.00
2024-04-26T13:00,15.3,2,0.00
2024-04-26T14:00,16.2,2,0.00
2024-04-26T15:00,15.3,3,0.00
2024-04-26T16:00,15.8,3,0.00
2024-04-26T17:00,15.5,3,0.00
2024-04-26T18:00,14.8,3,0.00
2024-04-26T19:00,14.5,3,0.00
2024-04-26T20:00,13.5,3,0.00
2024-04-26T21:00,12.5,3,0.00
2024-04-26T22:00,11.3,1,0.00
2024-04-26T23:00,10.5,1,0.00
2024-04-27T00:00,10.0,2,0.00
2024-04-27T01:00,9.6,53,0.50
2024-04-27T02:00,9.7,53,0.80
2024-04-27T03:00,9.2,53,0.90
2024-04-27T04:00,9.2,53,0.70
2024-04-27T05:00,8.9,61,2.10
2024-04-27T06:00,8.9,63,3.40
2024-04-27T07:00,8.9,55,1.10
2024-04-27T08:00,8.5,51,0.40
2024-04-27T09:00,7.5,53,0.90
2024-04-27T10:00,7.8,51,0.20
2024-04-27T11:00,10.1,51,0.10
2024-04-27T12:00,11.5,51,0.10
2024-04-27T13:00,12.5,51,0.30
2024-04-27T14:00,13.6,51,0.30
2024-04-27T15:00,12.4,51,0.30
2024-04-27T16:00,14.2,1,0.00
2024-04-27T17:00,13.7,0,0.00
2024-04-27T18:00,13.4,51,0.20
2024-04-27T19:00,13.3,0,0.00
2024-04-27T20:00,12.5,1,0.00
2024-04-27T21:00,11.5,0,0.00
2024-04-27T22:00,10.2,0,0.00
2024-04-27T23:00,8.9,0,0.00
2024-04-28T00:00,7.6,0,0.00
2024-04-28T01:00,6.9,0,0.00
2024-04-28T02:00,6.3,0,0.00
2024-04-28T03:00,5.5,0,0.00
2024-04-28T04:00,4.6,0,0.00
2024-04-28T05:00,4.6,0,0.00
2024-04-28T06:00,3.3,0,0.00
2024-04-28T07:00,3.0,0,0.00
2024-04-28T08:00,3.9,0,0.00
2024-04-28T09:00,6.7,0,0.00
2024-04-28T10:00,9.1,0,0.00
2024-04-28T11:00,11.4,51,0.10
2024-04-28T12:00,12.9,51,0.10
2024-04-28T13:00,14.0,51,0.20
2024-04-28T14:00,15.0,51,0.10
2024-04-28T15:00,15.7,0,0.00
2024-04-28T16:00,16.5,0,0.00
2024-04-28T17:00,16.8,0,0.00
2024-04-28T18:00,16.7,0,0.00
2024-04-28T19:00,15.7,0,0.00
2024-04-28T20:00,14.8,0,0.00
2024-04-28T21:00,12.3,0,0.00
2024-04-28T22:00,10.6,0,0.00
2024-04-28T23:00,9.8,0,0.00
2024-04-29T00:00,7.5,0,0.00
2024-04-29T01:00,7.9,1,0.00
2024-04-29T02:00,7.9,0,0.00
2024-04-29T03:00,6.4,1,0.00
2024-04-29T04:00,6.3,0,0.00
2024-04-29T05:00,6.9,2,0.00
2024-04-29T06:00,7.2,3,0.00
2024-04-29T07:00,6.8,1,0.00
2024-04-29T08:00,7.3,0,0.00
2024-04-29T09:00,9.6,1,0.00
2024-04-29T10:00,11.5,0,0.00
2024-04-29T11:00,13.5,0,0.00
2024-04-29T12:00,15.2,0,0.00
2024-04-29T13:00,16.6,0,0.00
2024-04-29T14:00,17.5,1,0.00
2024-04-29T15:00,14.6,51,0.20
2024-04-29T16:00,12.7,61,1.80
2024-04-29T17:00,16.5,2,0.00
2024-04-29T18:00,16.2,51,0.10
2024-04-29T19:00,14.7,51,0.10
2024-04-29T20:00,14.5,0,0.00
2024-04-29T21:00,12.2,51,0.10
2024-04-29T22:00,9.7,1,0.00
2024-04-29T23:00,9.4,1,0.00
2024-04-30T00:00,9.4,0,0.00
2024-04-30T01:00,7.0,0,0.00
2024-04-30T02:00,6.1,0,0.00
2024-04-30T03:00,8.0,0,0.00
2024-04-30T04:00,8.3,0,0.00
2024-04-30T05:00,6.7,0,0.00
2024-04-30T06:00,7.4,0,0.00
2024-04-30T07:00,5.9,0,0.00
2024-04-30T08:00,6.1,0,0.00
2024-04-30T09:00,8.5,0,0.00
2024-04-30T10:00,11.0,1,0.00
2024-04-30T11:00,13.4,0,0.00
2024-04-30T12:00,15.5,1,0.00
2024-04-30T13:00,16.6,3,0.00
2024-04-30T14:00,16.7,2,0.00
2024-04-30T15:00,16.2,3,0.00
2024-04-30T16:00,17.2,2,0.00
2024-04-30T17:00,16.6,3,0.00
2024-04-30T18:00,15.7,2,0.00
2024-04-30T19:00,15.3,2,0.00
2024-04-30T20:00,14.8,3,0.00
2024-04-30T21:00,12.8,3,0.00
2024-04-30T22:00,11.7,1,0.00
2024-04-30T23:00,10.5,1,0.00
2024-05-01T00:00,10.0,3,0.00
2024-05-01T01:00,10.4,51,0.10
2024-05-01T02:00,9.6,51,0.10
2024-05-01T03:00,8.9,51,0.10
2024-05-01T04:00,8.1,3,0.00
2024-05-01T05:00,7.6,3,0.00
2024-05-01T06:00,7.6,3,0.00
2024-05-01T07:00,6.9,1,0.00
2024-05-01T08:00,6.4,1,0.00
2024-05-01T09:00,7.4,0,0.00
2024-05-01T10:00,8.8,51,0.20
2024-05-01T11:00,10.3,51,0.30
2024-05-01T12:00,11.8,51,0.10
2024-05-01T13:00,12.8,51,0.10
2024-05-01T14:00,13.3,51,0.10
2024-05-01T15:00,13.5,2,0.00
2024-05-01T16:00,14.1,2,0.00
2024-05-01T17:00,10.0,53,0.70
2024-05-01T18:00,11.3,2,0.00
2024-05-01T19:00,12.3,3,0.00
2024-05-01T20:00,9.9,53,0.60
2024-05-01T21:00,9.5,53,0.50
2024-05-01T22:00,7.4,51,0.40
2024-05-01T23:00,6.7,0,0.00
2024-05-02T00:00,6.3,0,0.00
2024-05-02T01:00,6.1,2,0.00
2024-05-02T02:00,5.7,1,0.00
2024-05-02T03:00,6.3,2,0.00
2024-05-02T04:00,6.2,1,0.00
2024-05-02T05:00,5.8,1,0.00
2024-05-02T06:00,5.4,1,0.00
2024-05-02T07:00,5.0,0,0.00
2024-05-02T08:00,5.3,0,0.00
2024-05-02T09:00,7.1,0,0.00
2024-05-02T10:00,8.6,0,0.00
2024-05-02T11:00,10.4,1,0.00
2024-05-02T12:00,12.4,2,0.00
2024-05-02T13:00,13.2,2,0.00
2024-05-02T14:00,13.2,51,0.20
2024-05-02T15:00,13.6,53,0.90
2024-05-02T16:00,13.5,51,0.10
2024-05-02T17:00,14.2,1,0.00
2024-05-02T18:00,13.9,2,0.00
2024-05-02T19:00,13.4,2,0.00
2024-05-02T20:00,12.7,2,0.00
2024-05-02T21:00,11.2,0,0.00
2024-05-02T22:00,9.7,0,0.00
2024-05-02T23:00,8.7,0,0.00
2024-05-03T00:00,7.9,0,0.00
2024-05-03T01:00,7.1,0,0.00
2024-05-03T02:00,6.5,1,0.00
2024-05-03T03:00,6.2,0,0.00
2024-05-03T04:00,5.5,0,0.00
2024-05-03T05:00,4.9,0,0.00
2024-05-03T06:00,4.3,0,0.00
2024-05-03T07:00,3.9,0,0.00
2024-05-03T08:00,4.4,0,0.00
2024-05-03T09:00,6.9,1,0.00
2024-05-03T10:00,9.7,2,0.00
2024-05-03T11:00,11.8,1,0.00
2024-05-03T12:00,13.9,2,0.00
2024-05-03T13:00,15.6,2,0.00
2024-05-03T14:00,17.1,2,0.00
2024-05-03T15:00,18.3,3,0.00
2024-05-03T16:00,18.0,3,0.00
2024-05-03T17:00,17.6,2,0.00
2024-05-03T18:00,18.3,2,0.00
2024-05-03T19:00,17.2,3,0.00
2024-05-03T20:00,16.1,1,0.00
2024-05-03T21:00,14.1,1,0.00
2024-05-03T22:00,12.7,0,0.00
2024-05-03T23:00,12.0,3,0.00
2024-05-04T00:00,11.3,3,0.00
2024-05-04T01:00,10.5,3,0.00
2024-05-04T02:00,9.9,3,0.00
2024-05-04T03:00,9.5,3,0.00
2024-05-04T04:00,8.9,3,0.00
2024-05-04T05:00,8.3,2,0.00
2024-05-04T06:00,7.7,3,0.00
2024-05-04T07:00,7.3,3,0.00
2024-05-04T08:00,8.1,3,0.00
2024-05-04T09:00,10.8,3,0.00
2024-05-04T10:00,13.4,3,0.00
2024-05-04T11:00,15.4,3,0.00
2024-05-04T12:00,17.0,3,0.00
2024-05-04T13:00,18.6,3,0.00
2024-05-04T14:00,19.9,3,0.00
2024-05-04T15:00,21.2,1,0.00
2024-05-04T16:00,21.8,1,0.00
2024-05-04T17:00,22.0,1,0.00
2024-05-04T18:00,21.6,2,0.00
2024-05-04T19:00,20.6,0,0.00
2024-05-04T20:00,19.5,0,0.00
2024-05-04T21:00,17.8,0,0.00
2024-05-04T22:00,16.6,0,0.00
2024-05-04T23:00,15.7,1,0.00
2024-05-05T00:00,14.4,1,0.00
2024-05-05T01:00,13.6,0,0.00
2024-05-05T02:00,13.1,0,0.00
2024-05-05T03:00,13.6,0,0.00
2024-05-05T04:00,12.9,0,0.00
2024-05-05T05:00,12.0,0,0.00
2024-05-05T06:00,11.3,0,0.00
2024-05-05T07:00,11.2,3,0.00
2024-05-05T08:00,11.7,3,0.00
2024-05-05T09:00,12.3,3,0.00
2024-05-05T10:00,13.6,3,0.00
2024-05-05T11:00,15.2,3,0.00
2024-05-05T12:00,16.7,3,0.00
2024-05-05T13:00,18.5,3,0.00
2024-05-05T14:00,20.0,3,0.00
2024-05-05T15:00,18.9,3,0.00
2024-05-05T16:00,18.4,51,0.10
2024-05-05T17:00,16.5,3,0.00
2024-05-05T18:00,17.7,3,0.00
2024-05-05T19:00,17.9,2,0.00
2024-05-05T20:00,16.7,2,0.00
2024-05-05T21:00,15.6,3,0.00
2024-05-05T22:00,14.4,53,0.60
2024-05-05T23:00,13.2,2,0.00
2024-05-06T00:00,12.2,3,0.00
2024-05-06T01:00,12.1,3,0.00
2024-05-06T02:00,11.9,3,0.00
2024-05-06T03:00,9.2,1,0.00
2024-05-06T04:00,9.3,3,0.00
2024-05-06T05:00,10.5,3,0.00
2024-05-06T06:00,10.7,3,0.00
2024-05-06T07:00,10.5,3,0.00
2024-05-06T08:00,10.5,3,0.00
2024-05-06T09:00,11.1,3,0.00
2024-05-06T10:00,13.2,2,0.00
2024-05-06T11:00,15.5,1,0.00
2024-05-06T12:00,17.4,2,0.00
2024-05-06T13:00,18.7,3,0.00
2024-05-06T14:00,19.5,51,0.10
2024-05-06T15:00,19.3,0,0.00
2024-05-06T16:00,19.7,1,0.00
2024-05-06T17:00,20.0,1,0.00
2024-05-06T18:00,19.7,0,0.00
2024-05-06T19:00,19.0,0,0.00
2024-05-06T20:00,18.0,0,0.00
2024-05-06T21:00,16.1,0,0.00
2024-05-06T22:00,14.3,0,0.00
2024-05-06T23:00,11.9,0,0.00
2024-05-07T00:00,11.7,0,0.00
2024-05-07T01:00,8.4,0,0.00
2024-05-07T02:00,6.9,0,0.00
2024-05-07T03:00,6.5,0,0.00
2024-05-07T04:00,6.5,0,0.00
2024-05-07T05:00,6.1,0,0.00
2024-05-07T06:00,6.1,0,0.00
2024-05-07T07:00,6.2,0,0.00
2024-05-07T08:00,7.3,0,0.00
2024-05-07T09:00,9.8,0,0.00
2024-05-07T10:00,12.5,0,0.00
2024-05-07T11:00,15.3,0,0.00
2024-05-07T12:00,17.1,0,0.00
2024-05-07T13:00,18.5,0,0.00
2024-05-07T14:00,19.6,0,0.00
2024-05-07T15:00,20.7,1,0.00
2024-05-07T16:00,22.4,2,0.00
2024-05-07T17:00,24.1,3,0.00
2024-05-07T18:00,23.3,2,0.00
2024-05-07T19:00,21.9,2,0.00
2024-05-07T20:00,20.0,3,0.00
2024-05-07T21:00,17.4,3,0.00
2024-05-07T22:00,15.4,3,0.00
2024-05-07T23:00,14.5,3,0.00
2024-05-08T00:00,13.7,3,0.00
2024-05-08T01:00,12.9,1,0.00
2024-05-08T02:00,11.8,1,0.00
2024-05-08T03:00,10.9,3,0.00
2024-05-08T04:00,9.7,3,0.00
2024-05-08T05:00,9.0,3,0.00
2024-05-08T06:00,8.4,3,0.00
2024-05-08T07:00,7.8,3,0.00
2024-05-08T08:00,8.4,3,0.00
2024-05-08T09:00,10.5,3,0.00
2024-05-08T10:00,13.0,3,0.00
2024-05-08T11:00,15.5,3,0.00
2024-05-08T12:00,17.8,3,0.00
2024-05-08T13:00,19.8,2,0.00
2024-05-08T14:00,21.4,3,0.00
2024-05-08T15:00,22.7,3,0.00
2024-05-08T16:00,23.6,3,0.00
2024-05-08T17:00,24.3,2,0.00
2024-05-08T18:00,24.6,2,0.00
2024-05-08T19:00,24.1,2,0.00
2024-05-08T20:00,22.9,0,0.00
2024-05-08T21:00,18.5,0,0.00
2024-05-08T22:00,16.5,0,0.00
2024-05-08T23:00,15.9,0,0.00
2024-05-09T00:00,13.7,0,0.00
2024-05-09T01:00,12.3,0,0.00
2024-05-09T02:00,13.1,0,0.00
2024-05-09T03:00,12.6,0,0.00
2024-05-09T04:00,12.3,0,0.00
2024-05-09T05:00,11.5,3,0.00
2024-05-09T06:00,10.6,3,0.00
2024-05-09T07:00,9.8,3,0.00
2024-05-09T08:00,10.7,3,0.00
2024-05-09T09:00,13.3,3,0.00
2024-05-09T10:00,16.2,3,0.00
2024-05-09T11:00,18.4,3,0.00
2024-05-09T12:00,20.6,3,0.00
2024-05-09T13:00,22.5,3,0.00
2024-05-09T14:00,24.2,3,0.00
2024-05-09T15:00,25.4,3,0.00
2024-05-09T16:00,26.0,3,0.00
2024-05-09T17:00,26.3,3,0.00
2024-05-09T18:00,26.1,3,0.00
2024-05-09T19:00,25.5,3,0.00
2024-05-09T20:00,24.2,3,0.00
2024-05-09T21:00,20.8,3,0.00
2024-05-09T22:00,18.9,3,0.00
2024-05-09T23:00,18.0,3,0.00
2024-05-10T00:00,16.9,3,0.00
2024-05-10T01:00,16.7,3,0.00
2024-05-10T02:00,17.3,3,0.00
2024-05-10T03:00,14.2,3,0.00
2024-05-10T04:00,12.7,3,0.00
2024-05-10T05:00,12.3,3,0.00
2024-05-10T06:00,11.7,1,0.00
2024-05-10T07:00,11.2,0,0.00
2024-05-10T08:00,12.6,0,0.00
2024-05-10T09:00,15.8,0,0.00
2024-05-10T10:00,18.3,0,0.00
2024-05-10T11:00,20.1,0,0.00
2024-05-10T12:00,22.1,0,0.00
2024-05-10T13:00,23.9,3,0.00
2024-05-10T14:00,25.6,2,0.00
2024-05-10T15:00,27.0,3,0.00
2024-05-10T16:00,27.7,3,0.00
2024-05-10T17:00,28.0,2,0.00
2024-05-10T18:00,28.0,0,0.00
2024-05-10T19:00,27.5,0,0.00
2024-05-10T20:00,26.7,0,0.00
2024-05-10T21:00,22.7,0,0.00
2024-05-10T22:00,20.3,0,0.00
2024-05-10T23:00,18.5,2,0.00
2024-05-11T00:00,18.2,1,0.00
2024-05-11T01:00,19.3,1,0.00
2024-05-11T02:00,18.5,1,0.00
2024-05-11T03:00,15.9,0,0.00
2024-05-11T04:00,15.4,0,0.00
2024-05-11T05:00,14.5,0,0.00
2024-05-11T06:00,13.8,0,0.00
2024-05-11T07:00,13.3,0,0.00
2024-05-11T08:00,13.8,0,0.00
2024-05-11T09:00,16.2,0,0.00
2024-05-11T10:00,18.4,0,0.00
2024-05-11T11:00,20.4,0,0.00
2024-05-11T12:00,22.4,0,0.00
2024-05-11T13:00,24.3,0,0.00
2024-05-11T14:00,26.0,0,0.00
2024-05-11T15:00,26.8,1,0.00
2024-05-11T16:00,27.4,0,0.00
2024-05-11T17:00,27.4,1,0.00
2024-05-11T18:00,26.6,3,0.00
2024-05-11T19:00,25.9,3,0.00
2024-05-11T20:00,25.1,3,0.00
2024-05-11T21:00,23.4,2,0.00
2024-05-11T22:00,20.8,0,0.00
2024-05-11T23:00,20.0,0,0.00
2024-05-12T00:00,18.2,0,0.00
2024-05-12T01:00,16.3,0,0.00
2024-05-12T02:00,15.0,0,0.00
2024-05-12T03:00,14.3,0,0.00
2024-05-12T04:00,13.5,0,0.00
2024-05-12T05:00,13.0,0,0.00
2024-05-12T06:00,11.8,0,0.00
2024-05-12T07:00,11.0,1,0.00
2024-05-12T08:00,12.4,2,0.00
2024-05-12T09:00,15.6,3,0.00
2024-05-12T10:00,19.2,3,0.00
2024-05-12T11:00,21.8,3,0.00
2024-05-12T12:00,23.6,3,0.00
2024-05-12T13:00,25.0,3,0.00
2024-05-12T14:00,26.2,3,0.00
2024-05-12T15:00,26.3,3,0.00
2024-05-12T16:00,26.7,3,0.00
2024-05-12T17:00,26.5,3,0.00
2024-05-12T18:00,26.0,3,0.00
2024-05-12T19:00,25.6,3,0.00
2024-05-12T20:00,24.4,3,0.00
2024-05-12T21:00,22.1,51,0.10
2024-05-12T22:00,21.0,2,0.00
2024-05-12T23:00,19.8,1,0.00
2024-05-13T00:00,17.3,0,0.00
2024-05-13T01:00,18.2,0,0.00
2024-05-13T02:00,14.6,0,0.00
2024-05-13T03:00,14.8,0,0.00
2024-05-13T04:00,13.7,0,0.00
2024-05-13T05:00,12.3,1,0.00
2024-05-13T06:00,11.6,0,0.00
2024-05-13T07:00,11.5,1,0.00
2024-05-13T08:00,13.1,2,0.00
2024-05-13T09:00,16.0,3,0.00
2024-05-13T10:00,19.0,3,0.00
2024-05-13T11:00,21.5,3,0.00
2024-05-13T12:00,23.2,3,0.00
2024-05-13T13:00,24.6,3,0.00
2024-05-13T14:00,25.4,3,0.00
2024-05-13T15:00,25.4,3,0.00
2024-05-13T16:00,26.1,3,0.00
2024-05-13T17:00,25.8,3,0.00
2024-05-13T18:00,25.1,3,0.00
2024-05-13T19:00,24.5,3,0.00
2024-05-13T20:00,22.6,3,0.00
2024-05-13T21:00,21.4,3,0.00
2024-05-13T22:00,20.5,3,0.00
2024-05-13T23:00,19.4,3,0.00
2024-05-14T00:00,18.5,3,0.00
2024-05-14T01:00,15.9,61,2.00
2024-05-14T02:00,15.2,51,0.20
2024-05-14T03:00,14.5,51,0.40
2024-05-14T04:00,13.6,1,0.00
2024-05-14T05:00,12.1,1,0.00
2024-05-14T06:00,10.7,0,0.00
2024-05-14T07:00,10.2,0,0.00
2024-05-14T08:00,11.2,1,0.00
2024-05-14T09:00,12.3,0,0.00
2024-05-14T10:00,13.6,0,0.00
2024-05-14T11:00,15.4,1,0.00
2024-05-14T12:00,17.2,1,0.00
2024-05-14T13:00,18.2,1,0.00
2024-05-14T14:00,19.0,2,0.00
2024-05-14T15:00,17.9,2,0.00
2024-05-14T16:00,18.2,3,0.00
2024-05-14T17:00,18.2,3,0.00
2024-05-14T18:00,17.6,1,0.00
2024-05-14T19:00,17.9,3,0.00
2024-05-14T20:00,17.0,3,0.00
2024-05-14T21:00,15.2,0,0.00
2024-05-14T22:00,13.8,1,0.00
2024-05-14T23:00,13.0,0,0.00
2024-05-15T00:00,11.6,0,0.00
2024-05-15T01:00,10.6,0,0.00
2024-05-15T02:00,10.1,0,0.00
2024-05-15T03:00,10.3,0,0.00
2024-05-15T04:00,9.4,0,0.00
2024-05-15T05:00,8.8,0,0.00
2024-05-15T06:00,8.4,0,0.00
2024-05-15T07:00,8.0,0,0.00
2024-05-15T08:00,8.8,0,0.00
2024-05-15T09:00,10.3,0,0.00
2024-05-15T10:00,11.6,0,0.00
2024-05-15T11:00,13.0,0,0.00
2024-05-15T12:00,14.6,1,0.00
2024-05-15T13:00,16.1,1,0.00
2024-05-15T14:00,17.3,1,0.00
2024-05-15T15:00,17.5,3,0.00
2024-05-15T16:00,17.7,2,0.00
2024-05-15T17:00,17.3,3,0.00
2024-05-15T18:00,16.7,3,0.00
2024-05-15T19:00,16.5,2,0.00
2024-05-15T20:00,16.4,2,0.00
2024-05-15T21:00,14.9,2,0.00
2024-05-15T22:00,13.4,1,0.00
2024-05-15T23:00,12.2,1,0.00
2024-05-16T00:00,10.8,0,0.00
2024-05-16T01:00,9.6,0,0.00
2024-05-16T02:00,9.2,0,0.00
2024-05-16T03:00,8.9,1,0.00
2024-05-16T04:00,8.5,1,0.00
2024-05-16T05:00,7.9,1,0.00
2024-05-16T06:00,7.3,1,0.00
2024-05-16T07:00,6.9,1,0.00
2024-05-16T08:00,7.8,1,0.00
2024-05-16T09:00,9.6,0,0.00
2024-05-16T10:00,11.2,0,0.00
2024-05-16T11:00,13.3,2,0.00
2024-05-16T12:00,14.7,3,0.00
2024-05-16T13:00,15.6,1,0.00
2024-05-16T14:00,16.2,3,0.00
2024-05-16T15:00,16.4,3,0.00
2024-05-16T16:00,16.4,3,0.00
2024-05-16T17:00,17.0,3,0.00
2024-05-16T18:00,16.7,3,0.00
2024-05-16T19:00,16.7,3,0.00
2024-05-16T20:00,15.5,3,0.00
2024-05-16T21:00,14.3,1,0.00
2024-05-16T22:00,12.8,0,0.00
2024-05-16T23:00,12.2,1,0.00
2024-05-17T00:00,11.6,0,0.00
2024-05-17T01:00,11.1,2,0.00
2024-05-17T02:00,11.3,51,0.30
2024-05-17T03:00,11.1,51,0.10
2024-05-17T04:00,10.6,2,0.00
2024-05-17T05:00,10.7,2,0.00
2024-05-17T06:00,10.7,1,0.00
2024-05-17T07:00,9.9,1,0.00
2024-05-17T08:00,10.0,3,0.00
2024-05-17T09:00,11.2,51,0.10
2024-05-17T10:00,12.5,51,0.10
2024-05-17T11:00,13.6,51,0.20
2024-05-17T12:00,15.2,1,0.00
2024-05-17T13:00,16.6,1,0.00
2024-05-17T14:00,17.3,1,0.00
2024-05-17T15:00,17.1,1,0.00
2024-05-17T16:00,17.8,1,0.00
2024-05-17T17:00,18.2,1,0.00
2024-05-17T18:00,18.6,2,0.00
2024-05-17T19:00,18.3,1,0.00
2024-05-17T20:00,17.6,1,0.00
2024-05-17T21:00,16.3,1,0.00
2024-05-17T22:00,14.6,1,0.00
2024-05-17T23:00,13.7,1,0.00
2024-05-18T00:00,12.4,1,0.00
2024-05-18T01:00,11.1,0,0.00
2024-05-18T02:00,10.4,0,0.00
2024-05-18T03:00,8.7,0,0.00
2024-05-18T04:00,7.7,0,0.00
2024-05-18T05:00,7.1,0,0.00
2024-05-18T06:00,6.6,0,0.00
2024-05-18T07:00,6.3,0,0.00
2024-05-18T08:00,7.8,0,0.00
2024-05-18T09:00,11.4,0,0.00
2024-05-18T10:00,14.2,0,0.00
2024-05-18T11:00,16.1,0,0.00
2024-05-18T12:00,17.9,1,0.00
2024-05-18T13:00,18.6,2,0.00
2024-05-18T14:00,19.5,1,0.00
2024-05-18T15:00,19.9,1,0.00
2024-05-18T16:00,20.3,1,0.00
2024-05-18T17:00,20.6,2,0.00
2024-05-18T18:00,21.4,3,0.00
2024-05-18T19:00,20.4,1,0.00
2024-05-18T20:00,19.1,0,0.00
2024-05-18T21:00,17.0,0,0.00
2024-05-18T22:00,14.1,0,0.00
2024-05-18T23:00,13.7,0,0.00
2024-05-19T00:00,13.9,0,0.00
2024-05-19T01:00,12.2,0,0.00
2024-05-19T02:00,9.9,0,0.00
2024-05-19T03:00,10.0,0,0.00
2024-05-19T04:00,9.4,0,0.00
2024-05-19T05:00,8.4,0,0.00
2024-05-19T06:00,8.1,0,0.00
2024-05-19T07:00,7.6,0,0.00
2024-05-19T08:00,9.0,0,0.00
2024-05-19T09:00,11.8,1,0.00
2024-05-19T10:00,14.7,3,0.00
2024-05-19T11:00,16.4,3,0.00
2024-05-19T12:00,17.9,3,0.00
2024-05-19T13:00,19.1,3,0.00
2024-05-19T14:00,20.2,1,0.00
2024-05-19T15:00,17.8,61,2.10
2024-05-19T16:00,19.6,2,0.00
2024-05-19T17:00,15.8,61,1.40
2024-05-19T18:00,17.8,2,0.00
2024-05-19T19:00,17.1,1,0.00
2024-05-19T20:00,16.5,1,0.00
2024-05-19T21:00,15.3,2,0.00
2024-05-19T22:00,13.6,0,0.00
2024-05-19T23:00,12.5,0,0.00
2024-05-20T00:00,11.3,0,0.00
2024-05-20T01:00,10.3,0,0.00
2024-05-20T02:00,8.6,0,0.00
2024-05-20T03:00,8.4,0,0.00
2024-05-20T04:00,8.1,0,0.00
2024-05-20T05:00,7.0,0,0.00
2024-05-20T06:00,6.2,0,0.00
2024-05-20T07:00,5.9,1,0.00
2024-05-20T08:00,8.0,0,0.00
2024-05-20T09:00,11.0,0,0.00
2024-05-20T10:00,13.6,0,0.00
2024-05-20T11:00,15.6,51,0.10
2024-05-20T12:00,17.0,1,0.00
2024-05-20T13:00,18.2,51,0.20
2024-05-20T14:00,18.9,51,0.10
2024-05-20T15:00,18.2,51,0.20
2024-05-20T16:00,19.7,0,0.00
2024-05-20T17:00,20.1,51,0.10
2024-05-20T18:00,20.3,1,0.00
2024-05-20T19:00,14.4,61,2.40
2024-05-20T20:00,14.3,51,0.30
2024-05-20T21:00,14.0,51,0.20
2024-05-20T22:00,13.1,0,0.00
2024-05-20T23:00,12.6,1,0.00
2024-05-21T00:00,11.7,0,0.00
2024-05-21T01:00,10.3,0,0.00
2024-05-21T02:00,9.3,0,0.00
2024-05-21T03:00,12.1,2,0.00
2024-05-21T04:00,10.8,1,0.00
2024-05-21T05:00,9.0,1,0.00
2024-05-21T06:00,8.2,1,0.00
2024-05-21T07:00,7.4,0,0.00
2024-05-21T08:00,9.3,0,0.00
2024-05-21T09:00,12.7,1,0.00
2024-05-21T10:00,15.3,1,0.00
2024-05-21T11:00,16.3,51,0.10
2024-05-21T12:00,17.0,51,0.10
2024-05-21T13:00,18.3,3,0.00
2024-05-21T14:00,19.3,51,0.10
2024-05-21T15:00,16.8,51,0.10
2024-05-21T16:00,18.9,2,0.00
2024-05-21T17:00,20.2,1,0.00
2024-05-21T18:00,15.1,61,2.00
2024-05-21T19:00,13.6,53,0.90
2024-05-21T20:00,13.0,53,0.70
2024-05-21T21:00,12.9,51,0.10
2024-05-21T22:00,12.2,1,0.00
2024-05-21T23:00,11.2,1,0.00
2024-05-22T00:00,10.6,0,0.00
2024-05-22T01:00,9.9,0,0.00
2024-05-22T02:00,9.4,0,0.00
2024-05-22T03:00,10.9,0,0.00
2024-05-22T04:00,10.3,0,0.00
2024-05-22T05:00,9.1,0,0.00
2024-05-22T06:00,7.5,0,0.00
2024-05-22T07:00,7.1,1,0.00
2024-05-22T08:00,9.4,0,0.00
2024-05-22T09:00,12.5,0,0.00
2024-05-22T10:00,14.5,1,0.00
2024-05-22T11:00,16.4,1,0.00
2024-05-22T12:00,18.6,3,0.00
2024-05-22T13:00,19.2,3,0.00
2024-05-22T14:00,18.8,3,0.00
2024-05-22T15:00,19.9,3,0.00
2024-05-22T16:00,20.3,3,0.00
2024-05-22T17:00,19.5,3,0.00
2024-05-22T18:00,19.5,3,0.00
2024-05-22T19:00,19.5,3,0.00
2024-05-22T20:00,19.5,3,0.00
2024-05-22T21:00,17.6,1,0.00
2024-05-22T22:00,15.8,0,0.00
2024-05-22T23:00,14.4,0,0.00
2024-05-23T00:00,14.0,0,0.00
2024-05-23T01:00,11.4,0,0.00
2024-05-23T02:00,9.5,0,0.00
2024-05-23T03:00,8.9,0,0.00
2024-05-23T04:00,8.8,0,0.00
2024-05-23T05:00,8.1,0,0.00
2024-05-23T06:00,7.6,0,0.00
2024-05-23T07:00,7.4,0,0.00
2024-05-23T08:00,9.2,0,0.00
2024-05-23T09:00,12.1,0,0.00
2024-05-23T10:00,15.1,0,0.00
2024-05-23T11:00,17.3,0,0.00
2024-05-23T12:00,18.9,0,0.00
2024-05-23T13:00,20.3,0,0.00
2024-05-23T14:00,21.6,0,0.00
2024-05-23T15:00,23.2,0,0.00
2024-05-23T16:00,24.0,0,0.00
2024-05-23T17:00,24.3,0,0.00
2024-05-23T18:00,24.3,0,0.00
2024-05-23T19:00,23.8,0,0.00
2024-05-23T20:00,23.0,0,0.00
2024-05-23T21:00,19.9,0,0.00
2024-05-23T22:00,20.2,0,0.00
2024-05-23T23:00,15.4,0,0.00
2024-05-24T00:00,14.3,0,0.00
2024-05-24T01:00,14.6,0,0.00
2024-05-24T02:00,14.1,0,0.00
2024-05-24T03:00,13.5,1,0.00
2024-05-24T04:00,12.8,0,0.00
2024-05-24T05:00,12.3,0,0.00
2024-05-24T06:00,11.7,0,0.00
2024-05-24T07:00,11.2,0,0.00
2024-05-24T08:00,12.2,0,0.00
2024-05-24T09:00,14.5,0,0.00
2024-05-24T10:00,16.6,0,0.00
2024-05-24T11:00,18.6,0,0.00
2024-05-24T12:00,20.7,0,0.00
2024-05-24T13:00,22.8,1,0.00
2024-05-24T14:00,24.2,2,0.00
2024-05-24T15:00,25.4,0,0.00
2024-05-24T16:00,25.8,0,0.00
2024-05-24T17:00,26.0,0,0.00
2024-05-24T18:00,26.2,0,0.00
2024-05-24T19:00,26.0,0,0.00
2024-05-24T20:00,25.1,1,0.00
2024-05-24T21:00,23.1,1,0.00
2024-05-24T22:00,20.8,2,0.00
2024-05-24T23:00,19.5,3,0.00
2024-05-25T00:00,18.9,3,0.00
2024-05-25T01:00,16.8,1,0.00
2024-05-25T02:00,15.5,3,0.00
2024-05-25T03:00,14.2,3,0.00
2024-05-25T04:00,13.4,3,0.00
2024-05-25T05:00,12.8,0,0.00
2024-05-25T06:00,11.9,0,0.00
2024-05-25T07:00,11.3,0,0.00
2024-05-25T08:00,12.5,0,0.00
2024-05-25T09:00,15.5,3,0.00
2024-05-25T10:00,18.2,2,0.00
2024-05-25T11:00,21.0,1,0.00
2024-05-25T12:00,23.8,1,0.00
2024-05-25T13:00,25.8,1,0.00
2024-05-25T14:00,26.7,2,0.00
2024-05-25T15:00,27.2,2,0.00
2024-05-25T16:00,27.9,2,0.00
2024-05-25T17:00,28.1,1,0.00
2024-05-25T18:00,27.9,0,0.00
2024-05-25T19:00,27.3,0,0.00
2024-05-25T20:00,26.0,1,0.00
2024-05-25T21:00,24.0,0,0.00
2024-05-25T22:00,21.8,0,0.00
2024-05-25T23:00,20.5,0,0.00
2024-05-26T00:00,18.5,0,0.00
2024-05-26T01:00,16.9,0,0.00
2024-05-26T02:00,15.8,0,0.00
2024-05-26T03:00,13.2,0,0.00
2024-05-26T04:00,12.0,0,0.00
2024-05-26T05:00,11.4,0,0.00
2024-05-26T06:00,11.0,1,0.00
2024-05-26T07:00,10.6,0,0.00
2024-05-26T08:00,12.9,0,0.00
2024-05-26T09:00,16.4,0,0.00
2024-05-26T10:00,19.7,0,0.00
2024-05-26T11:00,22.4,2,0.00
2024-05-26T12:00,24.5,3,0.00
2024-05-26T13:00,25.8,3,0.00
2024-05-26T14:00,26.8,3,0.00
2024-05-26T15:00,27.9,3,0.00
2024-05-26T16:00,28.4,3,0.00
2024-05-26T17:00,28.3,3,0.00
2024-05-26T18:00,28.0,3,0.00
2024-05-26T19:00,27.3,3,0.00
2024-05-26T20:00,26.2,3,0.00
2024-05-26T21:00,24.5,3,0.00
2024-05-26T22:00,22.6,3,0.00
2024-05-26T23:00,20.9,0,0.00
2024-05-27T00:00,19.6,0,0.00
2024-05-27T01:00,18.1,1,0.00
2024-05-27T02:00,16.4,0,0.00
2024-05-27T03:00,15.2,0,0.00
2024-05-27T04:00,14.3,0,0.00
2024-05-27T05:00,13.2,0,0.00
2024-05-27T06:00,12.0,0,0.00
2024-05-27T07:00,11.6,1,0.00
2024-05-27T08:00,13.6,2,0.00
2024-05-27T09:00,16.9,2,0.00
2024-05-27T10:00,20.1,3,0.00
2024-05-27T11:00,22.6,3,0.00
2024-05-27T12:00,24.5,3,0.00
2024-05-27T13:00,25.9,3,0.00
2024-05-27T14:00,27.1,3,0.00
2024-05-27T15:00,28.1,2,0.00
2024-05-27T16:00,29.0,0,0.00
2024-05-27T17:00,29.5,0,0.00
2024-05-27T18:00,29.3,0,0.00
2024-05-27T19:00,28.4,2,0.00
2024-05-27T20:00,27.3,3,0.00
2024-05-27T21:00,25.0,3,0.00
2024-05-27T22:00,21.1,3,0.00
2024-05-27T23:00,20.0,3,0.00
2024-05-28T00:00,20.1,3,0.00
2024-05-28T01:00,19.0,3,0.00
2024-05-28T02:00,18.0,3,0.00
2024-05-28T03:00,17.9,3,0.00
2024-05-28T04:00,16.7,3,0.00
2024-05-28T05:00,15.9,3,0.00
2024-05-28T06:00,15.5,3,0.00
2024-05-28T07:00,15.2,3,0.00
2024-05-28T08:00,16.2,2,0.00
2024-05-28T09:00,18.3,0,0.00
2024-05-28T10:00,20.3,0,0.00
2024-05-28T11:00,22.1,0,0.00
2024-05-28T12:00,24.0,0,0.00
2024-05-28T13:00,25.8,0,0.00
2024-05-28T14:00,27.6,0,0.00
2024-05-28T15:00,28.8,0,0.00
2024-05-28T16:00,29.6,0,0.00
2024-05-28T17:00,30.2,0,0.00
2024-05-28T18:00,30.3,0,0.00
2024-05-28T19:00,29.8,0,0.00
2024-05-28T20:00,29.1,0,0.00
2024-05-28T21:00,27.2,0,0.00
2024-05-28T22:00,25.5,0,0.00
2024-05-28T23:00,22.0,0,0.00
2024-05-29T00:00,20.8,0,0.00
2024-05-29T01:00,20.2,0,0.00
2024-05-29T02:00,18.5,0,0.00
2024-05-29T03:00,18.1,0,0.00
2024-05-29T04:00,18.2,0,0.00
2024-05-29T05:00,18.0,0,0.00
2024-05-29T06:00,17.5,0,0.00
2024-05-29T07:00,17.1,0,0.00
2024-05-29T08:00,18.1,0,0.00
2024-05-29T09:00,20.4,0,0.00
2024-05-29T10:00,22.7,0,0.00
2024-05-29T11:00,25.0,0,0.00
2024-05-29T12:00,27.4,3,0.00
2024-05-29T13:00,29.4,3,0.00
2024-05-29T14:00,30.9,3,0.00
2024-05-29T15:00,31.6,2,0.00
2024-05-29T16:00,32.1,1,0.00
2024-05-29T17:00,32.2,1,0.00
2024-05-29T18:00,32.0,0,0.00
2024-05-29T19:00,31.9,2,0.00
2024-05-29T20:00,31.5,0,0.00
2024-05-29T21:00,29.5,0,0.00
2024-05-29T22:00,25.8,0,0.00
2024-05-29T23:00,26.7,0,0.00
2024-05-30T00:00,22.1,0,0.00
2024-05-30T01:00,20.6,0,0.00
2024-05-30T02:00,21.0,0,0.00
2024-05-30T03:00,20.8,0,0.00
2024-05-30T04:00,19.9,0,0.00
2024-05-30T05:00,19.4,0,0.00
2024-05-30T06:00,18.9,0,0.00
2024-05-30T07:00,18.3,0,0.00
2024-05-30T08:00,19.1,0,0.00
2024-05-30T09:00,21.0,0,0.00
2024-05-30T10:00,23.5,0,0.00
2024-05-30T11:00,26.1,0,0.00
2024-05-30T12:00,28.4,0,0.00
2024-05-30T13:00,30.3,1,0.00
2024-05-30T14:00,31.6,1,0.00
2024-05-30T15:00,32.2,1,0.00
2024-05-30T16:00,33.0,1,0.00
2024-05-30T17:00,33.2,2,0.00
2024-05-30T18:00,32.0,3,0.00
2024-05-30T19:00,31.6,3,0.00
2024-05-30T20:00,30.1,2,0.00
2024-05-30T21:00,28.4,1,0.00
2024-05-30T22:00,25.6,2,0.00
2024-05-30T23:00,24.0,3,0.00
2024-05-31T00:00,22.4,3,0.00
2024-05-31T01:00,20.8,3,0.00
2024-05-31T02:00,19.2,3,0.00
2024-05-31T03:00,18.7,1,0.00
2024-05-31T04:00,17.7,1,0.00
2024-05-31T05:00,16.4,0,0.00
2024-05-31T06:00,14.7,0,0.00
2024-05-31T07:00,13.6,1,0.00
2024-05-31T08:00,13.9,1,0.00
2024-05-31T09:00,15.2,1,0.00
2024-05-31T10:00,17.8,0,0.00
2024-05-31T11:00,20.5,1,0.00
2024-05-31T12:00,23.1,1,0.00
2024-05-31T13:00,25.2,1,0.00
2024-05-31T14:00,26.8,2,0.00
2024-05-31T15:00,27.9,1,0.00
2024-05-31T16:00,28.5,3,0.00
2024-05-31T17:00,28.9,3,0.00
2024-05-31T18:00,29.1,3,0.00
2024-05-31T19:00,28.7,2,0.00
2024-05-31T20:00,27.4,0,0.00
2024-05-31T21:00,24.9,0,0.00
2024-05-31T22:00,22.5,0,0.00
2024-05-31T23:00,21.3,0,0.00
2024-06-01T00:00,19.8,0,0.00
2024-06-01T01:00,17.7,0,0.00
2024-06-01T02:00,16.1,0,0.00
2024-06-01T03:00,15.4,0,0.00
2024-06-01T04:00,14.2,0,0.00
2024-06-01T05:00,13.2,0,0.00
2024-06-01T06:00,12.5,0,0.00
2024-06-01T07:00,12.0,0,0.00
2024-06-01T08:00,12.6,0,0.00
2024-06-01T09:00,14.5,0,0.00
2024-06-01T10:00,16.8,0,0.00
2024-06-01T11:00,19.2,0,0.00
2024-06-01T12:00,21.4,0,0.00
2024-06-01T13:00,23.3,0,0.00
2024-06-01T14:00,24.9,0,0.00
2024-06-01T15:00,25.8,0,0.00
2024-06-01T16:00,26.1,0,0.00
2024-06-01T17:00,26.1,0,0.00
2024-06-01T18:00,26.0,0,0.00
2024-06-01T19:00,26.0,0,0.00
2024-06-01T20:00,24.0,0,0.00
2024-06-01T21:00,22.8,0,0.00
2024-06-01T22:00,20.7,0,0.00
2024-06-01T23:00,19.3,0,0.00
2024-06-02T00:00,17.9,0,0.00
2024-06-02T01:00,16.3,0,0.00
2024-06-02T02:00,14.8,0,0.00
2024-06-02T03:00,13.5,0,0.00
2024-06-02T04:00,12.9,0,0.00
2024-06-02T05:00,12.5,1,0.00
2024-06-02T06:00,12.0,1,0.00
2024-06-02T07:00,11.8,1,0.00
2024-06-02T08:00,12.7,0,0.00
2024-06-02T09:00,14.4,0,0.00
2024-06-02T10:00,16.7,0,0.00
2024-06-02T11:00,19.2,0,0.00
2024-06-02T12:00,21.2,0,0.00
2024-06-02T13:00,23.0,0,0.00
2024-06-02T14:00,24.5,0,0.00
2024-06-02T15:00,25.9,0,0.00
2024-06-02T16:00,26.7,0,0.00
2024-06-02T17:00,27.3,0,0.00
2024-06-02T18:00,27.4,0,0.00
2024-06-02T19:00,27.1,0,0.00
2024-06-02T20:00,26.4,0,0.00
2024-06-02T21:00,24.6,0,0.00
2024-06-02T22:00,20.5,0,0.00
2024-06-02T23:00,19.9,0,0.00
2024-06-03T00:00,19.4,0,0.00
2024-06-03T01:00,18.7,0,0.00
2024-06-03T02:00,17.5,0,0.00
2024-06-03T03:00,16.9,0,0.00
2024-06-03T04:00,16.3,0,0.00
2024-06-03T05:00,15.5,0,0.00
2024-06-03T06:00,14.9,0,0.00
2024-06-03T07:00,14.6,0,0.00
2024-06-03T08:00,15.5,0,0.00
2024-06-03T09:00,17.5,1,0.00
2024-06-03T10:00,19.3,0,0.00
2024-06-03T11:00,21.3,0,0.00
2024-06-03T12:00,23.4,0,0.00
2024-06-03T13:00,25.5,0,0.00
2024-06-03T14:00,26.9,1,0.00
2024-06-03T15:00,27.5,1,0.00
2024-06-03T16:00,28.5,0,0.00
2024-06-03T17:00,28.5,2,0.00
2024-06-03T18:00,26.8,3,0.00
2024-06-03T19:00,24.0,53,0.60
2024-06-03T20:00,25.5,1,0.00
2024-06-03T21:00,24.4,1,0.00
2024-06-03T22:00,22.3,1,0.00
2024-06-03T23:00,20.8,0,0.00
2024-06-04T00:00,20.0,0,0.00
2024-06-04T01:00,18.7,0,0.00
2024-06-04T02:00,17.7,0,0.00
2024-06-04T03:00,17.3,0,0.00
2024-06-04T04:00,16.2,0,0.00
2024-06-04T05:00,15.7,0,0.00
2024-06-04T06:00,14.6,0,0.00
2024-06-04T07:00,14.0,0,0.00
2024-06-04T08:00,16.0,0,0.00
2024-06-04T09:00,18.7,0,0.00
2024-06-04T10:00,21.0,0,0.00
2024-06-04T11:00,23.5,0,0.00
2024-06-04T12:00,26.0,1,0.00
2024-06-04T13:00,27.5,0,0.00
2024-06-04T14:00,28.4,0,0.00
2024-06-04T15:00,29.6,1,0.00
2024-06-04T16:00,30.2,0,0.00
2024-06-04T17:00,30.1,2,0.00
2024-06-04T18:00,30.2,0,0.00
2024-06-04T19:00,29.7,1,0.00
2024-06-04T20:00,29.1,0,0.00
2024-06-04T21:00,27.4,0,0.00
2024-06-04T22:00,25.4,0,0.00
2024-06-04T23:00,24.1,0,0.00
2024-06-05T00:00,22.6,0,0.00
2024-06-05T01:00,21.6,0,0.00
2024-06-05T02:00,19.5,0,0.00
2024-06-05T03:00,21.1,1,0.00
2024-06-05T04:00,20.5,3,0.00
2024-06-05T05:00,19.5,3,0.00
2024-06-05T06:00,19.1,1,0.00
2024-06-05T07:00,18.0,1,0.00
2024-06-05T08:00,19.2,0,0.00
2024-06-05T09:00,21.9,0,0.00
2024-06-05T10:00,24.3,0,0.00
2024-06-05T11:00,26.3,0,0.00
2024-06-05T12:00,28.4,0,0.00
2024-06-05T13:00,30.0,1,0.00
2024-06-05T14:00,31.2,1,0.00
2024-06-05T15:00,31.9,1,0.00
2024-06-05T16:00,32.4,2,0.00
2024-06-05T17:00,32.5,3,0.00
2024-06-05T18:00,32.1,3,0.00
2024-06-05T19:00,31.4,3,0.00
2024-06-05T20:00,30.7,3,0.00
2024-06-05T21:00,29.1,3,0.00
2024-06-05T22:00,25.8,3,0.00
2024-06-05T23:00,24.7,3,0.00
2024-06-06T00:00,24.4,3,0.00
2024-06-06T01:00,22.5,3,0.00
2024-06-06T02:00,23.6,3,0.00
2024-06-06T03:00,19.6,1,0.00
2024-06-06T04:00,18.6,1,0.00
2024-06-06T05:00,18.3,3,0.00
2024-06-06T06:00,17.5,3,0.00
2024-06-06T07:00,17.3,3,0.00
2024-06-06T08:00,19.2,3,0.00
2024-06-06T09:00,22.1,3,0.00
2024-06-06T10:00,24.4,3,0.00
2024-06-06T11:00,26.7,2,0.00
2024-06-06T12:00,29.0,3,0.00
2024-06-06T13:00,31.1,3,0.00
2024-06-06T14:00,32.6,3,0.00
2024-06-06T15:00,33.7,2,0.00
2024-06-06T16:00,34.5,3,0.00
2024-06-06T17:00,34.5,3,0.00
2024-06-06T18:00,33.4,3,0.00
2024-06-06T19:00,32.7,3,0.00
2024-06-06T20:00,32.1,3,0.00
2024-06-06T21:00,30.8,3,0.00
2024-06-06T22:00,28.2,3,0.00
2024-06-06T23:00,29.4,3,0.00
2024-06-07T00:00,26.4,3,0.00
2024-06-07T01:00,24.5,3,0.00
2024-06-07T02:00,24.2,3,0.00
2024-06-07T03:00,22.7,3,0.00
2024-06-07T04:00,21.3,2,0.00
2024-06-07T05:00,20.5,3,0.00
2024-06-07T06:00,20.4,3,0.00
2024-06-07T07:00,20.0,3,0.00
2024-06-07T08:00,21.0,3,0.00
2024-06-07T09:00,23.4,3,0.00
2024-06-07T10:00,25.8,3,0.00
2024-06-07T11:00,27.5,3,0.00
2024-06-07T12:00,29.6,3,0.00
2024-06-07T13:00,31.0,3,0.00
2024-06-07T14:00,31.2,3,0.00
2024-06-07T15:00,32.6,3,0.00
2024-06-07T16:00,33.7,3,0.00
2024-06-07T17:00,34.9,3,0.00
2024-06-07T18:00,33.3,3,0.00
2024-06-07T19:00,33.9,3,0.00
2024-06-07T20:00,31.1,3,0.00
2024-06-07T21:00,21.9,55,1.00
2024-06-07T22:00,23.2,3,0.00
2024-06-07T23:00,23.1,51,0.10
2024-06-08T00:00,22.4,3,0.00
2024-06-08T01:00,21.7,3,0.00
2024-06-08T02:00,21.1,0,0.00
2024-06-08T03:00,20.1,0,0.00
2024-06-08T04:00,19.1,0,0.00
2024-06-08T05:00,20.1,0,0.00
2024-06-08T06:00,19.3,3,0.00
2024-06-08T07:00,18.6,51,0.20
2024-06-08T08:00,18.8,3,0.00
2024-06-08T09:00,19.5,3,0.00
2024-06-08T10:00,20.3,3,0.00
2024-06-08T11:00,19.7,53,0.50
2024-06-08T12:00,19.0,55,1.00
2024-06-08T13:00,18.0,61,2.40
2024-06-08T14:00,17.9,61,2.10
2024-06-08T15:00,19.3,63,5.20
2024-06-08T16:00,19.1,63,2.60
2024-06-08T17:00,18.8,61,2.10
2024-06-08T18:00,19.2,51,0.10
2024-06-08T19:00,20.9,3,0.00
2024-06-08T20:00,20.1,51,0.10
2024-06-08T21:00,19.4,3,0.00
2024-06-08T22:00,18.4,3,0.00
2024-06-08T23:00,17.1,3,0.00
2024-06-09T00:00,16.8,3,0.00
2024-06-09T01:00,16.5,3,0.00
2024-06-09T02:00,16.4,3,0.00
2024-06-09T03:00,15.9,3,0.00
2024-06-09T04:00,16.0,3,0.00
2024-06-09T05:00,16.2,3,0.00
2024-06-09T06:00,15.9,2,0.00
2024-06-09T07:00,15.1,2,0.00
2024-06-09T08:00,16.2,2,0.00
2024-06-09T09:00,18.1,0,0.00
2024-06-09T10:00,19.6,0,0.00
2024-06-09T11:00,21.4,1,0.00
2024-06-09T12:00,23.1,1,0.00
2024-06-09T13:00,24.2,51,0.20
2024-06-09T14:00,24.7,51,0.30
2024-06-09T15:00,22.4,3,0.00
2024-06-09T16:00,23.3,3,0.00
2024-06-09T17:00,23.2,3,0.00
2024-06-09T18:00,22.8,3,0.00
2024-06-09T19:00,23.1,3,0.00
2024-06-09T20:00,22.9,3,0.00
2024-06-09T21:00,21.4,51,0.10
2024-06-09T22:00,16.8,51,0.10
2024-06-09T23:00,17.0,61,2.30
2024-06-10T00:00,16.6,55,1.20
2024-06-10T01:00,16.1,51,0.10
2024-06-10T02:00,16.0,51,0.30
2024-06-10T03:00,15.9,61,1.90
2024-06-10T04:00,15.5,63,3.30
2024-06-10T05:00,15.7,61,1.50
2024-06-10T06:00,15.1,61,1.60
2024-06-10T07:00,14.7,53,0.60
2024-06-10T08:00,14.7,53,0.70
2024-06-10T09:00,14.9,53,0.60
2024-06-10T10:00,15.1,53,0.50
2024-06-10T11:00,15.3,51,0.40
2024-06-10T12:00,15.5,51,0.10
2024-06-10T13:00,17.0,51,0.20
2024-06-10T14:00,17.1,53,0.80
2024-06-10T15:00,15.8,61,1.30
2024-06-10T16:00,16.7,2,0.00
2024-06-10T17:00,18.4,1,0.00
2024-06-10T18:00,19.4,3,0.00
2024-06-10T19:00,19.5,2,0.00
2024-06-10T20:00,17.8,53,0.50
2024-06-10T21:00,17.2,3,0.00
2024-06-10T22:00,16.3,2,0.00
2024-06-10T23:00,15.3,3,0.00
2024-06-11T00:00,14.9,3,0.00
2024-06-11T01:00,14.2,2,0.00
2024-06-11T02:00,14.3,2,0.00
2024-06-11T03:00,13.3,3,0.00
2024-06-11T04:00,12.7,2,0.00
2024-06-11T05:00,12.0,0,0.00
2024-06-11T06:00,11.4,0,0.00
2024-06-11T07:00,10.8,0,0.00
2024-06-11T08:00,11.7,0,0.00
2024-06-11T09:00,13.3,0,0.00
2024-06-11T10:00,15.5,0,0.00
2024-06-11T11:00,17.5,0,0.00
2024-06-11T12:00,19.0,0,0.00
2024-06-11T13:00,20.4,0,0.00
2024-06-11T14:00,21.6,0,0.00
2024-06-11T15:00,22.5,51,0.10
2024-06-11T16:00,23.4,0,0.00
2024-06-11T17:00,23.9,0,0.00
2024-06-11T18:00,23.7,1,0.00
2024-06-11T19:00,23.2,0,0.00
2024-06-11T20:00,22.3,0,0.00
2024-06-11T21:00,20.7,0,0.00
2024-06-11T22:00,18.8,0,0.00
2024-06-11T23:00,17.6,0,0.00
2024-06-12T00:00,16.5,0,0.00
2024-06-12T01:00,16.2,0,0.00
2024-06-12T02:00,15.2,0,0.00
2024-06-12T03:00,15.2,2,0.00
2024-06-12T04:00,14.0,0,0.00
2024-06-12T05:00,13.2,0,0.00
2024-06-12T06:00,12.6,2,0.00
2024-06-12T07:00,12.5,1,0.00
2024-06-12T08:00,13.1,0,0.00
2024-06-12T09:00,14.6,0,0.00
2024-06-12T10:00,16.4,0,0.00
2024-06-12T11:00,18.2,0,0.00
2024-06-12T12:00,19.8,1,0.00
2024-06-12T13:00,20.8,1,0.00
2024-06-12T14:00,20.7,53,0.70
2024-06-12T15:00,20.6,51,0.30
2024-06-12T16:00,22.2,0,0.00
2024-06-12T17:00,23.1,51,0.10
2024-06-12T18:00,22.7,1,0.00
2024-06-12T19:00,22.5,0,0.00
2024-06-12T20:00,21.7,0,0.00
2024-06-12T21:00,20.0,0,0.00
2024-06-12T22:00,17.9,0,0.00
2024-06-12T23:00,16.9,0,0.00
2024-06-13T00:00,15.7,0,0.00
2024-06-13T01:00,15.0,0,0.00
2024-06-13T02:00,14.1,0,0.00
2024-06-13T03:00,12.6,0,0.00
2024-06-13T04:00,12.1,1,0.00
2024-06-13T05:00,11.8,1,0.00
2024-06-13T06:00,11.5,0,0.00
2024-06-13T07:00,11.1,0,0.00
2024-06-13T08:00,12.1,0,0.00
2024-06-13T09:00,14.3,3,0.00
2024-06-13T10:00,16.8,1,0.00
2024-06-13T11:00,19.0,0,0.00
2024-06-13T12:00,21.0,0,0.00
2024-06-13T13:00,22.9,0,0.00
2024-06-13T14:00,24.6,0,0.00
2024-06-13T15:00,25.9,0,0.00
2024-06-13T16:00,26.3,0,0.00
2024-06-13T17:00,26.2,0,0.00
2024-06-13T18:00,26.5,2,0.00
2024-06-13T19:00,26.1,1,0.00
2024-06-13T20:00,25.2,0,0.00
2024-06-13T21:00,23.7,1,0.00
2024-06-13T22:00,21.6,3,0.00
2024-06-13T23:00,19.8,1,0.00
2024-06-14T00:00,18.8,0,0.00
2024-06-14T01:00,17.3,0,0.00
2024-06-14T02:00,15.2,0,0.00
2024-06-14T03:00,13.9,0,0.00
2024-06-14T04:00,13.0,0,0.00
2024-06-14T05:00,13.1,0,0.00
2024-06-14T06:00,14.1,0,0.00
2024-06-14T07:00,14.0,0,0.00
2024-06-14T08:00,14.4,0,0.00
2024-06-14T09:00,17.6,0,0.00
2024-06-14T10:00,20.9,0,0.00
2024-06-14T11:00,23.8,0,0.00
2024-06-14T12:00,25.3,0,0.00
2024-06-14T13:00,26.2,0,0.00
2024-06-14T14:00,27.1,0,0.00
2024-06-14T15:00,28.0,0,0.00
2024-06-14T16:00,28.2,0,0.00
2024-06-14T17:00,28.5,0,0.00
2024-06-14T18:00,28.2,0,0.00
2024-06-14T19:00,27.4,0,0.00
2024-06-14T20:00,26.4,3,0.00
2024-06-14T21:00,24.9,0,0.00
2024-06-14T22:00,23.3,0,0.00
2024-06-14T23:00,21.9,1,0.00
2024-06-15T00:00,20.7,0,0.00
2024-06-15T01:00,19.5,0,0.00
2024-06-15T02:00,18.6,0,0.00
2024-06-15T03:00,18.1,0,0.00
2024-06-15T04:00,16.8,0,0.00
2024-06-15T05:00,15.7,0,0.00
2024-06-15T06:00,14.8,0,0.00
2024-06-15T07:00,14.0,1,0.00
2024-06-15T08:00,15.0,0,0.00
2024-06-15T09:00,17.3,0,0.00
2024-06-15T10:00,19.1,3,0.00
2024-06-15T11:00,20.8,3,0.00
2024-06-15T12:00,22.6,3,0.00
2024-06-15T13:00,24.2,2,0.00
2024-06-15T14:00,25.5,1,0.00
2024-06-15T15:00,26.9,1,0.00
2024-06-15T16:00,27.3,1,0.00
2024-06-15T17:00,27.4,1,0.00
2024-06-15T18:00,27.4,0,0.00
2024-06-15T19:00,27.0,0,0.00
2024-06-15T20:00,26.0,0,0.00
2024-06-15T21:00,23.7,0,0.00
2024-06-15T22:00,21.1,0,0.00
2024-06-15T23:00,19.2,0,0.00
2024-06-16T00:00,18.2,0,0.00
2024-06-16T01:00,17.2,0,0.00
2024-06-16T02:00,16.1,0,0.00
2024-06-16T03:00,13.2,0,0.00
2024-06-16T04:00,12.8,0,0.00
2024-06-16T05:00,12.1,0,0.00
2024-06-16T06:00,11.3,0,0.00
2024-06-16T07:00,10.8,1,0.00
2024-06-16T08:00,13.0,0,0.00
2024-06-16T09:00,16.9,0,0.00
2024-06-16T10:00,20.4,0,0.00
2024-06-16T11:00,22.3,0,0.00
2024-06-16T12:00,24.0,0,0.00
2024-06-16T13:00,25.7,2,0.00
2024-06-16T14:00,27.1,0,0.00
2024-06-16T15:00,28.2,0,0.00
2024-06-16T16:00,28.6,0,0.00
2024-06-16T17:00,28.7,0,0.00
2024-06-16T18:00,28.8,0,0.00
2024-06-16T19:00,28.3,0,0.00
2024-06-16T20:00,27.2,0,0.00
2024-06-16T21:00,25.8,0,0.00
2024-06-16T22:00,23.6,0,0.00
2024-06-16T23:00,22.2,0,0.00
2024-06-17T00:00,21.1,0,0.00
2024-06-17T01:00,20.3,0,0.00
2024-06-17T02:00,19.3,0,0.00
2024-06-17T03:00,18.2,0,0.00
2024-06-17T04:00,16.5,0,0.00
2024-06-17T05:00,15.3,0,0.00
2024-06-17T06:00,13.9,0,0.00
2024-06-17T07:00,13.6,0,0.00
2024-06-17T08:00,14.6,0,0.00
2024-06-17T09:00,16.8,0,0.00
2024-06-17T10:00,19.6,0,0.00
2024-06-17T11:00,22.1,0,0.00
2024-06-17T12:00,24.2,2,0.00
2024-06-17T13:00,25.8,3,0.00
2024-06-17T14:00,27.2,3,0.00
2024-06-17T15:00,28.1,2,0.00
2024-06-17T16:00,28.4,0,0.00
2024-06-17T17:00,28.5,0,0.00
2024-06-17T18:00,28.2,0,0.00
2024-06-17T19:00,27.6,0,0.00
2024-06-17T20:00,26.7,0,0.00
2024-06-17T21:00,25.2,1,0.00
2024-06-17T22:00,22.4,3,0.00
2024-06-17T23:00,20.3,3,0.00
2024-06-18T00:00,20.2,3,0.00
2024-06-18T01:00,21.1,3,0.00
2024-06-18T02:00,19.1,3,0.00
2024-06-18T03:00,18.8,3,0.00
2024-06-18T04:00,18.3,3,0.00
2024-06-18T05:00,17.1,2,0.00
2024-06-18T06:00,16.3,1,0.00
2024-06-18T07:00,17.9,2,0.00
2024-06-18T08:00,17.8,3,0.00
2024-06-18T09:00,19.6,3,0.00
2024-06-18T10:00,21.4,3,0.00
2024-06-18T11:00,22.9,3,0.00
2024-06-18T12:00,23.8,3,0.00
2024-06-18T13:00,24.3,3,0.00
2024-06-18T14:00,25.1,3,0.00
2024-06-18T15:00,24.0,3,0.00
2024-06-18T16:00,24.5,51,0.10
2024-06-18T17:00,24.4,3,0.00
2024-06-18T18:00,20.9,3,0.00
2024-06-18T19:00,20.6,2,0.00
2024-06-18T20:00,19.6,2,0.00
2024-06-18T21:00,18.9,1,0.00
2024-06-18T22:00,17.6,1,0.00
2024-06-18T23:00,17.0,3,0.00
2024-06-19T00:00,15.9,51,0.30
2024-06-19T01:00,14.8,51,0.10
2024-06-19T02:00,14.1,1,0.00
2024-06-19T03:00,13.4,0,0.00
2024-06-19T04:00,13.0,0,0.00
2024-06-19T05:00,11.7,0,0.00
2024-06-19T06:00,12.4,0,0.00
2024-06-19T07:00,12.7,0,0.00
2024-06-19T08:00,13.1,1,0.00
2024-06-19T09:00,14.9,1,0.00
2024-06-19T10:00,16.9,0,0.00
2024-06-19T11:00,18.7,51,0.20
2024-06-19T12:00,19.8,51,0.20
2024-06-19T13:00,21.4,0,0.00
2024-06-19T14:00,22.4,0,0.00
2024-06-19T15:00,22.7,0,0.00
2024-06-19T16:00,23.4,3,0.00
2024-06-19T17:00,22.7,3,0.00
2024-06-19T18:00,22.7,1,0.00
2024-06-19T19:00,22.2,3,0.00
2024-06-19T20:00,21.7,2,0.00
2024-06-19T21:00,20.5,2,0.00
2024-06-19T22:00,18.5,0,0.00
2024-06-19T23:00,17.4,3,0.00
2024-06-20T00:00,16.3,51,0.10
2024-06-20T01:00,15.2,51,0.10
2024-06-20T02:00,14.2,1,0.00
2024-06-20T03:00,13.8,1,0.00
2024-06-20T04:00,12.9,1,0.00
2024-06-20T05:00,12.1,51,0.10
2024-06-20T06:00,11.8,2,0.00
2024-06-20T07:00,11.5,51,0.30
2024-06-20T08:00,12.3,2,0.00
2024-06-20T09:00,13.7,2,0.00
2024-06-20T10:00,15.4,1,0.00
2024-06-20T11:00,16.4,51,0.10
2024-06-20T12:00,17.7,51,0.20
2024-06-20T13:00,18.9,51,0.10
2024-06-20T14:00,19.9,2,0.00
2024-06-20T15:00,17.2,51,0.40
2024-06-20T16:00,18.7,51,0.10
2024-06-20T17:00,20.8,2,0.00
2024-06-20T18:00,19.6,51,0.10
2024-06-20T19:00,20.3,1,0.00
2024-06-20T20:00,20.7,2,0.00
2024-06-20T21:00,19.4,3,0.00
2024-06-20T22:00,17.3,1,0.00
2024-06-20T23:00,16.1,1,0.00
2024-06-21T00:00,15.5,1,0.00
2024-06-21T01:00,15.1,1,0.00
2024-06-21T02:00,14.3,0,0.00
2024-06-21T03:00,15.1,0,0.00
2024-06-21T04:00,13.3,0,0.00
2024-06-21T05:00,12.0,0,0.00
2024-06-21T06:00,11.4,0,0.00
2024-06-21T07:00,11.3,0,0.00
2024-06-21T08:00,13.6,0,0.00
2024-06-21T09:00,15.9,0,0.00
2024-06-21T10:00,17.7,0,0.00
2024-06-21T11:00,19.5,0,0.00
2024-06-21T12:00,21.2,0,0.00
2024-06-21T13:00,22.9,1,0.00
2024-06-21T14:00,24.2,0,0.00
2024-06-21T15:00,24.6,0,0.00
2024-06-21T16:00,25.8,0,0.00
2024-06-21T17:00,26.4,0,0.00
2024-06-21T18:00,27.3,1,0.00
2024-06-21T19:00,27.3,0,0.00
2024-06-21T20:00,26.3,0,0.00
2024-06-21T21:00,24.6,0,0.00
2024-06-21T22:00,21.5,0,0.00
2024-06-21T23:00,20.6,0,0.00
2024-06-22T00:00,17.3,0,0.00
2024-06-22T01:00,16.9,0,0.00
2024-06-22T02:00,16.2,0,0.00
2024-06-22T03:00,15.4,0,0.00
2024-06-22T04:00,15.0,0,0.00
2024-06-22T05:00,14.1,0,0.00
2024-06-22T06:00,13.1,0,0.00
2024-06-22T07:00,12.7,0,0.00
2024-06-22T08:00,15.4,0,0.00
2024-06-22T09:00,19.2,3,0.00
2024-06-22T10:00,22.2,3,0.00
2024-06-22T11:00,24.2,0,0.00
2024-06-22T12:00,25.9,0,0.00
2024-06-22T13:00,27.5,3,0.00
2024-06-22T14:00,28.8,3,0.00
2024-06-22T15:00,29.8,3,0.00
2024-06-22T16:00,29.3,3,0.00
2024-06-22T17:00,29.1,3,0.00
2024-06-22T18:00,28.5,3,0.00
2024-06-22T19:00,27.4,3,0.00
2024-06-22T20:00,26.6,3,0.00
2024-06-22T21:00,25.6,3,0.00
2024-06-22T22:00,23.4,3,0.00
2024-06-22T23:00,21.3,3,0.00
2024-06-23T00:00,20.4,3,0.00
2024-06-23T01:00,19.0,3,0.00
2024-06-23T02:00,18.2,2,0.00
2024-06-23T03:00,18.0,1,0.00
2024-06-23T04:00,17.6,0,0.00
2024-06-23T05:00,17.0,2,0.00
2024-06-23T06:00,16.5,2,0.00
2024-06-23T07:00,16.0,2,0.00
2024-06-23T08:00,16.8,0,0.00
2024-06-23T09:00,18.5,1,0.00
2024-06-23T10:00,20.9,1,0.00
2024-06-23T11:00,23.3,1,0.00
2024-06-23T12:00,24.9,0,0.00
2024-06-23T13:00,26.2,0,0.00
2024-06-23T14:00,27.8,1,0.00
2024-06-23T15:00,28.8,3,0.00
2024-06-23T16:00,29.2,51,0.10
2024-06-23T17:00,29.3,0,0.00
2024-06-23T18:00,29.6,0,0.00
2024-06-23T19:00,30.1,3,0.00
2024-06-23T20:00,28.4,2,0.00
2024-06-23T21:00,26.3,0,0.00
2024-06-23T22:00,24.2,0,0.00
2024-06-23T23:00,23.1,0,0.00
2024-06-24T00:00,21.9,0,0.00
2024-06-24T01:00,21.0,0,0.00
2024-06-24T02:00,20.2,0,0.00
2024-06-24T03:00,19.3,0,0.00
2024-06-24T04:00,18.3,0,0.00
2024-06-24T05:00,17.4,0,0.00
2024-06-24T06:00,16.9,0,0.00
2024-06-24T07:00,16.4,0,0.00
2024-06-24T08:00,17.1,0,0.00
2024-06-24T09:00,18.9,0,0.00
2024-06-24T10:00,21.3,0,0.00
2024-06-24T11:00,23.5,0,0.00
2024-06-24T12:00,25.2,0,0.00
2024-06-24T13:00,26.6,0,0.00
2024-06-24T14:00,28.1,0,0.00
2024-06-24T15:00,30.2,0,0.00
2024-06-24T16:00,31.0,0,0.00
2024-06-24T17:00,31.5,0,0.00
2024-06-24T18:00,31.6,0,0.00
2024-06-24T19:00,32.0,0,0.00
2024-06-24T20:00,31.6,0,0.00
2024-06-24T21:00,30.4,0,0.00
2024-06-24T22:00,26.6,0,0.00
2024-06-24T23:00,24.7,0,0.00
2024-06-25T00:00,23.7,0,0.00
2024-06-25T01:00,22.2,0,0.00
2024-06-25T02:00,21.3,0,0.00
2024-06-25T03:00,21.4,0,0.00
2024-06-25T04:00,20.5,0,0.00
2024-06-25T05:00,19.5,0,0.00
2024-06-25T06:00,18.7,0,0.00
2024-06-25T07:00,18.1,0,0.00
2024-06-25T08:00,19.3,0,0.00
2024-06-25T09:00,21.7,0,0.00
2024-06-25T10:00,23.8,0,0.00
2024-06-25T11:00,25.9,0,0.00
2024-06-25T12:00,28.3,0,0.00
2024-06-25T13:00,30.7,0,0.00
2024-06-25T14:00,32.5,0,0.00
2024-06-25T15:00,33.3,0,0.00
2024-06-25T16:00,34.0,0,0.00
2024-06-25T17:00,34.1,0,0.00
2024-06-25T18:00,33.4,1,0.00
2024-06-25T19:00,29.5,3,0.00
2024-06-25T20:00,29.8,3,0.00
2024-06-25T21:00,29.4,3,0.00
2024-06-25T22:00,26.7,3,0.00
2024-06-25T23:00,27.7,3,0.00
2024-06-26T00:00,24.7,3,0.00
2024-06-26T01:00,23.6,2,0.00
2024-06-26T02:00,23.0,2,0.00
2024-06-26T03:00,21.6,3,0.00
2024-06-26T04:00,20.9,3,0.00
2024-06-26T05:00,20.5,3,0.00
2024-06-26T06:00,19.8,3,0.00
2024-06-26T07:00,19.2,3,0.00
2024-06-26T08:00,20.5,3,0.00
2024-06-26T09:00,22.4,3,0.00
2024-06-26T10:00,24.0,3,0.00
2024-06-26T11:00,26.0,3,0.00
2024-06-26T12:00,27.9,3,0.00
2024-06-26T13:00,29.7,3,0.00
2024-06-26T14:00,31.7,3,0.00
2024-06-26T15:00,30.4,3,0.00
2024-06-26T16:00,29.5,3,0.00
2024-06-26T17:00,30.0,3,0.00
2024-06-26T18:00,26.1,51,0.40
2024-06-26T19:00,25.9,51,0.10
2024-06-26T20:00,25.3,3,0.00
2024-06-26T21:00,24.1,3,0.00
2024-06-26T22:00,22.4,3,0.00
2024-06-26T23:00,21.4,3,0.00
2024-06-27T00:00,20.8,3,0.00
2024-06-27T01:00,19.1,3,0.00
2024-06-27T02:00,18.8,3,0.00
2024-06-27T03:00,20.4,1,0.00
2024-06-27T04:00,20.3,0,0.00
2024-06-27T05:00,19.7,3,0.00
2024-06-27T06:00,19.4,3,0.00
2024-06-27T07:00,19.6,3,0.00
2024-06-27T08:00,20.0,51,0.10
2024-06-27T09:00,19.9,51,0.30
2024-06-27T10:00,20.9,3,0.00
2024-06-27T11:00,23.2,3,0.00
2024-06-27T12:00,26.2,3,0.00
2024-06-27T13:00,28.4,3,0.00
2024-06-27T14:00,30.5,3,0.00
2024-06-27T15:00,32.8,3,0.00
2024-06-27T16:00,34.0,3,0.00
2024-06-27T17:00,34.6,3,0.00
2024-06-27T18:00,35.1,3,0.00
2024-06-27T19:00,34.1,3,0.00
2024-06-27T20:00,32.2,3,0.00
2024-06-27T21:00,31.0,2,0.00
2024-06-27T22:00,28.9,0,0.00
2024-06-27T23:00,27.5,1,0.00
2024-06-28T00:00,25.5,0,0.00
2024-06-28T01:00,23.1,1,0.00
2024-06-28T02:00,22.3,0,0.00
2024-06-28T03:00,21.7,0,0.00
2024-06-28T04:00,21.3,0,0.00
2024-06-28T05:00,20.8,0,0.00
2024-06-28T06:00,20.1,0,0.00
2024-06-28T07:00,19.2,1,0.00
2024-06-28T08:00,20.1,1,0.00
2024-06-28T09:00,21.7,0,0.00
2024-06-28T10:00,23.4,0,0.00
2024-06-28T11:00,25.0,1,0.00
2024-06-28T12:00,27.0,3,0.00
2024-06-28T13:00,27.9,3,0.00
2024-06-28T14:00,26.6,53,0.80
2024-06-28T15:00,24.2,3,0.00
2024-06-28T16:00,24.8,3,0.00
2024-06-28T17:00,25.7,51,0.10
2024-06-28T18:00,24.5,51,0.10
2024-06-28T19:00,23.5,1,0.00
2024-06-28T20:00,23.0,0,0.00
2024-06-28T21:00,22.1,2,0.00
2024-06-28T22:00,20.9,1,0.00
2024-06-28T23:00,19.9,3,0.00
2024-06-29T00:00,19.5,3,0.00
2024-06-29T01:00,19.0,3,0.00
2024-06-29T02:00,18.2,51,0.40
2024-06-29T03:00,15.9,53,0.90
2024-06-29T04:00,15.6,53,0.50
2024-06-29T05:00,15.3,51,0.20
2024-06-29T06:00,15.0,51,0.10
2024-06-29T07:00,14.6,51,0.10
2024-06-29T08:00,15.1,51,0.10
2024-06-29T09:00,15.9,3,0.00
2024-06-29T10:00,16.8,3,0.00
2024-06-29T11:00,18.1,3,0.00
2024-06-29T12:00,19.5,3,0.00
2024-06-29T13:00,20.5,51,0.10
2024-06-29T14:00,21.6,51,0.10
2024-06-29T15:00,22.0,51,0.20
2024-06-29T16:00,23.7,3,0.00
2024-06-29T17:00,24.2,2,0.00
2024-06-29T18:00,24.3,51,0.20
2024-06-29T19:00,22.9,51,0.10
2024-06-29T20:00,21.5,51,0.30
2024-06-29T21:00,20.8,0,0.00
2024-06-29T22:00,19.6,0,0.00
2024-06-29T23:00,18.7,0,0.00
2024-06-30T00:00,18.0,1,0.00
2024-06-30T01:00,17.3,3,0.00
2024-06-30T02:00,17.0,3,0.00
2024-06-30T03:00,18.2,3,0.00
2024-06-30T04:00,17.6,3,0.00
2024-06-30T05:00,16.9,3,0.00
2024-06-30T06:00,16.1,3,0.00
2024-06-30T07:00,15.3,3,0.00
2024-06-30T08:00,15.6,3,0.00
2024-06-30T09:00,16.6,3,0.00
2024-06-30T10:00,18.3,3,0.00
2024-06-30T11:00,19.5,3,0.00
2024-06-30T12:00,21.1,51,0.10
2024-06-30T13:00,22.1,3,0.00
2024-06-30T14:00,23.5,3,0.00
2024-06-30T15:00,24.9,3,0.00
2024-06-30T16:00,25.3,3,0.00
2024-06-30T17:00,25.5,3,0.00
2024-06-30T18:00,25.2,3,0.00
2024-06-30T19:00,25.4,1,0.00
2024-06-30T20:00,24.6,1,0.00
2024-06-30T21:00,23.6,0,0.00
2024-06-30T22:00,21.0,0,0.00
2024-06-30T23:00,18.7,0,0.00
2024-07-01T00:00,17.6,0,0.00
2024-07-01T01:00,16.6,0,0.00
2024-07-01T02:00,16.6,1,0.00
2024-07-01T03:00,15.7,0,0.00
2024-07-01T04:00,15.7,0,0.00
2024-07-01T05:00,15.4,0,0.00
2024-07-01T06:00,15.0,2,0.00
2024-07-01T07:00,14.9,0,0.00
2024-07-01T08:00,16.3,1,0.00
2024-07-01T09:00,18.8,0,0.00
2024-07-01T10:00,20.4,0,0.00
2024-07-01T11:00,22.5,1,0.00
2024-07-01T12:00,23.9,51,0.10
2024-07-01T13:00,25.0,51,0.20
2024-07-01T14:00,26.1,51,0.10
2024-07-01T15:00,27.3,0,0.00
2024-07-01T16:00,29.3,1,0.00
2024-07-01T17:00,30.0,3,0.00
2024-07-01T18:00,29.7,1,0.00
2024-07-01T19:00,29.1,0,0.00
2024-07-01T20:00,27.6,0,0.00
2024-07-01T21:00,25.9,0,0.00
2024-07-01T22:00,23.0,0,0.00
2024-07-01T23:00,21.3,0,0.00
2024-07-02T00:00,19.8,0,0.00
2024-07-02T01:00,19.1,0,0.00
2024-07-02T02:00,18.0,0,0.00
2024-07-02T03:00,17.4,0,0.00
2024-07-02T04:00,16.4,0,0.00
2024-07-02T05:00,15.4,0,0.00
2024-07-02T06:00,14.5,0,0.00
2024-07-02T07:00,13.9,0,0.00
2024-07-02T08:00,14.9,0,0.00
2024-07-02T09:00,16.8,0,0.00
2024-07-02T10:00,19.3,0,0.00
2024-07-02T11:00,21.6,0,0.00
2024-07-02T12:00,23.8,0,0.00
2024-07-02T13:00,26.0,0,0.00
2024-07-02T14:00,27.7,0,0.00
2024-07-02T15:00,29.5,0,0.00
2024-07-02T16:00,30.8,1,0.00
2024-07-02T17:00,32.5,3,0.00
2024-07-02T18:00,32.6,3,0.00
2024-07-02T19:00,30.1,0,0.00
2024-07-02T20:00,29.2,0,0.00
2024-07-02T21:00,27.4,0,0.00
2024-07-02T22:00,24.9,0,0.00
2024-07-02T23:00,23.3,0,0.00
2024-07-03T00:00,22.0,3,0.00
2024-07-03T01:00,20.7,2,0.00
2024-07-03T02:00,19.3,1,0.00
2024-07-03T03:00,18.9,0,0.00
2024-07-03T04:00,17.6,1,0.00
2024-07-03T05:00,16.4,0,0.00
2024-07-03T06:00,15.5,1,0.00
2024-07-03T07:00,14.6,2,0.00
2024-07-03T08:00,16.0,2,0.00
2024-07-03T09:00,18.6,0,0.00
2024-07-03T10:00,21.9,0,0.00
2024-07-03T11:00,25.0,1,0.00
2024-07-03T12:00,27.3,0,0.00
2024-07-03T13:00,29.4,0,0.00
2024-07-03T14:00,31.0,1,0.00
2024-07-03T15:00,32.0,0,0.00
2024-07-03T16:00,32.5,0,0.00
2024-07-03T17:00,32.9,0,0.00
2024-07-03T18:00,33.4,0,0.00
2024-07-03T19:00,33.4,0,0.00
2024-07-03T20:00,32.9,0,0.00
2024-07-03T21:00,31.1,0,0.00
2024-07-03T22:00,28.3,0,0.00
2024-07-03T23:00,25.9,0,0.00
2024-07-04T00:00,23.3,0,0.00
2024-07-04T01:00,22.6,0,0.00
2024-07-04T02:00,21.0,0,0.00
2024-07-04T03:00,20.4,0,0.00
2024-07-04T04:00,19.9,0,0.00
2024-07-04T05:00,19.5,0,0.00
2024-07-04T06:00,19.1,0,0.00
2024-07-04T07:00,18.7,0,0.00
2024-07-04T08:00,20.2,0,0.00
2024-07-04T09:00,23.1,0,0.00
2024-07-04T10:00,26.2,0,0.00
2024-07-04T11:00,29.2,0,0.00
2024-07-04T12:00,31.5,0,0.00
2024-07-04T13:00,33.2,0,0.00
2024-07-04T14:00,34.6,0,0.00
2024-07-04T15:00,35.9,0,0.00
2024-07-04T16:00,36.6,0,0.00
2024-07-04T17:00,37.0,0,0.00
2024-07-04T18:00,37.0,0,0.00
2024-07-04T19:00,36.6,0,0.00
2024-07-04T20:00,35.9,0,0.00
2024-07-04T21:00,33.8,0,0.00
2024-07-04T22:00,29.2,0,0.00
2024-07-04T23:00,28.4,1,0.00
2024-07-05T00:00,27.2,1,0.00
2024-07-05T01:00,26.0,3,0.00
2024-07-05T02:00,24.8,3,0.00
2024-07-05T03:00,24.1,0,0.00
2024-07-05T04:00,22.6,0,0.00
2024-07-05T05:00,21.6,0,0.00
2024-07-05T06:00,20.9,0,0.00
2024-07-05T07:00,20.3,0,0.00
2024-07-05T08:00,21.2,0,0.00
2024-07-05T09:00,24.2,0,0.00
2024-07-05T10:00,26.5,0,0.00
2024-07-05T11:00,28.5,0,0.00
2024-07-05T12:00,30.7,0,0.00
2024-07-05T13:00,32.8,0,0.00
2024-07-05T14:00,34.8,0,0.00
2024-07-05T15:00,36.5,1,0.00
2024-07-05T16:00,37.0,2,0.00
2024-07-05T17:00,36.2,2,0.00
2024-07-05T18:00,36.9,2,0.00
2024-07-05T19:00,36.3,2,0.00
2024-07-05T20:00,35.7,2,0.00
2024-07-05T21:00,33.9,3,0.00
2024-07-05T22:00,30.4,2,0.00
2024-07-05T23:00,27.3,2,0.00
2024-07-06T00:00,28.2,0,0.00
2024-07-06T01:00,25.8,0,0.00
2024-07-06T02:00,24.6,0,0.00
2024-07-06T03:00,24.7,0,0.00
2024-07-06T04:00,22.7,0,0.00
2024-07-06T05:00,22.1,0,0.00
2024-07-06T06:00,21.5,0,0.00
2024-07-06T07:00,20.9,0,0.00
2024-07-06T08:00,22.1,0,0.00
2024-07-06T09:00,24.3,0,0.00
2024-07-06T10:00,26.3,0,0.00
2024-07-06T11:00,28.1,0,0.00
2024-07-06T12:00,30.0,0,0.00
2024-07-06T13:00,31.5,0,0.00
2024-07-06T14:00,31.9,1,0.00
2024-07-06T15:00,32.6,1,0.00
2024-07-06T16:00,32.5,0,0.00
2024-07-06T17:00,32.7,0,0.00
2024-07-06T18:00,31.3,2,0.00
2024-07-06T19:00,29.5,1,0.00
2024-07-06T20:00,27.8,0,0.00
2024-07-06T21:00,26.8,0,0.00
2024-07-06T22:00,25.4,2,0.00
2024-07-06T23:00,22.8,2,0.00
2024-07-07T00:00,21.5,2,0.00
2024-07-07T01:00,19.8,1,0.00
2024-07-07T02:00,18.4,0,0.00
2024-07-07T03:00,18.1,0,0.00
2024-07-07T04:00,17.7,0,0.00
2024-07-07T05:00,17.2,0,0.00
2024-07-07T06:00,16.9,0,0.00
2024-07-07T07:00,16.6,0,0.00
2024-07-07T08:00,17.4,0,0.00
2024-07-07T09:00,19.5,0,0.00
2024-07-07T10:00,21.4,0,0.00
2024-07-07T11:00,23.5,0,0.00
2024-07-07T12:00,25.6,0,0.00
2024-07-07T13:00,27.8,0,0.00
2024-07-07T14:00,29.0,0,0.00
2024-07-07T15:00,29.8,0,0.00
2024-07-07T16:00,30.5,0,0.00
2024-07-07T17:00,30.7,0,0.00
2024-07-07T18:00,30.5,0,0.00
2024-07-07T19:00,30.2,0,0.00
2024-07-07T20:00,29.3,0,0.00
2024-07-07T21:00,27.8,0,0.00
2024-07-07T22:00,25.6,0,0.00
2024-07-07T23:00,24.5,0,0.00
2024-07-08T00:00,23.3,0,0.00
2024-07-08T01:00,22.2,0,0.00
2024-07-08T02:00,21.3,0,0.00
2024-07-08T03:00,20.7,0,0.00
2024-07-08T04:00,19.1,0,0.00
2024-07-08T05:00,19.0,0,0.00
2024-07-08T06:00,16.5,0,0.00
2024-07-08T07:00,16.5,2,0.00
2024-07-08T08:00,17.6,3,0.00
2024-07-08T09:00,20.0,2,0.00
2024-07-08T10:00,22.7,0,0.00
2024-07-08T11:00,25.5,3,0.00
2024-07-08T12:00,27.9,3,0.00
2024-07-08T13:00,29.4,3,0.00
2024-07-08T14:00,30.4,0,0.00
2024-07-08T15:00,31.0,0,0.00
2024-07-08T16:00,31.7,3,0.00
2024-07-08T17:00,31.9,2,0.00
2024-07-08T18:00,31.7,2,0.00
2024-07-08T19:00,31.0,1,0.00
2024-07-08T20:00,30.1,0,0.00
2024-07-08T21:00,29.2,0,0.00
2024-07-08T22:00,26.6,0,0.00
2024-07-08T23:00,25.1,0,0.00
2024-07-09T00:00,23.7,0,0.00
2024-07-09T01:00,22.2,0,0.00
2024-07-09T02:00,21.0,3,0.00
2024-07-09T03:00,20.7,3,0.00
2024-07-09T04:00,20.4,3,0.00
2024-07-09T05:00,20.3,0,0.00
2024-07-09T06:00,18.7,0,0.00
2024-07-09T07:00,17.8,1,0.00
2024-07-09T08:00,18.9,0,0.00
2024-07-09T09:00,21.3,1,0.00
2024-07-09T10:00,24.0,0,0.00
2024-07-09T11:00,26.0,0,0.00
2024-07-09T12:00,27.5,1,0.00
2024-07-09T13:00,28.9,2,0.00
2024-07-09T14:00,30.0,0,0.00
2024-07-09T15:00,30.6,2,0.00
2024-07-09T16:00,30.6,1,0.00
2024-07-09T17:00,31.3,1,0.00
2024-07-09T18:00,30.9,1,0.00
2024-07-09T19:00,30.3,0,0.00
2024-07-09T20:00,29.5,0,0.00
2024-07-09T21:00,28.0,0,0.00
2024-07-09T22:00,26.2,0,0.00
2024-07-09T23:00,24.9,0,0.00
2024-07-10T00:00,23.6,0,0.00
2024-07-10T01:00,22.7,0,0.00
2024-07-10T02:00,22.1,0,0.00
2024-07-10T03:00,21.7,0,0.00
2024-07-10T04:00,20.8,0,0.00
2024-07-10T05:00,20.0,0,0.00
2024-07-10T06:00,19.1,0,0.00
2024-07-10T07:00,18.3,0,0.00
2024-07-10T08:00,19.0,0,0.00
2024-07-10T09:00,21.0,0,0.00
2024-07-10T10:00,23.5,0,0.00
2024-07-10T11:00,26.0,0,0.00
2024-07-10T12:00,28.3,0,0.00
2024-07-10T13:00,30.0,0,0.00
2024-07-10T14:00,31.1,0,0.00
2024-07-10T15:00,32.3,0,0.00
2024-07-10T16:00,33.3,0,0.00
2024-07-10T17:00,33.9,0,0.00
2024-07-10T18:00,33.7,0,0.00
2024-07-10T19:00,33.2,0,0.00
2024-07-10T20:00,32.6,0,0.00
2024-07-10T21:00,31.3,0,0.00
2024-07-10T22:00,29.1,0,0.00
2024-07-10T23:00,27.6,0,0.00
2024-07-11T00:00,26.5,0,0.00
2024-07-11T01:00,25.4,0,0.00
2024-07-11T02:00,24.3,0,0.00
2024-07-11T03:00,23.1,1,0.00
2024-07-11T04:00,22.1,0,0.00
2024-07-11T05:00,20.8,0,0.00
2024-07-11T06:00,20.3,0,0.00
2024-07-11T07:00,19.2,0,0.00
2024-07-11T08:00,20.9,0,0.00
2024-07-11T09:00,23.4,0,0.00
2024-07-11T10:00,26.5,0,0.00
2024-07-11T11:00,29.2,0,0.00
2024-07-11T12:00,30.9,0,0.00
2024-07-11T13:00,32.5,0,0.00
2024-07-11T14:00,33.8,0,0.00
2024-07-11T15:00,34.4,0,0.00
2024-07-11T16:00,34.7,0,0.00
2024-07-11T17:00,35.3,0,0.00
2024-07-11T18:00,34.8,0,0.00
2024-07-11T19:00,33.8,0,0.00
2024-07-11T20:00,32.7,0,0.00
2024-07-11T21:00,30.9,0,0.00
2024-07-11T22:00,28.9,0,0.00
2024-07-11T23:00,27.7,0,0.00
2024-07-12T00:00,26.4,0,0.00
2024-07-12T01:00,25.5,0,0.00
2024-07-12T02:00,24.6,0,0.00
2024-07-12T03:00,23.0,0,0.00
2024-07-12T04:00,21.7,0,0.00
2024-07-12T05:00,20.1,0,0.00
2024-07-12T06:00,18.5,0,0.00
2024-07-12T07:00,17.9,0,0.00
2024-07-12T08:00,19.1,0,0.00
2024-07-12T09:00,22.4,0,0.00
2024-07-12T10:00,24.6,0,0.00
2024-07-12T11:00,26.6,0,0.00
2024-07-12T12:00,28.3,0,0.00
2024-07-12T13:00,29.9,0,0.00
2024-07-12T14:00,31.3,0,0.00
2024-07-12T15:00,32.4,0,0.00
2024-07-12T16:00,33.0,0,0.00
2024-07-12T17:00,33.4,0,0.00
2024-07-12T18:00,33.5,0,0.00
2024-07-12T19:00,32.8,0,0.00
2024-07-12T20:00,31.5,0,0.00
2024-07-12T21:00,30.0,0,0.00
2024-07-12T22:00,27.2,0,0.00
2024-07-12T23:00,25.2,0,0.00
2024-07-13T00:00,24.7,0,0.00
2024-07-13T01:00,23.1,0,0.00
2024-07-13T02:00,20.8,0,0.00
2024-07-13T03:00,20.2,0,0.00
2024-07-13T04:00,19.3,0,0.00
2024-07-13T05:00,18.7,0,0.00
2024-07-13T06:00,18.4,0,0.00
2024-07-13T07:00,18.0,3,0.00
2024-07-13T08:00,18.7,3,0.00
2024-07-13T09:00,20.8,0,0.00
2024-07-13T10:00,22.9,0,0.00
2024-07-13T11:00,25.3,0,0.00
2024-07-13T12:00,27.8,2,0.00
2024-07-13T13:00,30.1,3,0.00
2024-07-13T14:00,31.7,2,0.00
2024-07-13T15:00,32.6,0,0.00
2024-07-13T16:00,33.1,2,0.00
2024-07-13T17:00,33.2,1,0.00
2024-07-13T18:00,32.6,2,0.00
2024-07-13T19:00,32.0,0,0.00
2024-07-13T20:00,31.1,0,0.00
2024-07-13T21:00,29.5,0,0.00
2024-07-13T22:00,27.7,0,0.00
2024-07-13T23:00,26.2,0,0.00
2024-07-14T00:00,24.8,3,0.00
2024-07-14T01:00,23.7,3,0.00
2024-07-14T02:00,22.9,2,0.00
2024-07-14T03:00,21.9,0,0.00
2024-07-14T04:00,21.0,1,0.00
2024-07-14T05:00,20.1,0,0.00
2024-07-14T06:00,19.2,0,0.00
2024-07-14T07:00,18.3,0,0.00
2024-07-14T08:00,18.8,0,0.00
2024-07-14T09:00,20.8,0,0.00
2024-07-14T10:00,23.3,0,0.00
2024-07-14T11:00,25.7,0,0.00
2024-07-14T12:00,27.5,0,0.00
2024-07-14T13:00,28.9,0,0.00
2024-07-14T14:00,30.2,0,0.00
2024-07-14T15:00,31.1,0,0.00
2024-07-14T16:00,31.6,0,0.00
2024-07-14T17:00,31.8,0,0.00
2024-07-14T18:00,31.6,0,0.00
2024-07-14T19:00,30.9,0,0.00
2024-07-14T20:00,30.0,0,0.00
2024-07-14T21:00,28.7,0,0.00
2024-07-14T22:00,26.6,0,0.00
2024-07-14T23:00,25.3,0,0.00
2024-07-15T00:00,24.2,1,0.00
2024-07-15T01:00,23.1,0,0.00
2024-07-15T02:00,22.1,0,0.00
2024-07-15T03:00,22.2,0,0.00
2024-07-15T04:00,21.3,0,0.00
2024-07-15T05:00,20.4,0,0.00
2024-07-15T06:00,19.9,0,0.00
2024-07-15T07:00,19.4,0,0.00
2024-07-15T08:00,19.8,0,0.00
2024-07-15T09:00,21.2,1,0.00
2024-07-15T10:00,22.9,2,0.00
2024-07-15T11:00,24.4,2,0.00
2024-07-15T12:00,26.2,0,0.00
2024-07-15T13:00,27.8,1,0.00
2024-07-15T14:00,29.3,1,0.00
2024-07-15T15:00,29.4,51,0.10
2024-07-15T16:00,28.9,0,0.00
2024-07-15T17:00,28.6,0,0.00
2024-07-15T18:00,28.8,0,0.00
2024-07-15T19:00,28.3,0,0.00
2024-07-15T20:00,27.3,0,0.00
2024-07-15T21:00,25.9,0,0.00
2024-07-15T22:00,24.1,0,0.00
2024-07-15T23:00,23.1,0,0.00
2024-07-16T00:00,22.2,0,0.00
2024-07-16T01:00,21.2,0,0.00
2024-07-16T02:00,20.4,0,0.00
2024-07-16T03:00,19.2,0,0.00
2024-07-16T04:00,18.4,0,0.00
2024-07-16T05:00,18.2,0,0.00
2024-07-16T06:00,15.8,0,0.00
2024-07-16T07:00,14.8,0,0.00
2024-07-16T08:00,16.8,0,0.00
2024-07-16T09:00,20.0,0,0.00
2024-07-16T10:00,22.7,0,0.00
2024-07-16T11:00,24.9,0,0.00
2024-07-16T12:00,27.0,0,0.00
2024-07-16T13:00,28.8,0,0.00
2024-07-16T14:00,30.2,0,0.00
2024-07-16T15:00,30.9,0,0.00
2024-07-16T16:00,31.7,0,0.00
2024-07-16T17:00,32.1,3,0.00
2024-07-16T18:00,32.2,2,0.00
2024-07-16T19:00,31.8,0,0.00
2024-07-16T20:00,31.0,0,0.00
2024-07-16T21:00,29.7,0,0.00
2024-07-16T22:00,26.0,0,0.00
2024-07-16T23:00,23.4,2,0.00
2024-07-17T00:00,24.5,0,0.00
2024-07-17T01:00,24.6,0,0.00
2024-07-17T02:00,22.8,0,0.00
2024-07-17T03:00,18.2,0,0.00
2024-07-17T04:00,18.7,0,0.00
2024-07-17T05:00,18.0,0,0.00
2024-07-17T06:00,17.3,0,0.00
2024-07-17T07:00,17.0,1,0.00
2024-07-17T08:00,18.4,3,0.00
2024-07-17T09:00,21.5,3,0.00
2024-07-17T10:00,23.5,3,0.00
2024-07-17T11:00,25.9,3,0.00
2024-07-17T12:00,28.8,3,0.00
2024-07-17T13:00,31.1,3,0.00
2024-07-17T14:00,32.9,1,0.00
2024-07-17T15:00,33.8,0,0.00
2024-07-17T16:00,34.7,0,0.00
2024-07-17T17:00,34.9,0,0.00
2024-07-17T18:00,34.8,0,0.00
2024-07-17T19:00,34.5,0,0.00
2024-07-17T20:00,33.6,0,0.00
2024-07-17T21:00,32.0,0,0.00
2024-07-17T22:00,28.3,0,0.00
2024-07-17T23:00,27.4,0,0.00
2024-07-18T00:00,24.6,0,0.00
2024-07-18T01:00,23.1,0,0.00
2024-07-18T02:00,22.2,0,0.00
2024-07-18T03:00,22.8,0,0.00
2024-07-18T04:00,21.0,0,0.00
2024-07-18T05:00,19.4,0,0.00
2024-07-18T06:00,19.7,0,0.00
2024-07-18T07:00,18.9,0,0.00
2024-07-18T08:00,19.9,0,0.00
2024-07-18T09:00,22.9,0,0.00
2024-07-18T10:00,25.6,0,0.00
2024-07-18T11:00,28.6,0,0.00
2024-07-18T12:00,31.5,0,0.00
2024-07-18T13:00,33.8,0,0.00
2024-07-18T14:00,35.3,0,0.00
2024-07-18T15:00,35.7,0,0.00
2024-07-18T16:00,36.4,3,0.00
2024-07-18T17:00,35.9,2,0.00
2024-07-18T18:00,36.2,2,0.00
2024-07-18T19:00,35.3,3,0.00
2024-07-18T20:00,34.2,3,0.00
2024-07-18T21:00,33.0,3,0.00
2024-07-18T22:00,30.9,3,0.00
2024-07-18T23:00,30.5,3,0.00
2024-07-19T00:00,28.9,3,0.00
2024-07-19T01:00,27.8,1,0.00
2024-07-19T02:00,25.8,0,0.00
2024-07-19T03:00,23.3,0,0.00
2024-07-19T04:00,22.6,0,0.00
2024-07-19T05:00,21.2,0,0.00
2024-07-19T06:00,23.6,0,0.00
2024-07-19T07:00,19.7,0,0.00
2024-07-19T08:00,21.7,0,0.00
2024-07-19T09:00,25.1,0,0.00
2024-07-19T10:00,28.2,0,0.00
2024-07-19T11:00,31.0,0,0.00
2024-07-19T12:00,33.6,0,0.00
2024-07-19T13:00,35.2,0,0.00
2024-07-19T14:00,36.2,0,0.00
2024-07-19T15:00,36.9,0,0.00
2024-07-19T16:00,37.4,0,0.00
2024-07-19T17:00,37.4,0,0.00
2024-07-19T18:00,37.3,0,0.00
2024-07-19T19:00,36.7,0,0.00
2024-07-19T20:00,35.5,0,0.00
2024-07-19T21:00,34.0,0,0.00
2024-07-19T22:00,31.3,0,0.00
2024-07-19T23:00,29.4,0,0.00
2024-07-20T00:00,27.8,0,0.00
2024-07-20T01:00,26.4,0,0.00
2024-07-20T02:00,23.9,0,0.00
2024-07-20T03:00,22.5,0,0.00
2024-07-20T04:00,21.8,0,0.00
2024-07-20T05:00,21.3,0,0.00
2024-07-20T06:00,20.8,0,0.00
2024-07-20T07:00,19.9,0,0.00
2024-07-20T08:00,20.6,0,0.00
2024-07-20T09:00,23.3,0,0.00
2024-07-20T10:00,26.3,0,0.00
2024-07-20T11:00,29.0,0,0.00
2024-07-20T12:00,30.7,0,0.00
2024-07-20T13:00,32.0,0,0.00
2024-07-20T14:00,33.1,0,0.00
2024-07-20T15:00,34.2,0,0.00
2024-07-20T16:00,34.4,2,0.00
2024-07-20T17:00,34.0,2,0.00
2024-07-20T18:00,33.8,2,0.00
2024-07-20T19:00,33.2,3,0.00
2024-07-20T20:00,31.9,3,0.00
2024-07-20T21:00,31.1,3,0.00
2024-07-20T22:00,28.4,1,0.00
2024-07-20T23:00,27.0,0,0.00
2024-07-21T00:00,26.0,0,0.00
2024-07-21T01:00,24.8,0,0.00
2024-07-21T02:00,23.6,0,0.00
2024-07-21T03:00,21.6,0,0.00
2024-07-21T04:00,21.2,0,0.00
2024-07-21T05:00,20.8,2,0.00
2024-07-21T06:00,20.0,2,0.00
2024-07-21T07:00,19.1,1,0.00
2024-07-21T08:00,19.4,0,0.00
2024-07-21T09:00,21.2,0,0.00
2024-07-21T10:00,22.8,0,0.00
2024-07-21T11:00,24.6,0,0.00
2024-07-21T12:00,26.4,0,0.00
2024-07-21T13:00,28.1,0,0.00
2024-07-21T14:00,29.9,0,0.00
2024-07-21T15:00,30.9,0,0.00
2024-07-21T16:00,31.8,0,0.00
2024-07-21T17:00,32.6,0,0.00
2024-07-21T18:00,32.8,0,0.00
2024-07-21T19:00,32.7,0,0.00
2024-07-21T20:00,31.8,0,0.00
2024-07-21T21:00,29.2,0,0.00
2024-07-21T22:00,26.8,0,0.00
2024-07-21T23:00,25.3,0,0.00
2024-07-22T00:00,24.3,0,0.00
2024-07-22T01:00,23.0,0,0.00
2024-07-22T02:00,21.2,0,0.00
2024-07-22T03:00,20.2,0,0.00
2024-07-22T04:00,18.9,0,0.00
2024-07-22T05:00,18.0,0,0.00
2024-07-22T06:00,17.2,0,0.00
2024-07-22T07:00,16.4,0,0.00
2024-07-22T08:00,16.9,0,0.00
2024-07-22T09:00,19.3,0,0.00
2024-07-22T10:00,22.2,0,0.00
2024-07-22T11:00,25.5,0,0.00
2024-07-22T12:00,28.3,0,0.00
2024-07-22T13:00,30.6,0,0.00
2024-07-22T14:00,32.5,0,0.00
2024-07-22T15:00,34.0,0,0.00
2024-07-22T16:00,35.0,0,0.00
2024-07-22T17:00,35.5,0,0.00
2024-07-22T18:00,35.6,0,0.00
2024-07-22T19:00,35.2,0,0.00
2024-07-22T20:00,34.5,0,0.00
2024-07-22T21:00,32.6,0,0.00
2024-07-22T22:00,28.6,0,0.00
2024-07-22T23:00,27.7,0,0.00
2024-07-23T00:00,26.8,0,0.00
2024-07-23T01:00,25.6,0,0.00
2024-07-23T02:00,25.4,0,0.00
2024-07-23T03:00,23.7,0,0.00
2024-07-23T04:00,23.0,0,0.00
2024-07-23T05:00,22.2,0,0.00
2024-07-23T06:00,21.4,0,0.00
2024-07-23T07:00,20.7,0,0.00
2024-07-23T08:00,21.2,0,0.00
2024-07-23T09:00,24.0,0,0.00
2024-07-23T10:00,27.2,0,0.00
2024-07-23T11:00,29.6,0,0.00
2024-07-23T12:00,31.9,0,0.00
2024-07-23T13:00,34.2,0,0.00
2024-07-23T14:00,36.1,0,0.00
2024-07-23T15:00,37.2,0,0.00
2024-07-23T16:00,38.1,0,0.00
2024-07-23T17:00,38.7,0,0.00
2024-07-23T18:00,38.7,0,0.00
2024-07-23T19:00,38.2,0,0.00
2024-07-23T20:00,37.3,0,0.00
2024-07-23T21:00,35.0,0,0.00
2024-07-23T22:00,33.4,0,0.00
2024-07-23T23:00,29.4,0,0.00
2024-07-24T00:00,28.6,0,0.00
2024-07-24T01:00,27.5,0,0.00
2024-07-24T02:00,25.7,0,0.00
2024-07-24T03:00,25.9,0,0.00
2024-07-24T04:00,25.8,0,0.00
2024-07-24T05:00,25.2,0,0.00
2024-07-24T06:00,24.8,0,0.00
2024-07-24T07:00,24.1,0,0.00
2024-07-24T08:00,24.9,0,0.00
2024-07-24T09:00,27.3,0,0.00
2024-07-24T10:00,29.6,0,0.00
2024-07-24T11:00,32.0,0,0.00
2024-07-24T12:00,34.5,0,0.00
2024-07-24T13:00,36.9,0,0.00
2024-07-24T14:00,38.3,0,0.00
2024-07-24T15:00,38.8,0,0.00
2024-07-24T16:00,39.1,0,0.00
2024-07-24T17:00,39.1,1,0.00
2024-07-24T18:00,38.7,1,0.00
2024-07-24T19:00,38.4,0,0.00
2024-07-24T20:00,37.8,0,0.00
2024-07-24T21:00,36.5,0,0.00
2024-07-24T22:00,34.3,0,0.00
2024-07-24T23:00,33.3,0,0.00
2024-07-25T00:00,30.4,0,0.00
2024-07-25T01:00,31.8,0,0.00
2024-07-25T02:00,27.6,0,0.00
2024-07-25T03:00,27.3,0,0.00
2024-07-25T04:00,26.8,0,0.00
2024-07-25T05:00,26.6,0,0.00
2024-07-25T06:00,26.1,0,0.00
2024-07-25T07:00,25.3,0,0.00
2024-07-25T08:00,25.6,0,0.00
2024-07-25T09:00,27.4,0,0.00
2024-07-25T10:00,29.5,0,0.00
2024-07-25T11:00,31.9,0,0.00
2024-07-25T12:00,34.2,0,0.00
2024-07-25T13:00,36.2,0,0.00
2024-07-25T14:00,37.8,0,0.00
2024-07-25T15:00,38.6,0,0.00
2024-07-25T16:00,38.9,0,0.00
2024-07-25T17:00,38.7,1,0.00
2024-07-25T18:00,38.5,0,0.00
2024-07-25T19:00,38.0,0,0.00
2024-07-25T20:00,37.2,0,0.00
2024-07-25T21:00,35.6,0,0.00
2024-07-25T22:00,32.6,0,0.00
2024-07-25T23:00,31.2,0,0.00
2024-07-26T00:00,30.0,0,0.00
2024-07-26T01:00,27.9,0,0.00
2024-07-26T02:00,28.2,0,0.00
2024-07-26T03:00,26.5,0,0.00
2024-07-26T04:00,25.6,0,0.00
2024-07-26T05:00,24.5,0,0.00
2024-07-26T06:00,23.8,0,0.00
2024-07-26T07:00,23.1,0,0.00
2024-07-26T08:00,23.6,0,0.00
2024-07-26T09:00,25.7,0,0.00
2024-07-26T10:00,27.5,0,0.00
2024-07-26T11:00,29.5,0,0.00
2024-07-26T12:00,31.6,0,0.00
2024-07-26T13:00,33.7,0,0.00
2024-07-26T14:00,35.4,0,0.00
2024-07-26T15:00,36.3,1,0.00
2024-07-26T16:00,36.9,1,0.00
2024-07-26T17:00,37.7,0,0.00
2024-07-26T18:00,37.8,1,0.00
2024-07-26T19:00,37.0,3,0.00
2024-07-26T20:00,35.8,3,0.00
2024-07-26T21:00,32.2,1,0.00
2024-07-26T22:00,31.5,1,0.00
2024-07-26T23:00,31.3,1,0.00
2024-07-27T00:00,30.6,3,0.00
2024-07-27T01:00,30.3,2,0.00
2024-07-27T02:00,28.6,1,0.00
2024-07-27T03:00,27.4,0,0.00
2024-07-27T04:00,26.1,0,0.00
2024-07-27T05:00,25.0,0,0.00
2024-07-27T06:00,24.2,0,0.00
2024-07-27T07:00,23.6,0,0.00
2024-07-27T08:00,23.9,0,0.00
2024-07-27T09:00,25.7,1,0.00
2024-07-27T10:00,27.8,0,0.00
2024-07-27T11:00,30.1,0,0.00
2024-07-27T12:00,32.3,0,0.00
2024-07-27T13:00,34.3,0,0.00
2024-07-27T14:00,36.2,1,0.00
2024-07-27T15:00,36.4,1,0.00
2024-07-27T16:00,37.2,0,0.00
2024-07-27T17:00,37.5,0,0.00
2024-07-27T18:00,37.2,1,0.00
2024-07-27T19:00,36.7,2,0.00
2024-07-27T20:00,35.6,2,0.00
2024-07-27T21:00,34.5,3,0.00
2024-07-27T22:00,32.1,2,0.00
2024-07-27T23:00,31.9,1,0.00
2024-07-28T00:00,30.8,1,0.00
2024-07-28T01:00,29.5,2,0.00
2024-07-28T02:00,29.1,0,0.00
2024-07-28T03:00,27.2,0,0.00
2024-07-28T04:00,26.1,0,0.00
2024-07-28T05:00,25.3,0,0.00
2024-07-28T06:00,24.7,0,0.00
2024-07-28T07:00,24.0,0,0.00
2024-07-28T08:00,24.4,0,0.00
2024-07-28T09:00,26.2,0,0.00
2024-07-28T10:00,28.0,0,0.00
2024-07-28T11:00,30.2,0,0.00
2024-07-28T12:00,32.3,0,0.00
2024-07-28T13:00,34.4,0,0.00
2024-07-28T14:00,36.1,0,0.00
2024-07-28T15:00,37.0,0,0.00
2024-07-28T16:00,37.9,0,0.00
2024-07-28T17:00,38.6,1,0.00
2024-07-28T18:00,38.5,2,0.00
2024-07-28T19:00,38.0,3,0.00
2024-07-28T20:00,36.9,3,0.00
2024-07-28T21:00,36.0,3,0.00
2024-07-28T22:00,30.3,3,0.00
2024-07-28T23:00,32.2,3,0.00
2024-07-29T00:00,30.7,3,0.00
2024-07-29T01:00,28.9,2,0.00
2024-07-29T02:00,26.4,3,0.00
2024-07-29T03:00,27.2,2,0.00
2024-07-29T04:00,26.4,0,0.00
2024-07-29T05:00,25.5,3,0.00
2024-07-29T06:00,24.8,3,0.00
2024-07-29T07:00,24.2,2,0.00
2024-07-29T08:00,24.3,2,0.00
2024-07-29T09:00,26.2,3,0.00
2024-07-29T10:00,27.7,3,0.00
2024-07-29T11:00,29.8,3,0.00
2024-07-29T12:00,31.2,3,0.00
2024-07-29T13:00,32.4,3,0.00
2024-07-29T14:00,33.3,3,0.00
2024-07-29T15:00,34.6,3,0.00
2024-07-29T16:00,33.8,51,0.10
2024-07-29T17:00,34.4,2,0.00
2024-07-29T18:00,35.0,3,0.00
2024-07-29T19:00,33.4,3,0.00
2024-07-29T20:00,34.0,3,0.00
2024-07-29T21:00,32.8,2,0.00
2024-07-29T22:00,30.2,1,0.00
2024-07-29T23:00,28.9,1,0.00
2024-07-30T00:00,28.1,3,0.00
2024-07-30T01:00,27.8,1,0.00
2024-07-30T02:00,27.0,0,0.00
2024-07-30T03:00,25.4,0,0.00
2024-07-30T04:00,24.7,0,0.00
2024-07-30T05:00,24.0,3,0.00
2024-07-30T06:00,24.0,1,0.00
2024-07-30T07:00,23.5,1,0.00
2024-07-30T08:00,24.1,2,0.00
2024-07-30T09:00,26.8,1,0.00
2024-07-30T10:00,27.1,53,0.50
2024-07-30T11:00,29.7,1,0.00
2024-07-30T12:00,31.6,0,0.00
2024-07-30T13:00,34.2,0,0.00
2024-07-30T14:00,36.2,0,0.00
2024-07-30T15:00,36.7,0,0.00
2024-07-30T16:00,37.1,0,0.00
2024-07-30T17:00,37.6,0,0.00
2024-07-30T18:00,37.4,0,0.00
2024-07-30T19:00,36.9,0,0.00
2024-07-30T20:00,35.5,0,0.00
2024-07-30T21:00,34.1,0,0.00
2024-07-30T22:00,31.0,0,0.00
2024-07-30T23:00,29.6,0,0.00
2024-07-31T00:00,27.5,0,0.00
2024-07-31T01:00,26.7,0,0.00
2024-07-31T02:00,24.8,0,0.00
2024-07-31T03:00,25.0,0,0.00
2024-07-31T04:00,24.1,0,0.00
2024-07-31T05:00,22.9,0,0.00
2024-07-31T06:00,21.9,0,0.00
2024-07-31T07:00,22.7,0,0.00
2024-07-31T08:00,22.4,0,0.00
2024-07-31T09:00,24.9,0,0.00
2024-07-31T10:00,27.9,0,0.00
2024-07-31T11:00,31.0,0,0.00
2024-07-31T12:00,32.7,0,0.00
2024-07-31T13:00,34.0,0,0.00
2024-07-31T14:00,35.2,0,0.00
2024-07-31T15:00,35.7,0,0.00
2024-07-31T16:00,36.2,0,0.00
2024-07-31T17:00,36.4,0,0.00
2024-07-31T18:00,36.3,0,0.00
2024-07-31T19:00,35.9,0,0.00
2024-07-31T20:00,34.8,0,0.00
2024-07-31T21:00,33.0,0,0.00
2024-07-31T22:00,30.6,0,0.00
2024-07-31T23:00,29.1,0,0.00
2024-08-01T00:00,28.2,0,0.00
2024-08-01T01:00,27.2,0,0.00
2024-08-01T02:00,26.0,0,0.00
2024-08-01T03:00,22.5,0,0.00
2024-08-01T04:00,22.1,0,0.00
2024-08-01T05:00,21.5,0,0.00
2024-08-01T06:00,21.6,0,0.00
2024-08-01T07:00,21.3,0,0.00
2024-08-01T08:00,20.2,0,0.00
2024-08-01T09:00,23.7,0,0.00
2024-08-01T10:00,27.1,0,0.00
2024-08-01T11:00,30.5,0,0.00
2024-08-01T12:00,33.1,0,0.00
2024-08-01T13:00,34.8,0,0.00
2024-08-01T14:00,35.9,0,0.00
2024-08-01T15:00,36.5,0,0.00
2024-08-01T16:00,37.0,0,0.00
2024-08-01T17:00,37.1,0,0.00
2024-08-01T18:00,36.8,0,0.00
2024-08-01T19:00,36.3,0,0.00
2024-08-01T20:00,35.3,0,0.00
2024-08-01T21:00,33.4,0,0.00
2024-08-01T22:00,30.9,0,0.00
2024-08-01T23:00,29.7,0,0.00
2024-08-02T00:00,28.8,0,0.00
2024-08-02T01:00,27.7,0,0.00
2024-08-02T02:00,26.7,0,0.00
2024-08-02T03:00,24.9,0,0.00
2024-08-02T04:00,23.7,0,0.00
2024-08-02T05:00,22.5,0,0.00
2024-08-02T06:00,21.6,0,0.00
2024-08-02T07:00,21.1,0,0.00
2024-08-02T08:00,21.9,0,0.00
2024-08-02T09:00,24.4,0,0.00
2024-08-02T10:00,26.3,0,0.00
2024-08-02T11:00,28.7,0,0.00
2024-08-02T12:00,30.7,0,0.00
2024-08-02T13:00,30.7,51,0.20
2024-08-02T14:00,31.4,1,0.00
2024-08-02T15:00,32.4,51,0.30
2024-08-02T16:00,33.7,0,0.00
2024-08-02T17:00,34.1,0,0.00
2024-08-02T18:00,34.1,0,0.00
2024-08-02T19:00,33.3,1,0.00
2024-08-02T20:00,31.3,0,0.00
2024-08-02T21:00,30.7,0,0.00
2024-08-02T22:00,28.9,0,0.00
2024-08-02T23:00,26.9,0,0.00
2024-08-03T00:00,26.2,0,0.00
2024-08-03T01:00,25.5,0,0.00
2024-08-03T02:00,24.0,0,0.00
2024-08-03T03:00,23.0,0,0.00
2024-08-03T04:00,21.8,0,0.00
2024-08-03T05:00,20.6,0,0.00
2024-08-03T06:00,19.9,0,0.00
2024-08-03T07:00,19.3,0,0.00
2024-08-03T08:00,19.6,0,0.00
2024-08-03T09:00,21.5,0,0.00
2024-08-03T10:00,24.4,0,0.00
2024-08-03T11:00,27.6,0,0.00
2024-08-03T12:00,30.1,0,0.00
2024-08-03T13:00,32.2,0,0.00
2024-08-03T14:00,33.8,0,0.00
2024-08-03T15:00,35.2,0,0.00
2024-08-03T16:00,35.7,0,0.00
2024-08-03T17:00,35.9,0,0.00
2024-08-03T18:00,35.6,0,0.00
2024-08-03T19:00,35.2,0,0.00
2024-08-03T20:00,34.6,0,0.00
2024-08-03T21:00,33.0,0,0.00
2024-08-03T22:00,29.8,0,0.00
2024-08-03T23:00,29.0,0,0.00
2024-08-04T00:00,27.8,0,0.00
2024-08-04T01:00,27.0,0,0.00
2024-08-04T02:00,26.4,0,0.00
2024-08-04T03:00,25.1,0,0.00
2024-08-04T04:00,24.2,0,0.00
2024-08-04T05:00,23.6,0,0.00
2024-08-04T06:00,23.0,0,0.00
2024-08-04T07:00,22.5,0,0.00
2024-08-04T08:00,22.6,0,0.00
2024-08-04T09:00,24.8,0,0.00
2024-08-04T10:00,27.3,0,0.00
2024-08-04T11:00,29.3,0,0.00
2024-08-04T12:00,31.5,0,0.00
2024-08-04T13:00,33.7,0,0.00
2024-08-04T14:00,35.5,0,0.00
2024-08-04T15:00,36.8,0,0.00
2024-08-04T16:00,37.4,0,0.00
2024-08-04T17:00,37.3,0,0.00
2024-08-04T18:00,37.1,0,0.00
2024-08-04T19:00,36.3,0,0.00
2024-08-04T20:00,35.7,0,0.00
2024-08-04T21:00,34.1,0,0.00
2024-08-04T22:00,31.2,0,0.00
2024-08-04T23:00,29.5,0,0.00
2024-08-05T00:00,27.9,0,0.00
2024-08-05T01:00,29.6,0,0.00
2024-08-05T02:00,29.3,0,0.00
2024-08-05T03:00,26.2,0,0.00
2024-08-05T04:00,25.6,0,0.00
2024-08-05T05:00,25.1,0,0.00
2024-08-05T06:00,25.0,0,0.00
2024-08-05T07:00,24.3,0,0.00
2024-08-05T08:00,24.2,0,0.00
2024-08-05T09:00,26.2,0,0.00
2024-08-05T10:00,28.4,0,0.00
2024-08-05T11:00,30.7,0,0.00
2024-08-05T12:00,33.1,0,0.00
2024-08-05T13:00,35.2,0,0.00
2024-08-05T14:00,36.8,0,0.00
2024-08-05T15:00,37.4,1,0.00
2024-08-05T16:00,37.6,0,0.00
2024-08-05T17:00,37.6,1,0.00
2024-08-05T18:00,37.4,0,0.00
2024-08-05T19:00,36.7,0,0.00
2024-08-05T20:00,35.9,0,0.00
2024-08-05T21:00,34.1,0,0.00
2024-08-05T22:00,32.2,0,0.00
2024-08-05T23:00,30.8,0,0.00
2024-08-06T00:00,29.7,0,0.00
2024-08-06T01:00,29.3,0,0.00
2024-08-06T02:00,28.4,0,0.00
2024-08-06T03:00,24.8,0,0.00
2024-08-06T04:00,23.7,0,0.00
2024-08-06T05:00,23.2,0,0.00
2024-08-06T06:00,21.4,0,0.00
2024-08-06T07:00,20.4,0,0.00
2024-08-06T08:00,20.9,0,0.00
2024-08-06T09:00,25.1,0,0.00
2024-08-06T10:00,29.0,0,0.00
2024-08-06T11:00,31.3,0,0.00
2024-08-06T12:00,33.8,0,0.00
2024-08-06T13:00,35.5,0,0.00
2024-08-06T14:00,36.3,0,0.00
2024-08-06T15:00,36.7,0,0.00
2024-08-06T16:00,37.0,0,0.00
2024-08-06T17:00,37.0,0,0.00
2024-08-06T18:00,37.0,0,0.00
2024-08-06T19:00,36.4,0,0.00
2024-08-06T20:00,35.4,0,0.00
2024-08-06T21:00,33.2,0,0.00
2024-08-06T22:00,30.6,2,0.00
2024-08-06T23:00,29.7,3,0.00
2024-08-07T00:00,28.8,3,0.00
2024-08-07T01:00,26.4,0,0.00
2024-08-07T02:00,25.0,0,0.00
2024-08-07T03:00,24.2,0,0.00
2024-08-07T04:00,22.6,2,0.00
2024-08-07T05:00,21.4,0,0.00
2024-08-07T06:00,21.1,0,0.00
2024-08-07T07:00,21.1,0,0.00
2024-08-07T08:00,21.5,0,0.00
2024-08-07T09:00,24.6,0,0.00
2024-08-07T10:00,27.5,0,0.00
2024-08-07T11:00,29.9,0,0.00
2024-08-07T12:00,32.2,0,0.00
2024-08-07T13:00,34.3,0,0.00
2024-08-07T14:00,35.9,0,0.00
2024-08-07T15:00,36.9,0,0.00
2024-08-07T16:00,37.3,0,0.00
2024-08-07T17:00,37.3,0,0.00
2024-08-07T18:00,37.1,0,0.00
2024-08-07T19:00,36.6,0,0.00
2024-08-07T20:00,35.5,0,0.00
2024-08-07T21:00,33.3,0,0.00
2024-08-07T22:00,30.8,0,0.00
2024-08-07T23:00,28.8,0,0.00
2024-08-08T00:00,27.9,0,0.00
2024-08-08T01:00,29.1,0,0.00
2024-08-08T02:00,26.7,0,0.00
2024-08-08T03:00,24.8,0,0.00
2024-08-08T04:00,24.3,0,0.00
2024-08-08T05:00,23.5,0,0.00
2024-08-08T06:00,22.9,0,0.00
2024-08-08T07:00,22.3,0,0.00
2024-08-08T08:00,22.5,0,0.00
2024-08-08T09:00,24.9,0,0.00
2024-08-08T10:00,27.5,0,0.00
2024-08-08T11:00,29.6,0,0.00
2024-08-08T12:00,31.7,0,0.00
2024-08-08T13:00,33.9,0,0.00
2024-08-08T14:00,35.8,0,0.00
2024-08-08T15:00,37.3,1,0.00
2024-08-08T16:00,38.2,0,0.00
2024-08-08T17:00,38.6,0,0.00
2024-08-08T18:00,38.4,0,0.00
2024-08-08T19:00,37.5,1,0.00
2024-08-08T20:00,36.3,2,0.00
2024-08-08T21:00,35.4,0,0.00
2024-08-08T22:00,32.1,0,0.00
2024-08-08T23:00,32.2,0,0.00
2024-08-09T00:00,31.8,0,0.00
2024-08-09T01:00,26.2,0,0.00
2024-08-09T02:00,26.2,0,0.00
2024-08-09T03:00,27.0,0,0.00
2024-08-09T04:00,25.2,0,0.00
2024-08-09T05:00,24.6,0,0.00
2024-08-09T06:00,24.3,0,0.00
2024-08-09T07:00,23.5,0,0.00
2024-08-09T08:00,23.5,0,0.00
2024-08-09T09:00,25.7,0,0.00
2024-08-09T10:00,28.3,0,0.00
2024-08-09T11:00,30.6,0,0.00
2024-08-09T12:00,32.8,0,0.00
2024-08-09T13:00,34.9,0,0.00
2024-08-09T14:00,36.7,0,0.00
2024-08-09T15:00,38.3,1,0.00
2024-08-09T16:00,38.9,0,0.00
2024-08-09T17:00,39.1,0,0.00
2024-08-09T18:00,38.8,0,0.00
2024-08-09T19:00,37.9,1,0.00
2024-08-09T20:00,38.2,1,0.00
2024-08-09T21:00,35.2,1,0.00
2024-08-09T22:00,31.5,1,0.00
2024-08-09T23:00,33.5,0,0.00
2024-08-10T00:00,29.2,0,0.00
2024-08-10T01:00,28.1,0,0.00
2024-08-10T02:00,28.8,0,0.00
2024-08-10T03:00,26.5,0,0.00
2024-08-10T04:00,25.9,0,0.00
2024-08-10T05:00,25.4,0,0.00
2024-08-10T06:00,24.6,0,0.00
2024-08-10T07:00,24.0,0,0.00
2024-08-10T08:00,23.9,0,0.00
2024-08-10T09:00,26.3,0,0.00
2024-08-10T10:00,28.6,0,0.00
2024-08-10T11:00,30.5,0,0.00
2024-08-10T12:00,32.8,0,0.00
2024-08-10T13:00,35.0,0,0.00
2024-08-10T14:00,36.8,0,0.00
2024-08-10T15:00,37.6,0,0.00
2024-08-10T16:00,38.3,0,0.00
2024-08-10T17:00,38.4,0,0.00
2024-08-10T18:00,38.3,0,0.00
2024-08-10T19:00,37.6,0,0.00
2024-08-10T20:00,36.6,0,0.00
2024-08-10T21:00,34.5,0,0.00
2024-08-10T22:00,32.5,0,0.00
2024-08-10T23:00,31.6,0,0.00
2024-08-11T00:00,30.9,0,0.00
2024-08-11T01:00,29.9,0,0.00
2024-08-11T02:00,28.8,0,0.00
2024-08-11T03:00,26.1,0,0.00
2024-08-11T04:00,25.8,0,0.00
2024-08-11T05:00,25.1,0,0.00
2024-08-11T06:00,24.1,0,0.00
2024-08-11T07:00,23.6,0,0.00
2024-08-11T08:00,23.8,0,0.00
2024-08-11T09:00,26.1,0,0.00
2024-08-11T10:00,27.8,0,0.00
2024-08-11T11:00,29.7,0,0.00
2024-08-11T12:00,31.8,0,0.00
2024-08-11T13:00,33.7,0,0.00
2024-08-11T14:00,35.6,0,0.00
2024-08-11T15:00,36.7,0,0.00
2024-08-11T16:00,37.4,0,0.00
2024-08-11T17:00,37.8,1,0.00
2024-08-11T18:00,37.7,2,0.00
2024-08-11T19:00,36.9,2,0.00
2024-08-11T20:00,35.8,1,0.00
2024-08-11T21:00,33.4,0,0.00
2024-08-11T22:00,31.9,0,0.00
2024-08-11T23:00,29.8,0,0.00
2024-08-12T00:00,29.8,0,0.00
2024-08-12T01:00,29.5,0,0.00
2024-08-12T02:00,27.6,0,0.00
2024-08-12T03:00,26.4,0,0.00
2024-08-12T04:00,25.9,0,0.00
2024-08-12T05:00,25.6,0,0.00
2024-08-12T06:00,24.5,0,0.00
2024-08-12T07:00,23.4,0,0.00
2024-08-12T08:00,23.4,0,0.00
2024-08-12T09:00,25.4,0,0.00
2024-08-12T10:00,27.9,0,0.00
2024-08-12T11:00,30.1,0,0.00
2024-08-12T12:00,32.2,0,0.00
2024-08-12T13:00,34.0,0,0.00
2024-08-12T14:00,35.3,0,0.00
2024-08-12T15:00,35.7,0,0.00
2024-08-12T16:00,36.1,0,0.00
2024-08-12T17:00,36.0,0,0.00
2024-08-12T18:00,35.7,0,0.00
2024-08-12T19:00,34.9,0,0.00
2024-08-12T20:00,33.7,0,0.00
2024-08-12T21:00,31.9,0,0.00
2024-08-12T22:00,30.4,0,0.00
2024-08-12T23:00,29.1,1,0.00
2024-08-13T00:00,26.6,0,0.00
2024-08-13T01:00,26.5,51,0.10
2024-08-13T02:00,26.0,1,0.00
2024-08-13T03:00,24.1,3,0.00
2024-08-13T04:00,24.0,1,0.00
2024-08-13T05:00,23.2,0,0.00
2024-08-13T06:00,21.9,0,0.00
2024-08-13T07:00,21.0,0,0.00
2024-08-13T08:00,21.0,0,0.00
2024-08-13T09:00,23.3,0,0.00
2024-08-13T10:00,25.9,0,0.00
2024-08-13T11:00,28.0,0,0.00
2024-08-13T12:00,29.8,3,0.00
2024-08-13T13:00,30.9,3,0.00
2024-08-13T14:00,31.9,3,0.00
2024-08-13T15:00,29.8,3,0.00
2024-08-13T16:00,29.0,3,0.00
2024-08-13T17:00,29.4,3,0.00
2024-08-13T18:00,28.9,3,0.00
2024-08-13T19:00,27.7,3,0.00
2024-08-13T20:00,27.3,3,0.00
2024-08-13T21:00,26.6,51,0.10
2024-08-13T22:00,25.5,1,0.00
2024-08-13T23:00,24.2,1,0.00
2024-08-14T00:00,22.9,1,0.00
2024-08-14T01:00,21.5,1,0.00
2024-08-14T02:00,21.1,0,0.00
2024-08-14T03:00,20.7,2,0.00
2024-08-14T04:00,20.1,0,0.00
2024-08-14T05:00,19.3,0,0.00
2024-08-14T06:00,18.5,0,0.00
2024-08-14T07:00,18.0,0,0.00
2024-08-14T08:00,18.5,0,0.00
2024-08-14T09:00,20.3,0,0.00
2024-08-14T10:00,22.5,0,0.00
2024-08-14T11:00,24.5,0,0.00
2024-08-14T12:00,26.3,1,0.00
2024-08-14T13:00,27.6,1,0.00
2024-08-14T14:00,28.4,0,0.00
2024-08-14T15:00,29.7,1,0.00
2024-08-14T16:00,30.6,1,0.00
2024-08-14T17:00,31.2,0,0.00
2024-08-14T18:00,31.8,1,0.00
2024-08-14T19:00,31.1,1,0.00
2024-08-14T20:00,29.0,0,0.00
2024-08-14T21:00,27.0,0,0.00
2024-08-14T22:00,24.9,0,0.00
2024-08-14T23:00,23.6,0,0.00
2024-08-15T00:00,22.5,0,0.00
2024-08-15T01:00,21.3,0,0.00
2024-08-15T02:00,20.0,0,0.00
2024-08-15T03:00,18.5,0,0.00
2024-08-15T04:00,17.3,0,0.00
2024-08-15T05:00,16.5,0,0.00
2024-08-15T06:00,15.8,0,0.00
2024-08-15T07:00,15.1,0,0.00
2024-08-15T08:00,14.8,0,0.00
2024-08-15T09:00,16.2,0,0.00
2024-08-15T10:00,18.3,0,0.00
2024-08-15T11:00,20.8,0,0.00
2024-08-15T12:00,23.2,0,0.00
2024-08-15T13:00,25.4,0,0.00
2024-08-15T14:00,27.0,0,0.00
2024-08-15T15:00,28.5,0,0.00
2024-08-15T16:00,30.1,0,0.00
2024-08-15T17:00,31.0,0,0.00
2024-08-15T18:00,31.1,0,0.00
2024-08-15T19:00,30.7,0,0.00
2024-08-15T20:00,29.8,0,0.00
2024-08-15T21:00,28.0,0,0.00
2024-08-15T22:00,26.2,0,0.00
2024-08-15T23:00,24.6,0,0.00
2024-08-16T00:00,23.3,0,0.00
2024-08-16T01:00,22.4,0,0.00
2024-08-16T02:00,21.3,0,0.00
2024-08-16T03:00,21.0,0,0.00
2024-08-16T04:00,19.8,0,0.00
2024-08-16T05:00,18.9,0,0.00
2024-08-16T06:00,18.1,0,0.00
2024-08-16T07:00,17.4,0,0.00
2024-08-16T08:00,17.2,0,0.00
2024-08-16T09:00,19.6,0,0.00
2024-08-16T10:00,22.5,0,0.00
2024-08-16T11:00,25.0,0,0.00
2024-08-16T12:00,27.3,0,0.00
2024-08-16T13:00,29.5,0,0.00
2024-08-16T14:00,31.2,0,0.00
2024-08-16T15:00,32.7,0,0.00
2024-08-16T16:00,33.4,0,0.00
2024-08-16T17:00,33.9,0,0.00
2024-08-16T18:00,34.1,0,0.00
2024-08-16T19:00,34.1,0,0.00
2024-08-16T20:00,32.6,0,0.00
2024-08-16T21:00,30.1,0,0.00
2024-08-16T22:00,27.9,0,0.00
2024-08-16T23:00,26.3,0,0.00
2024-08-17T00:00,24.9,0,0.00
2024-08-17T01:00,24.0,0,0.00
2024-08-17T02:00,23.2,0,0.00
2024-08-17T03:00,22.0,0,0.00
2024-08-17T04:00,21.2,0,0.00
2024-08-17T05:00,20.5,0,0.00
2024-08-17T06:00,20.0,0,0.00
2024-08-17T07:00,19.4,0,0.00
2024-08-17T08:00,19.8,0,0.00
2024-08-17T09:00,22.7,1,0.00
2024-08-17T10:00,25.1,1,0.00
2024-08-17T11:00,27.4,0,0.00
2024-08-17T12:00,29.9,0,0.00
2024-08-17T13:00,32.1,0,0.00
2024-08-17T14:00,33.7,0,0.00
2024-08-17T15:00,34.4,3,0.00
2024-08-17T16:00,34.2,3,0.00
2024-08-17T17:00,34.8,1,0.00
2024-08-17T18:00,35.0,2,0.00
2024-08-17T19:00,35.4,2,0.00
2024-08-17T20:00,34.3,2,0.00
2024-08-17T21:00,31.9,0,0.00
2024-08-17T22:00,29.5,0,0.00
2024-08-17T23:00,29.0,0,0.00
2024-08-18T00:00,28.4,0,0.00
2024-08-18T01:00,27.6,3,0.00
2024-08-18T02:00,26.5,2,0.00
2024-08-18T03:00,25.7,3,0.00
2024-08-18T04:00,23.7,1,0.00
2024-08-18T05:00,22.4,0,0.00
2024-08-18T06:00,21.5,0,0.00
2024-08-18T07:00,20.6,0,0.00
2024-08-18T08:00,20.5,0,0.00
2024-08-18T09:00,22.2,0,0.00
2024-08-18T10:00,24.3,0,0.00
2024-08-18T11:00,26.8,0,0.00
2024-08-18T12:00,29.1,0,0.00
2024-08-18T13:00,30.8,0,0.00
2024-08-18T14:00,32.2,0,0.00
2024-08-18T15:00,33.8,0,0.00
2024-08-18T16:00,34.6,0,0.00
2024-08-18T17:00,35.3,0,0.00
2024-08-18T18:00,34.8,0,0.00
2024-08-18T19:00,33.8,0,0.00
2024-08-18T20:00,32.3,0,0.00
2024-08-18T21:00,30.1,0,0.00
2024-08-18T22:00,28.5,0,0.00
2024-08-18T23:00,27.4,0,0.00
2024-08-19T00:00,25.8,0,0.00
2024-08-19T01:00,24.0,0,0.00
2024-08-19T02:00,22.7,0,0.00
2024-08-19T03:00,22.1,0,0.00
2024-08-19T04:00,21.0,0,0.00
2024-08-19T05:00,20.0,0,0.00
2024-08-19T06:00,19.4,0,0.00
2024-08-19T07:00,18.7,0,0.00
2024-08-19T08:00,18.3,0,0.00
2024-08-19T09:00,19.8,0,0.00
2024-08-19T10:00,22.3,0,0.00
2024-08-19T11:00,25.6,0,0.00
2024-08-19T12:00,28.4,0,0.00
2024-08-19T13:00,30.7,0,0.00
2024-08-19T14:00,32.5,0,0.00
2024-08-19T15:00,33.3,0,0.00
2024-08-19T16:00,34.3,0,0.00
2024-08-19T17:00,35.2,0,0.00
2024-08-19T18:00,35.5,0,0.00
2024-08-19T19:00,35.0,0,0.00
2024-08-19T20:00,33.7,0,0.00
2024-08-19T21:00,31.4,0,0.00
2024-08-19T22:00,29.2,0,0.00
2024-08-19T23:00,27.2,0,0.00
2024-08-20T00:00,26.4,0,0.00
2024-08-20T01:00,24.3,0,0.00
2024-08-20T02:00,23.1,0,0.00
2024-08-20T03:00,23.2,0,0.00
2024-08-20T04:00,22.3,0,0.00
2024-08-20T05:00,21.6,0,0.00
2024-08-20T06:00,21.0,0,0.00
2024-08-20T07:00,20.8,0,0.00
2024-08-20T08:00,20.7,0,0.00
2024-08-20T09:00,22.7,0,0.00
2024-08-20T10:00,25.7,0,0.00
2024-08-20T11:00,28.6,0,0.00
2024-08-20T12:00,31.3,0,0.00
2024-08-20T13:00,33.2,0,0.00
2024-08-20T14:00,34.6,0,0.00
2024-08-20T15:00,35.1,0,0.00
2024-08-20T16:00,35.6,0,0.00
2024-08-20T17:00,35.9,0,0.00
2024-08-20T18:00,36.0,0,0.00
2024-08-20T19:00,35.7,1,0.00
2024-08-20T20:00,35.2,2,0.00
2024-08-20T21:00,31.6,1,0.00
2024-08-20T22:00,30.3,1,0.00
2024-08-20T23:00,29.3,0,0.00
2024-08-21T00:00,27.0,0,0.00
2024-08-21T01:00,24.9,0,0.00
2024-08-21T02:00,23.1,0,0.00
2024-08-21T03:00,22.4,0,0.00
2024-08-21T04:00,21.5,0,0.00
2024-08-21T05:00,20.8,0,0.00
2024-08-21T06:00,20.4,0,0.00
2024-08-21T07:00,20.1,0,0.00
2024-08-21T08:00,20.0,0,0.00
2024-08-21T09:00,21.4,0,0.00
2024-08-21T10:00,23.8,0,0.00
2024-08-21T11:00,26.5,0,0.00
2024-08-21T12:00,28.7,0,0.00
2024-08-21T13:00,31.0,0,0.00
2024-08-21T14:00,33.0,0,0.00
2024-08-21T15:00,34.2,1,0.00
2024-08-21T16:00,35.3,1,0.00
2024-08-21T17:00,35.8,1,0.00
2024-08-21T18:00,35.4,1,0.00
2024-08-21T19:00,34.8,1,0.00
2024-08-21T20:00,33.8,1,0.00
2024-08-21T21:00,32.0,1,0.00
2024-08-21T22:00,29.5,1,0.00
2024-08-21T23:00,28.4,0,0.00
2024-08-22T00:00,26.6,0,0.00
2024-08-22T01:00,25.6,0,0.00
2024-08-22T02:00,24.5,0,0.00
2024-08-22T03:00,23.8,0,0.00
2024-08-22T04:00,23.5,0,0.00
2024-08-22T05:00,23.0,0,0.00
2024-08-22T06:00,22.4,0,0.00
2024-08-22T07:00,21.9,0,0.00
2024-08-22T08:00,21.7,0,0.00
2024-08-22T09:00,23.9,1,0.00
2024-08-22T10:00,26.5,1,0.00
2024-08-22T11:00,29.0,1,0.00
2024-08-22T12:00,31.3,0,0.00
2024-08-22T13:00,33.4,1,0.00
2024-08-22T14:00,34.3,1,0.00
2024-08-22T15:00,35.0,3,0.00
2024-08-22T16:00,34.8,3,0.00
2024-08-22T17:00,34.3,2,0.00
2024-08-22T18:00,34.2,0,0.00
2024-08-22T19:00,33.8,0,0.00
2024-08-22T20:00,33.0,1,0.00
2024-08-22T21:00,30.9,1,0.00
2024-08-22T22:00,29.5,0,0.00
2024-08-22T23:00,28.4,0,0.00
2024-08-23T00:00,26.9,0,0.00
2024-08-23T01:00,25.5,0,0.00
2024-08-23T02:00,24.8,0,0.00
2024-08-23T03:00,23.3,0,0.00
2024-08-23T04:00,21.3,0,0.00
2024-08-23T05:00,20.7,0,0.00
2024-08-23T06:00,21.1,0,0.00
2024-08-23T07:00,18.8,0,0.00
2024-08-23T08:00,19.1,1,0.00
2024-08-23T09:00,22.2,0,0.00
2024-08-23T10:00,26.3,0,0.00
2024-08-23T11:00,29.3,0,0.00
2024-08-23T12:00,31.5,0,0.00
2024-08-23T13:00,33.6,2,0.00
2024-08-23T14:00,35.0,1,0.00
2024-08-23T15:00,36.0,0,0.00
2024-08-23T16:00,36.4,0,0.00
2024-08-23T17:00,36.6,1,0.00
2024-08-23T18:00,36.1,1,0.00
2024-08-23T19:00,35.5,2,0.00
2024-08-23T20:00,33.9,3,0.00
2024-08-23T21:00,31.2,1,0.00
2024-08-23T22:00,29.7,0,0.00
2024-08-23T23:00,28.7,0,0.00
2024-08-24T00:00,27.7,0,0.00
2024-08-24T01:00,26.0,0,0.00
2024-08-24T02:00,25.3,0,0.00
2024-08-24T03:00,24.1,0,0.00
2024-08-24T04:00,23.5,0,0.00
2024-08-24T05:00,23.0,0,0.00
2024-08-24T06:00,22.5,0,0.00
2024-08-24T07:00,22.0,0,0.00
2024-08-24T08:00,21.8,0,0.00
2024-08-24T09:00,23.7,0,0.00
2024-08-24T10:00,25.6,0,0.00
2024-08-24T11:00,27.7,0,0.00
2024-08-24T12:00,30.0,0,0.00
2024-08-24T13:00,32.3,0,0.00
2024-08-24T14:00,33.7,0,0.00
2024-08-24T15:00,34.1,0,0.00
2024-08-24T16:00,34.5,0,0.00
2024-08-24T17:00,34.4,0,0.00
2024-08-24T18:00,34.1,0,0.00
2024-08-24T19:00,33.4,0,0.00
2024-08-24T20:00,32.4,0,0.00
2024-08-24T21:00,30.4,0,0.00
2024-08-24T22:00,28.7,0,0.00
2024-08-24T23:00,27.6,0,0.00
2024-08-25T00:00,27.2,0,0.00
2024-08-25T01:00,25.8,0,0.00
2024-08-25T02:00,24.5,0,0.00
2024-08-25T03:00,23.4,0,0.00
2024-08-25T04:00,21.8,0,0.00
2024-08-25T05:00,20.6,0,0.00
2024-08-25T06:00,19.6,1,0.00
2024-08-25T07:00,19.1,0,0.00
2024-08-25T08:00,18.9,0,0.00
2024-08-25T09:00,20.0,0,0.00
2024-08-25T10:00,22.0,0,0.00
2024-08-25T11:00,24.7,0,0.00
2024-08-25T12:00,27.3,0,0.00
2024-08-25T13:00,29.6,0,0.00
2024-08-25T14:00,31.6,0,0.00
2024-08-25T15:00,33.3,0,0.00
2024-08-25T16:00,34.6,0,0.00
2024-08-25T17:00,34.4,0,0.00
2024-08-25T18:00,33.9,0,0.00
2024-08-25T19:00,33.1,0,0.00
2024-08-25T20:00,32.4,0,0.00
2024-08-25T21:00,30.2,0,0.00
2024-08-25T22:00,28.7,1,0.00
2024-08-25T23:00,26.4,0,0.00
2024-08-26T00:00,25.5,0,0.00
2024-08-26T01:00,24.1,0,0.00
2024-08-26T02:00,23.2,0,0.00
2024-08-26T03:00,22.7,0,0.00
2024-08-26T04:00,22.2,0,0.00
2024-08-26T05:00,21.6,0,0.00
2024-08-26T06:00,21.2,0,0.00
2024-08-26T07:00,20.9,1,0.00
2024-08-26T08:00,21.0,3,0.00
2024-08-26T09:00,22.2,1,0.00
2024-08-26T10:00,23.5,0,0.00
2024-08-26T11:00,25.4,3,0.00
2024-08-26T12:00,27.1,3,0.00
2024-08-26T13:00,29.2,0,0.00
2024-08-26T14:00,31.2,0,0.00
2024-08-26T15:00,32.2,1,0.00
2024-08-26T16:00,33.2,0,0.00
2024-08-26T17:00,33.7,1,0.00
2024-08-26T18:00,33.4,1,0.00
2024-08-26T19:00,32.8,0,0.00
2024-08-26T20:00,32.0,1,0.00
2024-08-26T21:00,29.3,3,0.00
2024-08-26T22:00,27.5,3,0.00
2024-08-26T23:00,28.6,3,0.00
2024-08-27T00:00,26.8,1,0.00
2024-08-27T01:00,25.0,1,0.00
2024-08-27T02:00,24.7,0,0.00
2024-08-27T03:00,24.5,1,0.00
2024-08-27T04:00,23.3,1,0.00
2024-08-27T05:00,22.4,2,0.00
2024-08-27T06:00,21.7,3,0.00
2024-08-27T07:00,21.2,0,0.00
2024-08-27T08:00,20.8,0,0.00
2024-08-27T09:00,22.8,0,0.00
2024-08-27T10:00,24.9,0,0.00
2024-08-27T11:00,27.0,1,0.00
2024-08-27T12:00,29.4,3,0.00
2024-08-27T13:00,31.9,1,0.00
2024-08-27T14:00,33.4,1,0.00
2024-08-27T15:00,34.0,0,0.00
2024-08-27T16:00,34.6,0,0.00
2024-08-27T17:00,34.8,0,0.00
2024-08-27T18:00,34.6,0,0.00
2024-08-27T19:00,34.0,0,0.00
2024-08-27T20:00,32.7,0,0.00
2024-08-27T21:00,30.3,0,0.00
2024-08-27T22:00,28.7,0,0.00
2024-08-27T23:00,27.3,0,0.00
2024-08-28T00:00,26.8,0,0.00
2024-08-28T01:00,25.9,0,0.00
2024-08-28T02:00,24.9,0,0.00
2024-08-28T03:00,22.1,0,0.00
2024-08-28T04:00,21.6,0,0.00
2024-08-28T05:00,20.2,0,0.00
2024-08-28T06:00,20.8,0,0.00
2024-08-28T07:00,19.5,0,0.00
2024-08-28T08:00,19.5,0,0.00
2024-08-28T09:00,22.2,0,0.00
2024-08-28T10:00,25.2,1,0.00
2024-08-28T11:00,27.9,1,0.00
2024-08-28T12:00,30.5,3,0.00
2024-08-28T13:00,32.6,3,0.00
2024-08-28T14:00,34.0,1,0.00
2024-08-28T15:00,34.6,0,0.00
2024-08-28T16:00,35.2,0,0.00
2024-08-28T17:00,35.3,0,0.00
2024-08-28T18:00,35.3,3,0.00
2024-08-28T19:00,34.8,3,0.00
2024-08-28T20:00,32.6,3,0.00
2024-08-28T21:00,26.7,2,0.00
2024-08-28T22:00,26.7,3,0.00
2024-08-28T23:00,26.4,3,0.00
2024-08-29T00:00,25.2,2,0.00
2024-08-29T01:00,24.3,0,0.00
2024-08-29T02:00,24.0,3,0.00
2024-08-29T03:00,25.1,3,0.00
2024-08-29T04:00,25.7,0,0.00
2024-08-29T05:00,23.6,51,0.20
2024-08-29T06:00,22.1,51,0.20
2024-08-29T07:00,21.3,51,0.10
2024-08-29T08:00,20.4,51,0.20
2024-08-29T09:00,20.1,53,0.50
2024-08-29T10:00,21.0,3,0.00
2024-08-29T11:00,23.0,3,0.00
2024-08-29T12:00,25.3,3,0.00
2024-08-29T13:00,27.0,3,0.00
2024-08-29T14:00,27.1,51,0.10
2024-08-29T15:00,28.6,3,0.00
2024-08-29T16:00,23.7,61,1.90
2024-08-29T17:00,21.5,61,2.10
2024-08-29T18:00,23.8,3,0.00
2024-08-29T19:00,25.4,2,0.00
2024-08-29T20:00,24.7,1,0.00
2024-08-29T21:00,22.9,0,0.00
2024-08-29T22:00,22.2,1,0.00
2024-08-29T23:00,21.7,1,0.00
2024-08-30T00:00,21.5,0,0.00
2024-08-30T01:00,20.8,0,0.00
2024-08-30T02:00,20.5,0,0.00
2024-08-30T03:00,19.0,51,0.30
2024-08-30T04:00,17.9,3,0.00
2024-08-30T05:00,17.8,51,0.10
2024-08-30T06:00,18.2,2,0.00
2024-08-30T07:00,18.6,3,0.00
2024-08-30T08:00,18.7,3,0.00
2024-08-30T09:00,19.8,51,0.10
2024-08-30T10:00,21.3,2,0.00
2024-08-30T11:00,23.2,2,0.00
2024-08-30T12:00,24.7,2,0.00
2024-08-30T13:00,26.4,2,0.00
2024-08-30T14:00,27.6,2,0.00
2024-08-30T15:00,25.1,51,0.10
2024-08-30T16:00,28.4,3,0.00
2024-08-30T17:00,27.5,3,0.00
2024-08-30T18:00,27.8,3,0.00
2024-08-30T19:00,26.6,55,1.20
2024-08-30T20:00,26.3,2,0.00
2024-08-30T21:00,24.2,1,0.00
2024-08-30T22:00,23.4,1,0.00
2024-08-30T23:00,22.8,1,0.00
2024-08-31T00:00,22.2,2,0.00
2024-08-31T01:00,21.6,3,0.00
2024-08-31T02:00,21.1,3,0.00
2024-08-31T03:00,17.5,61,2.40
2024-08-31T04:00,18.3,3,0.00
2024-08-31T05:00,17.7,3,0.00
2024-08-31T06:00,18.0,3,0.00
2024-08-31T07:00,17.7,0,0.00
2024-08-31T08:00,17.8,3,0.00
2024-08-31T09:00,19.7,3,0.00
2024-08-31T10:00,21.4,51,0.30
2024-08-31T11:00,22.2,53,0.50
2024-08-31T12:00,22.9,3,0.00
2024-08-31T13:00,24.0,3,0.00
2024-08-31T14:00,24.9,3,0.00
2024-08-31T15:00,21.2,3,0.00
2024-08-31T16:00,26.2,3,0.00
2024-08-31T17:00,26.7,1,0.00
2024-08-31T18:00,27.3,0,0.00
2024-08-31T19:00,27.1,0,0.00
2024-08-31T20:00,26.5,0,0.00
2024-08-31T21:00,23.8,0,0.00
2024-08-31T22:00,22.8,3,0.00
2024-08-31T23:00,21.9,53,0.60
2024-09-01T00:00,21.0,3,0.00
2024-09-01T01:00,20.4,51,0.20
2024-09-01T02:00,19.7,51,0.10
2024-09-01T03:00,20.0,51,0.10
2024-09-01T04:00,19.6,3,0.00
2024-09-01T05:00,19.0,3,0.00
2024-09-01T06:00,18.5,3,0.00
2024-09-01T07:00,18.6,3,0.00
2024-09-01T08:00,18.0,3,0.00
2024-09-01T09:00,19.1,3,0.00
2024-09-01T10:00,21.1,3,0.00
2024-09-01T11:00,23.2,3,0.00
2024-09-01T12:00,25.2,3,0.00
2024-09-01T13:00,26.2,51,0.30
2024-09-01T14:00,27.1,51,0.30
2024-09-01T15:00,29.1,3,0.00
2024-09-01T16:00,30.0,2,0.00
2024-09-01T17:00,30.4,1,0.00
2024-09-01T18:00,30.2,1,0.00
2024-09-01T19:00,29.6,3,0.00
2024-09-01T20:00,28.3,2,0.00
2024-09-01T21:00,26.2,3,0.00
2024-09-01T22:00,25.4,1,0.00
2024-09-01T23:00,23.8,2,0.00
2024-09-02T00:00,22.8,0,0.00
2024-09-02T01:00,22.1,0,0.00
2024-09-02T02:00,21.9,1,0.00
2024-09-02T03:00,21.9,0,0.00
2024-09-02T04:00,21.4,0,0.00
2024-09-02T05:00,20.7,1,0.00
2024-09-02T06:00,20.1,0,0.00
2024-09-02T07:00,19.7,0,0.00
2024-09-02T08:00,19.3,0,0.00
2024-09-02T09:00,20.7,0,0.00
2024-09-02T10:00,22.9,0,0.00
2024-09-02T11:00,24.7,0,0.00
2024-09-02T12:00,26.4,0,0.00
2024-09-02T13:00,28.2,0,0.00
2024-09-02T14:00,29.8,1,0.00
2024-09-02T15:00,30.6,1,0.00
2024-09-02T16:00,31.4,1,0.00
2024-09-02T17:00,31.2,1,0.00
2024-09-02T18:00,31.0,0,0.00
2024-09-02T19:00,30.1,0,0.00
2024-09-02T20:00,28.7,0,0.00
2024-09-02T21:00,26.7,0,0.00
2024-09-02T22:00,25.9,0,0.00
2024-09-02T23:00,23.4,2,0.00
2024-09-03T00:00,22.2,1,0.00
2024-09-03T01:00,21.8,2,0.00
2024-09-03T02:00,21.1,1,0.00
2024-09-03T03:00,20.7,0,0.00
2024-09-03T04:00,19.8,1,0.00
2024-09-03T05:00,19.3,0,0.00
2024-09-03T06:00,18.6,0,0.00
2024-09-03T07:00,18.2,0,0.00
2024-09-03T08:00,17.9,0,0.00
2024-09-03T09:00,19.3,0,0.00
2024-09-03T10:00,21.6,0,0.00
2024-09-03T11:00,23.7,0,0.00
2024-09-03T12:00,25.5,51,0.10
2024-09-03T13:00,26.9,0,0.00
2024-09-03T14:00,28.3,1,0.00
2024-09-03T15:00,29.8,0,0.00
2024-09-03T16:00,30.6,0,0.00
2024-09-03T17:00,30.3,0,0.00
2024-09-03T18:00,29.5,1,0.00
2024-09-03T19:00,28.9,3,0.00
2024-09-03T20:00,27.9,3,0.00
2024-09-03T21:00,25.4,3,0.00
2024-09-03T22:00,24.0,0,0.00
2024-09-03T23:00,21.5,1,0.00
2024-09-04T00:00,20.5,0,0.00
2024-09-04T01:00,19.8,1,0.00
2024-09-04T02:00,17.0,2,0.00
2024-09-04T03:00,18.2,3,0.00
2024-09-04T04:00,18.1,3,0.00
2024-09-04T05:00,17.7,1,0.00
2024-09-04T06:00,17.2,51,0.10
2024-09-04T07:00,17.3,51,0.10
2024-09-04T08:00,17.3,1,0.00
2024-09-04T09:00,18.5,2,0.00
2024-09-04T10:00,19.6,3,0.00
2024-09-04T11:00,20.8,1,0.00
2024-09-04T12:00,21.9,1,0.00
2024-09-04T13:00,23.5,51,0.10
2024-09-04T14:00,24.3,51,0.20
2024-09-04T15:00,25.4,1,0.00
2024-09-04T16:00,26.3,1,0.00
2024-09-04T17:00,26.6,1,0.00
2024-09-04T18:00,26.1,1,0.00
2024-09-04T19:00,25.8,1,0.00
2024-09-04T20:00,25.0,1,0.00
2024-09-04T21:00,22.1,1,0.00
2024-09-04T22:00,21.1,0,0.00
2024-09-04T23:00,19.7,0,0.00
2024-09-05T00:00,18.6,0,0.00
2024-09-05T01:00,17.7,0,0.00
2024-09-05T02:00,16.8,0,0.00
2024-09-05T03:00,16.0,0,0.00
2024-09-05T04:00,15.2,0,0.00
2024-09-05T05:00,14.6,1,0.00
2024-09-05T06:00,14.2,3,0.00
2024-09-05T07:00,13.8,3,0.00
2024-09-05T08:00,13.6,3,0.00
2024-09-05T09:00,15.0,2,0.00
2024-09-05T10:00,17.0,3,0.00
2024-09-05T11:00,19.2,3,0.00
2024-09-05T12:00,21.1,1,0.00
2024-09-05T13:00,23.0,2,0.00
2024-09-05T14:00,24.4,3,0.00
2024-09-05T15:00,25.4,3,0.00
2024-09-05T16:00,26.2,3,0.00
2024-09-05T17:00,26.5,3,0.00
2024-09-05T18:00,26.2,3,0.00
2024-09-05T19:00,26.1,3,0.00
2024-09-05T20:00,25.4,3,0.00
2024-09-05T21:00,23.0,3,0.00
2024-09-05T22:00,21.7,3,0.00
2024-09-05T23:00,21.7,2,0.00
2024-09-06T00:00,20.6,2,0.00
2024-09-06T01:00,18.5,2,0.00
2024-09-06T02:00,17.4,0,0.00
2024-09-06T03:00,16.6,1,0.00
2024-09-06T04:00,15.9,2,0.00
2024-09-06T05:00,15.5,1,0.00
2024-09-06T06:00,15.0,1,0.00
2024-09-06T07:00,14.5,2,0.00
2024-09-06T08:00,14.6,0,0.00
2024-09-06T09:00,16.0,1,0.00
2024-09-06T10:00,18.2,3,0.00
2024-09-06T11:00,20.2,2,0.00
2024-09-06T12:00,21.7,2,0.00
2024-09-06T13:00,23.1,2,0.00
2024-09-06T14:00,24.1,2,0.00
2024-09-06T15:00,24.6,3,0.00
2024-09-06T16:00,25.1,2,0.00
2024-09-06T17:00,24.9,3,0.00
2024-09-06T18:00,24.7,2,0.00
2024-09-06T19:00,23.9,0,0.00
2024-09-06T20:00,22.5,0,0.00
2024-09-06T21:00,20.4,0,0.00
2024-09-06T22:00,18.8,0,0.00
2024-09-06T23:00,17.9,0,0.00
2024-09-07T00:00,17.4,0,0.00
2024-09-07T01:00,16.6,0,0.00
2024-09-07T02:00,15.7,0,0.00
2024-09-07T03:00,14.5,0,0.00
2024-09-07T04:00,13.3,0,0.00
2024-09-07T05:00,11.7,0,0.00
2024-09-07T06:00,11.3,0,0.00
2024-09-07T07:00,10.7,0,0.00
2024-09-07T08:00,10.3,0,0.00
2024-09-07T09:00,12.8,0,0.00
2024-09-07T10:00,15.8,0,0.00
2024-09-07T11:00,18.5,0,0.00
2024-09-07T12:00,20.3,0,0.00
2024-09-07T13:00,22.1,0,0.00
2024-09-07T14:00,23.6,0,0.00
2024-09-07T15:00,24.6,0,0.00
2024-09-07T16:00,25.2,0,0.00
2024-09-07T17:00,25.5,0,0.00
2024-09-07T18:00,25.5,3,0.00
2024-09-07T19:00,24.6,3,0.00
2024-09-07T20:00,23.4,3,0.00
2024-09-07T21:00,21.9,3,0.00
2024-09-07T22:00,21.0,3,0.00
2024-09-07T23:00,20.1,1,0.00
2024-09-08T00:00,18.5,0,0.00
2024-09-08T01:00,17.6,0,0.00
2024-09-08T02:00,17.2,0,0.00
2024-09-08T03:00,17.2,0,0.00
2024-09-08T04:00,15.9,0,0.00
2024-09-08T05:00,14.8,0,0.00
2024-09-08T06:00,14.3,0,0.00
2024-09-08T07:00,13.9,0,0.00
2024-09-08T08:00,12.7,0,0.00
2024-09-08T09:00,15.1,0,0.00
2024-09-08T10:00,18.2,0,0.00
2024-09-08T11:00,21.3,0,0.00
2024-09-08T12:00,22.9,0,0.00
2024-09-08T13:00,24.3,0,0.00
2024-09-08T14:00,25.6,0,0.00
2024-09-08T15:00,26.7,0,0.00
2024-09-08T16:00,27.8,0,0.00
2024-09-08T17:00,27.8,0,0.00
2024-09-08T18:00,27.3,0,0.00
2024-09-08T19:00,26.6,1,0.00
2024-09-08T20:00,24.3,0,0.00
2024-09-08T21:00,22.1,0,0.00
2024-09-08T22:00,21.2,0,0.00
2024-09-08T23:00,19.7,0,0.00
2024-09-09T00:00,17.8,0,0.00
2024-09-09T01:00,17.6,0,0.00
2024-09-09T02:00,15.2,0,0.00
2024-09-09T03:00,15.2,0,0.00
2024-09-09T04:00,14.5,0,0.00
2024-09-09T05:00,13.7,0,0.00
2024-09-09T06:00,13.3,0,0.00
2024-09-09T07:00,13.1,0,0.00
2024-09-09T08:00,12.5,0,0.00
2024-09-09T09:00,14.1,0,0.00
2024-09-09T10:00,17.6,0,0.00
2024-09-09T11:00,21.0,0,0.00
2024-09-09T12:00,23.4,0,0.00
2024-09-09T13:00,25.3,0,0.00
2024-09-09T14:00,26.7,0,0.00
2024-09-09T15:00,28.0,0,0.00
2024-09-09T16:00,28.7,0,0.00
2024-09-09T17:00,29.2,0,0.00
2024-09-09T18:00,29.1,0,0.00
2024-09-09T19:00,28.7,0,0.00
2024-09-09T20:00,26.6,0,0.00
2024-09-09T21:00,22.6,0,0.00
2024-09-09T22:00,22.3,0,0.00
2024-09-09T23:00,20.5,0,0.00
2024-09-10T00:00,20.3,0,0.00
2024-09-10T01:00,19.1,0,0.00
2024-09-10T02:00,18.2,0,0.00
2024-09-10T03:00,17.5,0,0.00
2024-09-10T04:00,16.4,0,0.00
2024-09-10T05:00,15.8,0,0.00
2024-09-10T06:00,15.4,0,0.00
2024-09-10T07:00,14.8,0,0.00
2024-09-10T08:00,14.5,0,0.00
2024-09-10T09:00,15.9,0,0.00
2024-09-10T10:00,18.8,0,0.00
2024-09-10T11:00,22.2,0,0.00
2024-09-10T12:00,24.9,0,0.00
2024-09-10T13:00,26.9,0,0.00
2024-09-10T14:00,28.5,0,0.00
2024-09-10T15:00,29.8,0,0.00
2024-09-10T16:00,30.3,0,0.00
2024-09-10T17:00,30.5,0,0.00
2024-09-10T18:00,30.4,0,0.00
2024-09-10T19:00,30.0,0,0.00
2024-09-10T20:00,28.4,0,0.00
2024-09-10T21:00,25.4,0,0.00
2024-09-10T22:00,24.5,1,0.00
2024-09-10T23:00,23.4,0,0.00
2024-09-11T00:00,22.0,0,0.00
2024-09-11T01:00,20.8,0,0.00
2024-09-11T02:00,19.4,0,0.00
2024-09-11T03:00,18.7,0,0.00
2024-09-11T04:00,17.7,0,0.00
2024-09-11T05:00,16.7,0,0.00
2024-09-11T06:00,15.7,0,0.00
2024-09-11T07:00,14.8,0,0.00
2024-09-11T08:00,14.1,0,0.00
2024-09-11T09:00,15.3,0,0.00
2024-09-11T10:00,17.8,0,0.00
2024-09-11T11:00,21.0,0,0.00
2024-09-11T12:00,23.7,0,0.00
2024-09-11T13:00,25.8,1,0.00
2024-09-11T14:00,27.3,3,0.00
2024-09-11T15:00,28.8,3,0.00
2024-09-11T16:00,29.7,2,0.00
2024-09-11T17:00,30.0,1,0.00
2024-09-11T18:00,29.4,3,0.00
2024-09-11T19:00,27.8,1,0.00
2024-09-11T20:00,25.7,1,0.00
2024-09-11T21:00,22.0,0,0.00
2024-09-11T22:00,21.8,2,0.00
2024-09-11T23:00,19.9,2,0.00
2024-09-12T00:00,19.5,3,0.00
2024-09-12T01:00,18.7,2,0.00
2024-09-12T02:00,18.1,2,0.00
2024-09-12T03:00,18.4,3,0.00
2024-09-12T04:00,18.9,3,0.00
2024-09-12T05:00,18.2,3,0.00
2024-09-12T06:00,18.1,3,0.00
2024-09-12T07:00,17.3,3,0.00
2024-09-12T08:00,16.8,3,0.00
2024-09-12T09:00,17.4,3,0.00
2024-09-12T10:00,19.6,3,0.00
2024-09-12T11:00,21.5,3,0.00
2024-09-12T12:00,23.0,3,0.00
2024-09-12T13:00,24.5,3,0.00
2024-09-12T14:00,25.4,3,0.00
2024-09-12T15:00,27.6,3,0.00
2024-09-12T16:00,27.9,3,0.00
2024-09-12T17:00,27.1,2,0.00
2024-09-12T18:00,27.7,1,0.00
2024-09-12T19:00,26.7,0,0.00
2024-09-12T20:00,25.0,0,0.00
2024-09-12T21:00,23.3,0,0.00
2024-09-12T22:00,22.0,0,0.00
2024-09-12T23:00,20.3,0,0.00
2024-09-13T00:00,19.0,0,0.00
2024-09-13T01:00,18.0,0,0.00
2024-09-13T02:00,17.3,0,0.00
2024-09-13T03:00,16.9,0,0.00
2024-09-13T04:00,15.9,0,0.00
2024-09-13T05:00,14.9,0,0.00
2024-09-13T06:00,14.0,0,0.00
2024-09-13T07:00,13.3,0,0.00
2024-09-13T08:00,12.7,0,0.00
2024-09-13T09:00,13.1,0,0.00
2024-09-13T10:00,14.4,0,0.00
2024-09-13T11:00,16.1,0,0.00
2024-09-13T12:00,18.0,0,0.00
2024-09-13T13:00,19.8,0,0.00
2024-09-13T14:00,21.4,0,0.00
2024-09-13T15:00,22.3,0,0.00
2024-09-13T16:00,23.1,0,0.00
2024-09-13T17:00,23.6,0,0.00
2024-09-13T18:00,23.2,0,0.00
2024-09-13T19:00,22.3,0,0.00
2024-09-13T20:00,20.7,0,0.00
2024-09-13T21:00,18.8,0,0.00
2024-09-13T22:00,17.4,0,0.00
2024-09-13T23:00,16.1,0,0.00
2024-09-14T00:00,14.9,0,0.00
2024-09-14T01:00,13.7,0,0.00
2024-09-14T02:00,12.7,0,0.00
2024-09-14T03:00,12.4,0,0.00
2024-09-14T04:00,12.0,0,0.00
2024-09-14T05:00,11.9,0,0.00
2024-09-14T06:00,11.8,0,0.00
2024-09-14T07:00,11.6,0,0.00
2024-09-14T08:00,11.3,0,0.00
2024-09-14T09:00,12.5,0,0.00
2024-09-14T10:00,15.6,0,0.00
2024-09-14T11:00,17.9,0,0.00
2024-09-14T12:00,19.9,0,0.00
2024-09-14T13:00,21.9,0,0.00
2024-09-14T14:00,23.8,0,0.00
2024-09-14T15:00,25.0,0,0.00
2024-09-14T16:00,26.0,0,0.00
2024-09-14T17:00,26.6,0,0.00
2024-09-14T18:00,26.7,0,0.00
2024-09-14T19:00,26.3,0,0.00
2024-09-14T20:00,24.6,0,0.00
2024-09-14T21:00,20.9,0,0.00
2024-09-14T22:00,21.1,0,0.00
2024-09-14T23:00,19.1,0,0.00
2024-09-15T00:00,17.6,0,0.00
2024-09-15T01:00,17.8,0,0.00
2024-09-15T02:00,17.5,0,0.00
2024-09-15T03:00,16.6,0,0.00
2024-09-15T04:00,15.9,0,0.00
2024-09-15T05:00,15.4,0,0.00
2024-09-15T06:00,14.9,0,0.00
2024-09-15T07:00,14.4,0,0.00
2024-09-15T08:00,13.7,0,0.00
2024-09-15T09:00,15.0,0,0.00
2024-09-15T10:00,18.1,0,0.00
2024-09-15T11:00,21.3,0,0.00
2024-09-15T12:00,24.2,0,0.00
2024-09-15T13:00,26.3,0,0.00
2024-09-15T14:00,27.9,0,0.00
2024-09-15T15:00,29.5,0,0.00
2024-09-15T16:00,30.3,0,0.00
2024-09-15T17:00,30.7,1,0.00
2024-09-15T18:00,30.6,0,0.00
2024-09-15T19:00,30.1,0,0.00
2024-09-15T20:00,27.0,0,0.00
2024-09-15T21:00,26.2,0,0.00
2024-09-15T22:00,21.4,0,0.00
2024-09-15T23:00,22.0,0,0.00
2024-09-16T00:00,20.5,0,0.00
2024-09-16T01:00,18.5,0,0.00
2024-09-16T02:00,17.2,0,0.00
2024-09-16T03:00,16.7,0,0.00
2024-09-16T04:00,15.4,0,0.00
2024-09-16T05:00,14.2,0,0.00
2024-09-16T06:00,13.3,0,0.00
2024-09-16T07:00,12.4,0,0.00
2024-09-16T08:00,11.2,0,0.00
2024-09-16T09:00,13.0,0,0.00
2024-09-16T10:00,17.0,0,0.00
2024-09-16T11:00,20.9,0,0.00
2024-09-16T12:00,24.4,0,0.00
2024-09-16T13:00,26.6,2,0.00
2024-09-16T14:00,28.4,3,0.00
2024-09-16T15:00,30.0,2,0.00
2024-09-16T16:00,30.7,0,0.00
2024-09-16T17:00,30.9,1,0.00
2024-09-16T18:00,30.8,1,0.00
2024-09-16T19:00,29.1,2,0.00
2024-09-16T20:00,26.7,1,0.00
2024-09-16T21:00,23.6,0,0.00
2024-09-16T22:00,22.2,0,0.00
2024-09-16T23:00,20.9,2,0.00
2024-09-17T00:00,19.8,3,0.00
2024-09-17T01:00,18.4,0,0.00
2024-09-17T02:00,17.4,3,0.00
2024-09-17T03:00,17.2,0,0.00
2024-09-17T04:00,16.0,0,0.00
2024-09-17T05:00,15.1,0,0.00
2024-09-17T06:00,14.3,0,0.00
2024-09-17T07:00,13.8,0,0.00
2024-09-17T08:00,13.6,0,0.00
2024-09-17T09:00,14.5,1,0.00
2024-09-17T10:00,16.6,0,0.00
2024-09-17T11:00,19.0,0,0.00
2024-09-17T12:00,21.5,0,0.00
2024-09-17T13:00,23.6,0,0.00
2024-09-17T14:00,25.2,0,0.00
2024-09-17T15:00,26.4,0,0.00
2024-09-17T16:00,26.8,0,0.00
2024-09-17T17:00,27.1,0,0.00
2024-09-17T18:00,27.2,0,0.00
2024-09-17T19:00,26.5,0,0.00
2024-09-17T20:00,24.2,0,0.00
2024-09-17T21:00,21.6,0,0.00
2024-09-17T22:00,20.3,0,0.00
2024-09-17T23:00,19.5,0,0.00
2024-09-18T00:00,18.4,0,0.00
2024-09-18T01:00,17.2,0,0.00
2024-09-18T02:00,16.4,0,0.00
2024-09-18T03:00,16.2,0,0.00
2024-09-18T04:00,15.8,0,0.00
2024-09-18T05:00,15.6,0,0.00
2024-09-18T06:00,15.5,0,0.00
2024-09-18T07:00,15.2,0,0.00
2024-09-18T08:00,14.8,1,0.00
2024-09-18T09:00,15.9,1,0.00
2024-09-18T10:00,17.9,1,0.00
2024-09-18T11:00,19.7,1,0.00
2024-09-18T12:00,21.7,2,0.00
2024-09-18T13:00,23.2,51,0.20
2024-09-18T14:00,24.6,51,0.10
2024-09-18T15:00,25.8,1,0.00
2024-09-18T16:00,26.6,0,0.00
2024-09-18T17:00,26.9,0,0.00
2024-09-18T18:00,26.5,0,0.00
2024-09-18T19:00,25.5,1,0.00
2024-09-18T20:00,24.2,0,0.00
2024-09-18T21:00,22.0,0,0.00
2024-09-18T22:00,21.2,0,0.00
2024-09-18T23:00,20.2,51,0.10
2024-09-19T00:00,19.0,1,0.00
2024-09-19T01:00,18.2,0,0.00
2024-09-19T02:00,17.5,1,0.00
2024-09-19T03:00,15.8,0,0.00
2024-09-19T04:00,15.4,0,0.00
2024-09-19T05:00,15.1,1,0.00
2024-09-19T06:00,14.8,51,0.10
2024-09-19T07:00,15.0,1,0.00
2024-09-19T08:00,14.4,1,0.00
2024-09-19T09:00,15.4,1,0.00
2024-09-19T10:00,17.3,3,0.00
2024-09-19T11:00,18.3,2,0.00
2024-09-19T12:00,20.3,1,0.00
2024-09-19T13:00,21.9,1,0.00
2024-09-19T14:00,23.3,3,0.00
2024-09-19T15:00,22.5,51,0.10
2024-09-19T16:00,24.2,3,0.00
2024-09-19T17:00,20.0,63,6.20
2024-09-19T18:00,18.5,61,2.40
2024-09-19T19:00,18.4,51,0.10
2024-09-19T20:00,17.8,3,0.00
2024-09-19T21:00,16.7,1,0.00
2024-09-19T22:00,15.8,3,0.00
2024-09-19T23:00,15.3,51,0.20
2024-09-20T00:00,14.2,63,3.60
2024-09-20T01:00,14.5,1,0.00
2024-09-20T02:00,14.4,3,0.00
2024-09-20T03:00,14.0,3,0.00
2024-09-20T04:00,13.8,3,0.00
2024-09-20T05:00,13.9,3,0.00
2024-09-20T06:00,14.3,3,0.00
2024-09-20T07:00,14.6,51,0.30
2024-09-20T08:00,14.5,51,0.20
2024-09-20T09:00,14.8,3,0.00
2024-09-20T10:00,16.3,3,0.00
2024-09-20T11:00,17.3,51,0.10
2024-09-20T12:00,18.5,3,0.00
2024-09-20T13:00,19.0,51,0.10
2024-09-20T14:00,20.8,3,0.00
2024-09-20T15:00,20.9,51,0.10
2024-09-20T16:00,21.5,51,0.10
2024-09-20T17:00,22.8,0,0.00
2024-09-20T18:00,22.8,1,0.00
2024-09-20T19:00,21.2,53,0.60
2024-09-20T20:00,21.1,2,0.00
2024-09-20T21:00,16.0,51,0.40
2024-09-20T22:00,15.9,0,0.00
2024-09-20T23:00,15.1,3,0.00
2024-09-21T00:00,15.5,3,0.00
2024-09-21T01:00,15.1,3,0.00
2024-09-21T02:00,14.8,1,0.00
2024-09-21T03:00,15.7,51,0.10
2024-09-21T04:00,15.2,51,0.10
2024-09-21T05:00,14.9,51,0.10
2024-09-21T06:00,14.9,53,0.80
2024-09-21T07:00,15.1,51,0.10
2024-09-21T08:00,15.0,51,0.40
2024-09-21T09:00,15.5,51,0.10
2024-09-21T10:00,16.2,3,0.00
2024-09-21T11:00,17.5,51,0.10
2024-09-21T12:00,18.9,51,0.10
2024-09-21T13:00,19.8,51,0.10
2024-09-21T14:00,21.7,51,0.10
2024-09-21T15:00,21.6,51,0.10
2024-09-21T16:00,23.1,51,0.10
2024-09-21T17:00,23.0,1,0.00
2024-09-21T18:00,22.6,1,0.00
2024-09-21T19:00,21.6,1,0.00
2024-09-21T20:00,20.2,0,0.00
2024-09-21T21:00,19.0,1,0.00
2024-09-21T22:00,17.5,1,0.00
2024-09-21T23:00,16.5,1,0.00
2024-09-22T00:00,16.0,3,0.00
2024-09-22T01:00,16.2,1,0.00
2024-09-22T02:00,15.8,1,0.00
2024-09-22T03:00,15.4,2,0.00
2024-09-22T04:00,15.0,0,0.00
2024-09-22T05:00,13.6,0,0.00
2024-09-22T06:00,13.0,0,0.00
2024-09-22T07:00,12.5,0,0.00
2024-09-22T08:00,11.9,0,0.00
2024-09-22T09:00,13.7,0,0.00
2024-09-22T10:00,16.3,0,0.00
2024-09-22T11:00,19.1,0,0.00
2024-09-22T12:00,20.7,51,0.10
2024-09-22T13:00,21.4,1,0.00
2024-09-22T14:00,22.2,0,0.00
2024-09-22T15:00,23.7,3,0.00
2024-09-22T16:00,24.2,3,0.00
2024-09-22T17:00,23.5,3,0.00
2024-09-22T18:00,22.9,3,0.00
2024-09-22T19:00,22.3,3,0.00
2024-09-22T20:00,21.0,2,0.00
2024-09-22T21:00,19.4,1,0.00
2024-09-22T22:00,18.5,1,0.00
2024-09-22T23:00,17.7,1,0.00
2024-09-23T00:00,16.5,0,0.00
2024-09-23T01:00,15.5,0,0.00
2024-09-23T02:00,15.5,0,0.00
2024-09-23T03:00,14.7,3,0.00
2024-09-23T04:00,13.7,1,0.00
2024-09-23T05:00,13.6,1,0.00
2024-09-23T06:00,13.3,0,0.00
2024-09-23T07:00,13.3,0,0.00
2024-09-23T08:00,12.7,0,0.00
2024-09-23T09:00,13.0,0,0.00
2024-09-23T10:00,16.1,0,0.00
2024-09-23T11:00,18.6,0,0.00
2024-09-23T12:00,20.6,0,0.00
2024-09-23T13:00,22.0,1,0.00
2024-09-23T14:00,22.8,1,0.00
2024-09-23T15:00,23.7,1,0.00
2024-09-23T16:00,24.0,1,0.00
2024-09-23T17:00,23.5,0,0.00
2024-09-23T18:00,23.0,0,0.00
2024-09-23T19:00,22.7,0,0.00
2024-09-23T20:00,19.9,3,0.00
2024-09-23T21:00,19.2,2,0.00
2024-09-23T22:00,18.5,2,0.00
2024-09-23T23:00,17.1,1,0.00
2024-09-24T00:00,15.3,2,0.00
2024-09-24T01:00,14.6,1,0.00
2024-09-24T02:00,14.0,2,0.00
2024-09-24T03:00,13.9,2,0.00
2024-09-24T04:00,13.3,2,0.00
2024-09-24T05:00,12.4,3,0.00
2024-09-24T06:00,12.7,3,0.00
2024-09-24T07:00,11.8,3,0.00
2024-09-24T08:00,11.5,3,0.00
2024-09-24T09:00,13.0,3,0.00
2024-09-24T10:00,15.1,3,0.00
2024-09-24T11:00,17.6,3,0.00
2024-09-24T12:00,19.9,3,0.00
2024-09-24T13:00,21.2,3,0.00
2024-09-24T14:00,21.9,3,0.00
2024-09-24T15:00,20.9,3,0.00
2024-09-24T16:00,20.8,3,0.00
2024-09-24T17:00,19.9,3,0.00
2024-09-24T18:00,18.7,1,0.00
2024-09-24T19:00,17.4,3,0.00
2024-09-24T20:00,16.6,3,0.00
2024-09-24T21:00,15.7,3,0.00
2024-09-24T22:00,14.4,3,0.00
2024-09-24T23:00,13.7,3,0.00
2024-09-25T00:00,13.0,3,0.00
2024-09-25T01:00,12.9,3,0.00
2024-09-25T02:00,12.2,3,0.00
2024-09-25T03:00,14.4,3,0.00
2024-09-25T04:00,13.7,3,0.00
2024-09-25T05:00,13.9,51,0.10
2024-09-25T06:00,14.7,51,0.10
2024-09-25T07:00,14.6,3,0.00
2024-09-25T08:00,13.7,3,0.00
2024-09-25T09:00,14.4,3,0.00
2024-09-25T10:00,16.5,3,0.00
2024-09-25T11:00,17.2,3,0.00
2024-09-25T12:00,18.0,3,0.00
2024-09-25T13:00,19.4,3,0.00
2024-09-25T14:00,19.5,3,0.00
2024-09-25T15:00,19.9,3,0.00
2024-09-25T16:00,20.3,3,0.00
2024-09-25T17:00,21.6,3,0.00
2024-09-25T18:00,21.7,51,0.10
2024-09-25T19:00,21.3,3,0.00
2024-09-25T20:00,20.2,3,0.00
2024-09-25T21:00,19.3,3,0.00
2024-09-25T22:00,19.2,3,0.00
2024-09-25T23:00,18.7,3,0.00
2024-09-26T00:00,18.5,3,0.00
2024-09-26T01:00,18.3,3,0.00
2024-09-26T02:00,17.9,3,0.00
2024-09-26T03:00,18.0,3,0.00
2024-09-26T04:00,17.2,3,0.00
2024-09-26T05:00,16.8,3,0.00
2024-09-26T06:00,16.5,51,0.10
2024-09-26T07:00,16.4,51,0.10
2024-09-26T08:00,15.9,3,0.00
2024-09-26T09:00,15.9,2,0.00
2024-09-26T10:00,16.9,51,0.10
2024-09-26T11:00,18.2,1,0.00
2024-09-26T12:00,19.7,3,0.00
2024-09-26T13:00,19.7,53,0.60
2024-09-26T14:00,21.9,1,0.00
2024-09-26T15:00,21.6,2,0.00
2024-09-26T16:00,20.7,3,0.00
2024-09-26T17:00,20.0,2,0.00
2024-09-26T18:00,19.6,51,0.10
2024-09-26T19:00,19.0,51,0.20
2024-09-26T20:00,18.3,1,0.00
2024-09-26T21:00,17.6,1,0.00
2024-09-26T22:00,17.2,0,0.00
2024-09-26T23:00,16.8,1,0.00
2024-09-27T00:00,16.2,1,0.00
2024-09-27T01:00,15.4,1,0.00
2024-09-27T02:00,14.6,1,0.00
2024-09-27T03:00,13.7,0,0.00
2024-09-27T04:00,12.9,2,0.00
2024-09-27T05:00,12.5,2,0.00
2024-09-27T06:00,12.1,2,0.00
2024-09-27T07:00,12.1,2,0.00
2024-09-27T08:00,11.7,0,0.00
2024-09-27T09:00,12.1,0,0.00
2024-09-27T10:00,14.1,0,0.00
2024-09-27T11:00,15.6,0,0.00
2024-09-27T12:00,17.2,0,0.00
2024-09-27T13:00,18.9,0,0.00
2024-09-27T14:00,19.8,0,0.00
2024-09-27T15:00,20.6,1,0.00
2024-09-27T16:00,20.8,1,0.00
2024-09-27T17:00,20.2,1,0.00
2024-09-27T18:00,19.2,1,0.00
2024-09-27T19:00,17.2,0,0.00
2024-09-27T20:00,16.0,0,0.00
2024-09-27T21:00,14.9,0,0.00
2024-09-27T22:00,14.3,0,0.00
2024-09-27T23:00,13.8,1,0.00
2024-09-28T00:00,12.2,3,0.00
2024-09-28T01:00,10.5,2,0.00
2024-09-28T02:00,9.1,0,0.00
2024-09-28T03:00,8.3,1,0.00
2024-09-28T04:00,8.1,0,0.00
2024-09-28T05:00,7.9,0,0.00
2024-09-28T06:00,8.0,1,0.00
2024-09-28T07:00,7.7,1,0.00
2024-09-28T08:00,7.2,3,0.00
2024-09-28T09:00,7.8,3,0.00
2024-09-28T10:00,10.4,0,0.00
2024-09-28T11:00,13.5,2,0.00
2024-09-28T12:00,15.7,0,0.00
2024-09-28T13:00,17.4,0,0.00
2024-09-28T14:00,18.7,0,0.00
2024-09-28T15:00,20.0,0,0.00
2024-09-28T16:00,20.6,0,0.00
2024-09-28T17:00,20.8,0,0.00
2024-09-28T18:00,20.4,0,0.00
2024-09-28T19:00,19.6,0,0.00
2024-09-28T20:00,16.6,0,0.00
2024-09-28T21:00,15.0,0,0.00
2024-09-28T22:00,14.0,0,0.00
2024-09-28T23:00,12.4,0,0.00
2024-09-29T00:00,11.6,0,0.00
2024-09-29T01:00,11.2,0,0.00
2024-09-29T02:00,11.1,0,0.00
2024-09-29T03:00,10.1,0,0.00
2024-09-29T04:00,9.8,0,0.00
2024-09-29T05:00,9.4,0,0.00
2024-09-29T06:00,9.0,0,0.00
2024-09-29T07:00,8.5,0,0.00
2024-09-29T08:00,8.1,0,0.00
2024-09-29T09:00,9.3,0,0.00
2024-09-29T10:00,13.2,0,0.00
2024-09-29T11:00,15.7,0,0.00
2024-09-29T12:00,17.8,0,0.00
2024-09-29T13:00,19.9,0,0.00
2024-09-29T14:00,21.8,0,0.00
2024-09-29T15:00,23.3,2,0.00
2024-09-29T16:00,24.2,0,0.00
2024-09-29T17:00,24.5,0,0.00
2024-09-29T18:00,24.3,0,0.00
2024-09-29T19:00,23.4,0,0.00
2024-09-29T20:00,19.7,0,0.00
2024-09-29T21:00,17.4,0,0.00
2024-09-29T22:00,16.5,0,0.00
2024-09-29T23:00,16.1,0,0.00
2024-09-30T00:00,17.4,0,0.00
2024-09-30T01:00,14.6,0,0.00
2024-09-30T02:00,15.5,0,0.00
2024-09-30T03:00,12.5,0,0.00
2024-09-30T04:00,11.9,0,0.00
2024-09-30T05:00,11.0,0,0.00
2024-09-30T06:00,10.7,0,0.00
2024-09-30T07:00,10.7,0,0.00
2024-09-30T08:00,10.4,0,0.00
2024-09-30T09:00,11.8,0,0.00
2024-09-30T10:00,15.6,0,0.00
2024-09-30T11:00,19.4,0,0.00
2024-09-30T12:00,22.0,0,0.00
2024-09-30T13:00,24.1,0,0.00
2024-09-30T14:00,25.8,0,0.00
2024-09-30T15:00,27.2,0,0.00
2024-09-30T16:00,27.8,0,0.00
2024-09-30T17:00,28.0,0,0.00
2024-09-30T18:00,27.7,0,0.00
2024-09-30T19:00,26.7,0,0.00
2024-09-30T20:00,22.9,0,0.00
2024-09-30T21:00,20.0,0,0.00
2024-09-30T22:00,20.0,0,0.00
2024-09-30T23:00,20.6,0,0.00
2024-10-01T00:00,18.5,0,0.00
2024-10-01T01:00,16.7,0,0.00
2024-10-01T02:00,16.8,0,0.00
2024-10-01T03:00,13.8,0,0.00
2024-10-01T04:00,12.6,1,0.00
2024-10-01T05:00,12.1,3,0.00
2024-10-01T06:00,12.6,3,0.00
2024-10-01T07:00,14.2,3,0.00
2024-10-01T08:00,14.7,3,0.00
2024-10-01T09:00,13.3,3,0.00
2024-10-01T10:00,15.6,3,0.00
2024-10-01T11:00,17.7,3,0.00
2024-10-01T12:00,20.5,3,0.00
2024-10-01T13:00,21.8,2,0.00
2024-10-01T14:00,25.0,1,0.00
2024-10-01T15:00,27.1,0,0.00
2024-10-01T16:00,28.1,0,0.00
2024-10-01T17:00,28.3,0,0.00
2024-10-01T18:00,27.9,1,0.00
2024-10-01T19:00,26.5,0,0.00
2024-10-01T20:00,22.3,0,0.00
2024-10-01T21:00,21.0,1,0.00
2024-10-01T22:00,20.6,2,0.00
2024-10-01T23:00,20.3,3,0.00
2024-10-02T00:00,20.0,3,0.00
2024-10-02T01:00,19.6,3,0.00
2024-10-02T02:00,18.9,3,0.00
2024-10-02T03:00,19.1,3,0.00
2024-10-02T04:00,18.5,3,0.00
2024-10-02T05:00,18.0,3,0.00
2024-10-02T06:00,17.8,3,0.00
2024-10-02T07:00,17.1,2,0.00
2024-10-02T08:00,16.3,3,0.00
2024-10-02T09:00,17.1,3,0.00
2024-10-02T10:00,18.9,2,0.00
2024-10-02T11:00,21.3,3,0.00
2024-10-02T12:00,23.3,3,0.00
2024-10-02T13:00,25.0,3,0.00
2024-10-02T14:00,25.7,3,0.00
2024-10-02T15:00,24.2,3,0.00
2024-10-02T16:00,24.7,3,0.00
2024-10-02T17:00,24.1,3,0.00
2024-10-02T18:00,22.7,3,0.00
2024-10-02T19:00,21.1,55,1.10
2024-10-02T20:00,18.9,61,1.50
2024-10-02T21:00,18.6,53,0.50
2024-10-02T22:00,18.9,3,0.00
2024-10-02T23:00,19.0,3,0.00
2024-10-03T00:00,19.0,3,0.00
2024-10-03T01:00,18.8,3,0.00
2024-10-03T02:00,18.8,3,0.00
2024-10-03T03:00,17.9,1,0.00
2024-10-03T04:00,17.1,0,0.00
2024-10-03T05:00,15.2,1,0.00
2024-10-03T06:00,14.9,3,0.00
2024-10-03T07:00,15.9,2,0.00
2024-10-03T08:00,14.8,1,0.00
2024-10-03T09:00,14.9,0,0.00
2024-10-03T10:00,16.9,0,0.00
2024-10-03T11:00,18.7,0,0.00
2024-10-03T12:00,20.7,0,0.00
2024-10-03T13:00,22.2,0,0.00
2024-10-03T14:00,23.4,0,0.00
2024-10-03T15:00,23.5,0,0.00
2024-10-03T16:00,23.5,0,0.00
2024-10-03T17:00,23.6,2,0.00
2024-10-03T18:00,22.7,1,0.00
2024-10-03T19:00,21.5,0,0.00
2024-10-03T20:00,19.6,0,0.00
2024-10-03T21:00,18.3,1,0.00
2024-10-03T22:00,15.9,0,0.00
2024-10-03T23:00,15.7,1,0.00
2024-10-04T00:00,14.4,1,0.00
2024-10-04T01:00,14.1,0,0.00
2024-10-04T02:00,13.3,0,0.00
2024-10-04T03:00,13.0,1,0.00
2024-10-04T04:00,12.2,1,0.00
2024-10-04T05:00,11.8,1,0.00
2024-10-04T06:00,11.3,0,0.00
2024-10-04T07:00,10.9,0,0.00
2024-10-04T08:00,10.1,0,0.00
2024-10-04T09:00,11.0,2,0.00
2024-10-04T10:00,14.2,0,0.00
2024-10-04T11:00,17.1,3,0.00
2024-10-04T12:00,19.2,2,0.00
2024-10-04T13:00,21.0,3,0.00
2024-10-04T14:00,22.7,2,0.00
2024-10-04T15:00,24.1,3,0.00
2024-10-04T16:00,24.4,3,0.00
2024-10-04T17:00,24.6,3,0.00
2024-10-04T18:00,24.9,1,0.00
2024-10-04T19:00,23.6,2,0.00
2024-10-04T20:00,22.1,1,0.00
2024-10-04T21:00,19.8,1,0.00
2024-10-04T22:00,17.3,0,0.00
2024-10-04T23:00,16.3,1,0.00
2024-10-05T00:00,16.7,1,0.00
2024-10-05T01:00,14.7,0,0.00
2024-10-05T02:00,14.1,0,0.00
2024-10-05T03:00,12.9,1,0.00
2024-10-05T04:00,12.4,0,0.00
2024-10-05T05:00,11.9,0,0.00
2024-10-05T06:00,11.7,1,0.00
2024-10-05T07:00,11.0,3,0.00
2024-10-05T08:00,10.6,0,0.00
2024-10-05T09:00,11.9,0,0.00
2024-10-05T10:00,15.1,1,0.00
2024-10-05T11:00,18.3,0,0.00
2024-10-05T12:00,20.9,1,0.00
2024-10-05T13:00,22.9,1,0.00
2024-10-05T14:00,24.0,1,0.00
2024-10-05T15:00,24.9,2,0.00
2024-10-05T16:00,24.7,2,0.00
2024-10-05T17:00,25.0,3,0.00
2024-10-05T18:00,24.5,2,0.00
2024-10-05T19:00,23.4,3,0.00
2024-10-05T20:00,21.9,3,0.00
2024-10-05T21:00,21.0,3,0.00
2024-10-05T22:00,20.2,3,0.00
2024-10-05T23:00,19.3,1,0.00
2024-10-06T00:00,18.7,0,0.00
2024-10-06T01:00,18.2,0,0.00
2024-10-06T02:00,18.0,1,0.00
2024-10-06T03:00,18.3,2,0.00
2024-10-06T04:00,17.7,1,0.00
2024-10-06T05:00,17.0,3,0.00
2024-10-06T06:00,16.3,3,0.00
2024-10-06T07:00,16.1,2,0.00
2024-10-06T08:00,15.7,3,0.00
2024-10-06T09:00,16.0,3,0.00
2024-10-06T10:00,16.9,3,0.00
2024-10-06T11:00,18.4,3,0.00
2024-10-06T12:00,19.4,3,0.00
2024-10-06T13:00,21.1,3,0.00
2024-10-06T14:00,23.2,3,0.00
2024-10-06T15:00,23.0,3,0.00
2024-10-06T16:00,23.6,3,0.00
2024-10-06T17:00,23.5,3,0.00
2024-10-06T18:00,23.0,3,0.00
2024-10-06T19:00,22.3,3,0.00
2024-10-06T20:00,20.5,3,0.00
2024-10-06T21:00,19.1,3,0.00
2024-10-06T22:00,18.2,3,0.00
2024-10-06T23:00,17.8,3,0.00
2024-10-07T00:00,18.2,3,0.00
2024-10-07T01:00,18.0,3,0.00
2024-10-07T02:00,17.8,3,0.00
2024-10-07T03:00,17.3,3,0.00
2024-10-07T04:00,16.4,3,0.00
2024-10-07T05:00,15.8,3,0.00
2024-10-07T06:00,15.4,3,0.00
2024-10-07T07:00,14.9,3,0.00
2024-10-07T08:00,14.9,3,0.00
2024-10-07T09:00,15.4,3,0.00
2024-10-07T10:00,17.3,3,0.00
2024-10-07T11:00,19.0,3,0.00
2024-10-07T12:00,20.5,51,0.10
2024-10-07T13:00,21.5,51,0.40
2024-10-07T14:00,23.0,3,0.00
2024-10-07T15:00,17.3,61,1.60
2024-10-07T16:00,15.1,63,2.70
2024-10-07T17:00,14.6,61,2.30
2024-10-07T18:00,14.5,51,0.30
2024-10-07T19:00,14.7,3,0.00
2024-10-07T20:00,14.4,3,0.00
2024-10-07T21:00,13.8,2,0.00
2024-10-07T22:00,13.3,1,0.00
2024-10-07T23:00,12.9,1,0.00
2024-10-08T00:00,12.7,1,0.00
2024-10-08T01:00,12.4,3,0.00
2024-10-08T02:00,12.2,3,0.00
2024-10-08T03:00,10.9,3,0.00
2024-10-08T04:00,11.5,3,0.00
2024-10-08T05:00,11.8,3,0.00
2024-10-08T06:00,11.7,3,0.00
2024-10-08T07:00,11.5,3,0.00
2024-10-08T08:00,11.6,3,0.00
2024-10-08T09:00,11.9,3,0.00
2024-10-08T10:00,12.8,51,0.10
2024-10-08T11:00,14.2,51,0.10
2024-10-08T12:00,15.3,51,0.10
2024-10-08T13:00,16.4,3,0.00
2024-10-08T14:00,16.9,51,0.10
2024-10-08T15:00,17.3,3,0.00
2024-10-08T16:00,17.9,51,0.10
2024-10-08T17:00,17.2,51,0.10
2024-10-08T18:00,17.1,3,0.00
2024-10-08T19:00,15.8,3,0.00
2024-10-08T20:00,15.4,3,0.00
2024-10-08T21:00,15.0,51,0.10
2024-10-08T22:00,15.3,3,0.00
2024-10-08T23:00,15.6,3,0.00
2024-10-09T00:00,15.7,3,0.00
2024-10-09T01:00,15.4,3,0.00
2024-10-09T02:00,15.1,3,0.00
2024-10-09T03:00,14.7,53,0.80
2024-10-09T04:00,14.4,3,0.00
2024-10-09T05:00,14.3,3,0.00
2024-10-09T06:00,14.4,3,0.00
2024-10-09T07:00,14.3,2,0.00
2024-10-09T08:00,14.0,51,0.10
2024-10-09T09:00,14.1,51,0.20
2024-10-09T10:00,14.8,51,0.20
2024-10-09T11:00,14.4,53,0.80
2024-10-09T12:00,15.1,55,1.00
2024-10-09T13:00,16.5,51,0.40
2024-10-09T14:00,18.5,51,0.20
2024-10-09T15:00,17.4,53,0.70
2024-10-09T16:00,17.4,53,0.50
2024-10-09T17:00,17.8,51,0.20
2024-10-09T18:00,18.2,51,0.20
2024-10-09T19:00,17.8,1,0.00
2024-10-09T20:00,16.9,51,0.10
2024-10-09T21:00,16.2,53,0.90
2024-10-09T22:00,15.8,1,0.00
2024-10-09T23:00,14.4,0,0.00
2024-10-10T00:00,13.5,0,0.00
2024-10-10T01:00,12.9,0,0.00
2024-10-10T02:00,12.4,1,0.00
2024-10-10T03:00,12.3,1,0.00
2024-10-10T04:00,11.9,1,0.00
2024-10-10T05:00,11.3,0,0.00
2024-10-10T06:00,10.6,0,0.00
2024-10-10T07:00,10.6,1,0.00
2024-10-10T08:00,10.5,0,0.00
2024-10-10T09:00,10.6,2,0.00
2024-10-10T10:00,12.7,0,0.00
2024-10-10T11:00,14.1,0,0.00
2024-10-10T12:00,15.4,0,0.00
2024-10-10T13:00,16.6,0,0.00
2024-10-10T14:00,17.5,0,0.00
2024-10-10T15:00,19.0,1,0.00
2024-10-10T16:00,20.0,3,0.00
2024-10-10T17:00,19.8,1,0.00
2024-10-10T18:00,19.6,1,0.00
2024-10-10T19:00,18.1,1,0.00
2024-10-10T20:00,15.3,2,0.00
2024-10-10T21:00,13.7,0,0.00
2024-10-10T22:00,12.6,2,0.00
2024-10-10T23:00,11.5,2,0.00
2024-10-11T00:00,10.5,1,0.00
2024-10-11T01:00,10.5,1,0.00
2024-10-11T02:00,8.8,0,0.00
2024-10-11T03:00,9.4,2,0.00
2024-10-11T04:00,8.5,2,0.00
2024-10-11T05:00,8.0,2,0.00
2024-10-11T06:00,7.6,1,0.00
2024-10-11T07:00,7.2,0,0.00
2024-10-11T08:00,7.0,1,0.00
2024-10-11T09:00,7.6,3,0.00
2024-10-11T10:00,10.7,3,0.00
2024-10-11T11:00,12.4,3,0.00
2024-10-11T12:00,13.7,3,0.00
2024-10-11T13:00,16.0,2,0.00
2024-10-11T14:00,17.5,3,0.00
2024-10-11T15:00,18.6,3,0.00
2024-10-11T16:00,19.2,3,0.00
2024-10-11T17:00,19.0,3,0.00
2024-10-11T18:00,19.6,3,0.00
2024-10-11T19:00,18.1,3,0.00
2024-10-11T20:00,17.4,3,0.00
2024-10-11T21:00,16.6,3,0.00
2024-10-11T22:00,14.9,61,2.00
2024-10-11T23:00,14.4,51,0.40
2024-10-12T00:00,14.4,3,0.00
2024-10-12T01:00,14.4,51,0.20
2024-10-12T02:00,14.4,51,0.20
2024-10-12T03:00,15.6,51,0.10
2024-10-12T04:00,15.4,53,0.80
2024-10-12T05:00,15.1,55,1.20
2024-10-12T06:00,14.9,65,8.00
2024-10-12T07:00,14.9,63,2.90
2024-10-12T08:00,14.7,61,2.00
2024-10-12T09:00,14.9,51,0.10
2024-10-12T10:00,15.4,51,0.10
2024-10-12T11:00,15.4,51,0.30
2024-10-12T12:00,16.5,51,0.20
2024-10-12T13:00,17.7,51,0.20
2024-10-12T14:00,18.0,3,0.00
2024-10-12T15:00,18.3,51,0.10
2024-10-12T16:00,18.3,51,0.10
2024-10-12T17:00,18.4,51,0.10
2024-10-12T18:00,18.4,3,0.00
2024-10-12T19:00,17.7,3,0.00
2024-10-12T20:00,15.9,3,0.00
2024-10-12T21:00,15.5,3,0.00
2024-10-12T22:00,14.7,3,0.00
2024-10-12T23:00,14.7,3,0.00
2024-10-13T00:00,14.6,3,0.00
2024-10-13T01:00,14.3,3,0.00
2024-10-13T02:00,14.3,3,0.00
2024-10-13T03:00,13.2,1,0.00
2024-10-13T04:00,13.2,1,0.00
2024-10-13T05:00,13.2,2,0.00
2024-10-13T06:00,13.0,3,0.00
2024-10-13T07:00,12.8,3,0.00
2024-10-13T08:00,12.8,2,0.00
2024-10-13T09:00,12.9,1,0.00
2024-10-13T10:00,14.2,1,0.00
2024-10-13T11:00,16.3,0,0.00
2024-10-13T12:00,18.6,0,0.00
2024-10-13T13:00,20.4,1,0.00
2024-10-13T14:00,21.6,3,0.00
2024-10-13T15:00,20.2,51,0.20
2024-10-13T16:00,20.6,3,0.00
2024-10-13T17:00,20.9,3,0.00
2024-10-13T18:00,20.0,53,0.80
2024-10-13T19:00,18.8,51,0.10
2024-10-13T20:00,17.2,1,0.00
2024-10-13T21:00,16.2,0,0.00
2024-10-13T22:00,15.3,1,0.00
2024-10-13T23:00,14.8,3,0.00
2024-10-14T00:00,14.8,3,0.00
2024-10-14T01:00,14.7,3,0.00
2024-10-14T02:00,14.2,3,0.00
2024-10-14T03:00,14.2,1,0.00
2024-10-14T04:00,13.8,0,0.00
2024-10-14T05:00,13.6,1,0.00
2024-10-14T06:00,13.9,1,0.00
2024-10-14T07:00,13.9,0,0.00
2024-10-14T08:00,13.6,3,0.00
2024-10-14T09:00,14.3,3,0.00
2024-10-14T10:00,15.5,3,0.00
2024-10-14T11:00,16.4,3,0.00
2024-10-14T12:00,17.1,51,0.10
2024-10-14T13:00,17.7,51,0.10
2024-10-14T14:00,19.7,53,0.60
2024-10-14T15:00,19.4,53,0.70
2024-10-14T16:00,20.9,3,0.00
2024-10-14T17:00,21.8,3,0.00
2024-10-14T18:00,21.6,2,0.00
2024-10-14T19:00,20.5,1,0.00
2024-10-14T20:00,18.5,1,0.00
2024-10-14T21:00,17.3,3,0.00
2024-10-14T22:00,16.4,51,0.10
2024-10-14T23:00,16.0,51,0.10
2024-10-15T00:00,16.0,53,0.90
2024-10-15T01:00,16.1,53,0.70
2024-10-15T02:00,15.7,61,2.20
2024-10-15T03:00,17.1,51,0.30
2024-10-15T04:00,16.2,3,0.00
2024-10-15T05:00,15.7,2,0.00
2024-10-15T06:00,16.1,0,0.00
2024-10-15T07:00,15.8,51,0.20
2024-10-15T08:00,15.8,51,0.20
2024-10-15T09:00,15.8,51,0.20
2024-10-15T10:00,16.6,2,0.00
2024-10-15T11:00,17.0,51,0.30
2024-10-15T12:00,17.6,51,0.10
2024-10-15T13:00,19.4,51,0.20
2024-10-15T14:00,16.5,55,1.20
2024-10-15T15:00,17.9,55,1.00
2024-10-15T16:00,18.1,53,0.50
2024-10-15T17:00,18.1,51,0.20
2024-10-15T18:00,16.9,61,1.30
2024-10-15T19:00,15.8,53,0.70
2024-10-15T20:00,15.3,51,0.20
2024-10-15T21:00,15.2,53,0.60
2024-10-15T22:00,15.2,51,0.20
2024-10-15T23:00,15.2,51,0.10
2024-10-16T00:00,15.1,51,0.10
2024-10-16T01:00,15.1,53,0.50
2024-10-16T02:00,14.9,53,0.80
2024-10-16T03:00,15.2,53,0.70
2024-10-16T04:00,14.8,61,1.50
2024-10-16T05:00,14.9,53,0.50
2024-10-16T06:00,15.1,53,0.70
2024-10-16T07:00,15.2,55,1.20
2024-10-16T08:00,15.3,53,0.70
2024-10-16T09:00,15.7,51,0.10
2024-10-16T10:00,16.0,3,0.00
2024-10-16T11:00,16.6,3,0.00
2024-10-16T12:00,17.0,51,0.10
2024-10-16T13:00,18.9,51,0.20
2024-10-16T14:00,20.6,51,0.10
2024-10-16T15:00,21.3,51,0.10
2024-10-16T16:00,21.7,1,0.00
2024-10-16T17:00,21.3,0,0.00
2024-10-16T18:00,20.1,1,0.00
2024-10-16T19:00,18.8,0,0.00
2024-10-16T20:00,17.2,1,0.00
2024-10-16T21:00,16.3,1,0.00
2024-10-16T22:00,15.6,51,0.10
2024-10-16T23:00,14.9,2,0.00
2024-10-17T00:00,13.7,3,0.00
2024-10-17T01:00,13.3,3,0.00
2024-10-17T02:00,13.5,51,0.20
2024-10-17T03:00,12.8,61,2.20
2024-10-17T04:00,12.2,51,0.30
2024-10-17T05:00,11.8,51,0.10
2024-10-17T06:00,11.4,51,0.30
2024-10-17T07:00,10.8,53,0.80
2024-10-17T08:00,10.1,55,1.10
2024-10-17T09:00,10.5,55,1.20
2024-10-17T10:00,11.0,61,1.30
2024-10-17T11:00,11.9,51,0.10
2024-10-17T12:00,11.8,55,1.20
2024-10-17T13:00,13.3,51,0.10
2024-10-17T14:00,15.0,2,0.00
2024-10-17T15:00,15.6,1,0.00
2024-10-17T16:00,16.5,1,0.00
2024-10-17T17:00,16.6,1,0.00
2024-10-17T18:00,16.2,2,0.00
2024-10-17T19:00,15.3,0,0.00
2024-10-17T20:00,13.8,0,0.00
2024-10-17T21:00,12.6,0,0.00
2024-10-17T22:00,11.5,1,0.00
2024-10-17T23:00,11.0,1,0.00
2024-10-18T00:00,11.1,2,0.00
2024-10-18T01:00,11.1,1,0.00
2024-10-18T02:00,10.8,0,0.00
2024-10-18T03:00,10.3,1,0.00
2024-10-18T04:00,9.0,0,0.00
2024-10-18T05:00,8.4,0,0.00
2024-10-18T06:00,7.9,0,0.00
2024-10-18T07:00,7.2,0,0.00
2024-10-18T08:00,6.3,0,0.00
2024-10-18T09:00,6.4,0,0.00
2024-10-18T10:00,8.8,0,0.00
2024-10-18T11:00,11.2,0,0.00
2024-10-18T12:00,13.0,0,0.00
2024-10-18T13:00,14.5,0,0.00
2024-10-18T14:00,15.5,0,0.00
2024-10-18T15:00,17.1,1,0.00
2024-10-18T16:00,17.1,3,0.00
2024-10-18T17:00,17.1,3,0.00
2024-10-18T18:00,17.0,3,0.00
2024-10-18T19:00,15.7,3,0.00
2024-10-18T20:00,14.4,3,0.00
2024-10-18T21:00,14.0,3,0.00
2024-10-18T22:00,14.0,3,0.00
2024-10-18T23:00,14.0,3,0.00
2024-10-19T00:00,13.9,3,0.00
2024-10-19T01:00,13.4,3,0.00
2024-10-19T02:00,12.3,3,0.00
2024-10-19T03:00,13.3,3,0.00
2024-10-19T04:00,12.7,3,0.00
2024-10-19T05:00,12.3,3,0.00
2024-10-19T06:00,12.4,3,0.00
2024-10-19T07:00,12.1,3,0.00
2024-10-19T08:00,12.2,3,0.00
2024-10-19T09:00,11.8,2,0.00
2024-10-19T10:00,12.8,0,0.00
2024-10-19T11:00,15.0,3,0.00
2024-10-19T12:00,16.7,3,0.00
2024-10-19T13:00,18.5,3,0.00
2024-10-19T14:00,19.8,3,0.00
2024-10-19T15:00,20.0,2,0.00
2024-10-19T16:00,20.1,2,0.00
2024-10-19T17:00,20.0,3,0.00
2024-10-19T18:00,18.8,3,0.00
2024-10-19T19:00,17.2,3,0.00
2024-10-19T20:00,15.8,3,0.00
2024-10-19T21:00,15.3,3,0.00
2024-10-19T22:00,15.1,3,0.00
2024-10-19T23:00,14.1,3,0.00
2024-10-20T00:00,13.4,3,0.00
2024-10-20T01:00,12.6,3,0.00
2024-10-20T02:00,12.1,2,0.00
2024-10-20T03:00,13.0,3,0.00
2024-10-20T04:00,12.6,3,0.00
2024-10-20T05:00,12.2,2,0.00
2024-10-20T06:00,10.7,3,0.00
2024-10-20T07:00,10.7,3,0.00
2024-10-20T08:00,10.8,3,0.00
2024-10-20T09:00,11.1,3,0.00
2024-10-20T10:00,12.2,3,0.00
2024-10-20T11:00,13.7,3,0.00
2024-10-20T12:00,15.5,3,0.00
2024-10-20T13:00,16.9,3,0.00
2024-10-20T14:00,18.3,3,0.00
2024-10-20T15:00,20.2,3,0.00
2024-10-20T16:00,21.0,3,0.00
2024-10-20T17:00,21.2,3,0.00
2024-10-20T18:00,20.9,1,0.00
2024-10-20T19:00,18.9,1,0.00
2024-10-20T20:00,16.6,0,0.00
2024-10-20T21:00,16.6,3,0.00
2024-10-20T22:00,16.0,3,0.00
2024-10-20T23:00,15.4,3,0.00
2024-10-21T00:00,14.0,3,0.00
2024-10-21T01:00,11.7,3,0.00
2024-10-21T02:00,11.5,2,0.00
2024-10-21T03:00,11.7,0,0.00
2024-10-21T04:00,10.8,0,0.00
2024-10-21T05:00,10.2,0,0.00
2024-10-21T06:00,9.8,0,0.00
2024-10-21T07:00,10.3,0,0.00
2024-10-21T08:00,9.2,0,0.00
2024-10-21T09:00,10.2,0,0.00
2024-10-21T10:00,12.8,0,0.00
2024-10-21T11:00,15.6,0,0.00
2024-10-21T12:00,17.4,0,0.00
2024-10-21T13:00,18.8,0,0.00
2024-10-21T14:00,20.2,0,0.00
2024-10-21T15:00,21.4,0,0.00
2024-10-21T16:00,21.9,2,0.00
2024-10-21T17:00,22.1,3,0.00
2024-10-21T18:00,21.8,3,0.00
2024-10-21T19:00,20.5,2,0.00
2024-10-21T20:00,15.9,2,0.00
2024-10-21T21:00,14.6,2,0.00
2024-10-21T22:00,14.0,3,0.00
2024-10-21T23:00,12.9,3,0.00
2024-10-22T00:00,12.1,1,0.00
2024-10-22T01:00,12.2,2,0.00
2024-10-22T02:00,12.1,0,0.00
2024-10-22T03:00,12.3,3,0.00
2024-10-22T04:00,12.4,3,0.00
2024-10-22T05:00,12.6,2,0.00
2024-10-22T06:00,12.7,3,0.00
2024-10-22T07:00,12.9,3,0.00
2024-10-22T08:00,13.1,3,0.00
2024-10-22T09:00,13.3,3,0.00
2024-10-22T10:00,14.5,3,0.00
2024-10-22T11:00,16.1,3,0.00
2024-10-22T12:00,17.5,1,0.00
2024-10-22T13:00,19.0,2,0.00
2024-10-22T14:00,20.1,2,0.00
2024-10-22T15:00,20.2,3,0.00
2024-10-22T16:00,20.5,51,0.10
2024-10-22T17:00,20.7,0,0.00
2024-10-22T18:00,20.4,1,0.00
2024-10-22T19:00,18.2,1,0.00
2024-10-22T20:00,15.9,1,0.00
2024-10-22T21:00,15.2,1,0.00
2024-10-22T22:00,15.1,1,0.00
2024-10-22T23:00,15.1,1,0.00
2024-10-23T00:00,14.4,2,0.00
2024-10-23T01:00,14.1,1,0.00
2024-10-23T02:00,13.5,0,0.00
2024-10-23T03:00,13.5,1,0.00
2024-10-23T04:00,13.0,1,0.00
2024-10-23T05:00,12.9,1,0.00
2024-10-23T06:00,12.5,1,0.00
2024-10-23T07:00,11.8,1,0.00
2024-10-23T08:00,11.4,1,0.00
2024-10-23T09:00,11.2,1,0.00
2024-10-23T10:00,13.1,1,0.00
2024-10-23T11:00,15.1,1,0.00
2024-10-23T12:00,16.9,1,0.00
2024-10-23T13:00,18.0,2,0.00
2024-10-23T14:00,18.2,3,0.00
2024-10-23T15:00,19.1,51,0.30
2024-10-23T16:00,19.3,1,0.00
2024-10-23T17:00,19.2,1,0.00
2024-10-23T18:00,19.0,51,0.10
2024-10-23T19:00,17.8,1,0.00
2024-10-23T20:00,16.0,1,0.00
2024-10-23T21:00,14.9,1,0.00
2024-10-23T22:00,13.7,1,0.00
2024-10-23T23:00,13.5,1,0.00
2024-10-24T00:00,12.9,1,0.00
2024-10-24T01:00,12.9,1,0.00
2024-10-24T02:00,12.6,1,0.00
2024-10-24T03:00,13.0,3,0.00
2024-10-24T04:00,13.2,51,0.10
2024-10-24T05:00,13.1,51,0.10
2024-10-24T06:00,13.2,51,0.40
2024-10-24T07:00,13.3,53,0.70
2024-10-24T08:00,13.0,51,0.40
2024-10-24T09:00,13.0,51,0.30
2024-10-24T10:00,13.4,51,0.10
2024-10-24T11:00,14.0,3,0.00
2024-10-24T12:00,14.9,3,0.00
2024-10-24T13:00,15.8,3,0.00
2024-10-24T14:00,16.6,51,0.10
2024-10-24T15:00,17.9,51,0.10
2024-10-24T16:00,19.0,2,0.00
2024-10-24T17:00,19.6,3,0.00
2024-10-24T18:00,19.4,3,0.00
2024-10-24T19:00,17.0,2,0.00
2024-10-24T20:00,15.5,3,0.00
2024-10-24T21:00,14.3,2,0.00
2024-10-24T22:00,15.0,3,0.00
2024-10-24T23:00,14.1,3,0.00
2024-10-25T00:00,12.8,3,0.00
2024-10-25T01:00,14.2,51,0.20
2024-10-25T02:00,13.7,51,0.20
2024-10-25T03:00,12.9,63,2.60
2024-10-25T04:00,13.0,51,0.10
2024-10-25T05:00,13.3,3,0.00
2024-10-25T06:00,13.2,3,0.00
2024-10-25T07:00,13.2,51,0.10
2024-10-25T08:00,13.3,51,0.20
2024-10-25T09:00,13.4,51,0.10
2024-10-25T10:00,13.7,51,0.10
2024-10-25T11:00,14.0,51,0.10
2024-10-25T12:00,14.5,3,0.00
2024-10-25T13:00,15.6,51,0.10
2024-10-25T14:00,14.7,63,4.10
2024-10-25T15:00,17.2,51,0.10
2024-10-25T16:00,17.0,2,0.00
2024-10-25T17:00,16.2,0,0.00
2024-10-25T18:00,14.9,2,0.00
2024-10-25T19:00,12.9,1,0.00
2024-10-25T20:00,11.5,1,0.00
2024-10-25T21:00,11.6,3,0.00
2024-10-25T22:00,10.6,1,0.00
2024-10-25T23:00,9.8,1,0.00
2024-10-26T00:00,9.5,3,0.00
2024-10-26T01:00,8.9,3,0.00
2024-10-26T02:00,9.2,3,0.00
2024-10-26T03:00,9.1,53,0.70
2024-10-26T04:00,8.4,0,0.00
2024-10-26T05:00,7.1,0,0.00
2024-10-26T06:00,6.5,0,0.00
2024-10-26T07:00,6.5,1,0.00
2024-10-26T08:00,6.2,3,0.00
2024-10-26T09:00,6.4,2,0.00
2024-10-26T10:00,7.7,1,0.00
2024-10-26T11:00,9.5,3,0.00
2024-10-26T12:00,10.2,3,0.00
2024-10-26T13:00,11.4,2,0.00
2024-10-26T14:00,12.2,3,0.00
2024-10-26T15:00,11.4,51,0.10
2024-10-26T16:00,11.2,51,0.20
2024-10-26T17:00,11.1,3,0.00
2024-10-26T18:00,9.3,3,0.00
2024-10-26T19:00,7.6,51,0.10
2024-10-26T20:00,6.9,53,0.50
2024-10-26T21:00,6.5,3,0.00
2024-10-26T22:00,6.4,3,0.00
2024-10-26T23:00,6.1,3,0.00
2024-10-27T00:00,6.4,2,0.00
2024-10-27T01:00,5.9,1,0.00
2024-10-27T02:00,4.9,1,0.00
2024-10-27T03:00,6.4,61,1.50
2024-10-27T04:00,5.9,51,0.10
2024-10-27T05:00,5.1,1,0.00
2024-10-27T06:00,4.8,0,0.00
2024-10-27T07:00,4.4,1,0.00
2024-10-27T08:00,3.8,3,0.00
2024-10-27T09:00,3.8,3,0.00
2024-10-27T10:00,6.0,3,0.00
2024-10-27T11:00,7.8,2,0.00
2024-10-27T12:00,8.9,0,0.00
2024-10-27T13:00,10.9,51,0.10
2024-10-27T14:00,12.1,1,0.00
2024-10-27T15:00,12.6,2,0.00
2024-10-27T16:00,12.6,1,0.00
2024-10-27T17:00,12.7,2,0.00
2024-10-27T18:00,12.5,3,0.00
2024-10-27T19:00,11.5,3,0.00
2024-10-27T20:00,10.2,3,0.00
2024-10-27T21:00,9.3,51,0.10
2024-10-27T22:00,8.5,51,0.20
2024-10-27T23:00,8.2,53,0.50
2024-10-28T00:00,7.6,63,2.50
2024-10-28T01:00,8.0,53,0.80
2024-10-28T02:00,8.5,51,0.30
2024-10-28T03:00,9.2,51,0.30
2024-10-28T04:00,9.4,51,0.10
2024-10-28T05:00,9.6,51,0.10
2024-10-28T06:00,9.7,3,0.00
2024-10-28T07:00,10.1,2,0.00
2024-10-28T08:00,9.6,1,0.00
2024-10-28T09:00,9.3,0,0.00
2024-10-28T10:00,10.7,0,0.00
2024-10-28T11:00,12.8,0,0.00
2024-10-28T12:00,14.5,0,0.00
2024-10-28T13:00,16.1,51,0.10
2024-10-28T14:00,16.6,51,0.10
2024-10-28T15:00,17.2,1,0.00
2024-10-28T16:00,17.9,3,0.00
2024-10-28T17:00,18.2,2,0.00
2024-10-28T18:00,17.7,2,0.00
2024-10-28T19:00,16.0,3,0.00
2024-10-28T20:00,14.7,2,0.00
2024-10-28T21:00,13.7,3,0.00
2024-10-28T22:00,13.0,3,0.00
2024-10-28T23:00,12.5,1,0.00
2024-10-29T00:00,12.2,1,0.00
2024-10-29T01:00,12.2,3,0.00
2024-10-29T02:00,12.6,2,0.00
2024-10-29T03:00,12.7,0,0.00
2024-10-29T04:00,12.5,0,0.00
2024-10-29T05:00,12.3,1,0.00
2024-10-29T06:00,12.1,3,0.00
2024-10-29T07:00,12.3,1,0.00
2024-10-29T08:00,12.5,1,0.00
2024-10-29T09:00,12.6,3,0.00
2024-10-29T10:00,13.6,3,0.00
2024-10-29T11:00,14.8,3,0.00
2024-10-29T12:00,15.8,3,0.00
2024-10-29T13:00,16.2,3,0.00
2024-10-29T14:00,16.8,51,0.10
2024-10-29T15:00,15.4,51,0.10
2024-10-29T16:00,15.8,3,0.00
2024-10-29T17:00,16.5,3,0.00
2024-10-29T18:00,16.6,3,0.00
2024-10-29T19:00,14.6,51,0.10
2024-10-29T20:00,14.8,3,0.00
2024-10-29T21:00,14.6,51,0.10
2024-10-29T22:00,14.0,61,2.10
2024-10-29T23:00,14.0,63,3.10
2024-10-30T00:00,14.1,55,1.20
2024-10-30T01:00,14.5,61,1.80
2024-10-30T02:00,13.1,63,7.00
2024-10-30T03:00,11.0,51,0.40
2024-10-30T04:00,11.1,3,0.00
2024-10-30T05:00,11.2,3,0.00
2024-10-30T06:00,11.2,3,0.00
2024-10-30T07:00,11.5,3,0.00
2024-10-30T08:00,11.5,3,0.00
2024-10-30T09:00,11.7,1,0.00
2024-10-30T10:00,13.2,0,0.00
2024-10-30T11:00,15.2,0,0.00
2024-10-30T12:00,17.1,51,0.10
2024-10-30T13:00,17.9,51,0.10
2024-10-30T14:00,18.5,1,0.00
2024-10-30T15:00,18.7,51,0.10
2024-10-30T16:00,17.7,61,1.40
2024-10-30T17:00,17.5,1,0.00
2024-10-30T18:00,17.3,1,0.00
2024-10-30T19:00,14.8,0,0.00
2024-10-30T20:00,13.3,1,0.00
2024-10-30T21:00,13.8,1,0.00
2024-10-30T22:00,13.0,2,0.00
2024-10-30T23:00,12.3,2,0.00
2024-10-31T00:00,12.4,3,0.00
2024-10-31T01:00,12.3,2,0.00
2024-10-31T02:00,11.6,1,0.00
2024-10-31T03:00,11.8,51,0.30
2024-10-31T04:00,11.7,51,0.30
2024-10-31T05:00,11.7,51,0.10
2024-10-31T06:00,11.6,3,0.00
2024-10-31T07:00,11.5,51,0.10
2024-10-31T08:00,11.6,3,0.00
2024-10-31T09:00,11.5,3,0.00
2024-10-31T10:00,12.1,3,0.00
2024-10-31T11:00,13.5,3,0.00
2024-10-31T12:00,14.7,2,0.00
2024-10-31T13:00,16.5,1,0.00
2024-10-31T14:00,17.8,1,0.00
2024-10-31T15:00,18.6,0,0.00
2024-10-31T16:00,19.1,3,0.00
2024-10-31T17:00,19.2,2,0.00
2024-10-31T18:00,16.5,53,0.60
2024-10-31T19:00,14.6,0,0.00
2024-10-31T20:00,12.3,1,0.00
2024-10-31T21:00,11.8,3,0.00
2024-10-31T22:00,12.1,2,0.00
2024-10-31T23:00,12.4,51,0.10
2024-11-01T00:00,12.1,53,0.80
2024-11-01T01:00,12.0,2,0.00
2024-11-01T02:00,12.0,2,0.00
2024-11-01T03:00,12.7,63,2.50
2024-11-01T04:00,12.3,51,0.30
2024-11-01T05:00,12.3,51,0.40
2024-11-01T06:00,11.9,51,0.10
2024-11-01T07:00,11.9,3,0.00
2024-11-01T08:00,12.2,53,0.60
2024-11-01T09:00,12.3,51,0.10
2024-11-01T10:00,12.7,3,0.00
2024-11-01T11:00,13.5,3,0.00
2024-11-01T12:00,14.2,51,0.10
2024-11-01T13:00,15.1,51,0.10
2024-11-01T14:00,16.2,51,0.10
2024-11-01T15:00,17.9,3,0.00
2024-11-01T16:00,18.4,3,0.00
2024-11-01T17:00,18.6,3,0.00
2024-11-01T18:00,18.0,3,0.00
2024-11-01T19:00,15.7,3,0.00
2024-11-01T20:00,13.9,0,0.00
2024-11-01T21:00,13.3,3,0.00
2024-11-01T22:00,13.6,3,0.00
2024-11-01T23:00,13.1,3,0.00
2024-11-02T00:00,12.7,2,0.00
2024-11-02T01:00,12.1,2,0.00
2024-11-02T02:00,11.3,3,0.00
2024-11-02T03:00,12.9,51,0.40
2024-11-02T04:00,12.7,3,0.00
2024-11-02T05:00,12.0,1,0.00
2024-11-02T06:00,11.6,3,0.00
2024-11-02T07:00,11.6,3,0.00
2024-11-02T08:00,11.3,3,0.00
2024-11-02T09:00,11.2,3,0.00
2024-11-02T10:00,12.3,3,0.00
2024-11-02T11:00,13.7,2,0.00
2024-11-02T12:00,15.0,0,0.00
2024-11-02T13:00,16.4,3,0.00
2024-11-02T14:00,17.3,3,0.00
2024-11-02T15:00,16.2,3,0.00
2024-11-02T16:00,16.5,51,0.20
2024-11-02T17:00,15.6,51,0.20
2024-11-02T18:00,14.6,51,0.10
2024-11-02T19:00,13.7,1,0.00
2024-11-02T20:00,12.6,0,0.00
2024-11-02T21:00,12.1,0,0.00
2024-11-02T22:00,11.6,0,0.00
2024-11-02T23:00,11.3,0,0.00
2024-11-03T00:00,11.0,0,0.00
2024-11-03T01:00,10.9,0,0.00
2024-11-03T02:00,10.6,1,0.00
2024-11-03T03:00,10.9,1,0.00
2024-11-03T04:00,11.0,51,0.30
2024-11-03T05:00,10.7,51,0.10
2024-11-03T06:00,10.7,3,0.00
2024-11-03T07:00,10.6,3,0.00
2024-11-03T08:00,10.3,0,0.00
2024-11-03T09:00,10.1,0,0.00
2024-11-03T10:00,10.8,1,0.00
2024-11-03T11:00,12.0,2,0.00
2024-11-03T12:00,13.1,3,0.00
2024-11-03T13:00,14.2,3,0.00
2024-11-03T14:00,14.9,51,0.10
2024-11-03T15:00,16.8,51,0.30
2024-11-03T16:00,17.7,53,0.70
2024-11-03T17:00,18.0,51,0.30
2024-11-03T18:00,17.5,1,0.00
2024-11-03T19:00,14.9,0,0.00
2024-11-03T20:00,12.5,0,0.00
2024-11-03T21:00,11.5,0,0.00
2024-11-03T22:00,11.2,0,0.00
2024-11-03T23:00,10.1,0,0.00
2024-11-04T00:00,10.0,0,0.00
2024-11-04T01:00,10.0,3,0.00
2024-11-04T02:00,9.8,3,0.00
2024-11-04T03:00,11.2,1,0.00
2024-11-04T04:00,11.0,2,0.00
2024-11-04T05:00,10.7,2,0.00
2024-11-04T06:00,10.4,3,0.00
2024-11-04T07:00,10.6,3,0.00
2024-11-04T08:00,10.3,3,0.00
2024-11-04T09:00,10.6,3,0.00
2024-11-04T10:00,11.7,3,0.00
2024-11-04T11:00,13.2,1,0.00
2024-11-04T12:00,14.7,2,0.00
2024-11-04T13:00,15.7,3,0.00
2024-11-04T14:00,16.0,3,0.00
2024-11-04T15:00,16.0,51,0.10
2024-11-04T16:00,16.9,51,0.10
2024-11-04T17:00,17.3,0,0.00
2024-11-04T18:00,16.9,2,0.00
2024-11-04T19:00,14.2,3,0.00
2024-11-04T20:00,14.4,3,0.00
2024-11-04T21:00,12.4,2,0.00
2024-11-04T22:00,11.5,51,0.30
2024-11-04T23:00,12.1,3,0.00
2024-11-05T00:00,13.0,3,0.00
2024-11-05T01:00,11.6,1,0.00
2024-11-05T02:00,10.2,1,0.00
2024-11-05T03:00,12.2,1,0.00
2024-11-05T04:00,11.1,1,0.00
2024-11-05T05:00,9.9,1,0.00
2024-11-05T06:00,9.8,3,0.00
2024-11-05T07:00,9.2,1,0.00
2024-11-05T08:00,8.7,3,0.00
2024-11-05T09:00,8.7,2,0.00
2024-11-05T10:00,11.2,3,0.00
2024-11-05T11:00,13.7,3,0.00
2024-11-05T12:00,15.3,2,0.00
2024-11-05T13:00,16.5,3,0.00
2024-11-05T14:00,17.7,3,0.00
2024-11-05T15:00,17.8,3,0.00
2024-11-05T16:00,17.8,3,0.00
2024-11-05T17:00,17.4,3,0.00
2024-11-05T18:00,17.4,0,0.00
2024-11-05T19:00,14.9,0,0.00
2024-11-05T20:00,12.8,0,0.00
2024-11-05T21:00,11.8,0,0.00
2024-11-05T22:00,10.9,0,0.00
2024-11-05T23:00,10.2,0,0.00
2024-11-06T00:00,9.7,1,0.00
2024-11-06T01:00,9.3,1,0.00
2024-11-06T02:00,9.9,2,0.00
2024-11-06T03:00,9.5,0,0.00
2024-11-06T04:00,9.5,0,0.00
2024-11-06T05:00,9.6,0,0.00
2024-11-06T06:00,9.5,0,0.00
2024-11-06T07:00,9.3,0,0.00
2024-11-06T08:00,9.1,0,0.00
2024-11-06T09:00,8.9,0,0.00
2024-11-06T10:00,10.8,0,0.00
2024-11-06T11:00,14.0,0,0.00
2024-11-06T12:00,16.4,0,0.00
2024-11-06T13:00,18.1,0,0.00
2024-11-06T14:00,19.1,0,0.00
2024-11-06T15:00,19.5,0,0.00
2024-11-06T16:00,19.7,0,0.00
2024-11-06T17:00,19.5,0,0.00
2024-11-06T18:00,18.5,0,0.00
2024-11-06T19:00,14.8,0,0.00
2024-11-06T20:00,14.6,0,0.00
2024-11-06T21:00,12.6,0,0.00
2024-11-06T22:00,11.2,0,0.00
2024-11-06T23:00,10.0,0,0.00
2024-11-07T00:00,9.8,0,0.00
2024-11-07T01:00,9.1,0,0.00
2024-11-07T02:00,9.4,0,0.00
2024-11-07T03:00,9.7,0,0.00
2024-11-07T04:00,9.4,0,0.00
2024-11-07T05:00,9.2,0,0.00
2024-11-07T06:00,8.8,0,0.00
2024-11-07T07:00,8.7,0,0.00
2024-11-07T08:00,8.1,0,0.00
2024-11-07T09:00,7.6,0,0.00
2024-11-07T10:00,10.0,0,0.00
2024-11-07T11:00,12.7,0,0.00
2024-11-07T12:00,14.3,0,0.00
2024-11-07T13:00,16.1,1,0.00
2024-11-07T14:00,17.1,1,0.00
2024-11-07T15:00,18.2,2,0.00
2024-11-07T16:00,18.2,2,0.00
2024-11-07T17:00,18.3,1,0.00
2024-11-07T18:00,17.9,0,0.00
2024-11-07T19:00,15.9,0,0.00
2024-11-07T20:00,15.2,0,0.00
2024-11-07T21:00,13.0,0,0.00
2024-11-07T22:00,11.1,1,0.00
2024-11-07T23:00,10.5,3,0.00
2024-11-08T00:00,9.8,3,0.00
2024-11-08T01:00,9.7,3,0.00
2024-11-08T02:00,8.5,3,0.00
2024-11-08T03:00,9.3,3,0.00
2024-11-08T04:00,8.9,3,0.00
2024-11-08T05:00,8.8,3,0.00
2024-11-08T06:00,8.4,3,0.00
2024-11-08T07:00,8.5,3,0.00
2024-11-08T08:00,8.8,3,0.00
2024-11-08T09:00,8.7,3,0.00
2024-11-08T10:00,9.6,3,0.00
2024-11-08T11:00,11.8,3,0.00
2024-11-08T12:00,12.8,3,0.00
2024-11-08T13:00,13.8,3,0.00
2024-11-08T14:00,14.5,3,0.00
2024-11-08T15:00,14.1,3,0.00
2024-11-08T16:00,15.0,3,0.00
2024-11-08T17:00,15.4,3,0.00
2024-11-08T18:00,15.2,2,0.00
2024-11-08T19:00,12.5,0,0.00
2024-11-08T20:00,10.8,1,0.00
2024-11-08T21:00,10.1,0,0.00
2024-11-08T22:00,9.6,1,0.00
2024-11-08T23:00,10.6,1,0.00
2024-11-09T00:00,9.0,3,0.00
2024-11-09T01:00,9.0,3,0.00
2024-11-09T02:00,8.6,3,0.00
2024-11-09T03:00,8.8,3,0.00
2024-11-09T04:00,8.6,3,0.00
2024-11-09T05:00,9.0,3,0.00
2024-11-09T06:00,9.1,3,0.00
2024-11-09T07:00,9.4,3,0.00
2024-11-09T08:00,9.4,3,0.00
2024-11-09T09:00,9.4,3,0.00
2024-11-09T10:00,9.6,3,0.00
2024-11-09T11:00,10.4,3,0.00
2024-11-09T12:00,12.3,2,0.00
2024-11-09T13:00,13.6,2,0.00
2024-11-09T14:00,14.9,0,0.00
2024-11-09T15:00,16.9,0,0.00
2024-11-09T16:00,17.6,1,0.00
2024-11-09T17:00,17.9,0,0.00
2024-11-09T18:00,17.0,0,0.00
2024-11-09T19:00,14.3,0,0.00
2024-11-09T20:00,11.5,0,0.00
2024-11-09T21:00,10.1,0,0.00
2024-11-09T22:00,9.6,0,0.00
2024-11-09T23:00,8.4,1,0.00
2024-11-10T00:00,8.2,0,0.00
2024-11-10T01:00,6.9,0,0.00
2024-11-10T02:00,6.1,0,0.00
2024-11-10T03:00,7.2,0,0.00
2024-11-10T04:00,7.1,1,0.00
2024-11-10T05:00,7.3,2,0.00
2024-11-10T06:00,7.3,3,0.00
2024-11-10T07:00,7.4,3,0.00
2024-11-10T08:00,6.5,3,0.00
2024-11-10T09:00,6.2,3,0.00
2024-11-10T10:00,8.1,3,0.00
2024-11-10T11:00,10.2,3,0.00
2024-11-10T12:00,12.0,3,0.00
2024-11-10T13:00,13.3,3,0.00
2024-11-10T14:00,14.7,3,0.00
2024-11-10T15:00,16.6,3,0.00
2024-11-10T16:00,15.8,53,0.70
2024-11-10T17:00,16.0,2,0.00
2024-11-10T18:00,15.7,1,0.00
2024-11-10T19:00,13.0,1,0.00
2024-11-10T20:00,12.9,1,0.00
2024-11-10T21:00,13.4,1,0.00
2024-11-10T22:00,12.1,0,0.00
2024-11-10T23:00,10.1,0,0.00
2024-11-11T00:00,10.6,0,0.00
2024-11-11T01:00,9.9,0,0.00
2024-11-11T02:00,8.8,0,0.00
2024-11-11T03:00,8.1,0,0.00
2024-11-11T04:00,7.7,0,0.00
2024-11-11T05:00,7.3,0,0.00
2024-11-11T06:00,7.3,0,0.00
2024-11-11T07:00,6.8,0,0.00
2024-11-11T08:00,7.9,0,0.00
2024-11-11T09:00,8.4,1,0.00
2024-11-11T10:00,10.0,0,0.00
2024-11-11T11:00,12.2,0,0.00
2024-11-11T12:00,14.3,0,0.00
2024-11-11T13:00,15.9,1,0.00
2024-11-11T14:00,17.0,1,0.00
2024-11-11T15:00,17.4,1,0.00
2024-11-11T16:00,17.7,1,0.00
2024-11-11T17:00,17.4,0,0.00
2024-11-11T18:00,16.3,1,0.00
2024-11-11T19:00,13.3,0,0.00
2024-11-11T20:00,11.7,0,0.00
2024-11-11T21:00,10.7,0,0.00
2024-11-11T22:00,9.7,0,0.00
2024-11-11T23:00,9.1,0,0.00
2024-11-12T00:00,8.3,0,0.00
2024-11-12T01:00,7.2,0,0.00
2024-11-12T02:00,6.2,0,0.00
2024-11-12T03:00,6.7,0,0.00
2024-11-12T04:00,6.0,0,0.00
2024-11-12T05:00,5.2,0,0.00
2024-11-12T06:00,4.3,0,0.00
2024-11-12T07:00,3.5,3,0.00
2024-11-12T08:00,2.7,3,0.00
2024-11-12T09:00,2.6,3,0.00
2024-11-12T10:00,3.8,3,0.00
2024-11-12T11:00,7.0,0,0.00
2024-11-12T12:00,9.7,1,0.00
2024-11-12T13:00,11.6,3,0.00
2024-11-12T14:00,13.3,2,0.00
2024-11-12T15:00,13.8,3,0.00
2024-11-12T16:00,14.8,3,0.00
2024-11-12T17:00,14.7,3,0.00
2024-11-12T18:00,12.6,1,0.00
2024-11-12T19:00,10.9,1,0.00
2024-11-12T20:00,8.9,0,0.00
2024-11-12T21:00,8.0,0,0.00
2024-11-12T22:00,7.1,0,0.00
2024-11-12T23:00,6.2,3,0.00
2024-11-13T00:00,5.4,3,0.00
2024-11-13T01:00,4.9,3,0.00
2024-11-13T02:00,4.5,3,0.00
2024-11-13T03:00,4.5,3,0.00
2024-11-13T04:00,4.2,3,0.00
2024-11-13T05:00,4.1,3,0.00
2024-11-13T06:00,4.4,3,0.00
2024-11-13T07:00,4.0,3,0.00
2024-11-13T08:00,4.0,3,0.00
2024-11-13T09:00,3.9,3,0.00
2024-11-13T10:00,4.6,3,0.00
2024-11-13T11:00,6.1,2,0.00
2024-11-13T12:00,7.5,3,0.00
2024-11-13T13:00,8.3,3,0.00
2024-11-13T14:00,9.4,51,0.10
2024-11-13T15:00,5.8,61,2.20
2024-11-13T16:00,5.8,61,2.00
2024-11-13T17:00,6.0,51,0.10
2024-11-13T18:00,7.1,3,0.00
2024-11-13T19:00,7.2,53,0.70
2024-11-13T20:00,7.6,51,0.10
2024-11-13T21:00,7.1,61,2.00
2024-11-13T22:00,7.6,51,0.20
2024-11-13T23:00,7.7,53,0.50
2024-11-14T00:00,7.7,51,0.10
2024-11-14T01:00,8.1,3,0.00
2024-11-14T02:00,8.3,2,0.00
2024-11-14T03:00,8.5,51,0.40
2024-11-14T04:00,8.4,3,0.00
2024-11-14T05:00,8.7,3,0.00
2024-11-14T06:00,8.8,3,0.00
2024-11-14T07:00,8.7,3,0.00
2024-11-14T08:00,8.7,3,0.00
2024-11-14T09:00,9.1,3,0.00
2024-11-14T10:00,9.7,3,0.00
2024-11-14T11:00,10.6,3,0.00
2024-11-14T12:00,12.3,1,0.00
2024-11-14T13:00,14.1,3,0.00
2024-11-14T14:00,14.7,3,0.00
2024-11-14T15:00,15.0,2,0.00
2024-11-14T16:00,15.6,3,0.00
2024-11-14T17:00,15.8,51,0.10
2024-11-14T18:00,15.1,51,0.20
2024-11-14T19:00,13.3,51,0.10
2024-11-14T20:00,12.0,3,0.00
2024-11-14T21:00,11.3,3,0.00
2024-11-14T22:00,11.3,3,0.00
2024-11-14T23:00,11.3,3,0.00
2024-11-15T00:00,11.3,51,0.20
2024-11-15T01:00,11.1,51,0.10
2024-11-15T02:00,11.2,3,0.00
2024-11-15T03:00,10.9,3,0.00
2024-11-15T04:00,10.7,51,0.10
2024-11-15T05:00,10.6,3,0.00
2024-11-15T06:00,10.5,3,0.00
2024-11-15T07:00,10.3,3,0.00
2024-11-15T08:00,10.2,3,0.00
2024-11-15T09:00,10.3,3,0.00
2024-11-15T10:00,10.6,3,0.00
2024-11-15T11:00,11.7,3,0.00
2024-11-15T12:00,12.8,3,0.00
2024-11-15T13:00,13.9,1,0.00
2024-11-15T14:00,14.9,3,0.00
2024-11-15T15:00,14.9,2,0.00
2024-11-15T16:00,15.5,2,0.00
2024-11-15T17:00,16.2,2,0.00
2024-11-15T18:00,15.5,2,0.00
2024-11-15T19:00,14.4,2,0.00
2024-11-15T20:00,13.8,0,0.00
2024-11-15T21:00,13.0,0,0.00
2024-11-15T22:00,11.9,2,0.00
2024-11-15T23:00,11.5,3,0.00
2024-11-16T00:00,11.1,3,0.00
2024-11-16T01:00,10.5,3,0.00
2024-11-16T02:00,10.0,3,0.00
2024-11-16T03:00,10.2,2,0.00
2024-11-16T04:00,9.4,3,0.00
2024-11-16T05:00,9.0,3,0.00
2024-11-16T06:00,8.9,3,0.00
2024-11-16T07:00,9.0,3,0.00
2024-11-16T08:00,8.7,3,0.00
2024-11-16T09:00,8.4,3,0.00
2024-11-16T10:00,8.9,3,0.00
2024-11-16T11:00,10.3,3,0.00
2024-11-16T12:00,12.1,3,0.00
2024-11-16T13:00,13.5,2,0.00
2024-11-16T14:00,14.6,3,0.00
2024-11-16T15:00,14.1,3,0.00
2024-11-16T16:00,14.1,3,0.00
2024-11-16T17:00,13.9,3,0.00
2024-11-16T18:00,13.3,3,0.00
2024-11-16T19:00,12.0,0,0.00
2024-11-16T20:00,11.2,2,0.00
2024-11-16T21:00,10.3,2,0.00
2024-11-16T22:00,9.7,0,0.00
2024-11-16T23:00,8.9,1,0.00
2024-11-17T00:00,8.9,2,0.00
2024-11-17T01:00,8.2,2,0.00
2024-11-17T02:00,8.2,0,0.00
2024-11-17T03:00,8.0,0,0.00
2024-11-17T04:00,7.3,2,0.00
2024-11-17T05:00,6.7,3,0.00
2024-11-17T06:00,6.6,1,0.00
2024-11-17T07:00,6.6,3,0.00
2024-11-17T08:00,6.3,3,0.00
2024-11-17T09:00,6.3,3,0.00
2024-11-17T10:00,7.7,3,0.00
2024-11-17T11:00,10.1,2,0.00
2024-11-17T12:00,12.7,0,0.00
2024-11-17T13:00,14.9,1,0.00
2024-11-17T14:00,16.4,2,0.00
2024-11-17T15:00,17.5,1,0.00
2024-11-17T16:00,18.0,1,0.00
2024-11-17T17:00,18.0,2,0.00
2024-11-17T18:00,16.6,3,0.00
2024-11-17T19:00,14.7,0,0.00
2024-11-17T20:00,13.2,1,0.00
2024-11-17T21:00,12.3,1,0.00
2024-11-17T22:00,11.5,0,0.00
2024-11-17T23:00,10.7,0,0.00
2024-11-18T00:00,9.6,0,0.00
2024-11-18T01:00,9.1,0,0.00
2024-11-18T02:00,8.7,0,0.00
2024-11-18T03:00,10.2,0,0.00
2024-11-18T04:00,9.7,51,0.10
2024-11-18T05:00,9.3,1,0.00
2024-11-18T06:00,9.1,2,0.00
2024-11-18T07:00,8.3,0,0.00
2024-11-18T08:00,7.6,1,0.00
2024-11-18T09:00,7.3,0,0.00
2024-11-18T10:00,8.1,0,0.00
2024-11-18T11:00,10.8,0,0.00
2024-11-18T12:00,13.6,0,0.00
2024-11-18T13:00,15.6,0,0.00
2024-11-18T14:00,17.0,0,0.00
2024-11-18T15:00,18.1,0,0.00
2024-11-18T16:00,18.4,51,0.20
2024-11-18T17:00,17.3,51,0.10
2024-11-18T18:00,16.5,1,0.00
2024-11-18T19:00,14.1,0,0.00
2024-11-18T20:00,13.2,0,0.00
2024-11-18T21:00,12.0,0,0.00
2024-11-18T22:00,11.1,0,0.00
2024-11-18T23:00,10.2,0,0.00
2024-11-19T00:00,9.7,1,0.00
2024-11-19T01:00,9.0,0,0.00
2024-11-19T02:00,8.4,0,0.00
2024-11-19T03:00,8.7,1,0.00
2024-11-19T04:00,8.4,3,0.00
2024-11-19T05:00,7.9,3,0.00
2024-11-19T06:00,7.7,3,0.00
2024-11-19T07:00,7.4,3,0.00
2024-11-19T08:00,6.2,1,0.00
2024-11-19T09:00,5.8,0,0.00
2024-11-19T10:00,7.3,3,0.00
2024-11-19T11:00,9.6,0,0.00
2024-11-19T12:00,11.8,0,0.00
2024-11-19T13:00,13.6,0,0.00
2024-11-19T14:00,15.1,0,0.00
2024-11-19T15:00,15.6,0,0.00
2024-11-19T16:00,16.1,0,0.00
2024-11-19T17:00,15.5,1,0.00
2024-11-19T18:00,14.7,1,0.00
2024-11-19T19:00,12.9,1,0.00
2024-11-19T20:00,11.7,0,0.00
2024-11-19T21:00,10.7,1,0.00
2024-11-19T22:00,10.0,1,0.00
2024-11-19T23:00,9.8,1,0.00
2024-11-20T00:00,9.7,2,0.00
2024-11-20T01:00,9.5,2,0.00
2024-11-20T02:00,9.2,2,0.00
2024-11-20T03:00,9.2,2,0.00
2024-11-20T04:00,8.9,2,0.00
2024-11-20T05:00,8.7,2,0.00
2024-11-20T06:00,8.4,3,0.00
2024-11-20T07:00,8.0,3,0.00
2024-11-20T08:00,8.0,3,0.00
2024-11-20T09:00,8.0,3,0.00
2024-11-20T10:00,8.7,3,0.00
2024-11-20T11:00,10.2,2,0.00
2024-11-20T12:00,11.3,2,0.00
2024-11-20T13:00,12.8,2,0.00
2024-11-20T14:00,14.0,3,0.00
2024-11-20T15:00,16.3,3,0.00
2024-11-20T16:00,15.6,3,0.00
2024-11-20T17:00,14.6,2,0.00
2024-11-20T18:00,14.1,1,0.00
2024-11-20T19:00,12.7,0,0.00
2024-11-20T20:00,11.6,0,0.00
2024-11-20T21:00,10.6,0,0.00
2024-11-20T22:00,10.0,1,0.00
2024-11-20T23:00,9.5,0,0.00
2024-11-21T00:00,8.8,1,0.00
2024-11-21T01:00,8.5,2,0.00
2024-11-21T02:00,8.8,2,0.00
2024-11-21T03:00,8.5,2,0.00
2024-11-21T04:00,8.2,1,0.00
2024-11-21T05:00,7.9,2,0.00
2024-11-21T06:00,7.4,3,0.00
2024-11-21T07:00,7.0,3,0.00
2024-11-21T08:00,6.5,3,0.00
2024-11-21T09:00,6.4,3,0.00
2024-11-21T10:00,6.9,3,0.00
2024-11-21T11:00,7.7,2,0.00
2024-11-21T12:00,9.5,3,0.00
2024-11-21T13:00,10.5,3,0.00
2024-11-21T14:00,11.8,3,0.00
2024-11-21T15:00,12.0,2,0.00
2024-11-21T16:00,12.1,2,0.00
2024-11-21T17:00,12.1,1,0.00
2024-11-21T18:00,11.3,2,0.00
2024-11-21T19:00,10.1,1,0.00
2024-11-21T20:00,9.6,2,0.00
2024-11-21T21:00,9.6,1,0.00
2024-11-21T22:00,9.1,2,0.00
2024-11-21T23:00,8.8,0,0.00
2024-11-22T00:00,8.5,1,0.00
2024-11-22T01:00,8.3,2,0.00
2024-11-22T02:00,8.1,3,0.00
2024-11-22T03:00,8.8,3,0.00
2024-11-22T04:00,9.1,3,0.00
2024-11-22T05:00,9.4,3,0.00
2024-11-22T06:00,9.8,3,0.00
2024-11-22T07:00,10.0,3,0.00
2024-11-22T08:00,10.0,51,0.10
2024-11-22T09:00,10.2,3,0.00
2024-11-22T10:00,10.4,3,0.00
2024-11-22T11:00,10.9,3,0.00
2024-11-22T12:00,11.9,3,0.00
2024-11-22T13:00,12.7,3,0.00
2024-11-22T14:00,13.8,3,0.00
2024-11-22T15:00,14.7,1,0.00
2024-11-22T16:00,14.8,1,0.00
2024-11-22T17:00,14.5,3,0.00
2024-11-22T18:00,13.7,1,0.00
2024-11-22T19:00,11.3,0,0.00
2024-11-22T20:00,10.1,0,0.00
2024-11-22T21:00,8.8,3,0.00
2024-11-22T22:00,7.9,3,0.00
2024-11-22T23:00,7.3,3,0.00
2024-11-23T00:00,7.0,3,0.00
2024-11-23T01:00,7.5,3,0.00
2024-11-23T02:00,7.8,3,0.00
2024-11-23T03:00,7.1,3,0.00
2024-11-23T04:00,7.1,3,0.00
2024-11-23T05:00,7.2,3,0.00
2024-11-23T06:00,7.6,3,0.00
2024-11-23T07:00,8.0,3,0.00
2024-11-23T08:00,8.1,3,0.00
2024-11-23T09:00,8.2,51,0.20
2024-11-23T10:00,8.4,3,0.00
2024-11-23T11:00,9.1,3,0.00
2024-11-23T12:00,10.4,3,0.00
2024-11-23T13:00,12.2,3,0.00
2024-11-23T14:00,13.4,51,0.10
2024-11-23T15:00,14.9,51,0.20
2024-11-23T16:00,15.2,3,0.00
2024-11-23T17:00,15.3,3,0.00
2024-11-23T18:00,15.0,3,0.00
2024-11-23T19:00,13.5,3,0.00
2024-11-23T20:00,11.8,3,0.00
2024-11-23T21:00,10.8,3,0.00
2024-11-23T22:00,10.1,3,0.00
2024-11-23T23:00,9.6,3,0.00
2024-11-24T00:00,9.4,3,0.00
2024-11-24T01:00,9.2,2,0.00
2024-11-24T02:00,8.8,1,0.00
2024-11-24T03:00,8.9,1,0.00
2024-11-24T04:00,8.4,2,0.00
2024-11-24T05:00,8.3,3,0.00
2024-11-24T06:00,8.2,3,0.00
2024-11-24T07:00,8.2,3,0.00
2024-11-24T08:00,8.2,3,0.00
2024-11-24T09:00,8.0,3,0.00
2024-11-24T10:00,8.4,3,0.00
2024-11-24T11:00,9.6,3,0.00
2024-11-24T12:00,10.7,3,0.00
2024-11-24T13:00,12.0,3,0.00
2024-11-24T14:00,13.2,3,0.00
2024-11-24T15:00,14.2,51,0.10
2024-11-24T16:00,14.5,61,1.30
2024-11-24T17:00,14.1,61,1.90
2024-11-24T18:00,13.5,3,0.00
2024-11-24T19:00,12.4,3,0.00
2024-11-24T20:00,12.2,3,0.00
2024-11-24T21:00,12.4,3,0.00
2024-11-24T22:00,12.1,2,0.00
2024-11-24T23:00,11.8,2,0.00
2024-11-25T00:00,12.1,3,0.00
2024-11-25T01:00,12.8,1,0.00
2024-11-25T02:00,14.2,0,0.00
2024-11-25T03:00,13.6,3,0.00
2024-11-25T04:00,13.4,3,0.00
2024-11-25T05:00,13.8,2,0.00
2024-11-25T06:00,14.4,2,0.00
2024-11-25T07:00,14.6,3,0.00
2024-11-25T08:00,14.0,51,0.20
2024-11-25T09:00,13.6,51,0.10
2024-11-25T10:00,13.4,55,1.20
2024-11-25T11:00,14.3,51,0.10
2024-11-25T12:00,14.5,51,0.40
2024-11-25T13:00,13.3,55,1.20
2024-11-25T14:00,12.2,53,0.90
2024-11-25T15:00,13.6,3,0.00
2024-11-25T16:00,13.2,3,0.00
2024-11-25T17:00,12.4,3,0.00
2024-11-25T18:00,12.1,3,0.00
2024-11-25T19:00,11.3,2,0.00
2024-11-25T20:00,10.9,0,0.00
2024-11-25T21:00,9.7,2,0.00
2024-11-25T22:00,8.3,3,0.00
2024-11-25T23:00,7.1,3,0.00
2024-11-26T00:00,6.0,3,0.00
2024-11-26T01:00,5.0,3,0.00
2024-11-26T02:00,4.4,3,0.00
2024-11-26T03:00,4.0,3,0.00
2024-11-26T04:00,3.7,3,0.00
2024-11-26T05:00,3.7,3,0.00
2024-11-26T06:00,3.9,3,0.00
2024-11-26T07:00,4.3,3,0.00
2024-11-26T08:00,4.0,3,0.00
2024-11-26T09:00,3.5,3,0.00
2024-11-26T10:00,4.2,3,0.00
2024-11-26T11:00,5.8,3,0.00
2024-11-26T12:00,7.8,3,0.00
2024-11-26T13:00,9.1,3,0.00
2024-11-26T14:00,9.7,3,0.00
2024-11-26T15:00,10.1,3,0.00
2024-11-26T16:00,10.6,3,0.00
2024-11-26T17:00,10.6,3,0.00
2024-11-26T18:00,10.1,3,0.00
2024-11-26T19:00,8.9,3,0.00
2024-11-26T20:00,8.3,3,0.00
2024-11-26T21:00,7.9,3,0.00
2024-11-26T22:00,7.1,3,0.00
2024-11-26T23:00,6.0,0,0.00
2024-11-27T00:00,5.1,0,0.00
2024-11-27T01:00,4.6,0,0.00
2024-11-27T02:00,4.3,0,0.00
2024-11-27T03:00,3.6,0,0.00
2024-11-27T04:00,3.1,0,0.00
2024-11-27T05:00,2.8,0,0.00
2024-11-27T06:00,2.8,0,0.00
2024-11-27T07:00,2.5,0,0.00
2024-11-27T08:00,2.4,0,0.00
2024-11-27T09:00,2.6,0,0.00
2024-11-27T10:00,3.0,1,0.00
2024-11-27T11:00,5.5,2,0.00
2024-11-27T12:00,8.5,1,0.00
2024-11-27T13:00,10.3,0,0.00
2024-11-27T14:00,11.5,0,0.00
2024-11-27T15:00,12.3,2,0.00
2024-11-27T16:00,12.6,3,0.00
2024-11-27T17:00,12.6,0,0.00
2024-11-27T18:00,11.5,0,0.00
2024-11-27T19:00,9.1,0,0.00
2024-11-27T20:00,7.8,0,0.00
2024-11-27T21:00,6.8,0,0.00
2024-11-27T22:00,5.6,1,0.00
2024-11-27T23:00,4.8,0,0.00
2024-11-28T00:00,4.3,0,0.00
2024-11-28T01:00,4.1,0,0.00
2024-11-28T02:00,3.9,0,0.00
2024-11-28T03:00,3.7,1,0.00
2024-11-28T04:00,3.4,1,0.00
2024-11-28T05:00,3.3,0,0.00
2024-11-28T06:00,2.8,0,0.00
2024-11-28T07:00,2.4,0,0.00
2024-11-28T08:00,2.4,0,0.00
2024-11-28T09:00,1.5,0,0.00
2024-11-28T10:00,2.8,0,0.00
2024-11-28T11:00,5.8,0,0.00
2024-11-28T12:00,8.8,0,0.00
2024-11-28T13:00,10.8,0,0.00
2024-11-28T14:00,12.0,0,0.00
2024-11-28T15:00,12.9,0,0.00
2024-11-28T16:00,13.2,0,0.00
2024-11-28T17:00,13.2,0,0.00
2024-11-28T18:00,12.1,0,0.00
2024-11-28T19:00,9.7,0,0.00
2024-11-28T20:00,8.8,0,0.00
2024-11-28T21:00,8.0,0,0.00
2024-11-28T22:00,7.0,0,0.00
2024-11-28T23:00,6.0,0,0.00
2024-11-29T00:00,5.2,0,0.00
2024-11-29T01:00,4.7,1,0.00
2024-11-29T02:00,4.6,2,0.00
2024-11-29T03:00,5.4,1,0.00
2024-11-29T04:00,5.6,0,0.00
2024-11-29T05:00,5.4,0,0.00
2024-11-29T06:00,4.8,1,0.00
2024-11-29T07:00,4.5,0,0.00
2024-11-29T08:00,3.9,0,0.00
2024-11-29T09:00,3.4,1,0.00
2024-11-29T10:00,5.0,3,0.00
2024-11-29T11:00,7.3,3,0.00
2024-11-29T12:00,9.2,3,0.00
2024-11-29T13:00,11.9,3,0.00
2024-11-29T14:00,13.7,3,0.00
2024-11-29T15:00,15.1,3,0.00
2024-11-29T16:00,15.8,3,0.00
2024-11-29T17:00,15.7,2,0.00
2024-11-29T18:00,14.3,0,0.00
2024-11-29T19:00,11.9,1,0.00
2024-11-29T20:00,11.3,3,0.00
2024-11-29T21:00,10.7,3,0.00
2024-11-29T22:00,9.7,1,0.00
2024-11-29T23:00,8.3,3,0.00
2024-11-30T00:00,7.5,3,0.00
2024-11-30T01:00,7.3,0,0.00
2024-11-30T02:00,6.9,1,0.00
2024-11-30T03:00,6.6,3,0.00
2024-11-30T04:00,6.4,2,0.00
2024-11-30T05:00,6.3,0,0.00
2024-11-30T06:00,5.6,2,0.00
2024-11-30T07:00,5.5,3,0.00
2024-11-30T08:00,5.4,0,0.00
2024-11-30T09:00,5.1,0,0.00
2024-11-30T10:00,6.0,0,0.00
2024-11-30T11:00,8.8,0,0.00
2024-11-30T12:00,11.5,1,0.00
2024-11-30T13:00,13.6,0,0.00
2024-11-30T14:00,15.0,0,0.00
2024-11-30T15:00,15.9,0,0.00
2024-11-30T16:00,16.4,3,0.00
2024-11-30T17:00,16.5,1,0.00
2024-11-30T18:00,15.4,0,0.00
2024-11-30T19:00,12.9,0,0.00
2024-11-30T20:00,11.6,0,0.00
2024-11-30T21:00,10.5,0,0.00
2024-11-30T22:00,9.7,1,0.00
2024-11-30T23:00,9.0,0,0.00
2024-12-01T00:00,8.1,0,0.00
2024-12-01T01:00,8.0,0,0.00
2024-12-01T02:00,7.4,0,0.00
2024-12-01T03:00,6.6,0,0.00
2024-12-01T04:00,6.0,0,0.00
2024-12-01T05:00,5.6,0,0.00
2024-12-01T06:00,5.4,0,0.00
2024-12-01T07:00,5.2,2,0.00
2024-12-01T08:00,5.4,3,0.00
2024-12-01T09:00,5.8,3,0.00
2024-12-01T10:00,6.2,3,0.00
2024-12-01T11:00,8.3,3,0.00
2024-12-01T12:00,10.7,3,0.00
2024-12-01T13:00,12.2,51,0.10
2024-12-01T14:00,13.0,3,0.00
2024-12-01T15:00,13.8,3,0.00
2024-12-01T16:00,14.8,3,0.00
2024-12-01T17:00,14.8,3,0.00
2024-12-01T18:00,14.0,2,0.00
2024-12-01T19:00,12.1,3,0.00
2024-12-01T20:00,11.1,51,0.10
2024-12-01T21:00,10.1,3,0.00
2024-12-01T22:00,10.3,3,0.00
2024-12-01T23:00,10.3,3,0.00
2024-12-02T00:00,9.7,3,0.00
2024-12-02T01:00,9.2,3,0.00
2024-12-02T02:00,9.4,3,0.00
2024-12-02T03:00,9.6,51,0.20
2024-12-02T04:00,8.5,63,3.50
2024-12-02T05:00,8.9,51,0.20
2024-12-02T06:00,8.2,2,0.00
2024-12-02T07:00,7.9,1,0.00
2024-12-02T08:00,6.9,0,0.00
2024-12-02T09:00,6.5,0,0.00
2024-12-02T10:00,6.8,3,0.00
2024-12-02T11:00,8.6,51,0.10
2024-12-02T12:00,10.4,61,1.80
2024-12-02T13:00,11.9,51,0.10
2024-12-02T14:00,13.0,53,0.90
2024-12-02T15:00,14.5,55,1.00
2024-12-02T16:00,15.0,0,0.00
2024-12-02T17:00,15.2,0,0.00
2024-12-02T18:00,14.2,1,0.00
2024-12-02T19:00,12.0,0,0.00
2024-12-02T20:00,10.7,0,0.00
2024-12-02T21:00,9.8,1,0.00
2024-12-02T22:00,9.0,0,0.00
2024-12-02T23:00,8.0,0,0.00
2024-12-03T00:00,7.2,0,0.00
2024-12-03T01:00,6.9,0,0.00
2024-12-03T02:00,6.3,3,0.00
2024-12-03T03:00,6.9,0,0.00
2024-12-03T04:00,6.6,0,0.00
2024-12-03T05:00,6.0,3,0.00
2024-12-03T06:00,5.9,0,0.00
2024-12-03T07:00,5.6,1,0.00
2024-12-03T08:00,5.3,0,0.00
2024-12-03T09:00,5.2,0,0.00
2024-12-03T10:00,5.2,0,0.00
2024-12-03T11:00,7.6,0,0.00
2024-12-03T12:00,10.0,0,0.00
2024-12-03T13:00,11.6,0,0.00
2024-12-03T14:00,12.9,0,0.00
2024-12-03T15:00,14.0,3,0.00
2024-12-03T16:00,14.1,3,0.00
2024-12-03T17:00,14.0,3,0.00
2024-12-03T18:00,13.1,3,0.00
2024-12-03T19:00,11.9,3,0.00
2024-12-03T20:00,11.4,3,0.00
2024-12-03T21:00,11.0,3,0.00
2024-12-03T22:00,10.4,3,0.00
2024-12-03T23:00,9.9,2,0.00
2024-12-04T00:00,9.6,53,0.80
2024-12-04T01:00,9.6,3,0.00
2024-12-04T02:00,9.0,3,0.00
2024-12-04T03:00,9.0,3,0.00
2024-12-04T04:00,8.3,3,0.00
2024-12-04T05:00,8.7,3,0.00
2024-12-04T06:00,9.3,3,0.00
2024-12-04T07:00,9.7,3,0.00
2024-12-04T08:00,9.6,3,0.00
2024-12-04T09:00,9.4,3,0.00
2024-12-04T10:00,9.3,51,0.10
2024-12-04T11:00,9.7,2,0.00
2024-12-04T12:00,10.7,0,0.00
2024-12-04T13:00,12.0,1,0.00
2024-12-04T14:00,12.8,1,0.00
2024-12-04T15:00,14.3,1,0.00
2024-12-04T16:00,14.2,1,0.00
2024-12-04T17:00,14.1,1,0.00
2024-12-04T18:00,13.1,2,0.00
2024-12-04T19:00,10.6,3,0.00
2024-12-04T20:00,9.7,3,0.00
2024-12-04T21:00,8.3,3,0.00
2024-12-04T22:00,7.3,3,0.00
2024-12-04T23:00,6.7,3,0.00
2024-12-05T00:00,6.2,3,0.00
2024-12-05T01:00,5.8,3,0.00
2024-12-05T02:00,5.2,3,0.00
2024-12-05T03:00,5.2,3,0.00
2024-12-05T04:00,5.3,3,0.00
2024-12-05T05:00,5.1,3,0.00
2024-12-05T06:00,5.3,3,0.00
2024-12-05T07:00,5.1,3,0.00
2024-12-05T08:00,5.1,3,0.00
2024-12-05T09:00,4.2,3,0.00
2024-12-05T10:00,4.2,3,0.00
2024-12-05T11:00,6.1,3,0.00
2024-12-05T12:00,8.1,0,0.00
2024-12-05T13:00,10.2,0,0.00
2024-12-05T14:00,11.8,0,0.00
2024-12-05T15:00,13.7,3,0.00
2024-12-05T16:00,14.0,2,0.00
2024-12-05T17:00,13.8,3,0.00
2024-12-05T18:00,12.6,3,0.00
2024-12-05T19:00,11.2,3,0.00
2024-12-05T20:00,10.4,3,0.00
2024-12-05T21:00,9.6,3,0.00
2024-12-05T22:00,8.9,3,0.00
2024-12-05T23:00,8.2,3,0.00
2024-12-06T00:00,7.4,3,0.00
2024-12-06T01:00,6.9,3,0.00
2024-12-06T02:00,6.7,3,0.00
2024-12-06T03:00,7.4,3,0.00
2024-12-06T04:00,6.8,3,0.00
2024-12-06T05:00,6.4,3,0.00
2024-12-06T06:00,5.5,3,0.00
2024-12-06T07:00,5.1,3,0.00
2024-12-06T08:00,4.8,3,0.00
2024-12-06T09:00,4.4,2,0.00
2024-12-06T10:00,4.6,3,0.00
2024-12-06T11:00,6.9,3,0.00
2024-12-06T12:00,9.6,3,0.00
2024-12-06T13:00,11.8,3,0.00
2024-12-06T14:00,13.7,3,0.00
2024-12-06T15:00,14.9,3,0.00
2024-12-06T16:00,15.6,1,0.00
2024-12-06T17:00,15.6,0,0.00
2024-12-06T18:00,14.5,0,0.00
2024-12-06T19:00,12.2,0,0.00
2024-12-06T20:00,11.4,0,0.00
2024-12-06T21:00,10.6,1,0.00
2024-12-06T22:00,9.7,3,0.00
2024-12-06T23:00,8.9,3,0.00
2024-12-07T00:00,8.3,1,0.00
2024-12-07T01:00,7.3,0,0.00
2024-12-07T02:00,6.6,0,0.00
2024-12-07T03:00,6.6,2,0.00
2024-12-07T04:00,6.3,2,0.00
2024-12-07T05:00,6.2,3,0.00
2024-12-07T06:00,6.9,3,0.00
2024-12-07T07:00,6.4,1,0.00
2024-12-07T08:00,6.5,2,0.00
2024-12-07T09:00,7.3,2,0.00
2024-12-07T10:00,8.2,1,0.00
2024-12-07T11:00,10.2,3,0.00
2024-12-07T12:00,11.7,3,0.00
2024-12-07T13:00,12.8,3,0.00
2024-12-07T14:00,13.6,3,0.00
2024-12-07T15:00,15.3,1,0.00
2024-12-07T16:00,15.1,1,0.00
2024-12-07T17:00,14.5,0,0.00
2024-12-07T18:00,13.0,0,0.00
2024-12-07T19:00,10.7,0,0.00
2024-12-07T20:00,9.5,0,0.00
2024-12-07T21:00,8.5,0,0.00
2024-12-07T22:00,7.4,0,0.00
2024-12-07T23:00,7.0,1,0.00
2024-12-08T00:00,6.7,2,0.00
2024-12-08T01:00,6.3,3,0.00
2024-12-08T02:00,5.9,3,0.00
2024-12-08T03:00,5.4,0,0.00
2024-12-08T04:00,5.2,0,0.00
2024-12-08T05:00,5.1,0,0.00
2024-12-08T06:00,5.5,3,0.00
2024-12-08T07:00,5.9,3,0.00
2024-12-08T08:00,5.6,3,0.00
2024-12-08T09:00,4.5,3,0.00
2024-12-08T10:00,4.5,3,0.00
2024-12-08T11:00,5.8,3,0.00
2024-12-08T12:00,7.1,3,0.00
2024-12-08T13:00,7.6,3,0.00
2024-12-08T14:00,8.5,3,0.00
2024-12-08T15:00,10.1,2,0.00
2024-12-08T16:00,9.9,3,0.00
2024-12-08T17:00,9.5,3,0.00
2024-12-08T18:00,8.5,1,0.00
2024-12-08T19:00,7.2,3,0.00
2024-12-08T20:00,6.1,1,0.00
2024-12-08T21:00,5.2,0,0.00
2024-12-08T22:00,4.8,1,0.00
2024-12-08T23:00,4.4,1,0.00
2024-12-09T00:00,4.1,3,0.00
2024-12-09T01:00,4.3,3,0.00
2024-12-09T02:00,4.2,3,0.00
2024-12-09T03:00,3.7,2,0.00
2024-12-09T04:00,3.4,1,0.00
2024-12-09T05:00,3.2,0,0.00
2024-12-09T06:00,2.9,1,0.00
2024-12-09T07:00,2.6,1,0.00
2024-12-09T08:00,2.7,2,0.00
2024-12-09T09:00,2.9,3,0.00
2024-12-09T10:00,3.3,3,0.00
2024-12-09T11:00,4.4,3,0.00
2024-12-09T12:00,5.0,3,0.00
2024-12-09T13:00,5.4,3,0.00
2024-12-09T14:00,6.7,3,0.00
2024-12-09T15:00,6.8,0,0.00
2024-12-09T16:00,7.3,0,0.00
2024-12-09T17:00,7.6,1,0.00
2024-12-09T18:00,7.0,0,0.00
2024-12-09T19:00,5.7,3,0.00
2024-12-09T20:00,5.3,3,0.00
2024-12-09T21:00,5.2,1,0.00
2024-12-09T22:00,4.7,1,0.00
2024-12-09T23:00,4.6,2,0.00
2024-12-10T00:00,4.4,3,0.00
2024-12-10T01:00,4.2,1,0.00
2024-12-10T02:00,3.2,0,0.00
2024-12-10T03:00,3.4,0,0.00
2024-12-10T04:00,1.6,0,0.00
2024-12-10T05:00,1.2,0,0.00
2024-12-10T06:00,0.6,0,0.00
2024-12-10T07:00,0.6,1,0.00
2024-12-10T08:00,-0.1,1,0.00
2024-12-10T09:00,-0.4,3,0.00
2024-12-10T10:00,0.2,3,0.00
2024-12-10T11:00,2.7,3,0.00
2024-12-10T12:00,4.6,3,0.00
2024-12-10T13:00,5.7,3,0.00
2024-12-10T14:00,6.3,3,0.00
2024-12-10T15:00,8.7,1,0.00
2024-12-10T16:00,8.9,2,0.00
2024-12-10T17:00,8.8,3,0.00
2024-12-10T18:00,8.1,3,0.00
2024-12-10T19:00,6.7,3,0.00
2024-12-10T20:00,5.7,3,0.00
2024-12-10T21:00,5.2,3,0.00
2024-12-10T22:00,5.1,3,0.00
2024-12-10T23:00,4.7,3,0.00
2024-12-11T00:00,4.4,3,0.00
2024-12-11T01:00,4.4,3,0.00
2024-12-11T02:00,4.4,3,0.00
2024-12-11T03:00,4.5,3,0.00
2024-12-11T04:00,4.5,3,0.00
2024-12-11T05:00,4.0,3,0.00
2024-12-11T06:00,3.7,3,0.00
2024-12-11T07:00,3.4,3,0.00
2024-12-11T08:00,3.3,3,0.00
2024-12-11T09:00,3.3,3,0.00
2024-12-11T10:00,3.4,3,0.00
2024-12-11T11:00,4.1,3,0.00
2024-12-11T12:00,5.0,3,0.00
2024-12-11T13:00,5.7,3,0.00
2024-12-11T14:00,6.1,3,0.00
2024-12-11T15:00,6.6,3,0.00
2024-12-11T16:00,6.8,3,0.00
2024-12-11T17:00,6.8,2,0.00
2024-12-11T18:00,6.5,2,0.00
2024-12-11T19:00,5.6,2,0.00
2024-12-11T20:00,5.3,1,0.00
2024-12-11T21:00,4.8,1,0.00
2024-12-11T22:00,3.8,1,0.00
2024-12-11T23:00,3.7,0,0.00
2024-12-12T00:00,3.3,0,0.00
2024-12-12T01:00,2.8,1,0.00
2024-12-12T02:00,2.6,1,0.00
2024-12-12T03:00,2.8,1,0.00
2024-12-12T04:00,2.7,1,0.00
2024-12-12T05:00,2.5,0,0.00
2024-12-12T06:00,2.2,0,0.00
2024-12-12T07:00,1.9,0,0.00
2024-12-12T08:00,1.6,0,0.00
2024-12-12T09:00,1.3,1,0.00
2024-12-12T10:00,1.4,2,0.00
2024-12-12T11:00,3.0,0,0.00
2024-12-12T12:00,5.6,0,0.00
2024-12-12T13:00,7.4,0,0.00
2024-12-12T14:00,8.2,0,0.00
2024-12-12T15:00,9.1,1,0.00
2024-12-12T16:00,9.0,1,0.00
2024-12-12T17:00,9.0,1,0.00
2024-12-12T18:00,8.3,3,0.00
2024-12-12T19:00,6.2,3,0.00
2024-12-12T20:00,5.3,3,0.00
2024-12-12T21:00,4.7,2,0.00
2024-12-12T22:00,4.0,3,0.00
2024-12-12T23:00,4.1,3,0.00
2024-12-13T00:00,4.1,2,0.00
2024-12-13T01:00,3.1,51,0.40
2024-12-13T02:00,3.5,51,0.40
2024-12-13T03:00,4.0,71,1.90
2024-12-13T04:00,4.0,53,0.50
2024-12-13T05:00,3.8,51,0.30
2024-12-13T06:00,3.9,51,0.10
2024-12-13T07:00,3.1,1,0.00
2024-12-13T08:00,3.0,3,0.00
2024-12-13T09:00,3.4,3,0.00
2024-12-13T10:00,3.7,3,0.00
2024-12-13T11:00,4.2,3,0.00
2024-12-13T12:00,4.7,3,0.00
2024-12-13T13:00,5.2,3,0.00
2024-12-13T14:00,5.6,2,0.00
2024-12-13T15:00,7.6,1,0.00
2024-12-13T16:00,8.5,1,0.00
2024-12-13T17:00,8.4,1,0.00
2024-12-13T18:00,7.9,0,0.00
2024-12-13T19:00,6.0,0,0.00
2024-12-13T20:00,5.2,0,0.00
2024-12-13T21:00,4.4,1,0.00
2024-12-13T22:00,3.6,0,0.00
2024-12-13T23:00,3.2,0,0.00
2024-12-14T00:00,2.7,0,0.00
2024-12-14T01:00,2.4,1,0.00
2024-12-14T02:00,1.9,2,0.00
2024-12-14T03:00,1.7,3,0.00
2024-12-14T04:00,1.1,3,0.00
2024-12-14T05:00,0.4,3,0.00
2024-12-14T06:00,0.0,3,0.00
2024-12-14T07:00,-0.2,3,0.00
2024-12-14T08:00,-0.2,3,0.00
2024-12-14T09:00,-0.2,3,0.00
2024-12-14T10:00,0.0,3,0.00
2024-12-14T11:00,1.6,3,0.00
2024-12-14T12:00,4.0,3,0.00
2024-12-14T13:00,6.0,3,0.00
2024-12-14T14:00,7.4,3,0.00
2024-12-14T15:00,7.8,1,0.00
2024-12-14T16:00,8.4,0,0.00
2024-12-14T17:00,8.4,0,0.00
2024-12-14T18:00,7.5,0,0.00
2024-12-14T19:00,5.3,0,0.00
2024-12-14T20:00,4.8,0,0.00
2024-12-14T21:00,3.6,0,0.00
2024-12-14T22:00,2.0,0,0.00
2024-12-14T23:00,0.8,0,0.00
2024-12-15T00:00,-0.1,0,0.00
2024-12-15T01:00,-0.7,0,0.00
2024-12-15T02:00,-1.0,0,0.00
2024-12-15T03:00,-1.6,3,0.00
2024-12-15T04:00,-1.8,3,0.00
2024-12-15T05:00,-2.0,3,0.00
2024-12-15T06:00,-2.2,0,0.00
2024-12-15T07:00,-2.1,0,0.00
2024-12-15T08:00,-1.7,0,0.00
2024-12-15T09:00,-1.5,0,0.00
2024-12-15T10:00,-0.9,0,0.00
2024-12-15T11:00,0.8,0,0.00
2024-12-15T12:00,3.2,0,0.00
2024-12-15T13:00,5.7,0,0.00
2024-12-15T14:00,7.8,0,0.00
2024-12-15T15:00,9.3,0,0.00
2024-12-15T16:00,9.3,0,0.00
2024-12-15T17:00,8.6,0,0.00
2024-12-15T18:00,6.7,0,0.00
2024-12-15T19:00,4.4,0,0.00
2024-12-15T20:00,2.9,0,0.00
2024-12-15T21:00,1.8,0,0.00
2024-12-15T22:00,1.8,0,0.00
2024-12-15T23:00,1.6,0,0.00
2024-12-16T00:00,1.5,0,0.00
2024-12-16T01:00,1.0,0,0.00
2024-12-16T02:00,0.4,0,0.00
2024-12-16T03:00,0.2,0,0.00
2024-12-16T04:00,0.1,0,0.00
2024-12-16T05:00,0.2,0,0.00
2024-12-16T06:00,0.4,0,0.00
2024-12-16T07:00,-0.1,2,0.00
2024-12-16T08:00,-0.4,1,0.00
2024-12-16T09:00,-1.2,2,0.00
2024-12-16T10:00,-1.0,2,0.00
2024-12-16T11:00,2.1,1,0.00
2024-12-16T12:00,5.2,1,0.00
2024-12-16T13:00,7.1,1,0.00
2024-12-16T14:00,8.3,0,0.00
2024-12-16T15:00,9.1,0,0.00
2024-12-16T16:00,9.4,0,0.00
2024-12-16T17:00,9.1,1,0.00
2024-12-16T18:00,7.6,1,0.00
2024-12-16T19:00,5.4,3,0.00
2024-12-16T20:00,3.9,3,0.00
2024-12-16T21:00,3.1,3,0.00
2024-12-16T22:00,2.3,3,0.00
2024-12-16T23:00,2.2,3,0.00
2024-12-17T00:00,1.9,3,0.00
2024-12-17T01:00,1.4,3,0.00
2024-12-17T02:00,0.7,3,0.00
2024-12-17T03:00,1.3,3,0.00
2024-12-17T04:00,0.5,2,0.00
2024-12-17T05:00,0.1,3,0.00
2024-12-17T06:00,-0.1,3,0.00
2024-12-17T07:00,-0.3,3,0.00
2024-12-17T08:00,-0.4,3,0.00
2024-12-17T09:00,-0.2,3,0.00
2024-12-17T10:00,-0.4,3,0.00
2024-12-17T11:00,2.0,3,0.00
2024-12-17T12:00,5.0,2,0.00
2024-12-17T13:00,6.7,2,0.00
2024-12-17T14:00,8.0,0,0.00
2024-12-17T15:00,8.9,1,0.00
2024-12-17T16:00,9.4,1,0.00
2024-12-17T17:00,9.4,0,0.00
2024-12-17T18:00,8.3,3,0.00
2024-12-17T19:00,5.6,0,0.00
2024-12-17T20:00,4.0,0,0.00
2024-12-17T21:00,2.6,0,0.00
2024-12-17T22:00,1.9,1,0.00
2024-12-17T23:00,1.9,2,0.00
2024-12-18T00:00,1.5,2,0.00
2024-12-18T01:00,1.0,0,0.00
2024-12-18T02:00,0.6,2,0.00
2024-12-18T03:00,1.5,1,0.00
2024-12-18T04:00,1.0,0,0.00
2024-12-18T05:00,1.1,0,0.00
2024-12-18T06:00,1.0,0,0.00
2024-12-18T07:00,0.6,0,0.00
2024-12-18T08:00,0.3,0,0.00
2024-12-18T09:00,0.2,0,0.00
2024-12-18T10:00,0.2,2,0.00
2024-12-18T11:00,2.6,3,0.00
2024-12-18T12:00,6.3,3,0.00
2024-12-18T13:00,8.7,1,0.00
2024-12-18T14:00,10.6,3,0.00
2024-12-18T15:00,10.8,3,0.00
2024-12-18T16:00,11.2,3,0.00
2024-12-18T17:00,11.4,3,0.00
2024-12-18T18:00,10.2,2,0.00
2024-12-18T19:00,8.5,3,0.00
2024-12-18T20:00,7.2,2,0.00
2024-12-18T21:00,6.6,2,0.00
2024-12-18T22:00,6.5,3,0.00
2024-12-18T23:00,6.9,3,0.00
2024-12-19T00:00,7.3,3,0.00
2024-12-19T01:00,7.4,3,0.00
2024-12-19T02:00,7.8,3,0.00
2024-12-19T03:00,7.0,3,0.00
2024-12-19T04:00,6.9,3,0.00
2024-12-19T05:00,6.6,3,0.00
2024-12-19T06:00,6.5,3,0.00
2024-12-19T07:00,6.3,3,0.00
2024-12-19T08:00,6.8,3,0.00
2024-12-19T09:00,6.9,61,1.60
2024-12-19T10:00,6.9,51,0.20
2024-12-19T11:00,7.7,3,0.00
2024-12-19T12:00,8.5,3,0.00
2024-12-19T13:00,9.2,3,0.00
2024-12-19T14:00,11.2,2,0.00
2024-12-19T15:00,12.7,1,0.00
2024-12-19T16:00,13.8,51,0.10
2024-12-19T17:00,13.9,51,0.10
2024-12-19T18:00,12.6,0,0.00
2024-12-19T19:00,10.2,1,0.00
2024-12-19T20:00,8.9,0,0.00
2024-12-19T21:00,7.3,1,0.00
2024-12-19T22:00,6.7,1,0.00
2024-12-19T23:00,5.8,1,0.00
2024-12-20T00:00,5.2,0,0.00
2024-12-20T01:00,4.4,0,0.00
2024-12-20T02:00,3.1,0,0.00
2024-12-20T03:00,2.5,0,0.00
2024-12-20T04:00,1.4,0,0.00
2024-12-20T05:00,0.7,0,0.00
2024-12-20T06:00,-0.3,0,0.00
2024-12-20T07:00,-1.2,3,0.00
2024-12-20T08:00,-1.9,3,0.00
2024-12-20T09:00,-2.4,3,0.00
2024-12-20T10:00,-2.6,3,0.00
2024-12-20T11:00,-0.6,3,0.00
2024-12-20T12:00,4.1,0,0.00
2024-12-20T13:00,5.9,0,0.00
2024-12-20T14:00,7.1,0,0.00
2024-12-20T15:00,8.6,0,0.00
2024-12-20T16:00,9.1,0,0.00
2024-12-20T17:00,9.4,0,0.00
2024-12-20T18:00,8.5,0,0.00
2024-12-20T19:00,6.2,0,0.00
2024-12-20T20:00,5.0,0,0.00
2024-12-20T21:00,3.5,0,0.00
2024-12-20T22:00,2.2,0,0.00
2024-12-20T23:00,1.1,0,0.00
2024-12-21T00:00,0.0,0,0.00
2024-12-21T01:00,-0.6,0,0.00
2024-12-21T02:00,-0.9,0,0.00
2024-12-21T03:00,-1.1,0,0.00
2024-12-21T04:00,-1.4,0,0.00
2024-12-21T05:00,-1.8,0,0.00
2024-12-21T06:00,-2.0,0,0.00
2024-12-21T07:00,-2.0,0,0.00
2024-12-21T08:00,-2.2,0,0.00
2024-12-21T09:00,-2.3,0,0.00
2024-12-21T10:00,-2.2,0,0.00
2024-12-21T11:00,0.1,0,0.00
2024-12-21T12:00,3.4,0,0.00
2024-12-21T13:00,5.9,0,0.00
2024-12-21T14:00,7.9,0,0.00
2024-12-21T15:00,8.8,0,0.00
2024-12-21T16:00,9.5,0,0.00
2024-12-21T17:00,9.5,0,0.00
2024-12-21T18:00,8.0,0,0.00
2024-12-21T19:00,5.4,0,0.00
2024-12-21T20:00,4.3,0,0.00
2024-12-21T21:00,3.2,0,0.00
2024-12-21T22:00,2.1,0,0.00
2024-12-21T23:00,1.5,0,0.00
2024-12-22T00:00,0.6,0,0.00
2024-12-22T01:00,-0.1,0,0.00
2024-12-22T02:00,-0.4,0,0.00
2024-12-22T03:00,-0.5,0,0.00
2024-12-22T04:00,-0.6,1,0.00
2024-12-22T05:00,-1.1,0,0.00
2024-12-22T06:00,-1.3,0,0.00
2024-12-22T07:00,-1.4,0,0.00
2024-12-22T08:00,-1.5,0,0.00
2024-12-22T09:00,-1.8,2,0.00
2024-12-22T10:00,-1.5,3,0.00
2024-12-22T11:00,0.6,0,0.00
2024-12-22T12:00,4.0,1,0.00
2024-12-22T13:00,5.8,2,0.00
2024-12-22T14:00,7.6,2,0.00
2024-12-22T15:00,9.8,0,0.00
2024-12-22T16:00,11.0,1,0.00
2024-12-22T17:00,11.5,3,0.00
2024-12-22T18:00,10.7,2,0.00
2024-12-22T19:00,9.7,2,0.00
2024-12-22T20:00,8.8,3,0.00
2024-12-22T21:00,8.0,3,0.00
2024-12-22T22:00,7.9,2,0.00
2024-12-22T23:00,8.2,3,0.00
2024-12-23T00:00,8.8,3,0.00
2024-12-23T01:00,8.6,2,0.00
2024-12-23T02:00,7.5,3,0.00
2024-12-23T03:00,6.8,2,0.00
2024-12-23T04:00,6.5,3,0.00
2024-12-23T05:00,6.2,2,0.00
2024-12-23T06:00,5.3,3,0.00
2024-12-23T07:00,4.8,3,0.00
2024-12-23T08:00,4.4,3,0.00
2024-12-23T09:00,4.0,1,0.00
2024-12-23T10:00,3.3,2,0.00
2024-12-23T11:00,5.5,2,0.00
2024-12-23T12:00,7.4,2,0.00
2024-12-23T13:00,8.6,1,0.00
2024-12-23T14:00,9.4,0,0.00
2024-12-23T15:00,10.5,1,0.00
2024-12-23T16:00,10.2,0,0.00
2024-12-23T17:00,9.8,0,0.00
2024-12-23T18:00,8.8,0,0.00
2024-12-23T19:00,6.6,0,0.00
2024-12-23T20:00,5.8,0,0.00
2024-12-23T21:00,4.5,0,0.00
2024-12-23T22:00,3.2,0,0.00
2024-12-23T23:00,2.4,0,0.00
2024-12-24T00:00,2.0,0,0.00
2024-12-24T01:00,1.7,0,0.00
2024-12-24T02:00,1.4,0,0.00
2024-12-24T03:00,1.5,0,0.00
2024-12-24T04:00,0.8,0,0.00
2024-12-24T05:00,0.6,0,0.00
2024-12-24T06:00,0.7,0,0.00
2024-12-24T07:00,0.5,0,0.00
2024-12-24T08:00,-0.3,0,0.00
2024-12-24T09:00,-0.1,0,0.00
2024-12-24T10:00,-0.3,0,0.00
2024-12-24T11:00,1.6,0,0.00
2024-12-24T12:00,4.6,0,0.00
2024-12-24T13:00,7.8,0,0.00
2024-12-24T14:00,10.1,0,0.00
2024-12-24T15:00,11.2,0,0.00
2024-12-24T16:00,11.7,0,0.00
2024-12-24T17:00,11.6,0,0.00
2024-12-24T18:00,10.1,0,0.00
2024-12-24T19:00,8.4,0,0.00
2024-12-24T20:00,8.7,0,0.00
2024-12-24T21:00,7.9,0,0.00
2024-12-24T22:00,7.5,0,0.00
2024-12-24T23:00,6.7,0,0.00
2024-12-25T00:00,5.7,0,0.00
2024-12-25T01:00,4.9,0,0.00
2024-12-25T02:00,3.9,0,0.00
2024-12-25T03:00,3.9,0,0.00
2024-12-25T04:00,3.5,0,0.00
2024-12-25T05:00,3.0,0,0.00
2024-12-25T06:00,2.7,0,0.00
2024-12-25T07:00,2.5,0,0.00
2024-12-25T08:00,2.7,0,0.00
2024-12-25T09:00,2.9,0,0.00
2024-12-25T10:00,3.3,0,0.00
2024-12-25T11:00,5.1,0,0.00
2024-12-25T12:00,7.6,0,0.00
2024-12-25T13:00,10.1,0,0.00
2024-12-25T14:00,12.2,0,0.00
2024-12-25T15:00,14.0,0,0.00
2024-12-25T16:00,14.7,0,0.00
2024-12-25T17:00,14.8,0,0.00
2024-12-25T18:00,13.3,0,0.00
2024-12-25T19:00,10.9,0,0.00
2024-12-25T20:00,9.5,0,0.00
2024-12-25T21:00,7.2,0,0.00
2024-12-25T22:00,5.3,0,0.00
2024-12-25T23:00,4.5,0,0.00
2024-12-26T00:00,4.4,0,0.00
2024-12-26T01:00,4.3,0,0.00
2024-12-26T02:00,4.6,0,0.00
2024-12-26T03:00,4.1,0,0.00
2024-12-26T04:00,4.1,0,0.00
2024-12-26T05:00,4.2,0,0.00
2024-12-26T06:00,3.9,0,0.00
2024-12-26T07:00,3.5,0,0.00
2024-12-26T08:00,3.2,0,0.00
2024-12-26T09:00,2.5,0,0.00
2024-12-26T10:00,1.7,0,0.00
2024-12-26T11:00,3.6,0,0.00
2024-12-26T12:00,7.2,0,0.00
2024-12-26T13:00,9.7,0,0.00
2024-12-26T14:00,11.4,0,0.00
2024-12-26T15:00,12.3,0,0.00
2024-12-26T16:00,12.9,0,0.00
2024-12-26T17:00,12.9,0,0.00
2024-12-26T18:00,11.3,0,0.00
2024-12-26T19:00,7.7,0,0.00
2024-12-26T20:00,5.3,0,0.00
2024-12-26T21:00,4.3,0,0.00
2024-12-26T22:00,3.7,0,0.00
2024-12-26T23:00,3.6,0,0.00
2024-12-27T00:00,3.1,0,0.00
2024-12-27T01:00,3.3,0,0.00
2024-12-27T02:00,3.6,0,0.00
2024-12-27T03:00,3.2,0,0.00
2024-12-27T04:00,2.6,0,0.00
2024-12-27T05:00,2.2,0,0.00
2024-12-27T06:00,1.9,0,0.00
2024-12-27T07:00,1.7,0,0.00
2024-12-27T08:00,1.7,0,0.00
2024-12-27T09:00,1.4,0,0.00
2024-12-27T10:00,1.6,0,0.00
2024-12-27T11:00,3.5,0,0.00
2024-12-27T12:00,5.9,0,0.00
2024-12-27T13:00,7.9,0,0.00
2024-12-27T14:00,9.5,0,0.00
2024-12-27T15:00,9.5,1,0.00
2024-12-27T16:00,10.4,0,0.00
2024-12-27T17:00,10.8,0,0.00
2024-12-27T18:00,10.2,0,0.00
2024-12-27T19:00,8.4,0,0.00
2024-12-27T20:00,6.9,0,0.00
2024-12-27T21:00,5.5,0,0.00
2024-12-27T22:00,4.8,0,0.00
2024-12-27T23:00,3.8,0,0.00
2024-12-28T00:00,3.3,0,0.00
2024-12-28T01:00,2.7,0,0.00
2024-12-28T02:00,2.2,0,0.00
2024-12-28T03:00,2.2,0,0.00
2024-12-28T04:00,1.8,0,0.00
2024-12-28T05:00,1.5,0,0.00
2024-12-28T06:00,0.9,0,0.00
2024-12-28T07:00,0.3,0,0.00
2024-12-28T08:00,-0.4,0,0.00
2024-12-28T09:00,-0.7,0,0.00
2024-12-28T10:00,-0.5,0,0.00
2024-12-28T11:00,1.4,1,0.00
2024-12-28T12:00,3.7,2,0.00
2024-12-28T13:00,5.9,0,0.00
2024-12-28T14:00,7.7,0,0.00
2024-12-28T15:00,9.6,0,0.00
2024-12-28T16:00,10.3,0,0.00
2024-12-28T17:00,10.5,0,0.00
2024-12-28T18:00,9.7,0,0.00
2024-12-28T19:00,7.1,0,0.00
2024-12-28T20:00,5.3,0,0.00
2024-12-28T21:00,3.9,0,0.00
2024-12-28T22:00,3.1,0,0.00
2024-12-28T23:00,2.4,0,0.00
2024-12-29T00:00,1.7,0,0.00
2024-12-29T01:00,1.1,0,0.00
2024-12-29T02:00,0.8,0,0.00
2024-12-29T03:00,0.8,0,0.00
2024-12-29T04:00,0.5,0,0.00
2024-12-29T05:00,0.1,0,0.00
2024-12-29T06:00,-1.0,0,0.00
2024-12-29T07:00,-1.2,0,0.00
2024-12-29T08:00,-1.1,0,0.00
2024-12-29T09:00,-1.1,0,0.00
2024-12-29T10:00,-0.7,0,0.00
2024-12-29T11:00,1.9,0,0.00
2024-12-29T12:00,5.0,0,0.00
2024-12-29T13:00,7.5,0,0.00
2024-12-29T14:00,9.3,0,0.00
2024-12-29T15:00,9.6,0,0.00
2024-12-29T16:00,9.8,0,0.00
2024-12-29T17:00,9.4,0,0.00
2024-12-29T18:00,7.0,0,0.00
2024-12-29T19:00,4.0,0,0.00
2024-12-29T20:00,2.6,0,0.00
2024-12-29T21:00,1.0,0,0.00
2024-12-29T22:00,0.5,0,0.00
2024-12-29T23:00,0.2,0,0.00
2024-12-30T00:00,0.1,0,0.00
2024-12-30T01:00,0.1,0,0.00
2024-12-30T02:00,-0.1,0,0.00
2024-12-30T03:00,0.8,0,0.00
2024-12-30T04:00,0.4,0,0.00
2024-12-30T05:00,0.0,0,0.00
2024-12-30T06:00,-0.6,0,0.00
2024-12-30T07:00,-1.3,0,0.00
2024-12-30T08:00,-1.3,0,0.00
2024-12-30T09:00,-1.3,0,0.00
2024-12-30T10:00,-1.0,0,0.00
2024-12-30T11:00,1.5,0,0.00
2024-12-30T12:00,4.4,0,0.00
2024-12-30T13:00,6.5,0,0.00
2024-12-30T14:00,7.8,0,0.00
2024-12-30T15:00,8.7,0,0.00
2024-12-30T16:00,9.1,0,0.00
2024-12-30T17:00,9.0,0,0.00
2024-12-30T18:00,7.8,0,0.00
2024-12-30T19:00,5.1,0,0.00
2024-12-30T20:00,3.6,0,0.00
2024-12-30T21:00,2.0,0,0.00
2024-12-30T22:00,0.8,0,0.00
2024-12-30T23:00,0.2,0,0.00
2024-12-31T00:00,-0.2,0,0.00
2024-12-31T01:00,-0.4,0,0.00
2024-12-31T02:00,-0.6,0,0.00
2024-12-31T03:00,-0.4,0,0.00
2024-12-31T04:00,-0.3,0,0.00
2024-12-31T05:00,-0.5,0,0.00
2024-12-31T06:00,-0.7,0,0.00
2024-12-31T07:00,-1.5,0,0.00
2024-12-31T08:00,-1.6,0,0.00
2024-12-31T09:00,-1.7,0,0.00
2024-12-31T10:00,-1.5,0,0.00
2024-12-31T11:00,1.2,0,0.00
2024-12-31T12:00,4.5,0,0.00
2024-12-31T13:00,6.9,0,0.00
2024-12-31T14:00,8.6,0,0.00
2024-12-31T15:00,9.5,0,0.00
2024-12-31T16:00,9.7,0,0.00
2024-12-31T17:00,9.2,0,0.00
2024-12-31T18:00,6.5,0,0.00
2024-12-31T19:00,3.8,0,0.00
2024-12-31T20:00,3.1,0,0.00
2024-12-31T21:00,1.8,0,0.00
2024-12-31T22:00,0.5,0,0.00
2024-12-31T23:00,-0.2,0,0.00
2025-01-01T00:00,-0.5,0,0.00
2025-01-01T01:00,-0.7,0,0.00
2025-01-01T02:00,-0.7,0,0.00
2025-01-01T03:00,0.4,1,0.00
2025-01-01T04:00,0.1,1,0.00
2025-01-01T05:00,-0.5,0,0.00
2025-01-01T06:00,-1.0,0,0.00
2025-01-01T07:00,-1.2,1,0.00
2025-01-01T08:00,-0.6,3,0.00
2025-01-01T09:00,0.1,3,0.00
2025-01-01T10:00,0.5,3,0.00
2025-01-01T11:00,1.6,3,0.00
2025-01-01T12:00,2.7,3,0.00
2025-01-01T13:00,4.1,3,0.00
2025-01-01T14:00,5.2,2,0.00
2025-01-01T15:00,7.3,1,0.00
2025-01-01T16:00,7.8,0,0.00
2025-01-01T17:00,7.8,0,0.00
2025-01-01T18:00,7.1,0,0.00
2025-01-01T19:00,5.0,0,0.00
2025-01-01T20:00,3.2,0,0.00
2025-01-01T21:00,2.0,0,0.00
2025-01-01T22:00,1.3,1,0.00
2025-01-01T23:00,0.8,1,0.00
2025-01-02T00:00,0.2,1,0.00
2025-01-02T01:00,0.0,0,0.00
2025-01-02T02:00,-0.2,3,0.00
2025-01-02T03:00,0.4,1,0.00
2025-01-02T04:00,-0.1,1,0.00
2025-01-02T05:00,-0.7,1,0.00
2025-01-02T06:00,-1.2,3,0.00
2025-01-02T07:00,-1.5,3,0.00
2025-01-02T08:00,-1.8,3,0.00
2025-01-02T09:00,-1.8,3,0.00
2025-01-02T10:00,-1.8,3,0.00
2025-01-02T11:00,0.4,3,0.00
2025-01-02T12:00,2.3,3,0.00
2025-01-02T13:00,4.2,3,0.00
2025-01-02T14:00,5.7,3,0.00
2025-01-02T15:00,8.5,2,0.00
2025-01-02T16:00,9.1,3,0.00
2025-01-02T17:00,9.1,1,0.00
2025-01-02T18:00,8.4,3,0.00
2025-01-02T19:00,5.5,2,0.00
2025-01-02T20:00,4.3,3,0.00
2025-01-02T21:00,3.8,3,0.00
2025-01-02T22:00,3.1,3,0.00
2025-01-02T23:00,2.7,3,0.00
2025-01-03T00:00,2.4,3,0.00
2025-01-03T01:00,1.5,3,0.00
2025-01-03T02:00,0.7,3,0.00
2025-01-03T03:00,1.6,3,0.00
2025-01-03T04:00,0.9,3,0.00
2025-01-03T05:00,0.4,3,0.00
2025-01-03T06:00,0.3,3,0.00
2025-01-03T07:00,-0.4,3,0.00
2025-01-03T08:00,-0.2,3,0.00
2025-01-03T09:00,-0.8,3,0.00
2025-01-03T10:00,-1.2,3,0.00
2025-01-03T11:00,0.4,3,0.00
2025-01-03T12:00,1.8,3,0.00
2025-01-03T13:00,3.4,3,0.00
2025-01-03T14:00,5.3,3,0.00
2025-01-03T15:00,6.1,3,0.00
2025-01-03T16:00,6.7,3,0.00
2025-01-03T17:00,6.7,3,0.00
2025-01-03T18:00,6.3,3,0.00
2025-01-03T19:00,5.2,3,0.00
2025-01-03T20:00,4.7,3,0.00
2025-01-03T21:00,3.2,3,0.00
2025-01-03T22:00,2.2,2,0.00
2025-01-03T23:00,1.4,1,0.00
2025-01-04T00:00,1.0,3,0.00
2025-01-04T01:00,0.1,3,0.00
2025-01-04T02:00,0.3,3,0.00
2025-01-04T03:00,1.8,3,0.00
2025-01-04T04:00,1.8,3,0.00
2025-01-04T05:00,1.7,3,0.00
2025-01-04T06:00,1.7,3,0.00
2025-01-04T07:00,1.5,3,0.00
2025-01-04T08:00,1.5,3,0.00
2025-01-04T09:00,1.6,3,0.00
2025-01-04T10:00,1.8,3,0.00
2025-01-04T11:00,2.6,3,0.00
2025-01-04T12:00,3.5,3,0.00
2025-01-04T13:00,4.3,3,0.00
2025-01-04T14:00,5.2,3,0.00
2025-01-04T15:00,6.0,3,0.00
2025-01-04T16:00,6.4,3,0.00
2025-01-04T17:00,6.9,3,0.00
2025-01-04T18:00,6.9,3,0.00
2025-01-04T19:00,6.3,3,0.00
2025-01-04T20:00,4.8,3,0.00
2025-01-04T21:00,4.2,3,0.00
2025-01-04T22:00,3.6,3,0.00
2025-01-04T23:00,3.3,3,0.00
2025-01-05T00:00,2.8,3,0.00
2025-01-05T01:00,3.2,3,0.00
2025-01-05T02:00,3.9,3,0.00
2025-01-05T03:00,4.2,3,0.00
2025-01-05T04:00,4.2,3,0.00
2025-01-05T05:00,4.4,3,0.00
2025-01-05T06:00,4.3,3,0.00
2025-01-05T07:00,4.2,3,0.00
2025-01-05T08:00,4.3,3,0.00
2025-01-05T09:00,4.7,3,0.00
2025-01-05T10:00,5.6,3,0.00
2025-01-05T11:00,6.5,3,0.00
2025-01-05T12:00,7.2,3,0.00
2025-01-05T13:00,8.6,51,0.10
2025-01-05T14:00,10.0,51,0.20
2025-01-05T15:00,9.5,51,0.10
2025-01-05T16:00,10.0,3,0.00
2025-01-05T17:00,9.8,3,0.00
2025-01-05T18:00,9.7,51,0.20
2025-01-05T19:00,9.4,53,0.50
2025-01-05T20:00,8.0,53,0.80
2025-01-05T21:00,7.8,51,0.40
2025-01-05T22:00,7.7,51,0.40
2025-01-05T23:00,7.7,53,0.60
2025-01-06T00:00,8.0,55,1.10
2025-01-06T01:00,8.5,51,0.40
2025-01-06T02:00,8.5,51,0.30
2025-01-06T03:00,8.5,3,0.00
2025-01-06T04:00,8.4,51,0.30
2025-01-06T05:00,8.3,53,0.80
2025-01-06T06:00,8.3,51,0.10
2025-01-06T07:00,8.0,51,0.20
2025-01-06T08:00,7.7,51,0.20
2025-01-06T09:00,7.6,51,0.10
2025-01-06T10:00,7.4,3,0.00
2025-01-06T11:00,7.6,3,0.00
2025-01-06T12:00,8.4,3,0.00
2025-01-06T13:00,9.4,51,0.10
2025-01-06T14:00,10.7,51,0.10
2025-01-06T15:00,11.0,3,0.00
2025-01-06T16:00,10.5,2,0.00
2025-01-06T17:00,10.2,0,0.00
2025-01-06T18:00,9.5,0,0.00
2025-01-06T19:00,8.0,0,0.00
2025-01-06T20:00,6.5,0,0.00
2025-01-06T21:00,5.7,0,0.00
2025-01-06T22:00,5.0,0,0.00
2025-01-06T23:00,4.7,0,0.00
2025-01-07T00:00,4.6,0,0.00
2025-01-07T01:00,4.9,1,0.00
2025-01-07T02:00,4.9,1,0.00
2025-01-07T03:00,5.0,0,0.00
2025-01-07T04:00,4.4,0,0.00
2025-01-07T05:00,3.5,0,0.00
2025-01-07T06:00,2.7,0,0.00
2025-01-07T07:00,2.1,1,0.00
2025-01-07T08:00,1.2,0,0.00
2025-01-07T09:00,0.2,2,0.00
2025-01-07T10:00,-0.4,3,0.00
2025-01-07T11:00,0.6,3,0.00
2025-01-07T12:00,2.2,3,0.00
2025-01-07T13:00,3.8,3,0.00
2025-01-07T14:00,5.3,3,0.00
2025-01-07T15:00,7.9,3,0.00
2025-01-07T16:00,8.1,3,0.00
2025-01-07T17:00,7.0,3,0.00
2025-01-07T18:00,7.1,3,0.00
2025-01-07T19:00,7.0,3,0.00
2025-01-07T20:00,7.0,3,0.00
2025-01-07T21:00,6.9,3,0.00
2025-01-07T22:00,7.0,3,0.00
2025-01-07T23:00,7.1,3,0.00
2025-01-08T00:00,7.1,3,0.00
2025-01-08T01:00,7.1,3,0.00
2025-01-08T02:00,7.1,3,0.00
2025-01-08T03:00,7.5,3,0.00
2025-01-08T04:00,7.4,3,0.00
2025-01-08T05:00,7.3,3,0.00
2025-01-08T06:00,7.5,3,0.00
2025-01-08T07:00,7.5,3,0.00
2025-01-08T08:00,7.4,3,0.00
2025-01-08T09:00,7.1,3,0.00
2025-01-08T10:00,6.5,3,0.00
2025-01-08T11:00,7.5,3,0.00
2025-01-08T12:00,8.1,3,0.00
2025-01-08T13:00,9.3,3,0.00
2025-01-08T14:00,10.1,3,0.00
2025-01-08T15:00,9.8,3,0.00
2025-01-08T16:00,9.6,3,0.00
2025-01-08T17:00,9.8,3,0.00
2025-01-08T18:00,9.1,3,0.00
2025-01-08T19:00,8.6,3,0.00
2025-01-08T20:00,8.3,51,0.10
2025-01-08T21:00,8.1,51,0.40
2025-01-08T22:00,8.1,51,0.10
2025-01-08T23:00,8.2,3,0.00
2025-01-09T00:00,8.4,3,0.00
2025-01-09T01:00,8.5,3,0.00
2025-01-09T02:00,8.5,3,0.00
2025-01-09T03:00,8.4,3,0.00
2025-01-09T04:00,8.5,3,0.00
2025-01-09T05:00,8.4,3,0.00
2025-01-09T06:00,8.1,3,0.00
2025-01-09T07:00,7.9,3,0.00
2025-01-09T08:00,7.8,3,0.00
2025-01-09T09:00,7.8,3,0.00
2025-01-09T10:00,7.8,3,0.00
2025-01-09T11:00,8.2,3,0.00
2025-01-09T12:00,8.5,3,0.00
2025-01-09T13:00,9.0,3,0.00
2025-01-09T14:00,10.4,3,0.00
2025-01-09T15:00,12.3,3,0.00
2025-01-09T16:00,12.1,3,0.00
2025-01-09T17:00,12.3,3,0.00
2025-01-09T18:00,12.2,2,0.00
2025-01-09T19:00,10.7,1,0.00
2025-01-09T20:00,9.5,1,0.00
2025-01-09T21:00,8.7,1,0.00
2025-01-09T22:00,8.5,1,0.00
2025-01-09T23:00,8.3,1,0.00
2025-01-10T00:00,8.2,1,0.00
2025-01-10T01:00,7.6,2,0.00
2025-01-10T02:00,7.2,3,0.00
2025-01-10T03:00,6.7,3,0.00
2025-01-10T04:00,6.7,3,0.00
2025-01-10T05:00,6.5,3,0.00
2025-01-10T06:00,6.3,3,0.00
2025-01-10T07:00,6.1,3,0.00
2025-01-10T08:00,5.8,3,0.00
2025-01-10T09:00,5.5,3,0.00
2025-01-10T10:00,5.4,3,0.00
2025-01-10T11:00,5.7,3,0.00
2025-01-10T12:00,6.2,3,0.00
2025-01-10T13:00,7.1,3,0.00
2025-01-10T14:00,8.4,3,0.00
2025-01-10T15:00,10.3,3,0.00
2025-01-10T16:00,12.0,2,0.00
2025-01-10T17:00,12.6,3,0.00
2025-01-10T18:00,10.8,2,0.00
2025-01-10T19:00,8.9,3,0.00
2025-01-10T20:00,8.4,3,0.00
2025-01-10T21:00,8.0,2,0.00
2025-01-10T22:00,7.5,1,0.00
2025-01-10T23:00,7.2,3,0.00
2025-01-11T00:00,6.9,3,0.00
2025-01-11T01:00,7.0,3,0.00
2025-01-11T02:00,7.5,3,0.00
2025-01-11T03:00,8.0,3,0.00
2025-01-11T04:00,7.9,3,0.00
2025-01-11T05:00,7.9,3,0.00
2025-01-11T06:00,7.9,3,0.00
2025-01-11T07:00,8.1,3,0.00
2025-01-11T08:00,8.5,3,0.00
2025-01-11T09:00,8.6,3,0.00
2025-01-11T10:00,8.9,3,0.00
2025-01-11T11:00,9.7,3,0.00
2025-01-11T12:00,10.4,3,0.00
2025-01-11T13:00,12.1,3,0.00
2025-01-11T14:00,13.9,3,0.00
2025-01-11T15:00,16.5,1,0.00
2025-01-11T16:00,16.7,2,0.00
2025-01-11T17:00,16.8,2,0.00
2025-01-11T18:00,15.8,3,0.00
2025-01-11T19:00,13.9,2,0.00
2025-01-11T20:00,12.7,3,0.00
2025-01-11T21:00,11.7,2,0.00
2025-01-11T22:00,9.8,1,0.00
2025-01-11T23:00,8.6,1,0.00
2025-01-12T00:00,7.5,0,0.00
2025-01-12T01:00,6.8,0,0.00
2025-01-12T02:00,5.9,0,0.00
2025-01-12T03:00,5.8,0,0.00
2025-01-12T04:00,4.8,0,0.00
2025-01-12T05:00,4.2,1,0.00
2025-01-12T06:00,3.5,0,0.00
2025-01-12T07:00,2.6,0,0.00
2025-01-12T08:00,1.6,0,0.00
2025-01-12T09:00,0.5,3,0.00
2025-01-12T10:00,0.3,3,0.00
2025-01-12T11:00,2.9,0,0.00
2025-01-12T12:00,6.2,0,0.00
2025-01-12T13:00,8.7,0,0.00
2025-01-12T14:00,10.2,0,0.00
2025-01-12T15:00,12.4,2,0.00
2025-01-12T16:00,13.0,0,0.00
2025-01-12T17:00,13.6,0,0.00
2025-01-12T18:00,12.9,0,0.00
2025-01-12T19:00,9.9,0,0.00
2025-01-12T20:00,7.9,0,0.00
2025-01-12T21:00,5.9,0,0.00
2025-01-12T22:00,4.7,0,0.00
2025-01-12T23:00,3.0,0,0.00
2025-01-13T00:00,1.8,0,0.00
2025-01-13T01:00,0.6,0,0.00
2025-01-13T02:00,-0.1,0,0.00
2025-01-13T03:00,0.2,0,0.00
2025-01-13T04:00,-1.0,0,0.00
2025-01-13T05:00,-2.0,0,0.00
2025-01-13T06:00,-2.6,0,0.00
2025-01-13T07:00,-3.1,0,0.00
2025-01-13T08:00,-3.4,0,0.00
2025-01-13T09:00,-3.6,0,0.00
2025-01-13T10:00,-3.6,0,0.00
2025-01-13T11:00,-1.0,0,0.00
2025-01-13T12:00,3.3,0,0.00
2025-01-13T13:00,5.8,0,0.00
2025-01-13T14:00,7.6,0,0.00
2025-01-13T15:00,9.0,0,0.00
2025-01-13T16:00,9.8,0,0.00
2025-01-13T17:00,10.1,0,0.00
2025-01-13T18:00,8.9,0,0.00
2025-01-13T19:00,5.8,0,0.00
2025-01-13T20:00,4.5,0,0.00
2025-01-13T21:00,3.7,0,0.00
2025-01-13T22:00,2.0,0,0.00
2025-01-13T23:00,0.4,0,0.00
2025-01-14T00:00,-0.6,0,0.00
2025-01-14T01:00,-1.2,0,0.00
2025-01-14T02:00,-0.6,0,0.00
2025-01-14T03:00,-0.1,0,0.00
2025-01-14T04:00,0.4,0,0.00
2025-01-14T05:00,-0.2,0,0.00
2025-01-14T06:00,-0.9,0,0.00
2025-01-14T07:00,-1.4,0,0.00
2025-01-14T08:00,-1.7,0,0.00
2025-01-14T09:00,-2.2,0,0.00
2025-01-14T10:00,-2.7,0,0.00
2025-01-14T11:00,-0.9,0,0.00
2025-01-14T12:00,2.2,0,0.00
2025-01-14T13:00,4.7,0,0.00
2025-01-14T14:00,6.5,0,0.00
2025-01-14T15:00,8.1,0,0.00
2025-01-14T16:00,8.9,0,0.00
2025-01-14T17:00,9.0,0,0.00
2025-01-14T18:00,7.2,0,0.00
2025-01-14T19:00,3.9,0,0.00
2025-01-14T20:00,1.9,0,0.00
2025-01-14T21:00,1.2,0,0.00
2025-01-14T22:00,0.5,0,0.00
2025-01-14T23:00,0.0,0,0.00
2025-01-15T00:00,-0.2,0,0.00
2025-01-15T01:00,-0.8,0,0.00
2025-01-15T02:00,-1.4,0,0.00
2025-01-15T03:00,-1.5,0,0.00
2025-01-15T04:00,-2.0,0,0.00
2025-01-15T05:00,-2.4,0,0.00
2025-01-15T06:00,-3.1,0,0.00
2025-01-15T07:00,-3.6,0,0.00
2025-01-15T08:00,-4.0,0,0.00
2025-01-15T09:00,-4.1,0,0.00
2025-01-15T10:00,-3.9,0,0.00
2025-01-15T11:00,-1.1,0,0.00
2025-01-15T12:00,2.5,0,0.00
2025-01-15T13:00,5.2,0,0.00
2025-01-15T14:00,7.3,0,0.00
2025-01-15T15:00,9.1,0,0.00
2025-01-15T16:00,9.7,0,0.00
2025-01-15T17:00,9.4,1,0.00
2025-01-15T18:00,6.7,1,0.00
2025-01-15T19:00,3.8,0,0.00
2025-01-15T20:00,1.6,1,0.00
2025-01-15T21:00,0.8,2,0.00
2025-01-15T22:00,-0.1,2,0.00
2025-01-15T23:00,-0.8,1,0.00
2025-01-16T00:00,-1.3,0,0.00
2025-01-16T01:00,-1.7,1,0.00
2025-01-16T02:00,-2.0,0,0.00
2025-01-16T03:00,-1.4,0,0.00
2025-01-16T04:00,-1.8,0,0.00
2025-01-16T05:00,-1.6,0,0.00
2025-01-16T06:00,-1.2,0,0.00
2025-01-16T07:00,-1.0,0,0.00
2025-01-16T08:00,-0.7,0,0.00
2025-01-16T09:00,-0.5,0,0.00
2025-01-16T10:00,-0.2,0,0.00
2025-01-16T11:00,1.9,0,0.00
2025-01-16T12:00,5.5,0,0.00
2025-01-16T13:00,7.3,0,0.00
2025-01-16T14:00,8.5,0,0.00
2025-01-16T15:00,10.5,0,0.00
2025-01-16T16:00,10.8,0,0.00
2025-01-16T17:00,10.9,0,0.00
2025-01-16T18:00,10.1,0,0.00
2025-01-16T19:00,7.1,1,0.00
2025-01-16T20:00,6.2,0,0.00
2025-01-16T21:00,5.6,3,0.00
2025-01-16T22:00,5.4,3,0.00
2025-01-16T23:00,5.0,3,0.00
2025-01-17T00:00,4.0,1,0.00
2025-01-17T01:00,2.7,1,0.00
2025-01-17T02:00,2.4,0,0.00
2025-01-17T03:00,2.6,0,0.00
2025-01-17T04:00,2.3,0,0.00
2025-01-17T05:00,1.9,0,0.00
2025-01-17T06:00,1.3,0,0.00
2025-01-17T07:00,0.9,0,0.00
2025-01-17T08:00,1.0,0,0.00
2025-01-17T09:00,1.0,0,0.00
2025-01-17T10:00,1.3,0,0.00
2025-01-17T11:00,3.4,0,0.00
2025-01-17T12:00,5.3,0,0.00
2025-01-17T13:00,6.7,0,0.00
2025-01-17T14:00,7.8,0,0.00
2025-01-17T15:00,9.1,0,0.00
2025-01-17T16:00,9.9,2,0.00
2025-01-17T17:00,9.8,3,0.00
2025-01-17T18:00,9.5,1,0.00
2025-01-17T19:00,7.7,0,0.00
2025-01-17T20:00,5.7,0,0.00
2025-01-17T21:00,4.7,0,0.00
2025-01-17T22:00,4.0,0,0.00
2025-01-17T23:00,3.1,0,0.00
2025-01-18T00:00,2.5,0,0.00
2025-01-18T01:00,2.1,0,0.00
2025-01-18T02:00,1.2,0,0.00
2025-01-18T03:00,0.9,0,0.00
2025-01-18T04:00,0.3,0,0.00
2025-01-18T05:00,-0.3,0,0.00
2025-01-18T06:00,-1.0,0,0.00
2025-01-18T07:00,-1.4,0,0.00
2025-01-18T08:00,-1.8,0,0.00
2025-01-18T09:00,-2.2,0,0.00
2025-01-18T10:00,-2.1,0,0.00
2025-01-18T11:00,0.1,0,0.00
2025-01-18T12:00,3.4,0,0.00
2025-01-18T13:00,5.8,0,0.00
2025-01-18T14:00,7.6,0,0.00
2025-01-18T15:00,8.7,0,0.00
2025-01-18T16:00,9.3,0,0.00
2025-01-18T17:00,9.3,0,0.00
2025-01-18T18:00,7.6,0,0.00
2025-01-18T19:00,4.2,0,0.00
2025-01-18T20:00,1.8,0,0.00
2025-01-18T21:00,1.4,0,0.00
2025-01-18T22:00,0.6,0,0.00
2025-01-18T23:00,-0.3,0,0.00
2025-01-19T00:00,-1.0,0,0.00
2025-01-19T01:00,-1.3,0,0.00
2025-01-19T02:00,-1.6,0,0.00
2025-01-19T03:00,-1.2,0,0.00
2025-01-19T04:00,-1.9,0,0.00
2025-01-19T05:00,-2.4,0,0.00
2025-01-19T06:00,-2.4,0,0.00
2025-01-19T07:00,-2.2,0,0.00
2025-01-19T08:00,-2.1,0,0.00
2025-01-19T09:00,-2.1,0,0.00
2025-01-19T10:00,-2.0,0,0.00
2025-01-19T11:00,0.4,0,0.00
2025-01-19T12:00,3.4,0,0.00
2025-01-19T13:00,5.2,0,0.00
2025-01-19T14:00,6.4,3,0.00
2025-01-19T15:00,7.2,3,0.00
2025-01-19T16:00,7.7,2,0.00
2025-01-19T17:00,7.8,2,0.00
2025-01-19T18:00,6.4,1,0.00
2025-01-19T19:00,3.5,3,0.00
2025-01-19T20:00,3.0,3,0.00
2025-01-19T21:00,2.5,3,0.00
2025-01-19T22:00,2.3,3,0.00
2025-01-19T23:00,2.2,3,0.00
2025-01-20T00:00,2.2,73,0.70
2025-01-20T01:00,2.1,51,0.10
2025-01-20T02:00,2.1,1,0.00
2025-01-20T03:00,2.4,53,0.50
2025-01-20T04:00,3.1,3,0.00
2025-01-20T05:00,3.1,51,0.10
2025-01-20T06:00,2.9,51,0.10
2025-01-20T07:00,2.8,51,0.40
2025-01-20T08:00,2.3,3,0.00
2025-01-20T09:00,2.1,3,0.00
2025-01-20T10:00,2.6,55,1.10
2025-01-20T11:00,2.5,75,2.30
2025-01-20T12:00,3.0,51,0.10
2025-01-20T13:00,4.8,3,0.00
2025-01-20T14:00,5.5,3,0.00
2025-01-20T15:00,6.9,3,0.00
2025-01-20T16:00,7.0,3,0.00
2025-01-20T17:00,7.4,3,0.00
2025-01-20T18:00,7.3,3,0.00
2025-01-20T19:00,6.7,3,0.00
2025-01-20T20:00,6.2,51,0.10
2025-01-20T21:00,5.7,53,0.50
2025-01-20T22:00,5.5,51,0.10
2025-01-20T23:00,5.3,51,0.20
2025-01-21T00:00,5.2,51,0.30
2025-01-21T01:00,5.0,51,0.30
2025-01-21T02:00,5.1,51,0.40
2025-01-21T03:00,5.3,51,0.40
2025-01-21T04:00,5.4,53,0.80
2025-01-21T05:00,5.4,53,0.70
2025-01-21T06:00,5.4,51,0.40
2025-01-21T07:00,5.4,51,0.10
2025-01-21T08:00,5.4,3,0.00
2025-01-21T09:00,5.5,3,0.00
2025-01-21T10:00,5.6,3,0.00
2025-01-21T11:00,6.0,51,0.30
2025-01-21T12:00,6.9,51,0.40
2025-01-21T13:00,7.8,51,0.30
2025-01-21T14:00,8.1,51,0.40
2025-01-21T15:00,8.4,53,0.70
2025-01-21T16:00,9.3,51,0.10
2025-01-21T17:00,9.7,53,0.90
2025-01-21T18:00,9.5,53,0.50
2025-01-21T19:00,9.7,51,0.30
2025-01-21T20:00,9.6,3,0.00
2025-01-21T21:00,9.6,3,0.00
2025-01-21T22:00,9.2,3,0.00
2025-01-21T23:00,9.3,3,0.00
2025-01-22T00:00,8.6,51,0.10
2025-01-22T01:00,8.2,51,0.10
2025-01-22T02:00,9.1,3,0.00
2025-01-22T03:00,8.4,3,0.00
2025-01-22T04:00,8.7,51,0.20
2025-01-22T05:00,9.0,51,0.10
2025-01-22T06:00,8.3,51,0.10
2025-01-22T07:00,8.3,51,0.20
2025-01-22T08:00,8.0,53,0.70
2025-01-22T09:00,7.6,53,0.60
2025-01-22T10:00,8.5,61,1.30
2025-01-22T11:00,9.1,63,2.50
2025-01-22T12:00,10.1,55,1.10
2025-01-22T13:00,10.8,53,0.50
2025-01-22T14:00,11.9,51,0.10
2025-01-22T15:00,11.5,51,0.10
2025-01-22T16:00,11.7,3,0.00
2025-01-22T17:00,11.5,51,0.10
2025-01-22T18:00,11.2,51,0.10
2025-01-22T19:00,10.4,51,0.40
2025-01-22T20:00,9.1,61,2.20
2025-01-22T21:00,9.1,51,0.40
2025-01-22T22:00,8.9,51,0.10
2025-01-22T23:00,8.8,51,0.10
2025-01-23T00:00,9.0,51,0.10
2025-01-23T01:00,9.2,51,0.30
2025-01-23T02:00,9.5,3,0.00
2025-01-23T03:00,8.3,61,1.60
2025-01-23T04:00,8.1,61,1.40
2025-01-23T05:00,8.0,51,0.40
2025-01-23T06:00,8.2,3,0.00
2025-01-23T07:00,8.3,3,0.00
2025-01-23T08:00,8.6,3,0.00
2025-01-23T09:00,8.8,51,0.20
2025-01-23T10:00,8.9,51,0.10
2025-01-23T11:00,9.5,3,0.00
2025-01-23T12:00,10.2,51,0.10
2025-01-23T13:00,11.0,51,0.10
2025-01-23T14:00,11.8,51,0.20
2025-01-23T15:00,13.0,51,0.10
2025-01-23T16:00,13.9,1,0.00
2025-01-23T17:00,14.2,51,0.10
2025-01-23T18:00,13.9,3,0.00
2025-01-23T19:00,12.6,2,0.00
2025-01-23T20:00,10.9,0,0.00
2025-01-23T21:00,9.7,0,0.00
2025-01-23T22:00,8.7,0,0.00
2025-01-23T23:00,8.0,1,0.00
2025-01-24T00:00,7.4,1,0.00
2025-01-24T01:00,7.2,1,0.00
2025-01-24T02:00,6.7,2,0.00
2025-01-24T03:00,7.2,3,0.00
2025-01-24T04:00,8.2,3,0.00
2025-01-24T05:00,8.8,3,0.00
2025-01-24T06:00,8.9,3,0.00
2025-01-24T07:00,9.1,3,0.00
2025-01-24T08:00,9.3,3,0.00
2025-01-24T09:00,9.4,51,0.10
2025-01-24T10:00,9.5,51,0.30
2025-01-24T11:00,9.6,51,0.30
2025-01-24T12:00,9.9,51,0.10
2025-01-24T13:00,10.2,51,0.10
2025-01-24T14:00,10.6,51,0.10
2025-01-24T15:00,12.8,51,0.10
2025-01-24T16:00,13.1,2,0.00
2025-01-24T17:00,13.2,3,0.00
2025-01-24T18:00,12.3,3,0.00
2025-01-24T19:00,11.4,3,0.00
2025-01-24T20:00,9.8,3,0.00
2025-01-24T21:00,9.0,3,0.00
2025-01-24T22:00,8.7,3,0.00
2025-01-24T23:00,8.8,3,0.00
2025-01-25T00:00,9.2,3,0.00
2025-01-25T01:00,9.3,3,0.00
2025-01-25T02:00,9.3,3,0.00
2025-01-25T03:00,9.2,3,0.00
2025-01-25T04:00,9.0,3,0.00
2025-01-25T05:00,9.0,51,0.10
2025-01-25T06:00,8.4,51,0.10
2025-01-25T07:00,8.2,3,0.00
2025-01-25T08:00,8.2,51,0.10
2025-01-25T09:00,8.4,51,0.10
2025-01-25T10:00,8.0,53,0.90
2025-01-25T11:00,8.0,53,0.50
2025-01-25T12:00,8.5,51,0.10
2025-01-25T13:00,9.4,3,0.00
2025-01-25T14:00,9.7,51,0.10
2025-01-25T15:00,10.2,3,0.00
2025-01-25T16:00,10.7,3,0.00
2025-01-25T17:00,10.6,3,0.00
2025-01-25T18:00,10.8,3,0.00
2025-01-25T19:00,10.1,0,0.00
2025-01-25T20:00,8.9,1,0.00
2025-01-25T21:00,8.3,0,0.00
2025-01-25T22:00,7.4,1,0.00
2025-01-25T23:00,6.8,0,0.00
2025-01-26T00:00,6.2,0,0.00
2025-01-26T01:00,5.8,0,0.00
2025-01-26T02:00,5.0,1,0.00
2025-01-26T03:00,5.1,2,0.00
2025-01-26T04:00,4.5,3,0.00
2025-01-26T05:00,4.1,3,0.00
2025-01-26T06:00,4.4,3,0.00
2025-01-26T07:00,4.4,3,0.00
2025-01-26T08:00,4.8,3,0.00
2025-01-26T09:00,5.0,3,0.00
2025-01-26T10:00,5.7,3,0.00
2025-01-26T11:00,6.5,3,0.00
2025-01-26T12:00,6.8,3,0.00
2025-01-26T13:00,8.0,3,0.00
2025-01-26T14:00,8.6,3,0.00
2025-01-26T15:00,9.5,51,0.20
2025-01-26T16:00,9.8,51,0.30
2025-01-26T17:00,9.5,51,0.30
2025-01-26T18:00,10.3,51,0.10
2025-01-26T19:00,10.5,51,0.10
2025-01-26T20:00,10.6,53,0.50
2025-01-26T21:00,10.3,53,0.70
2025-01-26T22:00,10.6,53,0.50
2025-01-26T23:00,10.8,53,0.50
2025-01-27T00:00,11.3,51,0.40
2025-01-27T01:00,11.9,51,0.10
2025-01-27T02:00,12.0,51,0.20
2025-01-27T03:00,12.7,51,0.10
2025-01-27T04:00,12.3,51,0.10
2025-01-27T05:00,11.9,51,0.40
2025-01-27T06:00,11.5,61,1.70
2025-01-27T07:00,11.7,63,2.60
2025-01-27T08:00,11.7,51,0.20
2025-01-27T09:00,11.6,51,0.40
2025-01-27T10:00,11.3,63,3.60
2025-01-27T11:00,11.4,63,4.30
2025-01-27T12:00,11.4,63,3.90
2025-01-27T13:00,13.0,51,0.30
2025-01-27T14:00,13.2,1,0.00
2025-01-27T15:00,12.5,2,0.00
2025-01-27T16:00,13.3,1,0.00
2025-01-27T17:00,12.8,3,0.00
2025-01-27T18:00,11.4,3,0.00
2025-01-27T19:00,10.7,2,0.00
2025-01-27T20:00,9.8,2,0.00
2025-01-27T21:00,8.2,51,0.30
2025-01-27T22:00,7.6,55,1.00
2025-01-27T23:00,6.8,53,0.50
2025-01-28T00:00,6.4,51,0.10
2025-01-28T01:00,5.8,51,0.10
2025-01-28T02:00,5.0,3,0.00
2025-01-28T03:00,5.0,2,0.00
2025-01-28T04:00,4.7,3,0.00
2025-01-28T05:00,4.8,3,0.00
2025-01-28T06:00,4.8,51,0.30
2025-01-28T07:00,4.7,51,0.30
2025-01-28T08:00,4.1,53,0.60
2025-01-28T09:00,4.1,3,0.00
2025-01-28T10:00,3.4,3,0.00
2025-01-28T11:00,4.2,2,0.00
2025-01-28T12:00,6.0,1,0.00
2025-01-28T13:00,8.0,51,0.20
2025-01-28T14:00,9.5,51,0.30
2025-01-28T15:00,10.0,1,0.00
2025-01-28T16:00,10.8,1,0.00
2025-01-28T17:00,10.2,1,0.00
2025-01-28T18:00,9.3,0,0.00
2025-01-28T19:00,8.2,0,0.00
2025-01-28T20:00,7.1,1,0.00
2025-01-28T21:00,6.0,1,0.00
2025-01-28T22:00,5.6,0,0.00
2025-01-28T23:00,5.4,1,0.00
2025-01-29T00:00,4.8,1,0.00
2025-01-29T01:00,4.1,3,0.00
2025-01-29T02:00,3.1,3,0.00
2025-01-29T03:00,4.9,3,0.00
2025-01-29T04:00,3.9,3,0.00
2025-01-29T05:00,3.2,3,0.00
2025-01-29T06:00,2.7,3,0.00
2025-01-29T07:00,2.6,3,0.00
2025-01-29T08:00,3.5,3,0.00
2025-01-29T09:00,4.3,3,0.00
2025-01-29T10:00,4.6,3,0.00
2025-01-29T11:00,5.2,3,0.00
2025-01-29T12:00,5.5,51,0.10
2025-01-29T13:00,6.5,51,0.10
2025-01-29T14:00,6.9,51,0.30
2025-01-29T15:00,6.4,53,0.90
2025-01-29T16:00,7.0,55,1.20
2025-01-29T17:00,6.9,53,0.60
2025-01-29T18:00,6.7,63,2.90
2025-01-29T19:00,6.2,63,4.90
2025-01-29T20:00,5.9,51,0.40
2025-01-29T21:00,5.5,51,0.10
2025-01-29T22:00,4.8,1,0.00
2025-01-29T23:00,4.2,3,0.00
2025-01-30T00:00,4.2,3,0.00
2025-01-30T01:00,4.1,3,0.00
2025-01-30T02:00,3.9,3,0.00
2025-01-30T03:00,2.9,3,0.00
2025-01-30T04:00,2.3,3,0.00
2025-01-30T05:00,2.7,3,0.00
2025-01-30T06:00,3.8,3,0.00
2025-01-30T07:00,3.7,3,0.00
2025-01-30T08:00,4.2,3,0.00
2025-01-30T09:00,4.4,3,0.00
2025-01-30T10:00,4.7,3,0.00
2025-01-30T11:00,5.9,3,0.00
2025-01-30T12:00,7.2,2,0.00
2025-01-30T13:00,8.3,1,0.00
2025-01-30T14:00,8.9,2,0.00
2025-01-30T15:00,9.2,2,0.00
2025-01-30T16:00,10.1,0,0.00
2025-01-30T17:00,10.3,1,0.00
2025-01-30T18:00,9.8,0,0.00
2025-01-30T19:00,8.4,0,0.00
2025-01-30T20:00,6.1,2,0.00
2025-01-30T21:00,4.9,3,0.00
2025-01-30T22:00,3.6,1,0.00
2025-01-30T23:00,2.7,2,0.00
2025-01-31T00:00,1.9,0,0.00
2025-01-31T01:00,1.6,3,0.00
2025-01-31T02:00,0.9,2,0.00
2025-01-31T03:00,0.5,2,0.00
2025-01-31T04:00,0.1,3,0.00
2025-01-31T05:00,-0.5,1,0.00
2025-01-31T06:00,-1.1,0,0.00
2025-01-31T07:00,-1.2,0,0.00
2025-01-31T08:00,-1.7,0,0.00
2025-01-31T09:00,-2.3,0,0.00
2025-01-31T10:00,-1.9,0,0.00
2025-01-31T11:00,1.3,0,0.00
2025-01-31T12:00,3.6,0,0.00
2025-01-31T13:00,5.3,0,0.00
2025-01-31T14:00,6.9,0,0.00
2025-01-31T15:00,8.9,0,0.00
2025-01-31T16:00,9.5,0,0.00
2025-01-31T17:00,9.7,0,0.00
2025-01-31T18:00,9.6,0,0.00
2025-01-31T19:00,8.0,0,0.00
2025-01-31T20:00,5.5,0,0.00
2025-01-31T21:00,4.6,1,0.00
2025-01-31T22:00,3.7,0,0.00
2025-01-31T23:00,1.9,2,0.00
2025-02-01T00:00,0.8,2,0.00
2025-02-01T01:00,0.3,2,0.00
2025-02-01T02:00,0.1,2,0.00
2025-02-01T03:00,-0.2,2,0.00
2025-02-01T04:00,-0.6,3,0.00
2025-02-01T05:00,-1.0,2,0.00
2025-02-01T06:00,-1.1,3,0.00
2025-02-01T07:00,-0.6,1,0.00
2025-02-01T08:00,-1.0,0,0.00
2025-02-01T09:00,-1.5,0,0.00
2025-02-01T10:00,-1.0,0,0.00
2025-02-01T11:00,1.7,0,0.00
2025-02-01T12:00,4.9,0,0.00
2025-02-01T13:00,7.4,0,0.00
2025-02-01T14:00,9.6,1,0.00
2025-02-01T15:00,11.9,2,0.00
2025-02-01T16:00,11.7,3,0.00
2025-02-01T17:00,11.6,0,0.00
2025-02-01T18:00,11.7,0,0.00
2025-02-01T19:00,9.7,0,0.00
2025-02-01T20:00,6.8,0,0.00
2025-02-01T21:00,6.2,0,0.00
2025-02-01T22:00,5.0,0,0.00
2025-02-01T23:00,3.5,0,0.00
2025-02-02T00:00,2.1,0,0.00
2025-02-02T01:00,1.0,0,0.00
2025-02-02T02:00,0.2,0,0.00
2025-02-02T03:00,1.5,0,0.00
2025-02-02T04:00,0.2,0,0.00
2025-02-02T05:00,-0.9,0,0.00
2025-02-02T06:00,-1.2,0,0.00
2025-02-02T07:00,-1.3,1,0.00
2025-02-02T08:00,-1.5,2,0.00
2025-02-02T09:00,-1.3,3,0.00
2025-02-02T10:00,-0.9,3,0.00
2025-02-02T11:00,1.6,3,0.00
2025-02-02T12:00,4.6,2,0.00
2025-02-02T13:00,6.8,0,0.00
2025-02-02T14:00,8.5,0,0.00
2025-02-02T15:00,9.6,3,0.00
2025-02-02T16:00,9.5,3,0.00
2025-02-02T17:00,10.0,3,0.00
2025-02-02T18:00,9.2,3,0.00
2025-02-02T19:00,8.0,3,0.00
2025-02-02T20:00,7.1,51,0.10
2025-02-02T21:00,6.5,51,0.10
2025-02-02T22:00,5.8,3,0.00
2025-02-02T23:00,4.6,3,0.00
2025-02-03T00:00,4.9,1,0.00
2025-02-03T01:00,4.3,1,0.00
2025-02-03T02:00,3.6,1,0.00
2025-02-03T03:00,4.2,0,0.00
2025-02-03T04:00,3.6,0,0.00
2025-02-03T05:00,3.2,0,0.00
2025-02-03T06:00,2.7,0,0.00
2025-02-03T07:00,2.5,0,0.00
2025-02-03T08:00,2.2,0,0.00
2025-02-03T09:00,1.8,0,0.00
2025-02-03T10:00,1.7,0,0.00
2025-02-03T11:00,3.4,0,0.00
2025-02-03T12:00,5.2,0,0.00
2025-02-03T13:00,7.1,0,0.00
2025-02-03T14:00,8.8,0,0.00
2025-02-03T15:00,10.2,0,0.00
2025-02-03T16:00,10.9,0,0.00
2025-02-03T17:00,11.3,0,0.00
2025-02-03T18:00,11.1,0,0.00
2025-02-03T19:00,9.8,0,0.00
2025-02-03T20:00,7.8,0,0.00
2025-02-03T21:00,5.9,0,0.00
2025-02-03T22:00,5.1,0,0.00
2025-02-03T23:00,4.3,0,0.00
2025-02-04T00:00,3.1,0,0.00
2025-02-04T01:00,2.2,0,0.00
2025-02-04T02:00,2.2,0,0.00
2025-02-04T03:00,1.5,0,0.00
2025-02-04T04:00,1.3,0,0.00
2025-02-04T05:00,1.1,0,0.00
2025-02-04T06:00,0.5,0,0.00
2025-02-04T07:00,-0.1,0,0.00
2025-02-04T08:00,-0.6,0,0.00
2025-02-04T09:00,-0.7,0,0.00
2025-02-04T10:00,0.0,0,0.00
2025-02-04T11:00,3.5,0,0.00
2025-02-04T12:00,6.6,0,0.00
2025-02-04T13:00,8.5,0,0.00
2025-02-04T14:00,10.2,0,0.00
2025-02-04T15:00,11.6,0,0.00
2025-02-04T16:00,12.2,0,0.00
2025-02-04T17:00,12.2,0,0.00
2025-02-04T18:00,11.8,0,0.00
2025-02-04T19:00,10.3,0,0.00
2025-02-04T20:00,7.6,0,0.00
2025-02-04T21:00,7.2,0,0.00
2025-02-04T22:00,5.4,0,0.00
2025-02-04T23:00,4.0,0,0.00
2025-02-05T00:00,2.6,0,0.00
2025-02-05T01:00,2.0,0,0.00
2025-02-05T02:00,1.8,0,0.00
2025-02-05T03:00,1.3,0,0.00
2025-02-05T04:00,0.7,0,0.00
2025-02-05T05:00,0.4,0,0.00
2025-02-05T06:00,0.3,0,0.00
2025-02-05T07:00,0.1,0,0.00
2025-02-05T08:00,-0.2,0,0.00
2025-02-05T09:00,-0.6,0,0.00
2025-02-05T10:00,-0.3,0,0.00
2025-02-05T11:00,2.3,0,0.00
2025-02-05T12:00,6.0,0,0.00
2025-02-05T13:00,9.1,0,0.00
2025-02-05T14:00,11.1,0,0.00
2025-02-05T15:00,13.0,2,0.00
2025-02-05T16:00,13.5,1,0.00
2025-02-05T17:00,13.7,1,0.00
2025-02-05T18:00,13.3,0,0.00
2025-02-05T19:00,10.8,0,0.00
2025-02-05T20:00,8.1,0,0.00
2025-02-05T21:00,6.8,0,0.00
2025-02-05T22:00,5.0,0,0.00
2025-02-05T23:00,3.4,0,0.00
2025-02-06T00:00,2.6,0,0.00
2025-02-06T01:00,2.4,0,0.00
2025-02-06T02:00,2.6,0,0.00
2025-02-06T03:00,2.3,0,0.00
2025-02-06T04:00,1.1,0,0.00
2025-02-06T05:00,0.4,0,0.00
2025-02-06T06:00,-0.2,0,0.00
2025-02-06T07:00,-0.6,0,0.00
2025-02-06T08:00,-0.9,0,0.00
2025-02-06T09:00,-1.1,0,0.00
2025-02-06T10:00,-0.6,0,0.00
2025-02-06T11:00,2.5,0,0.00
2025-02-06T12:00,5.6,0,0.00
2025-02-06T13:00,8.3,0,0.00
2025-02-06T14:00,10.2,0,0.00
2025-02-06T15:00,11.5,0,0.00
2025-02-06T16:00,12.2,0,0.00
2025-02-06T17:00,12.4,0,0.00
2025-02-06T18:00,12.0,0,0.00
2025-02-06T19:00,10.0,0,0.00
2025-02-06T20:00,7.1,0,0.00
2025-02-06T21:00,5.9,3,0.00
2025-02-06T22:00,5.1,3,0.00
2025-02-06T23:00,4.6,3,0.00
2025-02-07T00:00,3.8,3,0.00
2025-02-07T01:00,3.2,2,0.00
2025-02-07T02:00,2.5,1,0.00
2025-02-07T03:00,1.8,1,0.00
2025-02-07T04:00,1.3,2,0.00
2025-02-07T05:00,1.0,2,0.00
2025-02-07T06:00,0.8,2,0.00
2025-02-07T07:00,0.6,1,0.00
2025-02-07T08:00,0.4,0,0.00
2025-02-07T09:00,0.3,0,0.00
2025-02-07T10:00,1.2,3,0.00
2025-02-07T11:00,3.4,0,0.00
2025-02-07T12:00,5.7,1,0.00
2025-02-07T13:00,7.0,3,0.00
2025-02-07T14:00,6.8,75,1.70
2025-02-07T15:00,6.2,51,0.30
2025-02-07T16:00,4.7,61,2.20
2025-02-07T17:00,5.7,51,0.10
2025-02-07T18:00,5.6,2,0.00
2025-02-07T19:00,5.6,3,0.00
2025-02-07T20:00,5.2,3,0.00
2025-02-07T21:00,5.3,3,0.00
2025-02-07T22:00,5.4,3,0.00
2025-02-07T23:00,5.5,3,0.00
2025-02-08T00:00,5.1,3,0.00
2025-02-08T01:00,5.3,3,0.00
2025-02-08T02:00,5.2,3,0.00
2025-02-08T03:00,4.8,3,0.00
2025-02-08T04:00,4.8,3,0.00
2025-02-08T05:00,4.2,0,0.00
2025-02-08T06:00,3.7,1,0.00
2025-02-08T07:00,2.5,1,0.00
2025-02-08T08:00,3.1,0,0.00
2025-02-08T09:00,2.8,0,0.00
2025-02-08T10:00,2.6,0,0.00
2025-02-08T11:00,4.1,0,0.00
2025-02-08T12:00,6.0,0,0.00
2025-02-08T13:00,7.6,0,0.00
2025-02-08T14:00,9.2,0,0.00
2025-02-08T15:00,10.6,0,0.00
2025-02-08T16:00,11.3,1,0.00
2025-02-08T17:00,11.5,1,0.00
2025-02-08T18:00,11.1,2,0.00
2025-02-08T19:00,9.3,3,0.00
2025-02-08T20:00,7.3,3,0.00
2025-02-08T21:00,6.4,2,0.00
2025-02-08T22:00,5.6,1,0.00
2025-02-08T23:00,4.7,0,0.00
2025-02-09T00:00,3.8,0,0.00
2025-02-09T01:00,3.0,0,0.00
2025-02-09T02:00,2.6,0,0.00
2025-02-09T03:00,2.9,3,0.00
2025-02-09T04:00,2.4,3,0.00
2025-02-09T05:00,2.0,3,0.00
2025-02-09T06:00,1.6,3,0.00
2025-02-09T07:00,1.6,3,0.00
2025-02-09T08:00,1.4,3,0.00
2025-02-09T09:00,1.4,3,0.00
2025-02-09T10:00,2.2,3,0.00
2025-02-09T11:00,3.5,3,0.00
2025-02-09T12:00,5.4,3,0.00
2025-02-09T13:00,8.1,1,0.00
2025-02-09T14:00,10.4,3,0.00
2025-02-09T15:00,11.3,3,0.00
2025-02-09T16:00,12.6,3,0.00
2025-02-09T17:00,13.4,3,0.00
2025-02-09T18:00,13.5,1,0.00
2025-02-09T19:00,12.3,1,0.00
2025-02-09T20:00,9.8,3,0.00
2025-02-09T21:00,8.7,3,0.00
2025-02-09T22:00,7.4,3,0.00
2025-02-09T23:00,6.2,3,0.00
2025-02-10T00:00,5.2,3,0.00
2025-02-10T01:00,4.5,3,0.00
2025-02-10T02:00,4.8,3,0.00
2025-02-10T03:00,6.0,3,0.00
2025-02-10T04:00,5.4,3,0.00
2025-02-10T05:00,5.0,3,0.00
2025-02-10T06:00,4.5,3,0.00
2025-02-10T07:00,4.8,3,0.00
2025-02-10T08:00,5.1,3,0.00
2025-02-10T09:00,5.1,3,0.00
2025-02-10T10:00,5.7,3,0.00
2025-02-10T11:00,7.3,3,0.00
2025-02-10T12:00,9.1,3,0.00
2025-02-10T13:00,10.6,3,0.00
2025-02-10T14:00,12.0,3,0.00
2025-02-10T15:00,12.1,3,0.00
2025-02-10T16:00,12.3,3,0.00
2025-02-10T17:00,12.5,3,0.00
2025-02-10T18:00,12.7,3,0.00
2025-02-10T19:00,12.1,3,0.00
2025-02-10T20:00,11.0,3,0.00
2025-02-10T21:00,10.3,2,0.00
2025-02-10T22:00,9.0,3,0.00
2025-02-10T23:00,8.1,2,0.00
2025-02-11T00:00,7.9,51,0.10
2025-02-11T01:00,7.3,2,0.00
2025-02-11T02:00,6.5,3,0.00
2025-02-11T03:00,6.5,3,0.00
2025-02-11T04:00,5.7,3,0.00
2025-02-11T05:00,5.6,3,0.00
2025-02-11T06:00,5.5,3,0.00
2025-02-11T07:00,4.9,2,0.00
2025-02-11T08:00,4.4,1,0.00
2025-02-11T09:00,4.0,3,0.00
2025-02-11T10:00,4.8,3,0.00
2025-02-11T11:00,6.6,1,0.00
2025-02-11T12:00,8.1,3,0.00
2025-02-11T13:00,9.9,1,0.00
2025-02-11T14:00,11.7,3,0.00
2025-02-11T15:00,12.3,3,0.00
2025-02-11T16:00,13.2,3,0.00
2025-02-11T17:00,13.0,3,0.00
2025-02-11T18:00,13.0,3,0.00
2025-02-11T19:00,12.1,3,0.00
2025-02-11T20:00,11.1,51,0.10
2025-02-11T21:00,10.0,3,0.00
2025-02-11T22:00,9.1,51,0.30
2025-02-11T23:00,8.6,61,1.30
2025-02-12T00:00,8.7,51,0.30
2025-02-12T01:00,7.6,51,0.20
2025-02-12T02:00,6.9,53,0.60
2025-02-12T03:00,7.9,51,0.40
2025-02-12T04:00,7.8,51,0.10
2025-02-12T05:00,7.5,51,0.10
2025-02-12T06:00,6.9,51,0.10
2025-02-12T07:00,6.2,3,0.00
2025-02-12T08:00,6.6,2,0.00
2025-02-12T09:00,6.3,2,0.00
2025-02-12T10:00,7.0,1,0.00
2025-02-12T11:00,8.8,3,0.00
2025-02-12T12:00,10.3,1,0.00
2025-02-12T13:00,10.7,1,0.00
2025-02-12T14:00,11.4,0,0.00
2025-02-12T15:00,12.1,0,0.00
2025-02-12T16:00,12.7,0,0.00
2025-02-12T17:00,12.8,1,0.00
2025-02-12T18:00,11.7,0,0.00
2025-02-12T19:00,10.6,0,0.00
2025-02-12T20:00,8.8,1,0.00
2025-02-12T21:00,8.0,0,0.00
2025-02-12T22:00,7.3,0,0.00
2025-02-12T23:00,6.7,1,0.00
2025-02-13T00:00,6.2,2,0.00
2025-02-13T01:00,5.7,0,0.00
2025-02-13T02:00,5.1,0,0.00
2025-02-13T03:00,4.9,1,0.00
2025-02-13T04:00,4.0,2,0.00
2025-02-13T05:00,3.7,2,0.00
2025-02-13T06:00,3.8,2,0.00
2025-02-13T07:00,3.9,2,0.00
2025-02-13T08:00,3.2,0,0.00
2025-02-13T09:00,2.7,1,0.00
2025-02-13T10:00,3.0,1,0.00
2025-02-13T11:00,5.6,3,0.00
2025-02-13T12:00,8.1,3,0.00
2025-02-13T13:00,10.1,3,0.00
2025-02-13T14:00,11.4,3,0.00
2025-02-13T15:00,12.8,3,0.00
2025-02-13T16:00,13.7,3,0.00
2025-02-13T17:00,14.2,3,0.00
2025-02-13T18:00,13.8,3,0.00
2025-02-13T19:00,12.6,3,0.00
2025-02-13T20:00,10.4,2,0.00
2025-02-13T21:00,9.2,3,0.00
2025-02-13T22:00,8.4,3,0.00
2025-02-13T23:00,7.6,3,0.00
2025-02-14T00:00,6.8,3,0.00
2025-02-14T01:00,6.2,1,0.00
2025-02-14T02:00,5.4,2,0.00
2025-02-14T03:00,5.4,1,0.00
2025-02-14T04:00,4.7,0,0.00
2025-02-14T05:00,4.2,0,0.00
2025-02-14T06:00,3.8,1,0.00
2025-02-14T07:00,3.4,1,0.00
2025-02-14T08:00,3.2,0,0.00
2025-02-14T09:00,2.8,2,0.00
2025-02-14T10:00,3.2,3,0.00
2025-02-14T11:00,6.5,3,0.00
2025-02-14T12:00,9.0,3,0.00
2025-02-14T13:00,11.1,3,0.00
2025-02-14T14:00,12.7,1,0.00
2025-02-14T15:00,14.3,1,0.00
2025-02-14T16:00,15.0,3,0.00
2025-02-14T17:00,15.1,3,0.00
2025-02-14T18:00,14.8,3,0.00
2025-02-14T19:00,13.7,3,0.00
2025-02-14T20:00,11.2,3,0.00
2025-02-14T21:00,10.3,3,0.00
2025-02-14T22:00,9.7,0,0.00
2025-02-14T23:00,8.8,3,0.00
2025-02-15T00:00,7.3,3,0.00
2025-02-15T01:00,5.8,0,0.00
2025-02-15T02:00,4.7,0,0.00
2025-02-15T03:00,4.3,3,0.00
2025-02-15T04:00,4.4,2,0.00
2025-02-15T05:00,4.2,2,0.00
2025-02-15T06:00,4.2,3,0.00
2025-02-15T07:00,3.9,3,0.00
2025-02-15T08:00,3.7,3,0.00
2025-02-15T09:00,3.2,2,0.00
2025-02-15T10:00,3.8,3,0.00
2025-02-15T11:00,7.1,3,0.00
2025-02-15T12:00,9.9,3,0.00
2025-02-15T13:00,11.3,3,0.00
2025-02-15T14:00,12.6,3,0.00
2025-02-15T15:00,13.3,3,0.00
2025-02-15T16:00,14.2,3,0.00
2025-02-15T17:00,14.0,3,0.00
2025-02-15T18:00,14.1,3,0.00
2025-02-15T19:00,13.2,3,0.00
2025-02-15T20:00,11.2,3,0.00
2025-02-15T21:00,9.5,3,0.00
2025-02-15T22:00,8.5,3,0.00
2025-02-15T23:00,8.4,2,0.00
2025-02-16T00:00,7.3,1,0.00
2025-02-16T01:00,6.6,1,0.00
2025-02-16T02:00,6.1,0,0.00
2025-02-16T03:00,6.0,2,0.00
2025-02-16T04:00,5.9,3,0.00
2025-02-16T05:00,5.7,3,0.00
2025-02-16T06:00,5.4,2,0.00
2025-02-16T07:00,5.0,2,0.00
2025-02-16T08:00,4.5,0,0.00
2025-02-16T09:00,4.0,0,0.00
2025-02-16T10:00,5.1,0,0.00
2025-02-16T11:00,8.3,2,0.00
2025-02-16T12:00,11.6,3,0.00
2025-02-16T13:00,13.8,1,0.00
2025-02-16T14:00,15.5,0,0.00
2025-02-16T15:00,16.3,0,0.00
2025-02-16T16:00,16.9,0,0.00
2025-02-16T17:00,16.9,0,0.00
2025-02-16T18:00,16.4,3,0.00
2025-02-16T19:00,15.0,3,0.00
2025-02-16T20:00,12.8,2,0.00
2025-02-16T21:00,11.3,1,0.00
2025-02-16T22:00,10.1,0,0.00
2025-02-16T23:00,9.2,0,0.00
2025-02-17T00:00,8.4,0,0.00
2025-02-17T01:00,7.6,0,0.00
2025-02-17T02:00,6.5,0,0.00
2025-02-17T03:00,5.7,0,0.00
2025-02-17T04:00,5.1,0,0.00
2025-02-17T05:00,4.5,0,0.00
2025-02-17T06:00,3.8,2,0.00
2025-02-17T07:00,3.6,2,0.00
2025-02-17T08:00,3.6,0,0.00
2025-02-17T09:00,3.6,0,0.00
2025-02-17T10:00,4.1,1,0.00
2025-02-17T11:00,6.7,2,0.00
2025-02-17T12:00,9.2,3,0.00
2025-02-17T13:00,11.1,1,0.00
2025-02-17T14:00,12.7,3,0.00
2025-02-17T15:00,13.2,1,0.00
2025-02-17T16:00,13.8,2,0.00
2025-02-17T17:00,14.2,3,0.00
2025-02-17T18:00,14.3,3,0.00
2025-02-17T19:00,13.2,3,0.00
2025-02-17T20:00,10.7,3,0.00
2025-02-17T21:00,9.6,3,0.00
2025-02-17T22:00,8.4,3,0.00
2025-02-17T23:00,7.8,3,0.00
2025-02-18T00:00,7.7,3,0.00
2025-02-18T01:00,7.3,3,0.00
2025-02-18T02:00,7.1,3,0.00
2025-02-18T03:00,7.3,3,0.00
2025-02-18T04:00,7.1,3,0.00
2025-02-18T05:00,6.9,3,0.00
2025-02-18T06:00,6.8,3,0.00
2025-02-18T07:00,6.9,3,0.00
2025-02-18T08:00,6.8,3,0.00
2025-02-18T09:00,6.2,3,0.00
2025-02-18T10:00,6.6,3,0.00
2025-02-18T11:00,7.8,3,0.00
2025-02-18T12:00,10.5,3,0.00
2025-02-18T13:00,12.2,3,0.00
2025-02-18T14:00,13.6,3,0.00
2025-02-18T15:00,14.3,3,0.00
2025-02-18T16:00,14.7,3,0.00
2025-02-18T17:00,15.1,3,0.00
2025-02-18T18:00,15.0,3,0.00
2025-02-18T19:00,13.9,3,0.00
2025-02-18T20:00,12.1,3,0.00
2025-02-18T21:00,11.4,3,0.00
2025-02-18T22:00,10.4,3,0.00
2025-02-18T23:00,9.9,3,0.00
2025-02-19T00:00,8.9,3,0.00
2025-02-19T01:00,8.3,3,0.00
2025-02-19T02:00,7.8,3,0.00
2025-02-19T03:00,8.6,3,0.00
2025-02-19T04:00,7.7,1,0.00
2025-02-19T05:00,7.4,3,0.00
2025-02-19T06:00,7.6,3,0.00
2025-02-19T07:00,8.0,3,0.00
2025-02-19T08:00,7.1,1,0.00
2025-02-19T09:00,6.5,2,0.00
2025-02-19T10:00,7.5,3,0.00
2025-02-19T11:00,9.4,1,0.00
2025-02-19T12:00,11.8,2,0.00
2025-02-19T13:00,13.5,3,0.00
2025-02-19T14:00,14.6,3,0.00
2025-02-19T15:00,15.3,1,0.00
2025-02-19T16:00,15.9,1,0.00
2025-02-19T17:00,16.3,1,0.00
2025-02-19T18:00,16.0,0,0.00
2025-02-19T19:00,15.1,0,0.00
2025-02-19T20:00,12.5,0,0.00
2025-02-19T21:00,11.4,0,0.00
2025-02-19T22:00,10.6,0,0.00
2025-02-19T23:00,9.5,0,0.00
2025-02-20T00:00,8.7,0,0.00
2025-02-20T01:00,8.1,0,0.00
2025-02-20T02:00,7.4,0,0.00
2025-02-20T03:00,7.0,0,0.00
2025-02-20T04:00,6.4,1,0.00
2025-02-20T05:00,5.9,3,0.00
2025-02-20T06:00,5.2,3,0.00
2025-02-20T07:00,4.9,3,0.00
2025-02-20T08:00,4.9,3,0.00
2025-02-20T09:00,4.8,3,0.00
2025-02-20T10:00,5.4,3,0.00
2025-02-20T11:00,7.3,3,0.00
2025-02-20T12:00,9.7,2,0.00
2025-02-20T13:00,12.2,1,0.00
2025-02-20T14:00,14.2,1,0.00
2025-02-20T15:00,15.3,0,0.00
2025-02-20T16:00,16.2,1,0.00
2025-02-20T17:00,16.2,2,0.00
2025-02-20T18:00,15.8,2,0.00
2025-02-20T19:00,14.9,3,0.00
2025-02-20T20:00,12.4,3,0.00
2025-02-20T21:00,11.2,1,0.00
2025-02-20T22:00,10.2,1,0.00
2025-02-20T23:00,9.2,3,0.00
2025-02-21T00:00,8.5,2,0.00
2025-02-21T01:00,8.2,2,0.00
2025-02-21T02:00,7.9,2,0.00
2025-02-21T03:00,8.2,1,0.00
2025-02-21T04:00,7.4,3,0.00
2025-02-21T05:00,6.9,3,0.00
2025-02-21T06:00,6.5,3,0.00
2025-02-21T07:00,5.9,3,0.00
2025-02-21T08:00,5.5,3,0.00
2025-02-21T09:00,5.6,3,0.00
2025-02-21T10:00,6.4,3,0.00
2025-02-21T11:00,8.9,3,0.00
2025-02-21T12:00,11.0,3,0.00
2025-02-21T13:00,12.3,3,0.00
2025-02-21T14:00,13.3,3,0.00
2025-02-21T15:00,13.8,3,0.00
2025-02-21T16:00,15.0,3,0.00
2025-02-21T17:00,15.2,3,0.00
2025-02-21T18:00,15.0,3,0.00
2025-02-21T19:00,14.4,3,0.00
2025-02-21T20:00,13.2,0,0.00
2025-02-21T21:00,12.4,3,0.00
2025-02-21T22:00,11.2,51,0.10
2025-02-21T23:00,10.6,51,0.20
2025-02-22T00:00,9.8,63,2.60
2025-02-22T01:00,9.2,61,1.40
2025-02-22T02:00,8.2,3,0.00
2025-02-22T03:00,8.2,3,0.00
2025-02-22T04:00,7.5,3,0.00
2025-02-22T05:00,7.2,3,0.00
2025-02-22T06:00,6.8,3,0.00
2025-02-22T07:00,6.4,3,0.00
2025-02-22T08:00,6.0,3,0.00
2025-02-22T09:00,5.3,3,0.00
2025-02-22T10:00,5.4,3,0.00
2025-02-22T11:00,6.6,3,0.00
2025-02-22T12:00,8.8,3,0.00
2025-02-22T13:00,10.4,3,0.00
2025-02-22T14:00,11.6,0,0.00
2025-02-22T15:00,12.6,1,0.00
2025-02-22T16:00,13.2,2,0.00
2025-02-22T17:00,13.4,3,0.00
2025-02-22T18:00,12.7,2,0.00
2025-02-22T19:00,10.9,0,0.00
2025-02-22T20:00,9.3,0,0.00
2025-02-22T21:00,8.5,0,0.00
2025-02-22T22:00,7.4,0,0.00
2025-02-22T23:00,6.4,0,0.00
2025-02-23T00:00,5.4,0,0.00
2025-02-23T01:00,4.5,0,0.00
2025-02-23T02:00,3.8,0,0.00
2025-02-23T03:00,3.7,0,0.00
2025-02-23T04:00,3.5,0,0.00
2025-02-23T05:00,2.8,0,0.00
2025-02-23T06:00,2.3,0,0.00
2025-02-23T07:00,1.9,0,0.00
2025-02-23T08:00,1.5,1,0.00
2025-02-23T09:00,1.0,1,0.00
2025-02-23T10:00,2.1,1,0.00
2025-02-23T11:00,5.5,0,0.00
2025-02-23T12:00,9.0,1,0.00
2025-02-23T13:00,11.3,0,0.00
2025-02-23T14:00,12.8,0,0.00
2025-02-23T15:00,13.6,0,0.00
2025-02-23T16:00,14.0,0,0.00
2025-02-23T17:00,14.3,1,0.00
2025-02-23T18:00,14.1,3,0.00
2025-02-23T19:00,13.2,3,0.00
2025-02-23T20:00,10.8,3,0.00
2025-02-23T21:00,9.4,1,0.00
2025-02-23T22:00,8.2,3,0.00
2025-02-23T23:00,7.2,3,0.00
2025-02-24T00:00,6.6,3,0.00
2025-02-24T01:00,5.8,3,0.00
2025-02-24T02:00,5.1,3,0.00
2025-02-24T03:00,5.3,3,0.00
2025-02-24T04:00,4.8,3,0.00
2025-02-24T05:00,4.3,3,0.00
2025-02-24T06:00,4.0,3,0.00
2025-02-24T07:00,4.0,3,0.00
2025-02-24T08:00,4.0,3,0.00
2025-02-24T09:00,3.8,3,0.00
2025-02-24T10:00,4.9,3,0.00
2025-02-24T11:00,7.3,3,0.00
2025-02-24T12:00,9.5,3,0.00
2025-02-24T13:00,11.2,3,0.00
2025-02-24T14:00,12.1,3,0.00
2025-02-24T15:00,12.6,3,0.00
2025-02-24T16:00,13.7,0,0.00
2025-02-24T17:00,14.1,2,0.00
2025-02-24T18:00,13.9,3,0.00
2025-02-24T19:00,12.7,3,0.00
2025-02-24T20:00,11.0,0,0.00
2025-02-24T21:00,9.9,2,0.00
2025-02-24T22:00,9.3,2,0.00
2025-02-24T23:00,8.8,3,0.00
2025-02-25T00:00,8.5,3,0.00
2025-02-25T01:00,8.0,3,0.00
2025-02-25T02:00,7.2,0,0.00
2025-02-25T03:00,8.1,2,0.00
2025-02-25T04:00,7.6,3,0.00
2025-02-25T05:00,7.2,3,0.00
2025-02-25T06:00,6.7,3,0.00
2025-02-25T07:00,7.0,3,0.00
2025-02-25T08:00,6.4,3,0.00
2025-02-25T09:00,6.3,3,0.00
2025-02-25T10:00,7.5,3,0.00
2025-02-25T11:00,9.5,3,0.00
2025-02-25T12:00,11.6,3,0.00
2025-02-25T13:00,13.0,3,0.00
2025-02-25T14:00,13.2,3,0.00
2025-02-25T15:00,12.7,3,0.00
2025-02-25T16:00,12.0,3,0.00
2025-02-25T17:00,11.8,3,0.00
2025-02-25T18:00,11.5,2,0.00
2025-02-25T19:00,11.4,0,0.00
2025-02-25T20:00,9.9,0,0.00
2025-02-25T21:00,8.7,0,0.00
2025-02-25T22:00,6.8,0,0.00
2025-02-25T23:00,5.6,0,0.00
2025-02-26T00:00,4.7,0,0.00
2025-02-26T01:00,3.8,0,0.00
2025-02-26T02:00,2.9,0,0.00
2025-02-26T03:00,2.2,0,0.00
2025-02-26T04:00,1.7,0,0.00
2025-02-26T05:00,1.5,1,0.00
2025-02-26T06:00,1.1,2,0.00
2025-02-26T07:00,0.7,0,0.00
2025-02-26T08:00,0.2,0,0.00
2025-02-26T09:00,-0.4,2,0.00
2025-02-26T10:00,1.3,1,0.00
2025-02-26T11:00,4.4,1,0.00
2025-02-26T12:00,7.0,1,0.00
2025-02-26T13:00,8.9,0,0.00
2025-02-26T14:00,10.2,0,0.00
2025-02-26T15:00,11.5,0,0.00
2025-02-26T16:00,12.3,1,0.00
2025-02-26T17:00,12.5,1,0.00
2025-02-26T18:00,12.3,2,0.00
2025-02-26T19:00,11.5,3,0.00
2025-02-26T20:00,8.9,3,0.00
2025-02-26T21:00,7.6,3,0.00
2025-02-26T22:00,6.8,3,0.00
2025-02-26T23:00,6.2,3,0.00
2025-02-27T00:00,5.7,3,0.00
2025-02-27T01:00,5.2,2,0.00
2025-02-27T02:00,4.3,3,0.00
2025-02-27T03:00,3.8,3,0.00
2025-02-27T04:00,3.7,3,0.00
2025-02-27T05:00,3.5,3,0.00
2025-02-27T06:00,3.8,3,0.00
2025-02-27T07:00,4.2,3,0.00
2025-02-27T08:00,4.2,3,0.00
2025-02-27T09:00,4.0,3,0.00
2025-02-27T10:00,4.4,51,0.30
2025-02-27T11:00,4.7,51,0.40
2025-02-27T12:00,5.4,51,0.10
2025-02-27T13:00,8.1,1,0.00
2025-02-27T14:00,10.2,2,0.00
2025-02-27T15:00,11.6,2,0.00
2025-02-27T16:00,12.0,3,0.00
2025-02-27T17:00,12.0,3,0.00
2025-02-27T18:00,12.1,3,0.00
2025-02-27T19:00,11.9,3,0.00
2025-02-27T20:00,9.7,3,0.00
2025-02-27T21:00,8.7,3,0.00
2025-02-27T22:00,8.2,3,0.00
2025-02-27T23:00,7.8,3,0.00
2025-02-28T00:00,7.2,3,0.00
2025-02-28T01:00,6.5,3,0.00
2025-02-28T02:00,6.2,3,0.00
2025-02-28T03:00,6.0,3,0.00
2025-02-28T04:00,5.9,0,0.00
2025-02-28T05:00,5.8,3,0.00
2025-02-28T06:00,5.4,2,0.00
2025-02-28T07:00,5.1,3,0.00
2025-02-28T08:00,5.0,3,0.00
2025-02-28T09:00,4.7,3,0.00
2025-02-28T10:00,6.0,3,0.00
2025-02-28T11:00,7.6,3,0.00
2025-02-28T12:00,10.2,2,0.00
2025-02-28T13:00,12.4,3,0.00
2025-02-28T14:00,13.4,3,0.00
2025-02-28T15:00,14.3,3,0.00
2025-02-28T16:00,14.8,1,0.00
2025-02-28T17:00,15.0,51,0.10
2025-02-28T18:00,14.9,0,0.00
2025-02-28T19:00,14.1,1,0.00
2025-02-28T20:00,11.6,1,0.00
2025-02-28T21:00,10.5,2,0.00
2025-02-28T22:00,9.5,51,0.40
2025-02-28T23:00,8.2,51,0.40
2025-03-01T00:00,8.0,51,0.10
2025-03-01T01:00,7.9,51,0.10
2025-03-01T02:00,7.6,3,0.00
2025-03-01T03:00,7.3,51,0.30
2025-03-01T04:00,7.1,51,0.40
2025-03-01T05:00,6.9,51,0.20
2025-03-01T06:00,6.7,51,0.20
2025-03-01T07:00,6.6,51,0.20
2025-03-01T08:00,6.4,51,0.20
2025-03-01T09:00,6.3,51,0.10
2025-03-01T10:00,6.6,51,0.10
2025-03-01T11:00,7.3,51,0.20
2025-03-01T12:00,7.7,51,0.30
2025-03-01T13:00,7.3,51,0.10
2025-03-01T14:00,7.9,3,0.00
2025-03-01T15:00,6.9,51,0.20
2025-03-01T16:00,7.6,51,0.10
2025-03-01T17:00,7.8,51,0.10
2025-03-01T18:00,7.4,51,0.20
2025-03-01T19:00,6.7,51,0.40
2025-03-01T20:00,5.6,53,0.70
2025-03-01T21:00,4.8,53,0.80
2025-03-01T22:00,4.3,53,0.80
2025-03-01T23:00,3.9,53,0.60
2025-03-02T00:00,3.8,51,0.40
2025-03-02T01:00,3.4,53,0.70
2025-03-02T02:00,2.8,51,0.40
2025-03-02T03:00,3.0,53,0.60
2025-03-02T04:00,2.0,53,0.50
2025-03-02T05:00,1.9,51,0.30
2025-03-02T06:00,2.0,51,0.10
2025-03-02T07:00,2.2,51,0.10
2025-03-02T08:00,1.8,73,0.30
2025-03-02T09:00,1.5,73,0.30
2025-03-02T10:00,1.5,73,0.20
2025-03-02T11:00,1.7,71,0.20
2025-03-02T12:00,1.8,71,0.30
2025-03-02T13:00,2.6,51,0.20
2025-03-02T14:00,3.0,51,0.20
2025-03-02T15:00,2.8,73,0.70
2025-03-02T16:00,2.7,73,1.00
2025-03-02T17:00,3.0,53,0.90
2025-03-02T18:00,3.1,51,0.40
2025-03-02T19:00,3.0,53,0.50
2025-03-02T20:00,2.9,73,1.50
2025-03-02T21:00,3.1,55,1.00
2025-03-02T22:00,3.3,73,1.30
2025-03-02T23:00,3.4,53,0.60
2025-03-03T00:00,3.6,53,0.60
2025-03-03T01:00,3.7,53,0.80
2025-03-03T02:00,4.1,51,0.10
2025-03-03T03:00,4.6,53,0.60
2025-03-03T04:00,4.5,53,0.70
2025-03-03T05:00,4.5,61,1.90
2025-03-03T06:00,4.7,51,0.30
2025-03-03T07:00,4.9,3,0.00
2025-03-03T08:00,5.1,3,0.00
2025-03-03T09:00,5.1,3,0.00
2025-03-03T10:00,5.6,53,0.50
2025-03-03T11:00,6.2,51,0.20
2025-03-03T12:00,7.1,51,0.10
2025-03-03T13:00,7.8,51,0.20
2025-03-03T14:00,8.4,51,0.10
2025-03-03T15:00,9.2,53,0.50
2025-03-03T16:00,10.4,53,0.60
2025-03-03T17:00,10.6,55,1.10
2025-03-03T18:00,9.8,55,1.10
2025-03-03T19:00,8.7,53,0.70
2025-03-03T20:00,8.0,53,0.60
2025-03-03T21:00,7.6,55,1.00
2025-03-03T22:00,7.4,53,0.60
2025-03-03T23:00,7.2,53,0.70
2025-03-04T00:00,6.9,61,1.50
2025-03-04T01:00,6.9,51,0.20
2025-03-04T02:00,6.7,51,0.20
2025-03-04T03:00,7.2,61,1.40
2025-03-04T04:00,7.2,55,1.00
2025-03-04T05:00,7.1,53,0.60
2025-03-04T06:00,6.9,51,0.30
2025-03-04T07:00,6.8,51,0.40
2025-03-04T08:00,6.9,3,0.00
2025-03-04T09:00,7.0,3,0.00
2025-03-04T10:00,7.9,3,0.00
2025-03-04T11:00,8.8,3,0.00
2025-03-04T12:00,10.7,1,0.00
2025-03-04T13:00,12.1,3,0.00
2025-03-04T14:00,12.2,3,0.00
2025-03-04T15:00,12.9,51,0.10
2025-03-04T16:00,13.1,51,0.10
2025-03-04T17:00,13.0,53,0.70
2025-03-04T18:00,11.2,55,1.10
2025-03-04T19:00,10.8,51,0.10
2025-03-04T20:00,9.6,51,0.20
2025-03-04T21:00,8.9,51,0.20
2025-03-04T22:00,8.4,2,0.00
2025-03-04T23:00,8.2,51,0.10
2025-03-05T00:00,8.3,3,0.00
2025-03-05T01:00,7.8,3,0.00
2025-03-05T02:00,7.6,3,0.00
2025-03-05T03:00,7.7,61,2.40
2025-03-05T04:00,7.8,51,0.30
2025-03-05T05:00,7.9,51,0.10
2025-03-05T06:00,7.1,2,0.00
2025-03-05T07:00,6.9,3,0.00
2025-03-05T08:00,7.1,2,0.00
2025-03-05T09:00,7.3,2,0.00
2025-03-05T10:00,8.3,2,0.00
2025-03-05T11:00,9.7,3,0.00
2025-03-05T12:00,10.9,3,0.00
2025-03-05T13:00,11.3,51,0.10
2025-03-05T14:00,11.7,51,0.10
2025-03-05T15:00,12.6,51,0.10
2025-03-05T16:00,13.8,51,0.10
2025-03-05T17:00,11.5,61,1.40
2025-03-05T18:00,11.5,3,0.00
2025-03-05T19:00,10.8,3,0.00
2025-03-05T20:00,10.0,51,0.10
2025-03-05T21:00,10.0,51,0.40
2025-03-05T22:00,9.4,51,0.40
2025-03-05T23:00,9.3,3,0.00
2025-03-06T00:00,9.2,3,0.00
2025-03-06T01:00,8.3,55,1.10
2025-03-06T02:00,8.0,55,1.20
2025-03-06T03:00,8.5,53,0.60
2025-03-06T04:00,8.3,53,0.90
2025-03-06T05:00,8.0,53,0.90
2025-03-06T06:00,7.9,53,0.60
2025-03-06T07:00,7.9,55,1.00
2025-03-06T08:00,8.0,53,0.50
2025-03-06T09:00,8.3,51,0.20
2025-03-06T10:00,8.8,51,0.10
2025-03-06T11:00,9.3,3,0.00
2025-03-06T12:00,10.8,51,0.10
2025-03-06T13:00,10.9,51,0.10
2025-03-06T14:00,11.5,51,0.20
2025-03-06T15:00,10.8,51,0.40
2025-03-06T16:00,12.5,51,0.40
2025-03-06T17:00,12.1,53,0.50
2025-03-06T18:00,10.8,61,1.80
2025-03-06T19:00,10.0,63,2.50
2025-03-06T20:00,9.4,61,1.40
2025-03-06T21:00,9.3,53,0.80
2025-03-06T22:00,9.1,51,0.10
2025-03-06T23:00,9.2,53,0.60
2025-03-07T00:00,8.8,51,0.40
2025-03-07T01:00,8.6,51,0.10
2025-03-07T02:00,8.8,51,0.10
2025-03-07T03:00,8.4,3,0.00
2025-03-07T04:00,8.2,3,0.00
2025-03-07T05:00,8.3,51,0.10
2025-03-07T06:00,8.0,51,0.10
2025-03-07T07:00,7.9,3,0.00
2025-03-07T08:00,7.6,3,0.00
2025-03-07T09:00,7.5,3,0.00
2025-03-07T10:00,7.9,51,0.20
2025-03-07T11:00,8.6,51,0.10
2025-03-07T12:00,9.8,51,0.10
2025-03-07T13:00,10.9,51,0.30
2025-03-07T14:00,11.7,51,0.40
2025-03-07T15:00,11.1,51,0.40
2025-03-07T16:00,13.3,51,0.20
2025-03-07T17:00,10.9,63,2.90
2025-03-07T18:00,10.1,61,1.50
2025-03-07T19:00,10.1,53,0.50
2025-03-07T20:00,9.6,53,0.90
2025-03-07T21:00,8.9,51,0.20
2025-03-07T22:00,8.6,51,0.20
2025-03-07T23:00,9.1,3,0.00
2025-03-08T00:00,9.1,3,0.00
2025-03-08T01:00,8.8,51,0.40
2025-03-08T02:00,8.4,61,1.30
2025-03-08T03:00,8.3,63,3.30
2025-03-08T04:00,8.4,53,0.70
2025-03-08T05:00,8.4,51,0.10
2025-03-08T06:00,8.4,3,0.00
2025-03-08T07:00,8.0,2,0.00
2025-03-08T08:00,7.9,51,0.10
2025-03-08T09:00,8.3,3,0.00
2025-03-08T10:00,8.1,63,2.90
2025-03-08T11:00,9.0,3,0.00
2025-03-08T12:00,10.2,51,0.40
2025-03-08T13:00,9.9,51,0.40
2025-03-08T14:00,11.3,53,0.50
2025-03-08T15:00,9.9,55,1.10
2025-03-08T16:00,9.4,53,0.60
2025-03-08T17:00,8.5,55,1.20
2025-03-08T18:00,8.1,53,0.70
2025-03-08T19:00,7.6,51,0.10
2025-03-08T20:00,7.3,2,0.00
2025-03-08T21:00,6.6,53,0.70
2025-03-08T22:00,6.0,61,2.00
2025-03-08T23:00,5.3,51,0.20
2025-03-09T00:00,5.5,51,0.10
2025-03-09T01:00,5.3,51,0.40
2025-03-09T02:00,5.1,51,0.20
2025-03-09T03:00,4.7,51,0.20
2025-03-09T04:00,3.8,3,0.00
2025-03-09T05:00,3.6,2,0.00
2025-03-09T06:00,3.6,3,0.00
2025-03-09T07:00,3.6,3,0.00
2025-03-09T08:00,3.7,51,0.10
2025-03-09T09:00,3.6,51,0.30
2025-03-09T10:00,4.1,51,0.20
2025-03-09T11:00,4.6,51,0.30
2025-03-09T12:00,6.0,51,0.10
2025-03-09T13:00,5.5,71,0.90
2025-03-09T14:00,7.1,51,0.10
2025-03-09T15:00,7.6,71,1.10
2025-03-09T16:00,8.7,51,0.10
2025-03-09T17:00,8.0,51,0.10
2025-03-09T18:00,8.8,51,0.10
2025-03-09T19:00,7.7,3,0.00
2025-03-09T20:00,6.9,3,0.00
2025-03-09T21:00,5.3,51,0.20
2025-03-09T22:00,4.5,51,0.10
2025-03-09T23:00,4.5,51,0.10
2025-03-10T00:00,4.2,3,0.00
2025-03-10T01:00,4.2,3,0.00
2025-03-10T02:00,4.6,3,0.00
2025-03-10T03:00,4.5,3,0.00
2025-03-10T04:00,4.4,3,0.00
2025-03-10T05:00,4.5,3,0.00
2025-03-10T06:00,4.2,3,0.00
2025-03-10T07:00,4.3,3,0.00
2025-03-10T08:00,4.4,3,0.00
2025-03-10T09:00,4.4,3,0.00
2025-03-10T10:00,5.0,3,0.00
2025-03-10T11:00,5.7,3,0.00
2025-03-10T12:00,6.3,51,0.10
2025-03-10T13:00,8.2,51,0.10
2025-03-10T14:00,8.9,51,0.40
2025-03-10T15:00,9.9,51,0.20
2025-03-10T16:00,10.5,51,0.20
2025-03-10T17:00,10.8,3,0.00
2025-03-10T18:00,10.7,3,0.00
2025-03-10T19:00,9.9,51,0.30
2025-03-10T20:00,7.7,61,1.40
2025-03-10T21:00,7.5,63,3.10
2025-03-10T22:00,7.3,63,4.10
2025-03-10T23:00,7.9,55,1.10
2025-03-11T00:00,7.2,51,0.10
2025-03-11T01:00,7.1,3,0.00
2025-03-11T02:00,6.9,51,0.10
2025-03-11T03:00,6.6,51,0.40
2025-03-11T04:00,6.4,53,0.50
2025-03-11T05:00,6.6,51,0.10
2025-03-11T06:00,6.5,51,0.10
2025-03-11T07:00,6.3,51,0.10
2025-03-11T08:00,6.4,51,0.30
2025-03-11T09:00,6.7,51,0.40
2025-03-11T10:00,7.3,51,0.10
2025-03-11T11:00,7.8,51,0.20
2025-03-11T12:00,7.7,53,0.90
2025-03-11T13:00,9.8,51,0.10
2025-03-11T14:00,10.5,51,0.10
2025-03-11T15:00,9.0,51,0.30
2025-03-11T16:00,10.4,51,0.20
2025-03-11T17:00,11.4,51,0.20
2025-03-11T18:00,9.4,51,0.10
2025-03-11T19:00,9.4,3,0.00
2025-03-11T20:00,8.6,3,0.00
2025-03-11T21:00,7.8,3,0.00
2025-03-11T22:00,7.5,2,0.00
2025-03-11T23:00,7.0,1,0.00
2025-03-12T00:00,6.7,1,0.00
2025-03-12T01:00,6.9,1,0.00
2025-03-12T02:00,7.2,1,0.00
2025-03-12T03:00,7.1,1,0.00
2025-03-12T04:00,6.7,0,0.00
2025-03-12T05:00,6.1,0,0.00
2025-03-12T06:00,5.2,0,0.00
2025-03-12T07:00,4.8,1,0.00
2025-03-12T08:00,5.2,0,0.00
2025-03-12T09:00,5.3,0,0.00
2025-03-12T10:00,6.7,0,0.00
2025-03-12T11:00,8.4,0,0.00
2025-03-12T12:00,9.6,1,0.00
2025-03-12T13:00,10.2,3,0.00
2025-03-12T14:00,10.8,3,0.00
2025-03-12T15:00,11.4,51,0.10
2025-03-12T16:00,11.6,51,0.10
2025-03-12T17:00,12.4,3,0.00
2025-03-12T18:00,11.1,3,0.00
2025-03-12T19:00,10.0,3,0.00
2025-03-12T20:00,8.9,3,0.00
2025-03-12T21:00,8.0,3,0.00
2025-03-12T22:00,7.3,3,0.00
2025-03-12T23:00,6.9,3,0.00
2025-03-13T00:00,6.5,3,0.00
2025-03-13T01:00,6.0,3,0.00
2025-03-13T02:00,6.1,3,0.00
2025-03-13T03:00,6.1,3,0.00
2025-03-13T04:00,5.7,0,0.00
2025-03-13T05:00,5.2,1,0.00
2025-03-13T06:00,4.9,1,0.00
2025-03-13T07:00,5.3,3,0.00
2025-03-13T08:00,4.8,3,0.00
2025-03-13T09:00,5.3,3,0.00
2025-03-13T10:00,6.1,3,0.00
2025-03-13T11:00,6.8,51,0.10
2025-03-13T12:00,7.9,3,0.00
2025-03-13T13:00,8.5,51,0.10
2025-03-13T14:00,7.9,51,0.20
2025-03-13T15:00,10.8,51,0.10
2025-03-13T16:00,10.9,51,0.10
2025-03-13T17:00,11.2,3,0.00
2025-03-13T18:00,9.3,51,0.10
2025-03-13T19:00,7.8,61,1.50
2025-03-13T20:00,6.9,53,0.60
2025-03-13T21:00,6.4,53,0.60
2025-03-13T22:00,5.3,53,0.90
2025-03-13T23:00,5.0,53,0.70
2025-03-14T00:00,4.8,51,0.40
2025-03-14T01:00,4.5,51,0.30
2025-03-14T02:00,4.3,51,0.20
2025-03-14T03:00,3.8,3,0.00
2025-03-14T04:00,3.9,3,0.00
2025-03-14T05:00,3.9,3,0.00
2025-03-14T06:00,3.6,3,0.00
2025-03-14T07:00,3.6,3,0.00
2025-03-14T08:00,3.4,3,0.00
2025-03-14T09:00,3.8,3,0.00
2025-03-14T10:00,4.7,3,0.00
2025-03-14T11:00,5.8,3,0.00
2025-03-14T12:00,6.8,3,0.00
2025-03-14T13:00,7.7,3,0.00
2025-03-14T14:00,8.6,3,0.00
2025-03-14T15:00,8.8,3,0.00
2025-03-14T16:00,9.0,2,0.00
2025-03-14T17:00,9.2,3,0.00
2025-03-14T18:00,9.4,3,0.00
2025-03-14T19:00,9.0,3,0.00
2025-03-14T20:00,7.8,3,0.00
2025-03-14T21:00,6.4,2,0.00
2025-03-14T22:00,5.5,0,0.00
2025-03-14T23:00,4.6,0,0.00
2025-03-15T00:00,3.9,1,0.00
2025-03-15T01:00,3.1,0,0.00
2025-03-15T02:00,2.3,0,0.00
2025-03-15T03:00,1.0,0,0.00
2025-03-15T04:00,0.2,0,0.00
2025-03-15T05:00,-0.5,0,0.00
2025-03-15T06:00,-1.0,0,0.00
2025-03-15T07:00,-1.5,0,0.00
2025-03-15T08:00,-1.9,0,0.00
2025-03-15T09:00,-1.5,0,0.00
2025-03-15T10:00,1.4,0,0.00
2025-03-15T11:00,4.1,0,0.00
2025-03-15T12:00,6.4,0,0.00
2025-03-15T13:00,8.2,1,0.00
2025-03-15T14:00,8.7,2,0.00
2025-03-15T15:00,8.3,3,0.00
2025-03-15T16:00,8.5,3,0.00
2025-03-15T17:00,9.2,3,0.00
2025-03-15T18:00,9.2,3,0.00
2025-03-15T19:00,8.7,2,0.00
2025-03-15T20:00,6.9,2,0.00
2025-03-15T21:00,5.8,2,0.00
2025-03-15T22:00,4.9,0,0.00
2025-03-15T23:00,3.6,1,0.00
2025-03-16T00:00,3.0,0,0.00
2025-03-16T01:00,2.3,3,0.00
2025-03-16T02:00,2.0,1,0.00
2025-03-16T03:00,2.1,75,0.70
2025-03-16T04:00,2.3,3,0.00
2025-03-16T05:00,1.0,3,0.00
2025-03-16T06:00,1.7,51,0.20
2025-03-16T07:00,1.8,71,1.20
2025-03-16T08:00,1.8,73,1.20
2025-03-16T09:00,1.3,73,0.60
2025-03-16T10:00,1.6,51,0.20
2025-03-16T11:00,2.2,51,0.10
2025-03-16T12:00,3.0,51,0.10
2025-03-16T13:00,4.2,3,0.00
2025-03-16T14:00,5.9,3,0.00
2025-03-16T15:00,7.5,71,1.20
2025-03-16T16:00,8.1,51,0.20
2025-03-16T17:00,10.1,51,0.10
2025-03-16T18:00,10.0,1,0.00
2025-03-16T19:00,8.6,0,0.00
2025-03-16T20:00,6.8,0,0.00
2025-03-16T21:00,5.0,0,0.00
2025-03-16T22:00,4.1,3,0.00
2025-03-16T23:00,4.2,3,0.00
2025-03-17T00:00,3.9,3,0.00
2025-03-17T01:00,3.3,3,0.00
2025-03-17T02:00,3.1,3,0.00
2025-03-17T03:00,3.7,3,0.00
2025-03-17T04:00,3.4,3,0.00
2025-03-17T05:00,3.4,3,0.00
2025-03-17T06:00,3.4,3,0.00
2025-03-17T07:00,3.4,51,0.10
2025-03-17T08:00,3.2,3,0.00
2025-03-17T09:00,3.2,51,0.10
2025-03-17T10:00,3.6,3,0.00
2025-03-17T11:00,4.2,51,0.10
2025-03-17T12:00,4.6,51,0.10
2025-03-17T13:00,5.5,51,0.10
2025-03-17T14:00,5.8,3,0.00
2025-03-17T15:00,6.5,3,0.00
2025-03-17T16:00,7.1,3,0.00
2025-03-17T17:00,7.8,3,0.00
2025-03-17T18:00,9.0,51,0.10
2025-03-17T19:00,8.1,51,0.30
2025-03-17T20:00,6.6,61,1.60
2025-03-17T21:00,5.9,63,4.20
2025-03-17T22:00,6.3,53,0.80
2025-03-17T23:00,6.8,61,1.60
2025-03-18T00:00,7.3,61,1.40
2025-03-18T01:00,7.0,53,0.60
2025-03-18T02:00,6.6,53,0.50
2025-03-18T03:00,6.8,53,0.50
2025-03-18T04:00,6.5,55,1.10
2025-03-18T05:00,6.3,61,2.20
2025-03-18T06:00,6.2,63,3.40
2025-03-18T07:00,6.2,51,0.40
2025-03-18T08:00,6.3,53,0.80
2025-03-18T09:00,6.2,61,1.60
2025-03-18T10:00,6.3,61,1.80
2025-03-18T11:00,6.6,61,2.30
2025-03-18T12:00,7.1,63,2.50
2025-03-18T13:00,7.7,63,3.30
2025-03-18T14:00,8.2,63,3.90
2025-03-18T15:00,8.8,61,2.00
2025-03-18T16:00,9.4,61,1.60
2025-03-18T17:00,10.9,53,0.90
2025-03-18T18:00,11.4,51,0.10
2025-03-18T19:00,11.1,51,0.30
2025-03-18T20:00,9.9,1,0.00
2025-03-18T21:00,8.5,51,0.30
2025-03-18T22:00,8.5,51,0.40
2025-03-18T23:00,7.7,2,0.00
2025-03-19T00:00,7.2,3,0.00
2025-03-19T01:00,6.9,51,0.10
2025-03-19T02:00,6.4,51,0.40
2025-03-19T03:00,7.1,53,0.80
2025-03-19T04:00,7.2,3,0.00
2025-03-19T05:00,6.8,3,0.00
2025-03-19T06:00,6.6,51,0.30
2025-03-19T07:00,6.5,55,1.20
2025-03-19T08:00,6.3,63,2.80
2025-03-19T09:00,6.6,55,1.00
2025-03-19T10:00,7.7,3,0.00
2025-03-19T11:00,9.3,3,0.00
2025-03-19T12:00,10.9,3,0.00
2025-03-19T13:00,12.9,51,0.20
2025-03-19T14:00,14.5,51,0.10
2025-03-19T15:00,14.2,51,0.10
2025-03-19T16:00,15.5,3,0.00
2025-03-19T17:00,15.5,2,0.00
2025-03-19T18:00,15.8,3,0.00
2025-03-19T19:00,15.6,2,0.00
2025-03-19T20:00,13.8,3,0.00
2025-03-19T21:00,12.4,2,0.00
2025-03-19T22:00,12.0,3,0.00
2025-03-19T23:00,11.4,1,0.00
2025-03-20T00:00,10.6,3,0.00
2025-03-20T01:00,10.1,3,0.00
2025-03-20T02:00,9.5,3,0.00
2025-03-20T03:00,9.6,3,0.00
2025-03-20T04:00,9.2,3,0.00
2025-03-20T05:00,8.9,3,0.00
2025-03-20T06:00,9.4,3,0.00
2025-03-20T07:00,9.4,3,0.00
2025-03-20T08:00,8.7,55,1.20
2025-03-20T09:00,8.6,3,0.00
2025-03-20T10:00,10.2,3,0.00
2025-03-20T11:00,10.9,51,0.10
2025-03-20T12:00,10.2,53,0.90
2025-03-20T13:00,10.8,53,0.60
2025-03-20T14:00,12.2,51,0.20
2025-03-20T15:00,11.8,3,0.00
2025-03-20T16:00,14.1,51,0.10
2025-03-20T17:00,14.8,51,0.10
2025-03-20T18:00,14.6,3,0.00
2025-03-20T19:00,13.4,61,1.60
2025-03-20T20:00,12.0,61,1.70
2025-03-20T21:00,11.1,55,1.10
2025-03-20T22:00,10.0,61,2.10
2025-03-20T23:00,9.8,61,1.70
2025-03-21T00:00,10.0,63,2.70
2025-03-21T01:00,9.7,53,0.90
2025-03-21T02:00,10.1,51,0.10
2025-03-21T03:00,9.0,55,1.00
2025-03-21T04:00,9.0,51,0.10
2025-03-21T05:00,8.8,53,0.50
2025-03-21T06:00,8.8,61,2.20
2025-03-21T07:00,8.1,63,2.80
2025-03-21T08:00,7.4,2,0.00
2025-03-21T09:00,7.1,51,0.20
2025-03-21T10:00,7.1,3,0.00
2025-03-21T11:00,8.3,51,0.20
2025-03-21T12:00,8.5,51,0.30
2025-03-21T13:00,9.8,53,0.50
2025-03-21T14:00,9.2,51,0.40
2025-03-21T15:00,10.2,51,0.40
2025-03-21T16:00,10.1,53,0.70
2025-03-21T17:00,9.1,61,2.10
2025-03-21T18:00,8.6,61,2.20
2025-03-21T19:00,9.1,53,0.60
2025-03-21T20:00,9.2,51,0.20
2025-03-21T21:00,8.5,51,0.40
2025-03-21T22:00,8.5,53,0.60
2025-03-21T23:00,8.5,53,0.90
2025-03-22T00:00,8.3,55,1.00
2025-03-22T01:00,7.0,55,1.10
2025-03-22T02:00,6.5,51,0.40
2025-03-22T03:00,5.8,2,0.00
2025-03-22T04:00,5.3,3,0.00
2025-03-22T05:00,4.7,3,0.00
2025-03-22T06:00,4.4,51,0.10
2025-03-22T07:00,4.3,51,0.20
2025-03-22T08:00,4.3,51,0.10
2025-03-22T09:00,4.5,51,0.10
2025-03-22T10:00,4.6,53,0.60
2025-03-22T11:00,5.0,51,0.20
2025-03-22T12:00,5.6,51,0.20
2025-03-22T13:00,6.5,51,0.10
2025-03-22T14:00,7.2,51,0.10
2025-03-22T15:00,8.1,51,0.40
2025-03-22T16:00,9.1,55,1.10
2025-03-22T17:00,8.8,61,1.90
2025-03-22T18:00,9.3,51,0.10
2025-03-22T19:00,8.7,3,0.00
2025-03-22T20:00,6.7,55,1.00
2025-03-22T21:00,6.3,51,0.20
2025-03-22T22:00,5.7,51,0.10
2025-03-22T23:00,5.6,3,0.00
2025-03-23T00:00,5.2,51,0.20
2025-03-23T01:00,4.5,53,0.60
2025-03-23T02:00,4.3,51,0.40
2025-03-23T03:00,4.1,53,0.60
2025-03-23T04:00,4.0,53,0.60
2025-03-23T05:00,4.0,51,0.30
2025-03-23T06:00,3.6,3,0.00
2025-03-23T07:00,3.1,3,0.00
2025-03-23T08:00,2.6,3,0.00
2025-03-23T09:00,3.2,2,0.00
2025-03-23T10:00,4.7,1,0.00
2025-03-23T11:00,6.2,0,0.00
2025-03-23T12:00,7.6,1,0.00
2025-03-23T13:00,8.4,2,0.00
2025-03-23T14:00,9.4,51,0.10
2025-03-23T15:00,10.8,51,0.10
2025-03-23T16:00,11.2,2,0.00
2025-03-23T17:00,11.1,2,0.00
2025-03-23T18:00,10.6,1,0.00
2025-03-23T19:00,10.2,1,0.00
2025-03-23T20:00,8.6,0,0.00
2025-03-23T21:00,6.5,0,0.00
2025-03-23T22:00,5.8,0,0.00
2025-03-23T23:00,5.1,0,0.00
2025-03-24T00:00,4.5,0,0.00
2025-03-24T01:00,3.9,0,0.00
2025-03-24T02:00,3.5,0,0.00
2025-03-24T03:00,4.6,1,0.00
2025-03-24T04:00,3.9,0,0.00
2025-03-24T05:00,3.4,0,0.00
2025-03-24T06:00,3.0,3,0.00
2025-03-24T07:00,3.1,3,0.00
2025-03-24T08:00,3.8,3,0.00
2025-03-24T09:00,5.4,3,0.00
2025-03-24T10:00,6.5,3,0.00
2025-03-24T11:00,5.9,71,0.80
2025-03-24T12:00,7.0,3,0.00
2025-03-24T13:00,9.2,1,0.00
2025-03-24T14:00,11.0,3,0.00
2025-03-24T15:00,12.9,1,0.00
2025-03-24T16:00,13.5,3,0.00
2025-03-24T17:00,13.1,3,0.00
2025-03-24T18:00,12.0,61,1.30
2025-03-24T19:00,11.1,53,0.90
2025-03-24T20:00,9.8,51,0.10
2025-03-24T21:00,7.5,3,0.00
2025-03-24T22:00,7.1,51,0.30
2025-03-24T23:00,6.1,51,0.20
2025-03-25T00:00,5.9,2,0.00
2025-03-25T01:00,5.5,51,0.20
2025-03-25T02:00,5.2,1,0.00
2025-03-25T03:00,4.6,3,0.00
2025-03-25T04:00,4.7,3,0.00
2025-03-25T05:00,4.6,3,0.00
2025-03-25T06:00,4.1,0,0.00
2025-03-25T07:00,2.9,3,0.00
2025-03-25T08:00,2.3,3,0.00
2025-03-25T09:00,2.9,3,0.00
2025-03-25T10:00,6.2,1,0.00
2025-03-25T11:00,8.4,0,0.00
2025-03-25T12:00,10.5,0,0.00
2025-03-25T13:00,12.1,3,0.00
2025-03-25T14:00,12.6,3,0.00
2025-03-25T15:00,13.7,51,0.10
2025-03-25T16:00,14.3,51,0.10
2025-03-25T17:00,14.7,1,0.00
2025-03-25T18:00,14.8,1,0.00
2025-03-25T19:00,14.4,1,0.00
2025-03-25T20:00,12.8,1,0.00
2025-03-25T21:00,10.4,0,0.00
2025-03-25T22:00,8.6,0,0.00
2025-03-25T23:00,6.9,0,0.00
2025-03-26T00:00,5.7,1,0.00
2025-03-26T01:00,5.7,1,0.00
2025-03-26T02:00,5.6,0,0.00
2025-03-26T03:00,5.8,0,0.00
2025-03-26T04:00,4.7,0,0.00
2025-03-26T05:00,4.0,0,0.00
2025-03-26T06:00,3.4,0,0.00
2025-03-26T07:00,2.8,0,0.00
2025-03-26T08:00,2.1,0,0.00
2025-03-26T09:00,2.9,0,0.00
2025-03-26T10:00,5.7,0,0.00
2025-03-26T11:00,8.3,0,0.00
2025-03-26T12:00,10.4,0,0.00
2025-03-26T13:00,11.9,0,0.00
2025-03-26T14:00,13.6,2,0.00
2025-03-26T15:00,15.1,2,0.00
2025-03-26T16:00,15.0,3,0.00
2025-03-26T17:00,14.8,3,0.00
2025-03-26T18:00,14.2,2,0.00
2025-03-26T19:00,13.4,2,0.00
2025-03-26T20:00,11.9,1,0.00
2025-03-26T21:00,10.0,0,0.00
2025-03-26T22:00,8.7,0,0.00
2025-03-26T23:00,7.3,0,0.00
2025-03-27T00:00,6.3,0,0.00
2025-03-27T01:00,5.2,0,0.00
2025-03-27T02:00,4.3,0,0.00
2025-03-27T03:00,4.6,0,0.00
2025-03-27T04:00,3.6,0,0.00
2025-03-27T05:00,3.2,0,0.00
2025-03-27T06:00,2.8,0,0.00
2025-03-27T07:00,2.3,0,0.00
2025-03-27T08:00,1.7,0,0.00
2025-03-27T09:00,2.5,0,0.00
2025-03-27T10:00,5.0,0,0.00
2025-03-27T11:00,7.6,0,0.00
2025-03-27T12:00,9.7,0,0.00
2025-03-27T13:00,11.2,0,0.00
2025-03-27T14:00,12.4,0,0.00
2025-03-27T15:00,13.3,2,0.00
2025-03-27T16:00,13.4,1,0.00
2025-03-27T17:00,13.8,0,0.00
2025-03-27T18:00,13.9,1,0.00
2025-03-27T19:00,13.6,1,0.00
2025-03-27T20:00,12.4,1,0.00
2025-03-27T21:00,10.8,0,0.00
2025-03-27T22:00,9.3,2,0.00
2025-03-27T23:00,8.0,3,0.00
2025-03-28T00:00,6.8,0,0.00
2025-03-28T01:00,5.7,1,0.00
2025-03-28T02:00,4.9,1,0.00
2025-03-28T03:00,5.7,0,0.00
2025-03-28T04:00,5.5,0,0.00
2025-03-28T05:00,4.4,1,0.00
2025-03-28T06:00,3.6,0,0.00
2025-03-28T07:00,2.9,0,0.00
2025-03-28T08:00,2.1,0,0.00
2025-03-28T09:00,2.7,0,0.00
2025-03-28T10:00,5.5,0,0.00
2025-03-28T11:00,8.5,0,0.00
2025-03-28T12:00,10.7,0,0.00
2025-03-28T13:00,12.5,0,0.00
2025-03-28T14:00,14.1,0,0.00
2025-03-28T15:00,16.2,1,0.00
2025-03-28T16:00,16.9,2,0.00
2025-03-28T17:00,17.0,2,0.00
2025-03-28T18:00,16.6,3,0.00
2025-03-28T19:00,15.4,2,0.00
2025-03-28T20:00,13.6,0,0.00
2025-03-28T21:00,11.3,1,0.00
2025-03-28T22:00,10.0,0,0.00
2025-03-28T23:00,8.4,0,0.00
2025-03-29T00:00,7.5,0,0.00
2025-03-29T01:00,6.3,0,0.00
2025-03-29T02:00,5.2,0,0.00
2025-03-29T03:00,6.1,0,0.00
2025-03-29T04:00,5.4,0,0.00
2025-03-29T05:00,4.4,1,0.00
2025-03-29T06:00,4.2,2,0.00
2025-03-29T07:00,3.7,1,0.00
2025-03-29T08:00,2.9,1,0.00
2025-03-29T09:00,3.3,0,0.00
2025-03-29T10:00,6.8,0,0.00
2025-03-29T11:00,9.1,0,0.00
2025-03-29T12:00,11.2,0,0.00
2025-03-29T13:00,12.9,0,0.00
2025-03-29T14:00,14.3,0,0.00
2025-03-29T15:00,16.4,0,0.00
2025-03-29T16:00,17.1,0,0.00
2025-03-29T17:00,17.1,0,0.00
2025-03-29T18:00,16.6,0,0.00
2025-03-29T19:00,15.4,0,0.00
2025-03-29T20:00,13.0,0,0.00
2025-03-29T21:00,10.5,0,0.00
2025-03-29T22:00,9.0,0,0.00
2025-03-29T23:00,7.6,0,0.00
2025-03-30T00:00,6.4,0,0.00
2025-03-30T01:00,5.1,2,0.00
2025-03-30T02:00,4.6,1,0.00
2025-03-30T03:00,4.8,1,0.00
2025-03-30T04:00,4.0,0,0.00
2025-03-30T05:00,3.2,0,0.00
2025-03-30T06:00,2.2,0,0.00
2025-03-30T07:00,2.0,0,0.00
2025-03-30T08:00,1.5,0,0.00
2025-03-30T09:00,1.7,0,0.00
2025-03-30T10:00,3.8,0,0.00
2025-03-30T11:00,6.7,0,0.00
2025-03-30T12:00,9.7,0,0.00
2025-03-30T13:00,12.1,0,0.00
2025-03-30T14:00,14.2,0,0.00
2025-03-30T15:00,16.5,0,0.00
2025-03-30T16:00,17.7,0,0.00
2025-03-30T17:00,18.5,0,0.00
2025-03-30T18:00,18.3,0,0.00
2025-03-30T19:00,17.8,0,0.00
2025-03-30T20:00,15.5,0,0.00
2025-03-30T21:00,12.2,0,0.00
2025-03-30T22:00,10.9,0,0.00
2025-03-30T23:00,10.8,0,0.00
2025-03-31T00:00,9.9,0,0.00
2025-03-31T01:00,9.0,0,0.00
2025-03-31T02:00,8.1,0,0.00
2025-03-31T03:00,8.3,0,0.00
2025-03-31T04:00,7.9,0,0.00
2025-03-31T05:00,7.5,0,0.00
2025-03-31T06:00,7.3,0,0.00
2025-03-31T07:00,7.0,0,0.00
2025-03-31T08:00,6.4,0,0.00
2025-03-31T09:00,6.9,0,0.00
2025-03-31T10:00,9.4,0,0.00
2025-03-31T11:00,12.2,0,0.00
2025-03-31T12:00,14.9,0,0.00
2025-03-31T13:00,17.1,0,0.00
2025-03-31T14:00,18.8,0,0.00
2025-03-31T15:00,21.2,0,0.00
2025-03-31T16:00,21.9,0,0.00
2025-03-31T17:00,21.9,0,0.00
2025-03-31T18:00,21.4,0,0.00
2025-03-31T19:00,20.3,0,0.00
2025-03-31T20:00,17.9,0,0.00
2025-03-31T21:00,15.9,0,0.00
2025-03-31T22:00,14.8,0,0.00
2025-03-31T23:00,12.9,0,0.00
2025-04-01T00:00,11.3,1,0.00
2025-04-01T01:00,10.0,3,0.00
2025-04-01T02:00,9.0,3,0.00
2025-04-01T03:00,9.6,3,0.00
2025-04-01T04:00,8.7,3,0.00
2025-04-01T05:00,8.2,3,0.00
2025-04-01T06:00,7.9,3,0.00
2025-04-01T07:00,7.2,3,0.00
2025-04-01T08:00,6.6,3,0.00
2025-04-01T09:00,7.7,3,0.00
2025-04-01T10:00,10.9,3,0.00
2025-04-01T11:00,14.2,3,0.00
2025-04-01T12:00,16.2,3,0.00
2025-04-01T13:00,17.9,3,0.00
2025-04-01T14:00,19.5,3,0.00
2025-04-01T15:00,21.0,3,0.00
2025-04-01T16:00,21.0,3,0.00
2025-04-01T17:00,20.6,3,0.00
2025-04-01T18:00,19.7,3,0.00
2025-04-01T19:00,18.1,3,0.00
2025-04-01T20:00,15.6,3,0.00
2025-04-01T21:00,13.8,3,0.00
2025-04-01T22:00,13.1,3,0.00
2025-04-01T23:00,12.5,3,0.00
2025-04-02T00:00,11.9,3,0.00
2025-04-02T01:00,11.1,3,0.00
2025-04-02T02:00,10.7,3,0.00
2025-04-02T03:00,10.0,3,0.00
2025-04-02T04:00,9.7,3,0.00
2025-04-02T05:00,9.0,3,0.00
2025-04-02T06:00,8.5,3,0.00
2025-04-02T07:00,8.0,1,0.00
2025-04-02T08:00,7.4,1,0.00
2025-04-02T09:00,8.2,3,0.00
2025-04-02T10:00,10.2,0,0.00
2025-04-02T11:00,12.6,0,0.00
2025-04-02T12:00,14.6,0,0.00
2025-04-02T13:00,16.5,1,0.00
2025-04-02T14:00,17.0,1,0.00
2025-04-02T15:00,17.1,51,0.10
2025-04-02T16:00,15.7,61,1.40
2025-04-02T17:00,17.3,3,0.00
2025-04-02T18:00,14.4,53,0.50
2025-04-02T19:00,15.4,3,0.00
2025-04-02T20:00,15.1,3,0.00
2025-04-02T21:00,13.1,3,0.00
2025-04-02T22:00,12.1,3,0.00
2025-04-02T23:00,11.3,3,0.00
2025-04-03T00:00,10.9,51,0.10
2025-04-03T01:00,10.5,55,1.10
2025-04-03T02:00,10.1,63,2.50
2025-04-03T03:00,9.9,63,2.70
2025-04-03T04:00,9.2,63,2.80
2025-04-03T05:00,9.0,61,2.20
2025-04-03T06:00,8.9,61,2.00
2025-04-03T07:00,8.5,63,3.30
2025-04-03T08:00,7.6,63,3.40
2025-04-03T09:00,7.6,61,2.20
2025-04-03T10:00,7.8,61,1.80
2025-04-03T11:00,8.3,61,2.20
2025-04-03T12:00,8.3,53,0.70
2025-04-03T13:00,8.4,51,0.40
2025-04-03T14:00,10.5,51,0.30
2025-04-03T15:00,9.4,61,1.80
2025-04-03T16:00,10.1,61,1.50
2025-04-03T17:00,9.9,51,0.40
2025-04-03T18:00,9.7,51,0.30
2025-04-03T19:00,9.4,53,0.50
2025-04-03T20:00,9.3,61,1.90
2025-04-03T21:00,9.1,51,0.10
2025-04-03T22:00,9.5,3,0.00
2025-04-03T23:00,9.7,3,0.00
2025-04-04T00:00,9.6,3,0.00
2025-04-04T01:00,9.3,3,0.00
2025-04-04T02:00,9.0,3,0.00
2025-04-04T03:00,9.5,3,0.00
2025-04-04T04:00,9.4,53,0.70
2025-04-04T05:00,9.4,63,2.70
2025-04-04T06:00,9.6,53,0.90
2025-04-04T07:00,9.2,1,0.00
2025-04-04T08:00,9.2,0,0.00
2025-04-04T09:00,9.9,2,0.00
2025-04-04T10:00,11.0,1,0.00
2025-04-04T11:00,12.5,2,0.00
2025-04-04T12:00,14.0,2,0.00
2025-04-04T13:00,15.4,3,0.00
2025-04-04T14:00,13.5,61,1.90
2025-04-04T15:00,14.3,51,0.10
2025-04-04T16:00,11.4,61,1.70
2025-04-04T17:00,11.7,53,0.70
2025-04-04T18:00,12.1,61,1.60
2025-04-04T19:00,11.4,63,2.60
2025-04-04T20:00,10.2,63,3.00
2025-04-04T21:00,9.8,51,0.20
2025-04-04T22:00,9.3,2,0.00
2025-04-04T23:00,8.8,3,0.00
2025-04-05T00:00,8.4,3,0.00
2025-04-05T01:00,8.1,3,0.00
2025-04-05T02:00,8.4,3,0.00
2025-04-05T03:00,8.8,3,0.00
2025-04-05T04:00,8.5,2,0.00
2025-04-05T05:00,7.9,3,0.00
2025-04-05T06:00,7.8,3,0.00
2025-04-05T07:00,8.0,3,0.00
2025-04-05T08:00,7.8,3,0.00
2025-04-05T09:00,8.2,2,0.00
2025-04-05T10:00,9.2,1,0.00
2025-04-05T11:00,10.8,2,0.00
2025-04-05T12:00,12.1,1,0.00
2025-04-05T13:00,13.3,1,0.00
2025-04-05T14:00,14.2,0,0.00
2025-04-05T15:00,14.8,51,0.10
2025-04-05T16:00,15.2,51,0.10
2025-04-05T17:00,15.6,3,0.00
2025-04-05T18:00,15.1,2,0.00
2025-04-05T19:00,14.4,0,0.00
2025-04-05T20:00,13.2,1,0.00
2025-04-05T21:00,11.5,0,0.00
2025-04-05T22:00,10.6,3,0.00
2025-04-05T23:00,9.8,3,0.00
2025-04-06T00:00,9.2,3,0.00
2025-04-06T01:00,8.8,3,0.00
2025-04-06T02:00,8.2,3,0.00
2025-04-06T03:00,9.6,3,0.00
2025-04-06T04:00,9.3,3,0.00
2025-04-06T05:00,9.0,3,0.00
2025-04-06T06:00,8.5,3,0.00
2025-04-06T07:00,8.1,3,0.00
2025-04-06T08:00,8.0,3,0.00
2025-04-06T09:00,9.0,3,0.00
2025-04-06T10:00,10.7,2,0.00
2025-04-06T11:00,12.5,3,0.00
2025-04-06T12:00,14.1,51,0.10
2025-04-06T13:00,15.2,51,0.20
2025-04-06T14:00,15.9,51,0.10
2025-04-06T15:00,16.5,1,0.00
2025-04-06T16:00,16.9,51,0.10
2025-04-06T17:00,17.2,1,0.00
2025-04-06T18:00,16.9,1,0.00
2025-04-06T19:00,16.7,1,0.00
2025-04-06T20:00,15.5,0,0.00
2025-04-06T21:00,13.7,0,0.00
2025-04-06T22:00,12.5,0,0.00
2025-04-06T23:00,11.8,0,0.00
2025-04-07T00:00,11.0,0,0.00
2025-04-07T01:00,9.8,0,0.00
2025-04-07T02:00,8.9,0,0.00
2025-04-07T03:00,8.3,0,0.00
2025-04-07T04:00,7.6,0,0.00
2025-04-07T05:00,7.2,0,0.00
2025-04-07T06:00,7.2,0,0.00
2025-04-07T07:00,6.6,0,0.00
2025-04-07T08:00,6.4,0,0.00
2025-04-07T09:00,8.1,0,0.00
2025-04-07T10:00,11.3,0,0.00
2025-04-07T11:00,14.1,0,0.00
2025-04-07T12:00,16.2,0,0.00
2025-04-07T13:00,17.8,0,0.00
2025-04-07T14:00,19.0,0,0.00
2025-04-07T15:00,20.3,0,0.00
2025-04-07T16:00,20.6,0,0.00
2025-04-07T17:00,20.6,0,0.00
2025-04-07T18:00,20.1,0,0.00
2025-04-07T19:00,19.4,0,0.00
2025-04-07T20:00,17.9,0,0.00
2025-04-07T21:00,15.5,0,0.00
2025-04-07T22:00,14.1,0,0.00
2025-04-07T23:00,13.2,0,0.00
2025-04-08T00:00,11.9,0,0.00
2025-04-08T01:00,10.9,0,0.00
2025-04-08T02:00,10.1,0,0.00
2025-04-08T03:00,9.7,0,0.00
2025-04-08T04:00,10.0,0,0.00
2025-04-08T05:00,9.5,0,0.00
2025-04-08T06:00,9.1,0,0.00
2025-04-08T07:00,8.8,0,0.00
2025-04-08T08:00,8.5,0,0.00
2025-04-08T09:00,9.9,0,0.00
2025-04-08T10:00,13.1,0,0.00
2025-04-08T11:00,15.9,0,0.00
2025-04-08T12:00,17.8,0,0.00
2025-04-08T13:00,19.4,0,0.00
2025-04-08T14:00,20.5,0,0.00
2025-04-08T15:00,21.8,0,0.00
2025-04-08T16:00,22.2,0,0.00
2025-04-08T17:00,22.4,0,0.00
2025-04-08T18:00,22.2,0,0.00
2025-04-08T19:00,21.7,0,0.00
2025-04-08T20:00,20.1,0,0.00
2025-04-08T21:00,17.3,0,0.00
2025-04-08T22:00,15.5,0,0.00
2025-04-08T23:00,14.0,0,0.00
2025-04-09T00:00,13.0,0,0.00
2025-04-09T01:00,12.1,0,0.00
2025-04-09T02:00,11.5,0,0.00
2025-04-09T03:00,11.9,0,0.00
2025-04-09T04:00,11.2,0,0.00
2025-04-09T05:00,10.5,1,0.00
2025-04-09T06:00,10.3,1,0.00
2025-04-09T07:00,10.2,1,0.00
2025-04-09T08:00,9.5,0,0.00
2025-04-09T09:00,10.3,1,0.00
2025-04-09T10:00,13.0,0,0.00
2025-04-09T11:00,15.7,2,0.00
2025-04-09T12:00,17.3,3,0.00
2025-04-09T13:00,18.6,3,0.00
2025-04-09T14:00,19.9,3,0.00
2025-04-09T15:00,21.5,3,0.00
2025-04-09T16:00,21.8,3,0.00
2025-04-09T17:00,21.9,2,0.00
2025-04-09T18:00,21.9,3,0.00
2025-04-09T19:00,21.2,1,0.00
2025-04-09T20:00,19.3,0,0.00
2025-04-09T21:00,17.2,0,0.00
2025-04-09T22:00,14.9,0,0.00
2025-04-09T23:00,13.3,0,0.00
2025-04-10T00:00,12.3,0,0.00
2025-04-10T01:00,11.8,0,0.00
2025-04-10T02:00,11.4,0,0.00
2025-04-10T03:00,11.2,0,0.00
2025-04-10T04:00,10.8,0,0.00
2025-04-10T05:00,10.1,0,0.00
2025-04-10T06:00,9.8,0,0.00
2025-04-10T07:00,9.7,3,0.00
2025-04-10T08:00,9.7,3,0.00
2025-04-10T09:00,11.1,3,0.00
2025-04-10T10:00,13.7,3,0.00
2025-04-10T11:00,16.0,3,0.00
2025-04-10T12:00,17.2,3,0.00
2025-04-10T13:00,18.3,3,0.00
2025-04-10T14:00,19.5,3,0.00
2025-04-10T15:00,20.9,3,0.00
2025-04-10T16:00,20.8,3,0.00
2025-04-10T17:00,20.8,3,0.00
2025-04-10T18:00,20.5,2,0.00
2025-04-10T19:00,19.9,2,0.00
2025-04-10T20:00,18.5,0,0.00
2025-04-10T21:00,16.4,0,0.00
2025-04-10T22:00,15.1,3,0.00
2025-04-10T23:00,14.4,0,0.00
2025-04-11T00:00,12.9,1,0.00
2025-04-11T01:00,12.1,0,0.00
2025-04-11T02:00,11.5,2,0.00
2025-04-11T03:00,11.8,1,0.00
2025-04-11T04:00,11.3,3,0.00
2025-04-11T05:00,10.9,3,0.00
2025-04-11T06:00,10.5,3,0.00
2025-04-11T07:00,10.3,3,0.00
2025-04-11T08:00,9.9,3,0.00
2025-04-11T09:00,10.6,3,0.00
2025-04-11T10:00,11.6,3,0.00
2025-04-11T11:00,11.5,53,0.90
2025-04-11T12:00,12.3,55,1.00
2025-04-11T13:00,12.8,3,0.00
2025-04-11T14:00,13.8,3,0.00
2025-04-11T15:00,13.8,3,0.00
2025-04-11T16:00,14.7,3,0.00
2025-04-11T17:00,15.8,3,0.00
2025-04-11T18:00,16.9,3,0.00
2025-04-11T19:00,15.4,51,0.20
2025-04-11T20:00,13.7,51,0.30
2025-04-11T21:00,12.3,55,1.20
2025-04-11T22:00,11.8,51,0.10
2025-04-11T23:00,11.5,2,0.00
2025-04-12T00:00,11.0,51,0.20
2025-04-12T01:00,11.1,51,0.20
2025-04-12T02:00,11.2,51,0.10
2025-04-12T03:00,10.4,53,0.50
2025-04-12T04:00,10.1,3,0.00
2025-04-12T05:00,10.2,3,0.00
2025-04-12T06:00,10.7,3,0.00
2025-04-12T07:00,10.7,3,0.00
2025-04-12T08:00,10.6,3,0.00
2025-04-12T09:00,11.3,3,0.00
2025-04-12T10:00,12.1,3,0.00
2025-04-12T11:00,13.5,51,0.10
2025-04-12T12:00,14.5,51,0.30
2025-04-12T13:00,15.7,51,0.20
2025-04-12T14:00,16.7,3,0.00
2025-04-12T15:00,16.3,51,0.20
2025-04-12T16:00,14.1,63,3.20
2025-04-12T17:00,14.2,61,1.50
2025-04-12T18:00,15.7,51,0.10
2025-04-12T19:00,16.0,51,0.20
2025-04-12T20:00,15.1,51,0.30
2025-04-12T21:00,13.5,2,0.00
2025-04-12T22:00,12.5,3,0.00
2025-04-12T23:00,12.0,3,0.00
2025-04-13T00:00,11.0,3,0.00
2025-04-13T01:00,10.5,0,0.00
2025-04-13T02:00,9.3,1,0.00
2025-04-13T03:00,10.8,53,0.90
2025-04-13T04:00,11.1,51,0.10
2025-04-13T05:00,10.2,3,0.00
2025-04-13T06:00,9.6,3,0.00
2025-04-13T07:00,9.2,3,0.00
2025-04-13T08:00,9.3,3,0.00
2025-04-13T09:00,10.1,3,0.00
2025-04-13T10:00,11.7,3,0.00
2025-04-13T11:00,13.2,51,0.10
2025-04-13T12:00,14.6,51,0.10
2025-04-13T13:00,15.7,51,0.10
2025-04-13T14:00,17.2,51,0.10
2025-04-13T15:00,14.8,63,3.40
2025-04-13T16:00,15.2,51,0.10
2025-04-13T17:00,16.2,1,0.00
2025-04-13T18:00,16.7,1,0.00
2025-04-13T19:00,15.8,51,0.20
2025-04-13T20:00,14.8,2,0.00
2025-04-13T21:00,12.8,2,0.00
2025-04-13T22:00,12.0,2,0.00
2025-04-13T23:00,11.7,3,0.00
2025-04-14T00:00,11.3,3,0.00
2025-04-14T01:00,10.8,0,0.00
2025-04-14T02:00,10.1,0,0.00
2025-04-14T03:00,10.9,51,0.10
2025-04-14T04:00,10.4,2,0.00
2025-04-14T05:00,10.1,1,0.00
2025-04-14T06:00,9.5,1,0.00
2025-04-14T07:00,8.8,3,0.00
2025-04-14T08:00,8.8,3,0.00
2025-04-14T09:00,9.9,3,0.00
2025-04-14T10:00,10.6,3,0.00
2025-04-14T11:00,11.7,3,0.00
2025-04-14T12:00,12.9,3,0.00
2025-04-14T13:00,11.4,3,0.00
2025-04-14T14:00,12.9,3,0.00
2025-04-14T15:00,15.1,1,0.00
2025-04-14T16:00,15.0,2,0.00
2025-04-14T17:00,15.1,2,0.00
2025-04-14T18:00,14.6,1,0.00
2025-04-14T19:00,13.5,3,0.00
2025-04-14T20:00,12.7,3,0.00
2025-04-14T21:00,11.1,3,0.00
2025-04-14T22:00,10.1,51,0.40
2025-04-14T23:00,9.2,51,0.30
2025-04-15T00:00,8.8,51,0.10
2025-04-15T01:00,8.5,51,0.40
2025-04-15T02:00,8.1,51,0.20
2025-04-15T03:00,7.4,51,0.10
2025-04-15T04:00,7.2,3,0.00
2025-04-15T05:00,6.6,3,0.00
2025-04-15T06:00,6.1,3,0.00
2025-04-15T07:00,6.2,3,0.00
2025-04-15T08:00,5.8,3,0.00
2025-04-15T09:00,6.3,1,0.00
2025-04-15T10:00,7.3,51,0.10
2025-04-15T11:00,8.6,51,0.20
2025-04-15T12:00,10.1,51,0.40
2025-04-15T13:00,10.8,51,0.40
2025-04-15T14:00,6.3,73,2.20
2025-04-15T15:00,10.6,51,0.20
2025-04-15T16:00,9.4,71,1.40
2025-04-15T17:00,10.3,51,0.10
2025-04-15T18:00,9.1,51,0.10
2025-04-15T19:00,10.2,2,0.00
2025-04-15T20:00,9.4,3,0.00
2025-04-15T21:00,8.0,3,0.00
2025-04-15T22:00,6.9,1,0.00
2025-04-15T23:00,5.9,2,0.00
2025-04-16T00:00,5.5,0,0.00
2025-04-16T01:00,5.0,0,0.00
2025-04-16T02:00,4.6,0,0.00
2025-04-16T03:00,4.5,1,0.00
2025-04-16T04:00,4.4,0,0.00
2025-04-16T05:00,4.3,2,0.00
2025-04-16T06:00,4.1,3,0.00
2025-04-16T07:00,4.1,2,0.00
2025-04-16T08:00,4.0,2,0.00
2025-04-16T09:00,5.0,0,0.00
2025-04-16T10:00,6.1,0,0.00
2025-04-16T11:00,7.6,3,0.00
2025-04-16T12:00,10.0,3,0.00
2025-04-16T13:00,10.1,3,0.00
2025-04-16T14:00,8.6,51,0.10
2025-04-16T15:00,8.4,53,0.50
2025-04-16T16:00,8.9,53,0.50
2025-04-16T17:00,9.2,51,0.20
2025-04-16T18:00,10.0,1,0.00
2025-04-16T19:00,9.9,3,0.00
2025-04-16T20:00,9.1,51,0.10
2025-04-16T21:00,8.2,51,0.10
2025-04-16T22:00,7.8,51,0.10
2025-04-16T23:00,7.0,51,0.10
2025-04-17T00:00,7.5,3,0.00
2025-04-17T01:00,7.1,3,0.00
2025-04-17T02:00,6.7,1,0.00
2025-04-17T03:00,8.0,0,0.00
2025-04-17T04:00,7.2,0,0.00
2025-04-17T05:00,6.7,0,0.00
2025-04-17T06:00,6.4,0,0.00
2025-04-17T07:00,5.8,0,0.00
2025-04-17T08:00,5.5,0,0.00
2025-04-17T09:00,7.0,0,0.00
2025-04-17T10:00,8.6,0,0.00
2025-04-17T11:00,10.2,3,0.00
2025-04-17T12:00,11.7,3,0.00
2025-04-17T13:00,12.9,2,0.00
2025-04-17T14:00,14.8,3,0.00
2025-04-17T15:00,16.5,2,0.00
2025-04-17T16:00,16.6,2,0.00
2025-04-17T17:00,15.8,1,0.00
2025-04-17T18:00,16.1,3,0.00
2025-04-17T19:00,15.3,3,0.00
2025-04-17T20:00,14.5,3,0.00
2025-04-17T21:00,13.1,1,0.00
2025-04-17T22:00,12.2,2,0.00
2025-04-17T23:00,11.6,1,0.00
2025-04-18T00:00,10.9,0,0.00
2025-04-18T01:00,10.0,0,0.00
2025-04-18T02:00,9.4,0,0.00
2025-04-18T03:00,10.3,0,0.00
2025-04-18T04:00,9.7,0,0.00
2025-04-18T05:00,9.4,0,0.00
2025-04-18T06:00,9.1,0,0.00
2025-04-18T07:00,8.6,1,0.00
2025-04-18T08:00,8.4,2,0.00
2025-04-18T09:00,10.1,2,0.00
2025-04-18T10:00,11.7,3,0.00
2025-04-18T11:00,13.2,3,0.00
2025-04-18T12:00,14.2,51,0.20
2025-04-18T13:00,14.6,51,0.40
2025-04-18T14:00,16.3,51,0.30
2025-04-18T15:00,16.9,51,0.10
2025-04-18T16:00,17.5,2,0.00
2025-04-18T17:00,17.2,53,0.70
2025-04-18T18:00,14.2,55,1.20
2025-04-18T19:00,12.2,51,0.10
2025-04-18T20:00,12.1,51,0.20
2025-04-18T21:00,11.0,2,0.00
2025-04-18T22:00,10.4,1,0.00
2025-04-18T23:00,10.5,2,0.00
2025-04-19T00:00,10.6,53,0.50
2025-04-19T01:00,9.8,51,0.20
2025-04-19T02:00,9.4,3,0.00
2025-04-19T03:00,9.1,3,0.00
2025-04-19T04:00,8.9,51,0.10
2025-04-19T05:00,8.6,51,0.20
2025-04-19T06:00,8.2,61,1.90
2025-04-19T07:00,7.5,61,2.00
2025-04-19T08:00,7.2,51,0.20
2025-04-19T09:00,7.2,2,0.00
2025-04-19T10:00,7.8,1,0.00
2025-04-19T11:00,9.5,0,0.00
2025-04-19T12:00,10.9,0,0.00
2025-04-19T13:00,11.8,51,0.10
2025-04-19T14:00,12.4,51,0.10
2025-04-19T15:00,10.4,53,0.70
2025-04-19T16:00,12.1,3,0.00
2025-04-19T17:00,10.1,51,0.30
2025-04-19T18:00,11.4,1,0.00
2025-04-19T19:00,9.9,0,0.00
2025-04-19T20:00,9.5,2,0.00
2025-04-19T21:00,8.2,3,0.00
2025-04-19T22:00,7.8,3,0.00
2025-04-19T23:00,7.6,3,0.00
2025-04-20T00:00,7.3,3,0.00
2025-04-20T01:00,5.9,51,0.20
2025-04-20T02:00,5.8,3,0.00
2025-04-20T03:00,5.9,51,0.30
2025-04-20T04:00,5.4,3,0.00
2025-04-20T05:00,5.3,3,0.00
2025-04-20T06:00,5.3,51,0.10
2025-04-20T07:00,5.0,53,0.70
2025-04-20T08:00,5.1,51,0.40
2025-04-20T09:00,5.9,1,0.00
2025-04-20T10:00,7.7,3,0.00
2025-04-20T11:00,8.8,51,0.10
2025-04-20T12:00,10.4,51,0.20
2025-04-20T13:00,12.1,51,0.10
2025-04-20T14:00,12.5,3,0.00
2025-04-20T15:00,13.0,3,0.00
2025-04-20T16:00,14.0,1,0.00
2025-04-20T17:00,14.8,1,0.00
2025-04-20T18:00,14.7,3,0.00
2025-04-20T19:00,13.7,2,0.00
2025-04-20T20:00,12.7,1,0.00
2025-04-20T21:00,10.5,2,0.00
2025-04-20T22:00,10.1,1,0.00
2025-04-20T23:00,8.9,1,0.00
2025-04-21T00:00,8.6,1,0.00
2025-04-21T01:00,8.6,0,0.00
2025-04-21T02:00,8.3,0,0.00
2025-04-21T03:00,9.0,0,0.00
2025-04-21T04:00,8.4,0,0.00
2025-04-21T05:00,7.8,0,0.00
2025-04-21T06:00,7.2,0,0.00
2025-04-21T07:00,6.9,0,0.00
2025-04-21T08:00,6.7,0,0.00
2025-04-21T09:00,8.6,3,0.00
2025-04-21T10:00,10.4,3,0.00
2025-04-21T11:00,12.2,3,0.00
2025-04-21T12:00,13.9,3,0.00
2025-04-21T13:00,15.3,3,0.00
2025-04-21T14:00,16.2,3,0.00
2025-04-21T15:00,17.7,3,0.00
2025-04-21T16:00,17.8,3,0.00
2025-04-21T17:00,16.7,51,0.10
2025-04-21T18:00,16.3,3,0.00
2025-04-21T19:00,15.8,3,0.00
2025-04-21T20:00,14.9,3,0.00
2025-04-21T21:00,13.2,3,0.00
2025-04-21T22:00,12.3,2,0.00
2025-04-21T23:00,10.9,3,0.00
2025-04-22T00:00,10.1,51,0.10
2025-04-22T01:00,9.9,3,0.00
2025-04-22T02:00,9.9,3,0.00
2025-04-22T03:00,10.1,3,0.00
2025-04-22T04:00,10.0,3,0.00
2025-04-22T05:00,9.6,3,0.00
2025-04-22T06:00,9.7,3,0.00
2025-04-22T07:00,9.2,3,0.00
2025-04-22T08:00,9.5,3,0.00
2025-04-22T09:00,10.4,3,0.00
2025-04-22T10:00,11.4,2,0.00
2025-04-22T11:00,13.0,1,0.00
2025-04-22T12:00,14.4,1,0.00
2025-04-22T13:00,15.3,1,0.00
2025-04-22T14:00,16.2,1,0.00
2025-04-22T15:00,17.1,2,0.00
2025-04-22T16:00,17.5,1,0.00
2025-04-22T17:00,18.0,1,0.00
2025-04-22T18:00,18.0,1,0.00
2025-04-22T19:00,17.2,1,0.00
2025-04-22T20:00,15.9,1,0.00
2025-04-22T21:00,14.0,2,0.00
2025-04-22T22:00,13.1,0,0.00
2025-04-22T23:00,11.9,0,0.00
2025-04-23T00:00,10.2,0,0.00
2025-04-23T01:00,9.3,0,0.00
2025-04-23T02:00,8.4,0,0.00
2025-04-23T03:00,8.3,0,0.00
2025-04-23T04:00,7.7,0,0.00
2025-04-23T05:00,7.3,0,0.00
2025-04-23T06:00,6.8,0,0.00
2025-04-23T07:00,6.5,0,0.00
2025-04-23T08:00,6.8,0,0.00
2025-04-23T09:00,8.7,0,0.00
2025-04-23T10:00,11.3,0,0.00
2025-04-23T11:00,13.8,0,0.00
2025-04-23T12:00,15.5,0,0.00
2025-04-23T13:00,17.0,0,0.00
2025-04-23T14:00,18.3,0,0.00
2025-04-23T15:00,19.6,0,0.00
2025-04-23T16:00,19.9,0,0.00
2025-04-23T17:00,20.0,0,0.00
2025-04-23T18:00,20.0,0,0.00
2025-04-23T19:00,19.6,0,0.00
2025-04-23T20:00,18.5,0,0.00
2025-04-23T21:00,15.8,0,0.00
2025-04-23T22:00,14.6,0,0.00
2025-04-23T23:00,14.1,0,0.00
2025-04-24T00:00,12.9,0,0.00
2025-04-24T01:00,11.5,0,0.00
2025-04-24T02:00,10.8,0,0.00
2025-04-24T03:00,11.0,0,0.00
2025-04-24T04:00,10.7,0,0.00
2025-04-24T05:00,10.2,0,0.00
2025-04-24T06:00,9.7,0,0.00
2025-04-24T07:00,9.1,0,0.00
2025-04-24T08:00,9.0,0,0.00
2025-04-24T09:00,11.0,0,0.00
2025-04-24T10:00,13.9,0,0.00
2025-04-24T11:00,16.7,0,0.00
2025-04-24T12:00,19.0,0,0.00
2025-04-24T13:00,20.7,0,0.00
2025-04-24T14:00,22.1,0,0.00
2025-04-24T15:00,23.4,0,0.00
2025-04-24T16:00,23.9,0,0.00
2025-04-24T17:00,24.1,0,0.00
2025-04-24T18:00,24.0,0,0.00
2025-04-24T19:00,23.5,0,0.00
2025-04-24T20:00,21.9,0,0.00
2025-04-24T21:00,19.6,0,0.00
2025-04-24T22:00,18.5,0,0.00
2025-04-24T23:00,17.2,0,0.00
2025-04-25T00:00,15.2,0,0.00
2025-04-25T01:00,14.3,0,0.00
2025-04-25T02:00,14.1,0,0.00
2025-04-25T03:00,13.5,0,0.00
2025-04-25T04:00,12.7,0,0.00
2025-04-25T05:00,11.5,0,0.00
2025-04-25T06:00,11.1,0,0.00
2025-04-25T07:00,11.1,0,0.00
2025-04-25T08:00,11.0,0,0.00
2025-04-25T09:00,12.8,0,0.00
2025-04-25T10:00,15.9,0,0.00
2025-04-25T11:00,18.6,0,0.00
2025-04-25T12:00,20.5,1,0.00
2025-04-25T13:00,22.2,1,0.00
2025-04-25T14:00,23.3,1,0.00
2025-04-25T15:00,24.3,1,0.00
2025-04-25T16:00,23.6,51,0.10
2025-04-25T17:00,22.7,1,0.00
2025-04-25T18:00,22.2,51,0.20
2025-04-25T19:00,20.9,2,0.00
2025-04-25T20:00,19.8,0,0.00
2025-04-25T21:00,17.7,2,0.00
2025-04-25T22:00,16.6,1,0.00
2025-04-25T23:00,15.9,0,0.00
2025-04-26T00:00,15.2,1,0.00
2025-04-26T01:00,14.7,0,0.00
2025-04-26T02:00,14.0,0,0.00
2025-04-26T03:00,14.2,1,0.00
2025-04-26T04:00,13.4,1,0.00
2025-04-26T05:00,12.9,0,0.00
2025-04-26T06:00,12.7,1,0.00
2025-04-26T07:00,12.7,1,0.00
2025-04-26T08:00,12.4,2,0.00
2025-04-26T09:00,13.5,2,0.00
2025-04-26T10:00,14.7,1,0.00
2025-04-26T11:00,15.9,1,0.00
2025-04-26T12:00,17.4,2,0.00
2025-04-26T13:00,18.3,1,0.00
2025-04-26T14:00,19.0,0,0.00
2025-04-26T15:00,20.0,0,0.00
2025-04-26T16:00,20.4,0,0.00
2025-04-26T17:00,20.4,0,0.00
2025-04-26T18:00,20.1,0,0.00
2025-04-26T19:00,19.2,0,0.00
2025-04-26T20:00,17.8,0,0.00
2025-04-26T21:00,15.2,0,0.00
2025-04-26T22:00,13.5,0,0.00
2025-04-26T23:00,12.8,0,0.00
2025-04-27T00:00,12.2,0,0.00
2025-04-27T01:00,11.3,0,0.00
2025-04-27T02:00,10.3,0,0.00
2025-04-27T03:00,10.1,0,0.00
2025-04-27T04:00,9.1,0,0.00
2025-04-27T05:00,8.2,0,0.00
2025-04-27T06:00,7.4,0,0.00
2025-04-27T07:00,6.7,0,0.00
2025-04-27T08:00,6.5,0,0.00
2025-04-27T09:00,8.0,0,0.00
2025-04-27T10:00,10.7,0,0.00
2025-04-27T11:00,13.2,0,0.00
2025-04-27T12:00,14.8,0,0.00
2025-04-27T13:00,16.4,3,0.00
2025-04-27T14:00,17.5,2,0.00
2025-04-27T15:00,18.7,0,0.00
2025-04-27T16:00,19.7,0,0.00
2025-04-27T17:00,20.2,0,0.00
2025-04-27T18:00,20.2,0,0.00
2025-04-27T19:00,19.6,0,0.00
2025-04-27T20:00,18.2,0,0.00
2025-04-27T21:00,15.5,0,0.00
2025-04-27T22:00,14.2,0,0.00
2025-04-27T23:00,13.9,0,0.00
2025-04-28T00:00,12.7,0,0.00
2025-04-28T01:00,11.7,0,0.00
2025-04-28T02:00,11.0,0,0.00
2025-04-28T03:00,10.9,0,0.00
2025-04-28T04:00,10.2,0,0.00
2025-04-28T05:00,9.7,0,0.00
2025-04-28T06:00,9.3,0,0.00
2025-04-28T07:00,9.0,0,0.00
2025-04-28T08:00,9.1,0,0.00
2025-04-28T09:00,11.0,0,0.00
2025-04-28T10:00,13.2,0,0.00
2025-04-28T11:00,14.7,0,0.00
2025-04-28T12:00,16.3,0,0.00
2025-04-28T13:00,18.0,0,0.00
2025-04-28T14:00,19.4,0,0.00
2025-04-28T15:00,20.7,0,0.00
2025-04-28T16:00,21.0,0,0.00
2025-04-28T17:00,21.2,0,0.00
2025-04-28T18:00,21.0,0,0.00
2025-04-28T19:00,20.6,0,0.00
2025-04-28T20:00,19.5,0,0.00
2025-04-28T21:00,17.5,0,0.00
2025-04-28T22:00,15.6,0,0.00
2025-04-28T23:00,15.3,0,0.00
2025-04-29T00:00,14.7,0,0.00
2025-04-29T01:00,13.7,2,0.00
2025-04-29T02:00,12.5,0,0.00
2025-04-29T03:00,11.8,0,0.00
2025-04-29T04:00,11.0,0,0.00
2025-04-29T05:00,10.6,1,0.00
2025-04-29T06:00,10.3,0,0.00
2025-04-29T07:00,9.8,0,0.00
2025-04-29T08:00,9.8,1,0.00
2025-04-29T09:00,11.5,3,0.00
2025-04-29T10:00,12.9,3,0.00
2025-04-29T11:00,14.4,1,0.00
2025-04-29T12:00,16.1,0,0.00
2025-04-29T13:00,17.8,0,0.00
2025-04-29T14:00,19.4,3,0.00
2025-04-29T15:00,19.6,3,0.00
2025-04-29T16:00,20.1,3,0.00
2025-04-29T17:00,20.4,3,0.00
2025-04-29T18:00,20.5,2,0.00
2025-04-29T19:00,20.2,0,0.00
2025-04-29T20:00,18.9,1,0.00
2025-04-29T21:00,17.0,0,0.00
2025-04-29T22:00,15.8,0,0.00
2025-04-29T23:00,14.7,0,0.00
2025-04-30T00:00,13.7,0,0.00
2025-04-30T01:00,12.9,0,0.00
2025-04-30T02:00,12.1,0,0.00
2025-04-30T03:00,11.9,0,0.00
2025-04-30T04:00,11.2,0,0.00
2025-04-30T05:00,10.6,0,0.00
2025-04-30T06:00,10.0,0,0.00
2025-04-30T07:00,9.6,0,0.00
2025-04-30T08:00,9.8,0,0.00
2025-04-30T09:00,11.7,1,0.00
2025-04-30T10:00,13.2,3,0.00
2025-04-30T11:00,14.5,51,0.20
2025-04-30T12:00,14.3,61,2.20
2025-04-30T13:00,15.2,3,0.00
2025-04-30T14:00,17.4,3,0.00
2025-04-30T15:00,18.3,3,0.00
2025-04-30T16:00,19.9,3,0.00
2025-04-30T17:00,18.1,61,1.80
2025-04-30T18:00,19.5,53,0.90
2025-04-30T19:00,19.7,2,0.00
2025-04-30T20:00,18.2,2,0.00
2025-04-30T21:00,16.8,61,1.30
2025-04-30T22:00,13.8,63,4.10
2025-04-30T23:00,12.6,61,1.30
2025-05-01T00:00,11.7,55,1.10
2025-05-01T01:00,11.5,63,3.40
2025-05-01T02:00,11.3,63,2.50
2025-05-01T03:00,10.9,53,0.50
2025-05-01T04:00,10.9,53,0.70
2025-05-01T05:00,10.9,61,1.60
2025-05-01T06:00,11.1,55,1.10
2025-05-01T07:00,10.9,51,0.30
2025-05-01T08:00,11.0,51,0.30
2025-05-01T09:00,12.0,3,0.00
2025-05-01T10:00,13.4,51,0.10
2025-05-01T11:00,14.1,2,0.00
2025-05-01T12:00,15.6,3,0.00
2025-05-01T13:00,16.5,51,0.30
2025-05-01T14:00,17.7,3,0.00
2025-05-01T15:00,17.7,53,0.50
2025-05-01T16:00,18.7,51,0.20
2025-05-01T17:00,19.6,51,0.10
2025-05-01T18:00,20.0,51,0.10
2025-05-01T19:00,20.0,0,0.00
2025-05-01T20:00,19.5,1,0.00
2025-05-01T21:00,17.6,2,0.00
2025-05-01T22:00,16.5,1,0.00
2025-05-01T23:00,15.8,0,0.00
2025-05-02T00:00,15.3,0,0.00
2025-05-02T01:00,14.3,1,0.00
2025-05-02T02:00,13.3,3,0.00
2025-05-02T03:00,13.6,63,2.60
2025-05-02T04:00,12.9,61,1.30
2025-05-02T05:00,13.4,51,0.20
2025-05-02T06:00,13.1,51,0.30
2025-05-02T07:00,12.7,51,0.20
2025-05-02T08:00,12.7,61,1.60
2025-05-02T09:00,12.8,63,4.40
2025-05-02T10:00,12.5,63,3.50
2025-05-02T11:00,12.1,63,3.70
2025-05-02T12:00,13.5,51,0.20
2025-05-02T13:00,17.1,0,0.00
2025-05-02T14:00,18.1,1,0.00
2025-05-02T15:00,17.1,51,0.30
2025-05-02T16:00,17.4,51,0.10
2025-05-02T17:00,16.4,61,1.30
2025-05-02T18:00,14.6,61,2.00
2025-05-02T19:00,16.0,1,0.00
2025-05-02T20:00,14.0,55,1.00
2025-05-02T21:00,12.4,1,0.00
2025-05-02T22:00,11.5,1,0.00
2025-05-02T23:00,10.5,1,0.00
2025-05-03T00:00,10.4,51,0.10
2025-05-03T01:00,10.6,2,0.00
2025-05-03T02:00,10.9,3,0.00
2025-05-03T03:00,11.7,51,0.10
2025-05-03T04:00,10.8,1,0.00
2025-05-03T05:00,10.3,1,0.00
2025-05-03T06:00,10.1,3,0.00
2025-05-03T07:00,10.4,51,0.20
2025-05-03T08:00,10.8,51,0.20
2025-05-03T09:00,11.6,51,0.20
2025-05-03T10:00,12.7,51,0.40
2025-05-03T11:00,14.2,51,0.20
2025-05-03T12:00,15.6,51,0.10
2025-05-03T13:00,16.6,51,0.10
2025-05-03T14:00,17.3,1,0.00
2025-05-03T15:00,17.7,3,0.00
2025-05-03T16:00,17.8,2,0.00
2025-05-03T17:00,17.5,0,0.00
2025-05-03T18:00,17.7,0,0.00
2025-05-03T19:00,17.7,1,0.00
2025-05-03T20:00,16.6,2,0.00
2025-05-03T21:00,15.1,3,0.00
2025-05-03T22:00,13.5,51,0.10
2025-05-03T23:00,12.0,51,0.20
2025-05-04T00:00,11.5,3,0.00
2025-05-04T01:00,10.8,1,0.00
2025-05-04T02:00,10.5,1,0.00
2025-05-04T03:00,10.4,51,0.10
2025-05-04T04:00,10.5,51,0.10
2025-05-04T05:00,10.0,51,0.10
2025-05-04T06:00,9.9,3,0.00
2025-05-04T07:00,10.1,3,0.00
2025-05-04T08:00,10.6,51,0.10
2025-05-04T09:00,10.8,51,0.10
2025-05-04T10:00,11.5,51,0.10
2025-05-04T11:00,13.0,51,0.10
2025-05-04T12:00,14.4,2,0.00
2025-05-04T13:00,15.5,51,0.10
2025-05-04T14:00,15.6,55,1.00
2025-05-04T15:00,15.3,51,0.10
2025-05-04T16:00,15.8,51,0.10
2025-05-04T17:00,15.2,3,0.00
2025-05-04T18:00,14.9,51,0.20
2025-05-04T19:00,14.3,53,0.50
2025-05-04T20:00,13.4,51,0.30
2025-05-04T21:00,12.7,3,0.00
2025-05-04T22:00,11.6,2,0.00
2025-05-04T23:00,10.9,1,0.00
2025-05-05T00:00,10.2,0,0.00
2025-05-05T01:00,9.6,0,0.00
2025-05-05T02:00,9.0,0,0.00
2025-05-05T03:00,9.7,2,0.00
2025-05-05T04:00,9.2,1,0.00
2025-05-05T05:00,8.6,0,0.00
2025-05-05T06:00,8.5,1,0.00
2025-05-05T07:00,8.5,2,0.00
2025-05-05T08:00,9.0,1,0.00
2025-05-05T09:00,10.2,1,0.00
2025-05-05T10:00,12.0,0,0.00
2025-05-05T11:00,13.8,51,0.10
2025-05-05T12:00,15.4,51,0.10
2025-05-05T13:00,16.6,51,0.20
2025-05-05T14:00,12.7,63,4.80
2025-05-05T15:00,13.9,53,0.90
2025-05-05T16:00,15.4,51,0.10
2025-05-05T17:00,17.0,51,0.10
2025-05-05T18:00,17.8,51,0.10
2025-05-05T19:00,13.4,61,2.20
2025-05-05T20:00,13.4,1,0.00
2025-05-05T21:00,12.5,1,0.00
2025-05-05T22:00,11.4,3,0.00
2025-05-05T23:00,11.0,1,0.00
2025-05-06T00:00,10.1,1,0.00
2025-05-06T01:00,9.6,1,0.00
2025-05-06T02:00,9.4,2,0.00
2025-05-06T03:00,9.9,3,0.00
2025-05-06T04:00,9.0,2,0.00
2025-05-06T05:00,8.4,2,0.00
2025-05-06T06:00,7.8,2,0.00
2025-05-06T07:00,7.0,2,0.00
2025-05-06T08:00,6.8,1,0.00
2025-05-06T09:00,7.8,0,0.00
2025-05-06T10:00,9.6,0,0.00
2025-05-06T11:00,11.1,1,0.00
2025-05-06T12:00,12.6,2,0.00
2025-05-06T13:00,13.6,2,0.00
2025-05-06T14:00,14.2,2,0.00
2025-05-06T15:00,15.1,0,0.00
2025-05-06T16:00,15.7,0,0.00
2025-05-06T17:00,16.4,0,0.00
2025-05-06T18:00,16.9,0,0.00
2025-05-06T19:00,16.2,0,0.00
2025-05-06T20:00,15.1,0,0.00
2025-05-06T21:00,12.7,0,0.00
2025-05-06T22:00,11.4,0,0.00
2025-05-06T23:00,10.4,1,0.00
2025-05-07T00:00,9.7,1,0.00
2025-05-07T01:00,9.5,2,0.00
2025-05-07T02:00,8.5,0,0.00
2025-05-07T03:00,8.7,0,0.00
2025-05-07T04:00,7.9,1,0.00
2025-05-07T05:00,7.6,0,0.00
2025-05-07T06:00,7.2,0,0.00
2025-05-07T07:00,6.8,1,0.00
2025-05-07T08:00,7.0,0,0.00
2025-05-07T09:00,8.5,0,0.00
2025-05-07T10:00,10.4,1,0.00
2025-05-07T11:00,12.1,2,0.00
2025-05-07T12:00,14.0,3,0.00
2025-05-07T13:00,15.3,3,0.00
2025-05-07T14:00,16.7,3,0.00
2025-05-07T15:00,18.0,3,0.00
2025-05-07T16:00,18.3,51,0.10
2025-05-07T17:00,18.5,3,0.00
2025-05-07T18:00,17.9,3,0.00
2025-05-07T19:00,17.5,3,0.00
2025-05-07T20:00,16.7,3,0.00
2025-05-07T21:00,15.3,3,0.00
2025-05-07T22:00,13.8,3,0.00
2025-05-07T23:00,13.1,3,0.00
2025-05-08T00:00,12.0,1,0.00
2025-05-08T01:00,11.2,51,0.10
2025-05-08T02:00,10.9,1,0.00
2025-05-08T03:00,10.4,51,0.30
2025-05-08T04:00,10.0,3,0.00
2025-05-08T05:00,9.7,51,0.10
2025-05-08T06:00,9.1,3,0.00
2025-05-08T07:00,8.8,3,0.00
2025-05-08T08:00,9.2,3,0.00
2025-05-08T09:00,10.7,3,0.00
2025-05-08T10:00,12.5,3,0.00
2025-05-08T11:00,13.5,51,0.10
2025-05-08T12:00,13.7,51,0.10
2025-05-08T13:00,14.7,51,0.30
2025-05-08T14:00,15.4,51,0.40
2025-05-08T15:00,12.2,61,1.60
2025-05-08T16:00,13.9,51,0.20
2025-05-08T17:00,15.5,3,0.00
2025-05-08T18:00,15.6,51,0.30
2025-05-08T19:00,13.9,55,1.10
2025-05-08T20:00,13.6,2,0.00
2025-05-08T21:00,12.6,2,0.00
2025-05-08T22:00,11.5,1,0.00
2025-05-08T23:00,10.6,51,0.20
2025-05-09T00:00,10.3,1,0.00
2025-05-09T01:00,10.3,1,0.00
2025-05-09T02:00,10.0,0,0.00
2025-05-09T03:00,10.0,51,0.10
2025-05-09T04:00,9.4,0,0.00
2025-05-09T05:00,8.5,3,0.00
2025-05-09T06:00,7.9,3,0.00
2025-05-09T07:00,7.8,3,0.00
2025-05-09T08:00,8.5,3,0.00
2025-05-09T09:00,9.9,3,0.00
2025-05-09T10:00,11.2,51,0.10
2025-05-09T11:00,12.8,1,0.00
2025-05-09T12:00,14.0,51,0.20
2025-05-09T13:00,14.7,51,0.10
2025-05-09T14:00,15.6,51,0.10
2025-05-09T15:00,16.1,51,0.10
2025-05-09T16:00,16.5,51,0.20
2025-05-09T17:00,16.3,1,0.00
2025-05-09T18:00,16.2,51,0.20
2025-05-09T19:00,16.2,51,0.10
2025-05-09T20:00,16.0,2,0.00
2025-05-09T21:00,14.1,2,0.00
2025-05-09T22:00,12.6,1,0.00
2025-05-09T23:00,11.7,1,0.00
2025-05-10T00:00,10.8,2,0.00
2025-05-10T01:00,9.9,3,0.00
2025-05-10T02:00,9.8,3,0.00
2025-05-10T03:00,10.0,3,0.00
2025-05-10T04:00,9.6,51,0.10
2025-05-10T05:00,9.8,2,0.00
2025-05-10T06:00,9.4,51,0.10
2025-05-10T07:00,8.9,51,0.10
2025-05-10T08:00,9.4,51,0.20
2025-05-10T09:00,10.6,53,0.70
2025-05-10T10:00,12.0,61,1.30
2025-05-10T11:00,13.6,51,0.10
2025-05-10T12:00,15.3,51,0.20
2025-05-10T13:00,13.3,55,1.00
2025-05-10T14:00,14.7,51,0.40
2025-05-10T15:00,15.7,53,0.50
2025-05-10T16:00,16.1,51,0.10
2025-05-10T17:00,16.3,0,0.00
2025-05-10T18:00,16.0,0,0.00
2025-05-10T19:00,15.3,0,0.00
2025-05-10T20:00,14.3,0,0.00
2025-05-10T21:00,12.6,0,0.00
2025-05-10T22:00,11.1,0,0.00
2025-05-10T23:00,10.4,0,0.00
2025-05-11T00:00,9.7,0,0.00
2025-05-11T01:00,9.1,0,0.00
2025-05-11T02:00,8.6,0,0.00
2025-05-11T03:00,8.9,0,0.00
2025-05-11T04:00,8.4,0,0.00
2025-05-11T05:00,7.9,0,0.00
2025-05-11T06:00,7.3,0,0.00
2025-05-11T07:00,6.6,0,0.00
2025-05-11T08:00,6.8,0,0.00
2025-05-11T09:00,9.2,0,0.00
2025-05-11T10:00,11.0,0,0.00
2025-05-11T11:00,12.5,0,0.00
2025-05-11T12:00,14.1,1,0.00
2025-05-11T13:00,15.6,2,0.00
2025-05-11T14:00,16.4,3,0.00
2025-05-11T15:00,17.2,3,0.00
2025-05-11T16:00,16.6,3,0.00
2025-05-11T17:00,16.3,51,0.10
2025-05-11T18:00,16.8,1,0.00
2025-05-11T19:00,16.5,2,0.00
2025-05-11T20:00,15.3,2,0.00
2025-05-11T21:00,13.4,0,0.00
2025-05-11T22:00,11.5,0,0.00
2025-05-11T23:00,10.6,0,0.00
2025-05-12T00:00,10.2,0,0.00
2025-05-12T01:00,9.8,0,0.00
2025-05-12T02:00,8.7,1,0.00
2025-05-12T03:00,7.9,1,0.00
2025-05-12T04:00,7.3,0,0.00
2025-05-12T05:00,6.8,0,0.00
2025-05-12T06:00,6.5,0,0.00
2025-05-12T07:00,6.5,0,0.00
2025-05-12T08:00,7.3,0,0.00
2025-05-12T09:00,10.0,0,0.00
2025-05-12T10:00,12.0,0,0.00
2025-05-12T11:00,13.7,0,0.00
2025-05-12T12:00,15.1,2,0.00
2025-05-12T13:00,15.9,1,0.00
2025-05-12T14:00,16.0,3,0.00
2025-05-12T15:00,17.1,1,0.00
2025-05-12T16:00,17.8,1,0.00
2025-05-12T17:00,17.6,1,0.00
2025-05-12T18:00,17.2,1,0.00
2025-05-12T19:00,16.8,0,0.00
2025-05-12T20:00,15.9,1,0.00
2025-05-12T21:00,14.2,1,0.00
2025-05-12T22:00,12.3,0,0.00
2025-05-12T23:00,11.2,0,0.00
2025-05-13T00:00,10.2,0,0.00
2025-05-13T01:00,9.2,0,0.00
2025-05-13T02:00,8.5,0,0.00
2025-05-13T03:00,8.8,0,0.00
2025-05-13T04:00,8.3,0,0.00
2025-05-13T05:00,7.6,0,0.00
2025-05-13T06:00,7.3,0,0.00
2025-05-13T07:00,7.0,0,0.00
2025-05-13T08:00,8.2,0,0.00
2025-05-13T09:00,10.6,0,0.00
2025-05-13T10:00,13.1,0,0.00
2025-05-13T11:00,15.0,0,0.00
2025-05-13T12:00,16.5,1,0.00
2025-05-13T13:00,17.5,0,0.00
2025-05-13T14:00,18.3,1,0.00
2025-05-13T15:00,18.4,51,0.10
2025-05-13T16:00,18.8,1,0.00
2025-05-13T17:00,18.8,1,0.00
2025-05-13T18:00,18.7,0,0.00
2025-05-13T19:00,18.4,0,0.00
2025-05-13T20:00,17.7,1,0.00
2025-05-13T21:00,15.8,1,0.00
2025-05-13T22:00,14.5,1,0.00
2025-05-13T23:00,13.2,1,0.00
2025-05-14T00:00,12.0,1,0.00
2025-05-14T01:00,10.8,2,0.00
2025-05-14T02:00,10.4,51,0.20
2025-05-14T03:00,10.6,53,0.80
2025-05-14T04:00,10.1,3,0.00
2025-05-14T05:00,9.0,3,0.00
2025-05-14T06:00,9.0,3,0.00
2025-05-14T07:00,9.0,3,0.00
2025-05-14T08:00,9.7,3,0.00
2025-05-14T09:00,11.4,51,0.10
2025-05-14T10:00,13.3,51,0.20
2025-05-14T11:00,14.4,51,0.10
2025-05-14T12:00,15.9,51,0.10
2025-05-14T13:00,16.6,51,0.10
2025-05-14T14:00,17.5,51,0.30
2025-05-14T15:00,18.9,1,0.00
2025-05-14T16:00,19.1,1,0.00
2025-05-14T17:00,19.4,51,0.10
2025-05-14T18:00,15.2,63,6.10
2025-05-14T19:00,15.5,51,0.30
2025-05-14T20:00,12.9,63,3.60
2025-05-14T21:00,11.5,51,0.20
2025-05-14T22:00,11.2,53,0.50
2025-05-14T23:00,10.8,51,0.10
2025-05-15T00:00,10.7,3,0.00
2025-05-15T01:00,10.2,3,0.00
2025-05-15T02:00,10.0,3,0.00
2025-05-15T03:00,10.5,3,0.00
2025-05-15T04:00,9.9,3,0.00
2025-05-15T05:00,9.9,3,0.00
2025-05-15T06:00,9.7,3,0.00
2025-05-15T07:00,9.4,3,0.00
2025-05-15T08:00,10.3,2,0.00
2025-05-15T09:00,12.2,1,0.00
2025-05-15T10:00,13.6,2,0.00
2025-05-15T11:00,14.2,51,0.10
2025-05-15T12:00,14.9,51,0.10
2025-05-15T13:00,14.5,53,0.50
2025-05-15T14:00,16.6,51,0.10
2025-05-15T15:00,18.3,51,0.10
2025-05-15T16:00,18.0,2,0.00
2025-05-15T17:00,18.0,3,0.00
2025-05-15T18:00,17.3,51,0.20
2025-05-15T19:00,15.9,2,0.00
2025-05-15T20:00,16.2,2,0.00
2025-05-15T21:00,14.9,1,0.00
2025-05-15T22:00,14.0,0,0.00
2025-05-15T23:00,12.8,0,0.00
2025-05-16T00:00,11.8,0,0.00
2025-05-16T01:00,10.7,0,0.00
2025-05-16T02:00,9.7,0,0.00
2025-05-16T03:00,10.1,0,0.00
2025-05-16T04:00,9.5,0,0.00
2025-05-16T05:00,8.7,0,0.00
2025-05-16T06:00,8.2,0,0.00
2025-05-16T07:00,7.8,1,0.00
2025-05-16T08:00,8.5,1,0.00
2025-05-16T09:00,10.5,1,0.00
2025-05-16T10:00,13.4,1,0.00
2025-05-16T11:00,16.2,0,0.00
2025-05-16T12:00,18.1,0,0.00
2025-05-16T13:00,19.5,1,0.00
2025-05-16T14:00,20.5,2,0.00
2025-05-16T15:00,21.4,1,0.00
2025-05-16T16:00,21.8,1,0.00
2025-05-16T17:00,22.2,2,0.00
2025-05-16T18:00,22.1,1,0.00
2025-05-16T19:00,21.9,1,0.00
2025-05-16T20:00,20.9,1,0.00
2025-05-16T21:00,18.8,1,0.00
2025-05-16T22:00,16.7,0,0.00
2025-05-16T23:00,14.7,0,0.00
2025-05-17T00:00,13.2,0,0.00
2025-05-17T01:00,12.3,0,0.00
2025-05-17T02:00,12.4,0,0.00
2025-05-17T03:00,12.0,0,0.00
2025-05-17T04:00,11.7,0,0.00
2025-05-17T05:00,11.1,0,0.00
2025-05-17T06:00,10.4,0,0.00
2025-05-17T07:00,9.9,0,0.00
2025-05-17T08:00,10.6,3,0.00
2025-05-17T09:00,12.9,1,0.00
2025-05-17T10:00,15.6,0,0.00
2025-05-17T11:00,17.8,3,0.00
2025-05-17T12:00,19.8,3,0.00
2025-05-17T13:00,21.3,3,0.00
2025-05-17T14:00,22.4,3,0.00
2025-05-17T15:00,22.9,3,0.00
2025-05-17T16:00,23.3,3,0.00
2025-05-17T17:00,23.2,1,0.00
2025-05-17T18:00,23.2,0,0.00
2025-05-17T19:00,23.1,1,0.00
2025-05-17T20:00,22.7,2,0.00
2025-05-17T21:00,20.0,0,0.00
2025-05-17T22:00,18.1,0,0.00
2025-05-17T23:00,17.2,0,0.00
2025-05-18T00:00,15.8,1,0.00
2025-05-18T01:00,14.5,0,0.00
2025-05-18T02:00,13.3,0,0.00
2025-05-18T03:00,12.9,0,0.00
2025-05-18T04:00,12.7,0,0.00
2025-05-18T05:00,12.4,1,0.00
2025-05-18T06:00,11.9,3,0.00
2025-05-18T07:00,11.5,3,0.00
2025-05-18T08:00,12.1,2,0.00
2025-05-18T09:00,14.6,0,0.00
2025-05-18T10:00,17.1,0,0.00
2025-05-18T11:00,18.9,0,0.00
2025-05-18T12:00,20.8,2,0.00
2025-05-18T13:00,22.8,3,0.00
2025-05-18T14:00,24.2,3,0.00
2025-05-18T15:00,25.3,3,0.00
2025-05-18T16:00,25.9,1,0.00
2025-05-18T17:00,26.2,3,0.00
2025-05-18T18:00,25.6,1,0.00
2025-05-18T19:00,25.0,1,0.00
2025-05-18T20:00,23.5,0,0.00
2025-05-18T21:00,21.0,51,0.40
2025-05-18T22:00,20.1,1,0.00
2025-05-18T23:00,18.1,0,0.00
2025-05-19T00:00,17.3,0,0.00
2025-05-19T01:00,15.5,0,0.00
2025-05-19T02:00,14.3,0,0.00
2025-05-19T03:00,14.6,0,0.00
2025-05-19T04:00,13.3,0,0.00
2025-05-19T05:00,12.4,1,0.00
2025-05-19T06:00,11.7,0,0.00
2025-05-19T07:00,10.9,0,0.00
2025-05-19T08:00,11.1,0,0.00
2025-05-19T09:00,12.4,0,0.00
2025-05-19T10:00,14.5,0,0.00
2025-05-19T11:00,15.7,3,0.00
2025-05-19T12:00,16.3,2,0.00
2025-05-19T13:00,17.6,51,0.10
2025-05-19T14:00,18.5,51,0.20
2025-05-19T15:00,17.4,51,0.10
2025-05-19T16:00,18.3,3,0.00
2025-05-19T17:00,19.1,1,0.00
2025-05-19T18:00,19.1,1,0.00
2025-05-19T19:00,19.4,3,0.00
2025-05-19T20:00,18.4,1,0.00
2025-05-19T21:00,17.1,0,0.00
2025-05-19T22:00,15.0,0,0.00
2025-05-19T23:00,14.4,0,0.00
2025-05-20T00:00,13.9,0,0.00
2025-05-20T01:00,13.3,0,0.00
2025-05-20T02:00,12.8,0,0.00
2025-05-20T03:00,13.2,0,0.00
2025-05-20T04:00,12.5,0,0.00
2025-05-20T05:00,11.2,0,0.00
2025-05-20T06:00,10.6,0,0.00
2025-05-20T07:00,9.8,0,0.00
2025-05-20T08:00,10.5,0,0.00
2025-05-20T09:00,12.6,1,0.00
2025-05-20T10:00,15.0,0,0.00
2025-05-20T11:00,16.8,0,0.00
2025-05-20T12:00,18.5,0,0.00
2025-05-20T13:00,20.8,3,0.00
2025-05-20T14:00,22.5,3,0.00
2025-05-20T15:00,23.0,3,0.00
2025-05-20T16:00,23.5,3,0.00
2025-05-20T17:00,23.4,3,0.00
2025-05-20T18:00,23.1,3,0.00
2025-05-20T19:00,22.6,1,0.00
2025-05-20T20:00,21.6,0,0.00
2025-05-20T21:00,19.3,0,0.00
2025-05-20T22:00,17.3,0,0.00
2025-05-20T23:00,16.3,0,0.00
2025-05-21T00:00,14.7,0,0.00
2025-05-21T01:00,14.1,0,0.00
2025-05-21T02:00,13.1,0,0.00
2025-05-21T03:00,12.5,0,0.00
2025-05-21T04:00,12.0,0,0.00
2025-05-21T05:00,11.4,0,0.00
2025-05-21T06:00,10.8,0,0.00
2025-05-21T07:00,10.4,0,0.00
2025-05-21T08:00,11.3,0,0.00
2025-05-21T09:00,13.8,0,0.00
2025-05-21T10:00,16.6,0,0.00
2025-05-21T11:00,19.0,0,0.00
2025-05-21T12:00,20.9,0,0.00
2025-05-21T13:00,22.6,0,0.00
2025-05-21T14:00,23.8,0,0.00
2025-05-21T15:00,24.3,0,0.00
2025-05-21T16:00,24.9,3,0.00
2025-05-21T17:00,25.2,2,0.00
2025-05-21T18:00,25.3,1,0.00
2025-05-21T19:00,24.5,1,0.00
2025-05-21T20:00,23.5,2,0.00
2025-05-21T21:00,21.9,3,0.00
2025-05-21T22:00,20.7,3,0.00
2025-05-21T23:00,20.0,3,0.00
2025-05-22T00:00,18.6,3,0.00
2025-05-22T01:00,18.3,0,0.00
2025-05-22T02:00,17.1,0,0.00
2025-05-22T03:00,16.0,0,0.00
2025-05-22T04:00,15.5,0,0.00
2025-05-22T05:00,14.2,0,0.00
2025-05-22T06:00,13.0,1,0.00
2025-05-22T07:00,12.9,1,0.00
2025-05-22T08:00,13.6,2,0.00
2025-05-22T09:00,14.9,2,0.00
2025-05-22T10:00,16.4,2,0.00
2025-05-22T11:00,18.2,0,0.00
2025-05-22T12:00,19.6,0,0.00
2025-05-22T13:00,20.6,2,0.00
2025-05-22T14:00,22.3,2,0.00
2025-05-22T15:00,22.3,3,0.00
2025-05-22T16:00,22.7,3,0.00
2025-05-22T17:00,22.6,2,0.00
2025-05-22T18:00,22.6,0,0.00
2025-05-22T19:00,22.6,3,0.00
2025-05-22T20:00,21.7,3,0.00
2025-05-22T21:00,19.6,0,0.00
2025-05-22T22:00,17.5,0,0.00
2025-05-22T23:00,16.4,0,0.00
2025-05-23T00:00,15.2,3,0.00
2025-05-23T01:00,14.1,3,0.00
2025-05-23T02:00,13.0,3,0.00
2025-05-23T03:00,11.9,3,0.00
2025-05-23T04:00,11.2,3,0.00
2025-05-23T05:00,10.5,2,0.00
2025-05-23T06:00,9.8,0,0.00
2025-05-23T07:00,9.1,0,0.00
2025-05-23T08:00,9.8,0,0.00
2025-05-23T09:00,11.5,0,0.00
2025-05-23T10:00,13.7,0,0.00
2025-05-23T11:00,16.0,0,0.00
2025-05-23T12:00,17.9,0,0.00
2025-05-23T13:00,19.6,0,0.00
2025-05-23T14:00,21.0,0,0.00
2025-05-23T15:00,21.9,0,0.00
2025-05-23T16:00,22.7,0,0.00
2025-05-23T17:00,23.1,0,0.00
2025-05-23T18:00,22.8,1,0.00
2025-05-23T19:00,22.4,0,0.00
2025-05-23T20:00,22.1,2,0.00
2025-05-23T21:00,20.0,2,0.00
2025-05-23T22:00,18.2,0,0.00
2025-05-23T23:00,17.3,0,0.00
2025-05-24T00:00,16.1,0,0.00
2025-05-24T01:00,15.0,0,0.00
2025-05-24T02:00,13.8,0,0.00
2025-05-24T03:00,13.1,0,0.00
2025-05-24T04:00,11.9,0,0.00
2025-05-24T05:00,10.8,0,0.00
2025-05-24T06:00,10.0,1,0.00
2025-05-24T07:00,9.6,0,0.00
2025-05-24T08:00,10.4,0,0.00
2025-05-24T09:00,12.8,2,0.00
2025-05-24T10:00,15.3,0,0.00
2025-05-24T11:00,17.8,0,0.00
2025-05-24T12:00,19.9,0,0.00
2025-05-24T13:00,22.0,1,0.00
2025-05-24T14:00,23.5,3,0.00
2025-05-24T15:00,24.7,3,0.00
2025-05-24T16:00,25.6,3,0.00
2025-05-24T17:00,26.1,2,0.00
2025-05-24T18:00,26.1,2,0.00
2025-05-24T19:00,25.4,1,0.00
2025-05-24T20:00,24.3,2,0.00
2025-05-24T21:00,22.7,0,0.00
2025-05-24T22:00,20.5,0,0.00
2025-05-24T23:00,18.6,0,0.00
2025-05-25T00:00,18.2,0,0.00
2025-05-25T01:00,17.1,0,0.00
2025-05-25T02:00,16.2,0,0.00
2025-05-25T03:00,14.7,0,0.00
2025-05-25T04:00,13.8,0,0.00
2025-05-25T05:00,12.9,0,0.00
2025-05-25T06:00,12.1,0,0.00
2025-05-25T07:00,11.6,0,0.00
2025-05-25T08:00,12.7,0,0.00
2025-05-25T09:00,15.4,0,0.00
2025-05-25T10:00,19.1,0,0.00
2025-05-25T11:00,22.0,0,0.00
2025-05-25T12:00,24.0,0,0.00
2025-05-25T13:00,25.6,1,0.00
2025-05-25T14:00,26.7,1,0.00
2025-05-25T15:00,27.4,0,0.00
2025-05-25T16:00,27.9,0,0.00
2025-05-25T17:00,27.9,0,0.00
2025-05-25T18:00,27.8,0,0.00
2025-05-25T19:00,27.8,2,0.00
2025-05-25T20:00,26.3,2,0.00
2025-05-25T21:00,24.5,2,0.00
2025-05-25T22:00,22.8,0,0.00
2025-05-25T23:00,21.2,1,0.00
2025-05-26T00:00,20.0,0,0.00
2025-05-26T01:00,18.9,0,0.00
2025-05-26T02:00,17.5,0,0.00
2025-05-26T03:00,16.2,0,0.00
2025-05-26T04:00,15.6,0,0.00
2025-05-26T05:00,14.9,0,0.00
2025-05-26T06:00,14.5,0,0.00
2025-05-26T07:00,14.4,0,0.00
2025-05-26T08:00,15.6,0,0.00
2025-05-26T09:00,17.8,0,0.00
2025-05-26T10:00,20.7,0,0.00
2025-05-26T11:00,23.4,0,0.00
2025-05-26T12:00,25.6,0,0.00
2025-05-26T13:00,27.4,1,0.00
2025-05-26T14:00,28.7,1,0.00
2025-05-26T15:00,28.7,3,0.00
2025-05-26T16:00,28.8,3,0.00
2025-05-26T17:00,29.3,3,0.00
2025-05-26T18:00,29.0,3,0.00
2025-05-26T19:00,28.2,3,0.00
2025-05-26T20:00,27.1,3,0.00
2025-05-26T21:00,25.7,3,0.00
2025-05-26T22:00,23.5,3,0.00
2025-05-26T23:00,22.3,3,0.00
2025-05-27T00:00,21.1,3,0.00
2025-05-27T01:00,19.7,3,0.00
2025-05-27T02:00,19.1,3,0.00
2025-05-27T03:00,18.3,0,0.00
2025-05-27T04:00,17.3,0,0.00
2025-05-27T05:00,16.6,0,0.00
2025-05-27T06:00,15.9,0,0.00
2025-05-27T07:00,15.4,0,0.00
2025-05-27T08:00,16.0,0,0.00
2025-05-27T09:00,18.0,0,0.00
2025-05-27T10:00,20.5,0,0.00
2025-05-27T11:00,23.2,0,0.00
2025-05-27T12:00,25.4,0,0.00
2025-05-27T13:00,27.3,0,0.00
2025-05-27T14:00,28.8,0,0.00
2025-05-27T15:00,29.7,0,0.00
2025-05-27T16:00,30.1,1,0.00
2025-05-27T17:00,30.1,0,0.00
2025-05-27T18:00,30.1,0,0.00
2025-05-27T19:00,29.8,0,0.00
2025-05-27T20:00,29.0,0,0.00
2025-05-27T21:00,27.3,0,0.00
2025-05-27T22:00,25.3,0,0.00
2025-05-27T23:00,24.0,0,0.00
2025-05-28T00:00,22.1,0,0.00
2025-05-28T01:00,21.2,0,0.00
2025-05-28T02:00,20.1,0,0.00
2025-05-28T03:00,19.1,3,0.00
2025-05-28T04:00,18.4,2,0.00
2025-05-28T05:00,17.7,0,0.00
2025-05-28T06:00,17.1,0,0.00
2025-05-28T07:00,16.6,2,0.00
2025-05-28T08:00,17.5,3,0.00
2025-05-28T09:00,20.0,3,0.00
2025-05-28T10:00,22.5,2,0.00
2025-05-28T11:00,25.0,1,0.00
2025-05-28T12:00,27.3,3,0.00
2025-05-28T13:00,29.3,3,0.00
2025-05-28T14:00,30.8,3,0.00
2025-05-28T15:00,32.0,3,0.00
2025-05-28T16:00,32.3,3,0.00
2025-05-28T17:00,32.2,2,0.00
2025-05-28T18:00,32.0,3,0.00
2025-05-28T19:00,31.7,2,0.00
2025-05-28T20:00,30.8,0,0.00
2025-05-28T21:00,29.1,0,0.00
2025-05-28T22:00,26.5,0,0.00
2025-05-28T23:00,25.4,0,0.00
2025-05-29T00:00,24.7,0,0.00
2025-05-29T01:00,23.4,0,0.00
2025-05-29T02:00,21.9,0,0.00
2025-05-29T03:00,20.6,0,0.00
2025-05-29T04:00,19.9,0,0.00
2025-05-29T05:00,19.4,0,0.00
2025-05-29T06:00,19.0,0,0.00
2025-05-29T07:00,18.1,0,0.00
2025-05-29T08:00,18.7,0,0.00
2025-05-29T09:00,21.0,0,0.00
2025-05-29T10:00,23.8,0,0.00
2025-05-29T11:00,26.5,0,0.00
2025-05-29T12:00,28.8,0,0.00
2025-05-29T13:00,30.9,0,0.00
2025-05-29T14:00,32.4,0,0.00
2025-05-29T15:00,33.2,0,0.00
2025-05-29T16:00,33.8,0,0.00
2025-05-29T17:00,34.1,0,0.00
2025-05-29T18:00,33.9,0,0.00
2025-05-29T19:00,33.0,0,0.00
2025-05-29T20:00,32.0,0,0.00
2025-05-29T21:00,30.3,0,0.00
2025-05-29T22:00,27.3,0,0.00
2025-05-29T23:00,25.7,0,0.00
2025-05-30T00:00,24.8,0,0.00
2025-05-30T01:00,23.8,0,0.00
2025-05-30T02:00,23.0,0,0.00
2025-05-30T03:00,20.6,1,0.00
2025-05-30T04:00,20.1,1,0.00
2025-05-30T05:00,20.7,1,0.00
2025-05-30T06:00,19.9,0,0.00
2025-05-30T07:00,19.3,0,0.00
2025-05-30T08:00,20.0,0,0.00
2025-05-30T09:00,22.5,3,0.00
2025-05-30T10:00,25.5,3,0.00
2025-05-30T11:00,27.9,3,0.00
2025-05-30T12:00,30.0,1,0.00
2025-05-30T13:00,32.1,1,0.00
2025-05-30T14:00,33.5,2,0.00
2025-05-30T15:00,33.1,2,0.00
2025-05-30T16:00,33.5,1,0.00
2025-05-30T17:00,33.6,2,0.00
2025-05-30T18:00,31.8,3,0.00
2025-05-30T19:00,31.7,2,0.00
2025-05-30T20:00,30.3,1,0.00
2025-05-30T21:00,29.2,2,0.00
2025-05-30T22:00,26.8,3,0.00
2025-05-30T23:00,25.5,1,0.00
2025-05-31T00:00,24.2,0,0.00
2025-05-31T01:00,23.0,0,0.00
2025-05-31T02:00,21.8,0,0.00
2025-05-31T03:00,20.7,0,0.00
2025-05-31T04:00,20.3,0,0.00
2025-05-31T05:00,19.7,0,0.00
2025-05-31T06:00,19.1,0,0.00
2025-05-31T07:00,18.2,0,0.00
2025-05-31T08:00,18.9,0,0.00
2025-05-31T09:00,21.6,0,0.00
2025-05-31T10:00,24.7,0,0.00
2025-05-31T11:00,27.4,0,0.00
2025-05-31T12:00,29.8,0,0.00
2025-05-31T13:00,31.9,0,0.00
2025-05-31T14:00,33.5,1,0.00
2025-05-31T15:00,32.8,2,0.00
2025-05-31T16:00,33.2,1,0.00
2025-05-31T17:00,32.7,2,0.00
2025-05-31T18:00,32.7,2,0.00
2025-05-31T19:00,33.1,1,0.00
2025-05-31T20:00,32.2,1,0.00
2025-05-31T21:00,29.7,1,0.00
2025-05-31T22:00,27.4,0,0.00
2025-05-31T23:00,26.6,3,0.00
2025-06-01T00:00,25.3,0,0.00
2025-06-01T01:00,24.2,1,0.00
2025-06-01T02:00,22.9,3,0.00
2025-06-01T03:00,21.4,3,0.00
2025-06-01T04:00,20.7,3,0.00
2025-06-01T05:00,20.4,3,0.00
2025-06-01T06:00,20.3,3,0.00
2025-06-01T07:00,19.9,3,0.00
2025-06-01T08:00,20.4,3,0.00
2025-06-01T09:00,22.7,3,0.00
2025-06-01T10:00,25.0,3,0.00
2025-06-01T11:00,26.8,3,0.00
2025-06-01T12:00,29.2,3,0.00
2025-06-01T13:00,31.4,3,0.00
2025-06-01T14:00,33.1,3,0.00
2025-06-01T15:00,32.7,3,0.00
2025-06-01T16:00,32.7,3,0.00
2025-06-01T17:00,32.9,3,0.00
2025-06-01T18:00,32.6,3,0.00
2025-06-01T19:00,30.1,3,0.00
2025-06-01T20:00,29.6,3,0.00
2025-06-01T21:00,27.9,3,0.00
2025-06-01T22:00,26.1,3,0.00
2025-06-01T23:00,22.9,3,0.00
2025-06-02T00:00,22.8,3,0.00
2025-06-02T01:00,22.2,3,0.00
2025-06-02T02:00,21.2,3,0.00
2025-06-02T03:00,21.4,3,0.00
2025-06-02T04:00,21.0,3,0.00
2025-06-02T05:00,20.1,3,0.00
2025-06-02T06:00,19.3,3,0.00
2025-06-02T07:00,18.5,3,0.00
2025-06-02T08:00,18.8,3,0.00
2025-06-02T09:00,20.6,3,0.00
2025-06-02T10:00,22.8,1,0.00
2025-06-02T11:00,24.8,1,0.00
2025-06-02T12:00,26.8,0,0.00
2025-06-02T13:00,28.8,0,0.00
2025-06-02T14:00,30.2,1,0.00
2025-06-02T15:00,29.6,51,0.30
2025-06-02T16:00,30.6,3,0.00
2025-06-02T17:00,30.7,51,0.20
2025-06-02T18:00,30.2,53,0.60
2025-06-02T19:00,29.3,2,0.00
2025-06-02T20:00,27.4,2,0.00
2025-06-02T21:00,22.0,2,0.00
2025-06-02T22:00,22.2,1,0.00
2025-06-02T23:00,21.8,1,0.00
2025-06-03T00:00,21.1,1,0.00
2025-06-03T01:00,20.2,0,0.00
2025-06-03T02:00,19.5,0,0.00
2025-06-03T03:00,19.5,0,0.00
2025-06-03T04:00,19.1,0,0.00
2025-06-03T05:00,18.4,1,0.00
2025-06-03T06:00,17.5,1,0.00
2025-06-03T07:00,17.1,1,0.00
2025-06-03T08:00,17.4,1,0.00
2025-06-03T09:00,18.4,1,0.00
2025-06-03T10:00,20.0,2,0.00
2025-06-03T11:00,20.8,2,0.00
2025-06-03T12:00,21.9,1,0.00
2025-06-03T13:00,23.2,2,0.00
2025-06-03T14:00,23.5,3,0.00
2025-06-03T15:00,22.8,51,0.30
2025-06-03T16:00,21.7,51,0.30
2025-06-03T17:00,23.3,3,0.00
2025-06-03T18:00,24.0,3,0.00
2025-06-03T19:00,23.3,3,0.00
2025-06-03T20:00,21.8,51,0.10
2025-06-03T21:00,20.6,3,0.00
2025-06-03T22:00,19.6,0,0.00
2025-06-03T23:00,18.5,0,0.00
2025-06-04T00:00,17.6,0,0.00
2025-06-04T01:00,16.9,0,0.00
2025-06-04T02:00,16.2,0,0.00
2025-06-04T03:00,15.8,2,0.00
2025-06-04T04:00,15.3,0,0.00
2025-06-04T05:00,15.0,0,0.00
2025-06-04T06:00,14.6,2,0.00
2025-06-04T07:00,13.8,0,0.00
2025-06-04T08:00,14.7,0,0.00
2025-06-04T09:00,16.3,0,0.00
2025-06-04T10:00,18.2,0,0.00
2025-06-04T11:00,20.1,0,0.00
2025-06-04T12:00,22.3,1,0.00
2025-06-04T13:00,23.6,2,0.00
2025-06-04T14:00,24.2,3,0.00
2025-06-04T15:00,23.2,3,0.00
2025-06-04T16:00,24.4,3,0.00
2025-06-04T17:00,25.0,3,0.00
2025-06-04T18:00,24.7,3,0.00
2025-06-04T19:00,24.3,3,0.00
2025-06-04T20:00,23.1,3,0.00
2025-06-04T21:00,22.0,1,0.00
2025-06-04T22:00,20.5,3,0.00
2025-06-04T23:00,19.5,3,0.00
2025-06-05T00:00,18.4,2,0.00
2025-06-05T01:00,17.5,2,0.00
2025-06-05T02:00,16.8,3,0.00
2025-06-05T03:00,16.5,3,0.00
2025-06-05T04:00,15.8,3,0.00
2025-06-05T05:00,15.2,0,0.00
2025-06-05T06:00,14.2,2,0.00
2025-06-05T07:00,13.3,3,0.00
2025-06-05T08:00,14.4,3,0.00
2025-06-05T09:00,17.1,1,0.00
2025-06-05T10:00,19.7,1,0.00
2025-06-05T11:00,21.7,1,0.00
2025-06-05T12:00,23.3,0,0.00
2025-06-05T13:00,24.8,1,0.00
2025-06-05T14:00,25.9,2,0.00
2025-06-05T15:00,27.0,0,0.00
2025-06-05T16:00,27.9,1,0.00
2025-06-05T17:00,28.3,0,0.00
2025-06-05T18:00,28.3,0,0.00
2025-06-05T19:00,28.2,0,0.00
2025-06-05T20:00,27.3,0,0.00
2025-06-05T21:00,25.8,0,0.00
2025-06-05T22:00,23.8,0,0.00
2025-06-05T23:00,22.5,0,0.00
2025-06-06T00:00,20.8,0,0.00
2025-06-06T01:00,19.6,0,0.00
2025-06-06T02:00,18.7,1,0.00
2025-06-06T03:00,17.6,0,0.00
2025-06-06T04:00,16.4,0,0.00
2025-06-06T05:00,15.6,0,0.00
2025-06-06T06:00,15.2,1,0.00
2025-06-06T07:00,14.7,0,0.00
2025-06-06T08:00,15.8,0,0.00
2025-06-06T09:00,18.4,2,0.00
2025-06-06T10:00,21.4,3,0.00
2025-06-06T11:00,23.7,3,0.00
2025-06-06T12:00,25.8,3,0.00
2025-06-06T13:00,27.5,3,0.00
2025-06-06T14:00,28.5,0,0.00
2025-06-06T15:00,29.3,0,0.00
2025-06-06T16:00,30.0,0,0.00
2025-06-06T17:00,30.3,0,0.00
2025-06-06T18:00,30.4,0,0.00
2025-06-06T19:00,29.7,0,0.00
2025-06-06T20:00,28.7,0,0.00
2025-06-06T21:00,27.2,0,0.00
2025-06-06T22:00,25.3,0,0.00
2025-06-06T23:00,24.0,0,0.00
2025-06-07T00:00,23.0,0,0.00
2025-06-07T01:00,21.7,0,0.00
2025-06-07T02:00,20.3,0,0.00
2025-06-07T03:00,18.7,0,0.00
2025-06-07T04:00,17.7,0,0.00
2025-06-07T05:00,16.7,0,0.00
2025-06-07T06:00,16.1,0,0.00
2025-06-07T07:00,15.3,0,0.00
2025-06-07T08:00,16.4,0,0.00
2025-06-07T09:00,19.3,1,0.00
2025-06-07T10:00,22.2,1,0.00
2025-06-07T11:00,24.5,2,0.00
2025-06-07T12:00,26.5,1,0.00
2025-06-07T13:00,28.3,1,0.00
2025-06-07T14:00,29.2,0,0.00
2025-06-07T15:00,30.3,1,0.00
2025-06-07T16:00,30.9,0,0.00
2025-06-07T17:00,31.0,0,0.00
2025-06-07T18:00,30.7,2,0.00
2025-06-07T19:00,30.5,3,0.00
2025-06-07T20:00,29.7,3,0.00
2025-06-07T21:00,28.0,0,0.00
2025-06-07T22:00,25.8,0,0.00
2025-06-07T23:00,24.4,0,0.00
2025-06-08T00:00,23.4,0,0.00
2025-06-08T01:00,22.4,0,0.00
2025-06-08T02:00,20.5,0,0.00
2025-06-08T03:00,18.4,0,0.00
2025-06-08T04:00,17.6,0,0.00
2025-06-08T05:00,16.8,0,0.00
2025-06-08T06:00,16.0,0,0.00
2025-06-08T07:00,16.0,0,0.00
2025-06-08T08:00,17.5,0,0.00
2025-06-08T09:00,20.2,0,0.00
2025-06-08T10:00,23.1,0,0.00
2025-06-08T11:00,25.8,0,0.00
2025-06-08T12:00,28.0,0,0.00
2025-06-08T13:00,29.8,0,0.00
2025-06-08T14:00,31.4,0,0.00
2025-06-08T15:00,32.6,0,0.00
2025-06-08T16:00,33.5,0,0.00
2025-06-08T17:00,33.7,0,0.00
2025-06-08T18:00,33.6,0,0.00
2025-06-08T19:00,33.0,0,0.00
2025-06-08T20:00,32.5,0,0.00
2025-06-08T21:00,31.5,0,0.00
2025-06-08T22:00,29.2,0,0.00
2025-06-08T23:00,27.0,0,0.00
2025-06-09T00:00,24.8,0,0.00
2025-06-09T01:00,23.4,0,0.00
2025-06-09T02:00,22.4,0,0.00
2025-06-09T03:00,21.2,0,0.00
2025-06-09T04:00,20.5,0,0.00
2025-06-09T05:00,19.8,1,0.00
2025-06-09T06:00,19.0,0,0.00
2025-06-09T07:00,18.3,1,0.00
2025-06-09T08:00,19.0,3,0.00
2025-06-09T09:00,21.4,1,0.00
2025-06-09T10:00,24.1,0,0.00
2025-06-09T11:00,26.7,0,0.00
2025-06-09T12:00,29.3,0,0.00
2025-06-09T13:00,31.8,0,0.00
2025-06-09T14:00,34.0,2,0.00
2025-06-09T15:00,35.2,3,0.00
2025-06-09T16:00,36.0,0,0.00
2025-06-09T17:00,33.7,3,0.00
2025-06-09T18:00,33.1,3,0.00
2025-06-09T19:00,33.3,3,0.00
2025-06-09T20:00,32.7,3,0.00
2025-06-09T21:00,31.8,3,0.00
2025-06-09T22:00,29.5,3,0.00
2025-06-09T23:00,28.7,2,0.00
2025-06-10T00:00,27.3,0,0.00
2025-06-10T01:00,25.8,1,0.00
2025-06-10T02:00,24.3,3,0.00
2025-06-10T03:00,23.1,1,0.00
2025-06-10T04:00,22.1,3,0.00
2025-06-10T05:00,21.4,3,0.00
2025-06-10T06:00,21.1,3,0.00
2025-06-10T07:00,20.9,0,0.00
2025-06-10T08:00,21.4,0,0.00
2025-06-10T09:00,23.9,0,0.00
2025-06-10T10:00,26.9,1,0.00
2025-06-10T11:00,29.2,3,0.00
2025-06-10T12:00,31.1,3,0.00
2025-06-10T13:00,32.2,3,0.00
2025-06-10T14:00,31.1,3,0.00
2025-06-10T15:00,31.0,3,0.00
2025-06-10T16:00,33.3,3,0.00
2025-06-10T17:00,33.8,3,0.00
2025-06-10T18:00,32.5,3,0.00
2025-06-10T19:00,30.7,3,0.00
2025-06-10T20:00,31.6,2,0.00
2025-06-10T21:00,30.4,1,0.00
2025-06-10T22:00,28.7,1,0.00
2025-06-10T23:00,27.1,3,0.00
2025-06-11T00:00,26.0,3,0.00
2025-06-11T01:00,24.0,51,0.10
2025-06-11T02:00,23.3,3,0.00
2025-06-11T03:00,22.3,53,0.70
2025-06-11T04:00,21.3,3,0.00
2025-06-11T05:00,21.3,51,0.20
2025-06-11T06:00,21.2,3,0.00
2025-06-11T07:00,21.4,3,0.00
2025-06-11T08:00,21.4,3,0.00
2025-06-11T09:00,22.2,3,0.00
2025-06-11T10:00,23.4,3,0.00
2025-06-11T11:00,23.2,3,0.00
2025-06-11T12:00,23.6,3,0.00
2025-06-11T13:00,25.1,3,0.00
2025-06-11T14:00,26.1,3,0.00
2025-06-11T15:00,21.7,63,4.50
2025-06-11T16:00,23.9,53,0.80
2025-06-11T17:00,19.8,65,10.50
2025-06-11T18:00,19.6,61,2.20
2025-06-11T19:00,19.0,51,0.10
2025-06-11T20:00,18.5,3,0.00
2025-06-11T21:00,18.8,2,0.00
2025-06-11T22:00,18.3,0,0.00
2025-06-11T23:00,17.6,0,0.00
2025-06-12T00:00,16.9,0,0.00
2025-06-12T01:00,16.4,0,0.00
2025-06-12T02:00,16.0,0,0.00
2025-06-12T03:00,16.4,2,0.00
2025-06-12T04:00,15.9,0,0.00
2025-06-12T05:00,15.4,0,0.00
2025-06-12T06:00,15.1,3,0.00
2025-06-12T07:00,15.0,3,0.00
2025-06-12T08:00,16.4,3,0.00
2025-06-12T09:00,17.7,1,0.00
2025-06-12T10:00,19.3,1,0.00
2025-06-12T11:00,21.2,0,0.00
2025-06-12T12:00,22.8,1,0.00
2025-06-12T13:00,24.2,0,0.00
2025-06-12T14:00,25.2,0,0.00
2025-06-12T15:00,25.7,0,0.00
2025-06-12T16:00,26.4,0,0.00
2025-06-12T17:00,26.7,0,0.00
2025-06-12T18:00,26.6,0,0.00
2025-06-12T19:00,26.2,0,0.00
2025-06-12T20:00,25.7,0,0.00
2025-06-12T21:00,23.9,0,0.00
2025-06-12T22:00,21.8,0,0.00
2025-06-12T23:00,20.5,0,0.00
2025-06-13T00:00,19.5,0,0.00
2025-06-13T01:00,18.4,0,0.00
2025-06-13T02:00,17.7,0,0.00
2025-06-13T03:00,16.8,3,0.00
2025-06-13T04:00,16.6,3,0.00
2025-06-13T05:00,16.3,1,0.00
2025-06-13T06:00,15.9,0,0.00
2025-06-13T07:00,15.6,0,0.00
2025-06-13T08:00,16.8,0,0.00
2025-06-13T09:00,19.7,0,0.00
2025-06-13T10:00,22.4,2,0.00
2025-06-13T11:00,24.3,1,0.00
2025-06-13T12:00,26.0,2,0.00
2025-06-13T13:00,27.3,2,0.00
2025-06-13T14:00,28.3,3,0.00
2025-06-13T15:00,29.4,3,0.00
2025-06-13T16:00,29.8,3,0.00
2025-06-13T17:00,29.8,3,0.00
2025-06-13T18:00,29.1,3,0.00
2025-06-13T19:00,29.1,3,0.00
2025-06-13T20:00,28.3,1,0.00
2025-06-13T21:00,26.1,2,0.00
2025-06-13T22:00,23.8,2,0.00
2025-06-13T23:00,23.0,2,0.00
2025-06-14T00:00,22.4,2,0.00
2025-06-14T01:00,21.4,0,0.00
2025-06-14T02:00,19.4,0,0.00
2025-06-14T03:00,19.9,0,0.00
2025-06-14T04:00,17.8,0,0.00
2025-06-14T05:00,17.2,0,0.00
2025-06-14T06:00,16.5,0,0.00
2025-06-14T07:00,16.6,0,0.00
2025-06-14T08:00,17.7,0,0.00
2025-06-14T09:00,20.5,0,0.00
2025-06-14T10:00,23.5,0,0.00
2025-06-14T11:00,25.6,0,0.00
2025-06-14T12:00,27.7,0,0.00
2025-06-14T13:00,29.3,0,0.00
2025-06-14T14:00,30.0,0,0.00
2025-06-14T15:00,30.4,0,0.00
2025-06-14T16:00,31.1,0,0.00
2025-06-14T17:00,31.5,0,0.00
2025-06-14T18:00,31.7,0,0.00
2025-06-14T19:00,30.8,0,0.00
2025-06-14T20:00,30.2,0,0.00
2025-06-14T21:00,28.6,0,0.00
2025-06-14T22:00,26.3,0,0.00
2025-06-14T23:00,25.4,0,0.00
2025-06-15T00:00,24.7,1,0.00
2025-06-15T01:00,23.5,2,0.00
2025-06-15T02:00,22.0,3,0.00
2025-06-15T03:00,21.5,2,0.00
2025-06-15T04:00,20.3,0,0.00
2025-06-15T05:00,18.9,1,0.00
2025-06-15T06:00,18.7,1,0.00
2025-06-15T07:00,18.3,1,0.00
2025-06-15T08:00,19.5,1,0.00
2025-06-15T09:00,22.4,0,0.00
2025-06-15T10:00,25.5,0,0.00
2025-06-15T11:00,27.8,0,0.00
2025-06-15T12:00,29.8,0,0.00
2025-06-15T13:00,31.7,0,0.00
2025-06-15T14:00,32.9,0,0.00
2025-06-15T15:00,33.8,1,0.00
2025-06-15T16:00,34.4,1,0.00
2025-06-15T17:00,34.3,0,0.00
2025-06-15T18:00,33.7,0,0.00
2025-06-15T19:00,33.3,0,0.00
2025-06-15T20:00,32.7,0,0.00
2025-06-15T21:00,31.5,0,0.00
2025-06-15T22:00,28.4,0,0.00
2025-06-15T23:00,27.4,0,0.00
2025-06-16T00:00,25.7,0,0.00
2025-06-16T01:00,24.4,0,0.00
2025-06-16T02:00,23.2,0,0.00
2025-06-16T03:00,23.0,0,0.00
2025-06-16T04:00,22.1,0,0.00
2025-06-16T05:00,21.4,0,0.00
2025-06-16T06:00,20.6,0,0.00
2025-06-16T07:00,19.9,0,0.00
2025-06-16T08:00,20.7,0,0.00
2025-06-16T09:00,22.9,0,0.00
2025-06-16T10:00,25.4,0,0.00
2025-06-16T11:00,27.6,0,0.00
2025-06-16T12:00,29.9,0,0.00
2025-06-16T13:00,32.0,0,0.00
2025-06-16T14:00,33.9,0,0.00
2025-06-16T15:00,35.0,1,0.00
2025-06-16T16:00,35.9,1,0.00
2025-06-16T17:00,36.4,1,0.00
2025-06-16T18:00,35.5,1,0.00
2025-06-16T19:00,34.2,1,0.00
2025-06-16T20:00,32.6,3,0.00
2025-06-16T21:00,31.0,3,0.00
2025-06-16T22:00,28.9,2,0.00
2025-06-16T23:00,27.3,0,0.00
2025-06-17T00:00,25.7,3,0.00
2025-06-17T01:00,25.4,0,0.00
2025-06-17T02:00,24.6,1,0.00
2025-06-17T03:00,24.3,3,0.00
2025-06-17T04:00,23.5,3,0.00
2025-06-17T05:00,22.4,3,0.00
2025-06-17T06:00,22.2,3,0.00
2025-06-17T07:00,22.6,3,0.00
2025-06-17T08:00,23.2,0,0.00
2025-06-17T09:00,24.9,0,0.00
2025-06-17T10:00,27.7,1,0.00
2025-06-17T11:00,30.5,0,0.00
2025-06-17T12:00,33.1,0,0.00
2025-06-17T13:00,34.8,0,0.00
2025-06-17T14:00,35.6,1,0.00
2025-06-17T15:00,32.8,3,0.00
2025-06-17T16:00,33.0,3,0.00
2025-06-17T17:00,33.3,3,0.00
2025-06-17T18:00,33.7,3,0.00
2025-06-17T19:00,33.5,3,0.00
2025-06-17T20:00,33.3,3,0.00
2025-06-17T21:00,32.6,2,0.00
2025-06-17T22:00,30.5,1,0.00
2025-06-17T23:00,28.9,0,0.00
2025-06-18T00:00,27.7,0,0.00
2025-06-18T01:00,26.7,0,0.00
2025-06-18T02:00,24.8,0,0.00
2025-06-18T03:00,23.2,1,0.00
2025-06-18T04:00,22.5,0,0.00
2025-06-18T05:00,21.9,0,0.00
2025-06-18T06:00,21.6,0,0.00
2025-06-18T07:00,21.3,0,0.00
2025-06-18T08:00,22.1,0,0.00
2025-06-18T09:00,24.4,0,0.00
2025-06-18T10:00,27.6,0,0.00
2025-06-18T11:00,30.0,0,0.00
2025-06-18T12:00,32.0,0,0.00
2025-06-18T13:00,33.8,0,0.00
2025-06-18T14:00,35.3,3,0.00
2025-06-18T15:00,35.6,3,0.00
2025-06-18T16:00,35.2,3,0.00
2025-06-18T17:00,35.5,3,0.00
2025-06-18T18:00,35.5,3,0.00
2025-06-18T19:00,35.3,3,0.00
2025-06-18T20:00,34.3,3,0.00
2025-06-18T21:00,32.8,3,0.00
2025-06-18T22:00,30.4,3,0.00
2025-06-18T23:00,29.1,3,0.00
2025-06-19T00:00,27.2,3,0.00
2025-06-19T01:00,26.1,3,0.00
2025-06-19T02:00,25.3,3,0.00
2025-06-19T03:00,23.0,1,0.00
2025-06-19T04:00,21.5,2,0.00
2025-06-19T05:00,21.4,3,0.00
2025-06-19T06:00,21.2,0,0.00
2025-06-19T07:00,20.8,0,0.00
2025-06-19T08:00,21.9,2,0.00
2025-06-19T09:00,25.0,1,0.00
2025-06-19T10:00,28.6,0,0.00
2025-06-19T11:00,31.6,2,0.00
2025-06-19T12:00,34.0,3,0.00
2025-06-19T13:00,35.3,3,0.00
2025-06-19T14:00,35.6,3,0.00
2025-06-19T15:00,33.2,3,0.00
2025-06-19T16:00,30.3,51,0.10
2025-06-19T17:00,31.7,2,0.00
2025-06-19T18:00,32.6,2,0.00
2025-06-19T19:00,32.4,2,0.00
2025-06-19T20:00,32.0,2,0.00
2025-06-19T21:00,31.0,1,0.00
2025-06-19T22:00,28.6,0,0.00
2025-06-19T23:00,27.0,0,0.00
2025-06-20T00:00,25.7,1,0.00
2025-06-20T01:00,25.0,3,0.00
2025-06-20T02:00,23.9,3,0.00
2025-06-20T03:00,22.8,0,0.00
2025-06-20T04:00,21.9,0,0.00
2025-06-20T05:00,21.0,0,0.00
2025-06-20T06:00,20.7,0,0.00
2025-06-20T07:00,20.4,0,0.00
2025-06-20T08:00,21.2,0,0.00
2025-06-20T09:00,23.6,0,0.00
2025-06-20T10:00,26.8,0,0.00
2025-06-20T11:00,29.6,0,0.00
2025-06-20T12:00,32.0,0,0.00
2025-06-20T13:00,33.9,0,0.00
2025-06-20T14:00,35.3,1,0.00
2025-06-20T15:00,35.9,2,0.00
2025-06-20T16:00,36.2,2,0.00
2025-06-20T17:00,36.0,2,0.00
2025-06-20T18:00,35.8,2,0.00
2025-06-20T19:00,34.9,1,0.00
2025-06-20T20:00,34.1,1,0.00
2025-06-20T21:00,33.3,2,0.00
2025-06-20T22:00,31.0,2,0.00
2025-06-20T23:00,29.8,1,0.00
2025-06-21T00:00,28.8,0,0.00
2025-06-21T01:00,27.4,0,0.00
2025-06-21T02:00,25.9,0,0.00
2025-06-21T03:00,24.1,1,0.00
2025-06-21T04:00,23.1,2,0.00
2025-06-21T05:00,22.8,1,0.00
2025-06-21T06:00,22.3,0,0.00
2025-06-21T07:00,21.7,1,0.00
2025-06-21T08:00,22.7,0,0.00
2025-06-21T09:00,25.6,0,0.00
2025-06-21T10:00,28.5,0,0.00
2025-06-21T11:00,30.9,0,0.00
2025-06-21T12:00,33.0,0,0.00
2025-06-21T13:00,34.8,1,0.00
2025-06-21T14:00,35.8,1,0.00
2025-06-21T15:00,36.7,1,0.00
2025-06-21T16:00,36.3,3,0.00
2025-06-21T17:00,36.3,3,0.00
2025-06-21T18:00,35.8,3,0.00
2025-06-21T19:00,33.8,3,0.00
2025-06-21T20:00,32.8,3,0.00
2025-06-21T21:00,32.8,3,0.00
2025-06-21T22:00,30.6,2,0.00
2025-06-21T23:00,29.0,1,0.00
2025-06-22T00:00,27.2,0,0.00
2025-06-22T01:00,26.2,0,0.00
2025-06-22T02:00,24.7,0,0.00
2025-06-22T03:00,22.2,0,0.00
2025-06-22T04:00,22.2,0,0.00
2025-06-22T05:00,22.2,0,0.00
2025-06-22T06:00,21.9,0,0.00
2025-06-22T07:00,21.4,0,0.00
2025-06-22T08:00,22.3,0,0.00
2025-06-22T09:00,25.1,0,0.00
2025-06-22T10:00,27.5,1,0.00
2025-06-22T11:00,29.2,1,0.00
2025-06-22T12:00,31.5,0,0.00
2025-06-22T13:00,33.5,2,0.00
2025-06-22T14:00,35.0,1,0.00
2025-06-22T15:00,33.9,3,0.00
2025-06-22T16:00,32.1,1,0.00
2025-06-22T17:00,33.5,1,0.00
2025-06-22T18:00,32.6,0,0.00
2025-06-22T19:00,32.8,1,0.00
2025-06-22T20:00,32.7,2,0.00
2025-06-22T21:00,32.3,3,0.00
2025-06-22T22:00,30.3,1,0.00
2025-06-22T23:00,29.1,0,0.00
2025-06-23T00:00,27.8,0,0.00
2025-06-23T01:00,26.8,0,0.00
2025-06-23T02:00,26.0,0,0.00
2025-06-23T03:00,25.1,0,0.00
2025-06-23T04:00,23.9,0,0.00
2025-06-23T05:00,23.0,0,0.00
2025-06-23T06:00,22.4,0,0.00
2025-06-23T07:00,21.9,0,0.00
2025-06-23T08:00,22.7,1,0.00
2025-06-23T09:00,25.1,1,0.00
2025-06-23T10:00,27.1,2,0.00
2025-06-23T11:00,28.8,3,0.00
2025-06-23T12:00,30.9,3,0.00
2025-06-23T13:00,32.6,3,0.00
2025-06-23T14:00,33.2,3,0.00
2025-06-23T15:00,35.1,3,0.00
2025-06-23T16:00,36.6,3,0.00
2025-06-23T17:00,35.4,3,0.00
2025-06-23T18:00,35.6,3,0.00
2025-06-23T19:00,33.8,3,0.00
2025-06-23T20:00,31.3,3,0.00
2025-06-23T21:00,31.2,3,0.00
2025-06-23T22:00,29.7,3,0.00
2025-06-23T23:00,28.2,2,0.00
2025-06-24T00:00,28.2,1,0.00
2025-06-24T01:00,27.8,1,0.00
2025-06-24T02:00,27.0,2,0.00
2025-06-24T03:00,26.4,2,0.00
2025-06-24T04:00,26.1,2,0.00
2025-06-24T05:00,24.8,2,0.00
2025-06-24T06:00,23.8,3,0.00
2025-06-24T07:00,22.9,3,0.00
2025-06-24T08:00,23.7,1,0.00
2025-06-24T09:00,26.1,1,0.00
2025-06-24T10:00,27.8,1,0.00
2025-06-24T11:00,29.8,2,0.00
2025-06-24T12:00,31.6,3,0.00
2025-06-24T13:00,32.0,3,0.00
2025-06-24T14:00,32.6,3,0.00
2025-06-24T15:00,33.8,3,0.00
2025-06-24T16:00,33.2,51,0.40
2025-06-24T17:00,32.4,51,0.10
2025-06-24T18:00,31.9,51,0.20
2025-06-24T19:00,30.9,1,0.00
2025-06-24T20:00,31.0,3,0.00
2025-06-24T21:00,27.5,3,0.00
2025-06-24T22:00,25.8,51,0.10
2025-06-24T23:00,23.8,3,0.00
2025-06-25T00:00,22.5,2,0.00
2025-06-25T01:00,20.2,53,0.50
2025-06-25T02:00,18.3,63,3.90
2025-06-25T03:00,20.6,1,0.00
2025-06-25T04:00,20.2,1,0.00
2025-06-25T05:00,19.7,1,0.00
2025-06-25T06:00,19.1,0,0.00
2025-06-25T07:00,18.4,0,0.00
2025-06-25T08:00,18.4,0,0.00
2025-06-25T09:00,19.4,0,0.00
2025-06-25T10:00,20.9,0,0.00
2025-06-25T11:00,22.6,0,0.00
2025-06-25T12:00,23.9,0,0.00
2025-06-25T13:00,25.1,0,0.00
2025-06-25T14:00,26.6,0,0.00
2025-06-25T15:00,26.9,0,0.00
2025-06-25T16:00,26.9,0,0.00
2025-06-25T17:00,26.6,0,0.00
2025-06-25T18:00,26.7,0,0.00
2025-06-25T19:00,26.4,0,0.00
2025-06-25T20:00,25.5,0,0.00
2025-06-25T21:00,24.0,0,0.00
2025-06-25T22:00,21.9,0,0.00
2025-06-25T23:00,20.7,0,0.00
2025-06-26T00:00,20.0,0,0.00
2025-06-26T01:00,19.3,0,0.00
2025-06-26T02:00,18.4,0,0.00
2025-06-26T03:00,17.2,0,0.00
2025-06-26T04:00,16.4,0,0.00
2025-06-26T05:00,15.6,0,0.00
2025-06-26T06:00,15.0,0,0.00
2025-06-26T07:00,14.6,0,0.00
2025-06-26T08:00,15.9,0,0.00
2025-06-26T09:00,19.2,0,0.00
2025-06-26T10:00,22.3,0,0.00
2025-06-26T11:00,24.4,0,0.00
2025-06-26T12:00,26.2,0,0.00
2025-06-26T13:00,27.8,0,0.00
2025-06-26T14:00,29.1,0,0.00
2025-06-26T15:00,30.2,0,0.00
2025-06-26T16:00,31.0,0,0.00
2025-06-26T17:00,31.4,0,0.00
2025-06-26T18:00,31.5,0,0.00
2025-06-26T19:00,31.3,0,0.00
2025-06-26T20:00,30.7,0,0.00
2025-06-26T21:00,29.0,0,0.00
2025-06-26T22:00,26.9,0,0.00
2025-06-26T23:00,25.3,0,0.00
2025-06-27T00:00,23.7,0,0.00
2025-06-27T01:00,22.6,0,0.00
2025-06-27T02:00,21.8,0,0.00
2025-06-27T03:00,20.0,0,0.00
2025-06-27T04:00,20.6,0,0.00
2025-06-27T05:00,20.3,0,0.00
2025-06-27T06:00,19.8,0,0.00
2025-06-27T07:00,19.3,0,0.00
2025-06-27T08:00,20.1,0,0.00
2025-06-27T09:00,22.6,0,0.00
2025-06-27T10:00,25.1,0,0.00
2025-06-27T11:00,27.3,0,0.00
2025-06-27T12:00,29.8,0,0.00
2025-06-27T13:00,32.1,0,0.00
2025-06-27T14:00,33.7,0,0.00
2025-06-27T15:00,34.5,0,0.00
2025-06-27T16:00,35.1,0,0.00
2025-06-27T17:00,35.5,0,0.00
2025-06-27T18:00,35.5,0,0.00
2025-06-27T19:00,35.2,0,0.00
2025-06-27T20:00,34.8,0,0.00
2025-06-27T21:00,33.2,0,0.00
2025-06-27T22:00,30.6,0,0.00
2025-06-27T23:00,28.7,0,0.00
2025-06-28T00:00,27.0,0,0.00
2025-06-28T01:00,25.5,0,0.00
2025-06-28T02:00,24.0,0,0.00
2025-06-28T03:00,22.0,0,0.00
2025-06-28T04:00,23.4,0,0.00
2025-06-28T05:00,23.7,0,0.00
2025-06-28T06:00,23.2,0,0.00
2025-06-28T07:00,22.5,0,0.00
2025-06-28T08:00,22.9,0,0.00
2025-06-28T09:00,25.1,0,0.00
2025-06-28T10:00,27.7,0,0.00
2025-06-28T11:00,30.2,0,0.00
2025-06-28T12:00,32.6,0,0.00
2025-06-28T13:00,35.0,0,0.00
2025-06-28T14:00,36.6,0,0.00
2025-06-28T15:00,37.4,0,0.00
2025-06-28T16:00,37.9,0,0.00
2025-06-28T17:00,37.8,0,0.00
2025-06-28T18:00,37.3,0,0.00
2025-06-28T19:00,36.9,0,0.00
2025-06-28T20:00,36.1,0,0.00
2025-06-28T21:00,35.3,0,0.00
2025-06-28T22:00,33.4,1,0.00
2025-06-28T23:00,31.7,1,0.00
2025-06-29T00:00,29.9,0,0.00
2025-06-29T01:00,28.6,0,0.00
2025-06-29T02:00,27.7,0,0.00
2025-06-29T03:00,26.9,0,0.00
2025-06-29T04:00,26.1,1,0.00
2025-06-29T05:00,25.3,0,0.00
2025-06-29T06:00,24.6,0,0.00
2025-06-29T07:00,24.0,0,0.00
2025-06-29T08:00,24.4,0,0.00
2025-06-29T09:00,26.4,0,0.00
2025-06-29T10:00,29.1,0,0.00
2025-06-29T11:00,31.6,0,0.00
2025-06-29T12:00,33.9,0,0.00
2025-06-29T13:00,36.1,0,0.00
2025-06-29T14:00,37.5,1,0.00
2025-06-29T15:00,37.6,0,0.00
2025-06-29T16:00,38.2,1,0.00
2025-06-29T17:00,38.7,0,0.00
2025-06-29T18:00,38.1,1,0.00
2025-06-29T19:00,37.6,1,0.00
2025-06-29T20:00,37.2,2,0.00
2025-06-29T21:00,34.3,2,0.00
2025-06-29T22:00,32.3,1,0.00
2025-06-29T23:00,31.8,0,0.00
2025-06-30T00:00,30.3,2,0.00
2025-06-30T01:00,29.8,2,0.00
2025-06-30T02:00,28.5,0,0.00
2025-06-30T03:00,27.1,0,0.00
2025-06-30T04:00,26.1,2,0.00
2025-06-30T05:00,25.7,0,0.00
2025-06-30T06:00,25.0,0,0.00
2025-06-30T07:00,23.9,0,0.00
2025-06-30T08:00,24.4,0,0.00
2025-06-30T09:00,26.8,0,0.00
2025-06-30T10:00,29.6,0,0.00
2025-06-30T11:00,31.9,0,0.00
2025-06-30T12:00,33.9,0,0.00
2025-06-30T13:00,35.6,0,0.00
2025-06-30T14:00,36.8,0,0.00
2025-06-30T15:00,35.0,3,0.00
2025-06-30T16:00,32.5,51,0.10
2025-06-30T17:00,35.2,3,0.00
2025-06-30T18:00,35.8,3,0.00
2025-06-30T19:00,35.7,2,0.00
2025-06-30T20:00,35.4,0,0.00
2025-06-30T21:00,34.2,0,0.00
2025-06-30T22:00,31.8,1,0.00
2025-06-30T23:00,30.3,0,0.00
2025-07-01T00:00,29.3,0,0.00
2025-07-01T01:00,27.9,1,0.00
2025-07-01T02:00,26.9,0,0.00
2025-07-01T03:00,23.8,0,0.00
2025-07-01T04:00,22.8,0,0.00
2025-07-01T05:00,22.0,0,0.00
2025-07-01T06:00,21.2,0,0.00
2025-07-01T07:00,21.0,0,0.00
2025-07-01T08:00,22.3,0,0.00
2025-07-01T09:00,25.2,0,0.00
2025-07-01T10:00,28.4,0,0.00
2025-07-01T11:00,30.9,0,0.00
2025-07-01T12:00,32.9,0,0.00
2025-07-01T13:00,34.5,0,0.00
2025-07-01T14:00,35.4,1,0.00
2025-07-01T15:00,35.9,1,0.00
2025-07-01T16:00,35.6,1,0.00
2025-07-01T17:00,36.3,0,0.00
2025-07-01T18:00,36.7,0,0.00
2025-07-01T19:00,36.5,0,0.00
2025-07-01T20:00,35.7,3,0.00
2025-07-01T21:00,34.7,3,0.00
2025-07-01T22:00,32.7,2,0.00
2025-07-01T23:00,31.6,2,0.00
2025-07-02T00:00,31.0,1,0.00
2025-07-02T01:00,30.2,0,0.00
2025-07-02T02:00,29.6,0,0.00
2025-07-02T03:00,26.4,1,0.00
2025-07-02T04:00,25.9,0,0.00
2025-07-02T05:00,25.1,0,0.00
2025-07-02T06:00,24.2,0,0.00
2025-07-02T07:00,23.6,0,0.00
2025-07-02T08:00,24.2,0,0.00
2025-07-02T09:00,26.3,0,0.00
2025-07-02T10:00,28.1,0,0.00
2025-07-02T11:00,29.9,0,0.00
2025-07-02T12:00,32.0,0,0.00
2025-07-02T13:00,34.1,0,0.00
2025-07-02T14:00,35.6,1,0.00
2025-07-02T15:00,35.6,1,0.00
2025-07-02T16:00,36.0,0,0.00
2025-07-02T17:00,36.9,0,0.00
2025-07-02T18:00,36.4,0,0.00
2025-07-02T19:00,36.2,1,0.00
2025-07-02T20:00,33.4,1,0.00
2025-07-02T21:00,30.2,1,0.00
2025-07-02T22:00,28.9,1,0.00
2025-07-02T23:00,29.1,1,0.00
2025-07-03T00:00,28.1,0,0.00
2025-07-03T01:00,27.2,0,0.00
2025-07-03T02:00,26.2,0,0.00
2025-07-03T03:00,24.2,1,0.00
2025-07-03T04:00,23.6,0,0.00
2025-07-03T05:00,22.9,0,0.00
2025-07-03T06:00,22.4,0,0.00
2025-07-03T07:00,21.9,0,0.00
2025-07-03T08:00,22.6,0,0.00
2025-07-03T09:00,24.8,0,0.00
2025-07-03T10:00,27.1,0,0.00
2025-07-03T11:00,29.1,0,0.00
2025-07-03T12:00,31.3,0,0.00
2025-07-03T13:00,33.0,0,0.00
2025-07-03T14:00,34.6,0,0.00
2025-07-03T15:00,34.8,1,0.00
2025-07-03T16:00,35.7,2,0.00
2025-07-03T17:00,35.5,2,0.00
2025-07-03T18:00,34.6,51,0.10
2025-07-03T19:00,34.4,2,0.00
2025-07-03T20:00,34.0,3,0.00
2025-07-03T21:00,26.6,51,0.10
2025-07-03T22:00,26.6,2,0.00
2025-07-03T23:00,23.4,61,1.30
2025-07-04T00:00,24.9,1,0.00
2025-07-04T01:00,24.6,0,0.00
2025-07-04T02:00,23.8,0,0.00
2025-07-04T03:00,20.8,0,0.00
2025-07-04T04:00,21.2,0,0.00
2025-07-04T05:00,21.1,0,0.00
2025-07-04T06:00,21.2,0,0.00
2025-07-04T07:00,21.0,0,0.00
2025-07-04T08:00,21.9,0,0.00
2025-07-04T09:00,24.1,0,0.00
2025-07-04T10:00,26.1,0,0.00
2025-07-04T11:00,27.9,0,0.00
2025-07-04T12:00,30.0,0,0.00
2025-07-04T13:00,32.0,0,0.00
2025-07-04T14:00,33.8,0,0.00
2025-07-04T15:00,34.8,1,0.00
2025-07-04T16:00,35.8,0,0.00
2025-07-04T17:00,36.0,0,0.00
2025-07-04T18:00,35.9,0,0.00
2025-07-04T19:00,35.3,1,0.00
2025-07-04T20:00,34.9,1,0.00
2025-07-04T21:00,33.6,1,0.00
2025-07-04T22:00,31.3,1,0.00
2025-07-04T23:00,29.5,1,0.00
2025-07-05T00:00,27.1,0,0.00
2025-07-05T01:00,26.2,0,0.00
2025-07-05T02:00,25.9,0,0.00
2025-07-05T03:00,23.5,1,0.00
2025-07-05T04:00,23.0,0,0.00
2025-07-05T05:00,22.6,0,0.00
2025-07-05T06:00,22.1,0,0.00
2025-07-05T07:00,21.7,0,0.00
2025-07-05T08:00,22.4,0,0.00
2025-07-05T09:00,24.6,0,0.00
2025-07-05T10:00,26.6,0,0.00
2025-07-05T11:00,28.5,0,0.00
2025-07-05T12:00,30.6,0,0.00
2025-07-05T13:00,32.5,0,0.00
2025-07-05T14:00,34.2,1,0.00
2025-07-05T15:00,33.1,2,0.00
2025-07-05T16:00,33.4,3,0.00
2025-07-05T17:00,33.9,2,0.00
2025-07-05T18:00,34.7,2,0.00
2025-07-05T19:00,34.3,2,0.00
2025-07-05T20:00,33.1,1,0.00
2025-07-05T21:00,32.0,2,0.00
2025-07-05T22:00,30.3,1,0.00
2025-07-05T23:00,29.5,1,0.00
2025-07-06T00:00,27.6,0,0.00
2025-07-06T01:00,26.5,0,0.00
2025-07-06T02:00,25.1,0,0.00
2025-07-06T03:00,22.2,0,0.00
2025-07-06T04:00,21.6,0,0.00
2025-07-06T05:00,21.0,0,0.00
2025-07-06T06:00,19.9,0,0.00
2025-07-06T07:00,19.2,0,0.00
2025-07-06T08:00,20.0,1,0.00
2025-07-06T09:00,22.2,0,0.00
2025-07-06T10:00,24.9,0,0.00
2025-07-06T11:00,27.1,1,0.00
2025-07-06T12:00,29.1,1,0.00
2025-07-06T13:00,31.0,1,0.00
2025-07-06T14:00,32.5,1,0.00
2025-07-06T15:00,32.4,1,0.00
2025-07-06T16:00,33.1,1,0.00
2025-07-06T17:00,33.7,1,0.00
2025-07-06T18:00,33.8,1,0.00
2025-07-06T19:00,32.8,0,0.00
2025-07-06T20:00,31.8,0,0.00
2025-07-06T21:00,30.9,0,0.00
2025-07-06T22:00,29.1,0,0.00
2025-07-06T23:00,27.8,0,0.00
2025-07-07T00:00,26.3,0,0.00
2025-07-07T01:00,25.4,0,0.00
2025-07-07T02:00,24.1,0,0.00
2025-07-07T03:00,22.7,0,0.00
2025-07-07T04:00,21.8,0,0.00
2025-07-07T05:00,21.0,0,0.00
2025-07-07T06:00,20.3,0,0.00
2025-07-07T07:00,19.7,0,0.00
2025-07-07T08:00,20.0,0,0.00
2025-07-07T09:00,21.7,0,0.00
2025-07-07T10:00,24.1,0,0.00
2025-07-07T11:00,26.6,0,0.00
2025-07-07T12:00,28.8,0,0.00
2025-07-07T13:00,30.7,0,0.00
2025-07-07T14:00,32.1,0,0.00
2025-07-07T15:00,33.3,0,0.00
2025-07-07T16:00,34.7,1,0.00
2025-07-07T17:00,35.9,2,0.00
2025-07-07T18:00,35.1,1,0.00
2025-07-07T19:00,34.0,1,0.00
2025-07-07T20:00,33.8,0,0.00
2025-07-07T21:00,30.7,0,0.00
2025-07-07T22:00,28.4,0,0.00
2025-07-07T23:00,26.9,0,0.00
2025-07-08T00:00,24.5,0,0.00
2025-07-08T01:00,22.0,0,0.00
2025-07-08T02:00,20.2,0,0.00
2025-07-08T03:00,19.6,0,0.00
2025-07-08T04:00,18.3,1,0.00
2025-07-08T05:00,17.3,0,0.00
2025-07-08T06:00,16.6,0,0.00
2025-07-08T07:00,16.1,0,0.00
2025-07-08T08:00,16.6,0,0.00
2025-07-08T09:00,18.4,0,0.00
2025-07-08T10:00,21.0,0,0.00
2025-07-08T11:00,24.0,0,0.00
2025-07-08T12:00,26.6,0,0.00
2025-07-08T13:00,28.8,0,0.00
2025-07-08T14:00,30.7,0,0.00
2025-07-08T15:00,31.4,0,0.00
2025-07-08T16:00,32.9,1,0.00
2025-07-08T17:00,33.8,1,0.00
2025-07-08T18:00,34.3,1,0.00
2025-07-08T19:00,33.9,2,0.00
2025-07-08T20:00,33.0,1,0.00
2025-07-08T21:00,32.3,1,0.00
2025-07-08T22:00,29.7,0,0.00
2025-07-08T23:00,29.1,0,0.00
2025-07-09T00:00,28.7,0,0.00
2025-07-09T01:00,25.7,0,0.00
2025-07-09T02:00,24.7,0,0.00
2025-07-09T03:00,24.7,0,0.00
2025-07-09T04:00,24.0,0,0.00
2025-07-09T05:00,23.5,0,0.00
2025-07-09T06:00,23.0,0,0.00
2025-07-09T07:00,22.4,0,0.00
2025-07-09T08:00,22.8,0,0.00
2025-07-09T09:00,24.2,0,0.00
2025-07-09T10:00,25.8,0,0.00
2025-07-09T11:00,27.8,0,0.00
2025-07-09T12:00,29.9,0,0.00
2025-07-09T13:00,32.0,0,0.00
2025-07-09T14:00,33.6,1,0.00
2025-07-09T15:00,34.2,1,0.00
2025-07-09T16:00,34.3,1,0.00
2025-07-09T17:00,35.1,0,0.00
2025-07-09T18:00,35.1,0,0.00
2025-07-09T19:00,34.4,0,0.00
2025-07-09T20:00,34.3,0,0.00
2025-07-09T21:00,33.3,0,0.00
2025-07-09T22:00,30.8,0,0.00
2025-07-09T23:00,29.1,0,0.00
2025-07-10T00:00,28.5,0,0.00
2025-07-10T01:00,27.6,0,0.00
2025-07-10T02:00,26.8,0,0.00
2025-07-10T03:00,24.2,0,0.00
2025-07-10T04:00,23.3,0,0.00
2025-07-10T05:00,22.7,0,0.00
2025-07-10T06:00,21.7,0,0.00
2025-07-10T07:00,20.4,0,0.00
2025-07-10T08:00,20.9,0,0.00
2025-07-10T09:00,23.8,0,0.00
2025-07-10T10:00,26.7,0,0.00
2025-07-10T11:00,29.0,0,0.00
2025-07-10T12:00,30.5,0,0.00
2025-07-10T13:00,31.9,0,0.00
2025-07-10T14:00,33.0,0,0.00
2025-07-10T15:00,33.2,0,0.00
2025-07-10T16:00,33.7,0,0.00
2025-07-10T17:00,34.0,0,0.00
2025-07-10T18:00,33.9,0,0.00
2025-07-10T19:00,33.7,0,0.00
2025-07-10T20:00,33.1,0,0.00
2025-07-10T21:00,31.8,0,0.00
2025-07-10T22:00,29.9,0,0.00
2025-07-10T23:00,28.3,0,0.00
2025-07-11T00:00,27.3,0,0.00
2025-07-11T01:00,26.2,0,0.00
2025-07-11T02:00,25.4,0,0.00
2025-07-11T03:00,24.0,0,0.00
2025-07-11T04:00,22.8,0,0.00
2025-07-11T05:00,21.4,0,0.00
2025-07-11T06:00,20.3,0,0.00
2025-07-11T07:00,19.6,0,0.00
2025-07-11T08:00,19.7,0,0.00
2025-07-11T09:00,21.0,0,0.00
2025-07-11T10:00,23.2,0,0.00
2025-07-11T11:00,25.7,0,0.00
2025-07-11T12:00,27.3,0,0.00
2025-07-11T13:00,28.5,0,0.00
2025-07-11T14:00,29.4,0,0.00
2025-07-11T15:00,29.8,0,0.00
2025-07-11T16:00,30.2,0,0.00
2025-07-11T17:00,30.4,0,0.00
2025-07-11T18:00,30.1,0,0.00
2025-07-11T19:00,29.4,0,0.00
2025-07-11T20:00,28.0,0,0.00
2025-07-11T21:00,26.3,0,0.00
2025-07-11T22:00,24.6,0,0.00
2025-07-11T23:00,23.5,0,0.00
2025-07-12T00:00,22.4,0,0.00
2025-07-12T01:00,21.1,0,0.00
2025-07-12T02:00,20.1,0,0.00
2025-07-12T03:00,18.6,0,0.00
2025-07-12T04:00,17.7,0,0.00
2025-07-12T05:00,17.2,0,0.00
2025-07-12T06:00,16.9,0,0.00
2025-07-12T07:00,16.4,0,0.00
2025-07-12T08:00,16.7,0,0.00
2025-07-12T09:00,18.3,0,0.00
2025-07-12T10:00,20.6,0,0.00
2025-07-12T11:00,22.7,0,0.00
2025-07-12T12:00,24.4,1,0.00
2025-07-12T13:00,25.8,1,0.00
2025-07-12T14:00,26.6,1,0.00
2025-07-12T15:00,26.7,2,0.00
2025-07-12T16:00,28.3,3,0.00
2025-07-12T17:00,28.9,3,0.00
2025-07-12T18:00,26.5,51,0.30
2025-07-12T19:00,26.5,0,0.00
2025-07-12T20:00,27.0,0,0.00
2025-07-12T21:00,26.4,0,0.00
2025-07-12T22:00,25.5,0,0.00
2025-07-12T23:00,24.4,0,0.00
2025-07-13T00:00,23.2,0,0.00
2025-07-13T01:00,22.3,0,0.00
2025-07-13T02:00,21.4,0,0.00
2025-07-13T03:00,20.5,0,0.00
2025-07-13T04:00,19.6,0,0.00
2025-07-13T05:00,19.0,0,0.00
2025-07-13T06:00,18.5,0,0.00
2025-07-13T07:00,17.9,0,0.00
2025-07-13T08:00,18.2,0,0.00
2025-07-13T09:00,20.0,0,0.00
2025-07-13T10:00,22.3,0,0.00
2025-07-13T11:00,24.5,0,0.00
2025-07-13T12:00,26.4,0,0.00
2025-07-13T13:00,27.8,0,0.00
2025-07-13T14:00,29.1,0,0.00
2025-07-13T15:00,30.0,0,0.00
2025-07-13T16:00,30.7,0,0.00
2025-07-13T17:00,31.1,0,0.00
2025-07-13T18:00,31.0,0,0.00
2025-07-13T19:00,30.6,0,0.00
2025-07-13T20:00,30.1,0,0.00
2025-07-13T21:00,29.1,0,0.00
2025-07-13T22:00,27.4,0,0.00
2025-07-13T23:00,26.4,0,0.00
2025-07-14T00:00,25.3,1,0.00
2025-07-14T01:00,24.0,1,0.00
2025-07-14T02:00,23.4,0,0.00
2025-07-14T03:00,22.4,0,0.00
2025-07-14T04:00,21.1,0,0.00
2025-07-14T05:00,20.3,0,0.00
2025-07-14T06:00,19.8,0,0.00
2025-07-14T07:00,19.9,0,0.00
2025-07-14T08:00,20.8,0,0.00
2025-07-14T09:00,22.9,0,0.00
2025-07-14T10:00,24.9,0,0.00
2025-07-14T11:00,27.1,0,0.00
2025-07-14T12:00,29.3,0,0.00
2025-07-14T13:00,31.3,1,0.00
2025-07-14T14:00,32.8,1,0.00
2025-07-14T15:00,33.7,0,0.00
2025-07-14T16:00,34.4,0,0.00
2025-07-14T17:00,34.7,0,0.00
2025-07-14T18:00,34.7,0,0.00
2025-07-14T19:00,34.2,0,0.00
2025-07-14T20:00,33.8,0,0.00
2025-07-14T21:00,32.4,0,0.00
2025-07-14T22:00,30.3,0,0.00
2025-07-14T23:00,29.0,0,0.00
2025-07-15T00:00,27.9,0,0.00
2025-07-15T01:00,26.6,0,0.00
2025-07-15T02:00,25.2,0,0.00
2025-07-15T03:00,24.2,0,0.00
2025-07-15T04:00,22.7,0,0.00
2025-07-15T05:00,21.7,0,0.00
2025-07-15T06:00,20.9,0,0.00
2025-07-15T07:00,20.2,0,0.00
2025-07-15T08:00,20.5,0,0.00
2025-07-15T09:00,22.9,0,0.00
2025-07-15T10:00,25.8,0,0.00
2025-07-15T11:00,28.6,0,0.00
2025-07-15T12:00,31.2,0,0.00
2025-07-15T13:00,33.0,0,0.00
2025-07-15T14:00,34.4,0,0.00
2025-07-15T15:00,35.4,0,0.00
2025-07-15T16:00,35.9,0,0.00
2025-07-15T17:00,36.0,0,0.00
2025-07-15T18:00,36.2,0,0.00
2025-07-15T19:00,36.2,0,0.00
2025-07-15T20:00,35.8,0,0.00
2025-07-15T21:00,34.5,0,0.00
2025-07-15T22:00,32.0,0,0.00
2025-07-15T23:00,30.7,0,0.00
2025-07-16T00:00,29.2,0,0.00
2025-07-16T01:00,28.1,0,0.00
2025-07-16T02:00,26.2,0,0.00
2025-07-16T03:00,24.6,0,0.00
2025-07-16T04:00,23.5,0,0.00
2025-07-16T05:00,22.5,0,0.00
2025-07-16T06:00,21.7,0,0.00
2025-07-16T07:00,21.3,0,0.00
2025-07-16T08:00,21.9,0,0.00
2025-07-16T09:00,24.3,0,0.00
2025-07-16T10:00,26.9,0,0.00
2025-07-16T11:00,29.2,0,0.00
2025-07-16T12:00,31.6,0,0.00
2025-07-16T13:00,33.8,0,0.00
2025-07-16T14:00,35.6,0,0.00
2025-07-16T15:00,37.0,0,0.00
2025-07-16T16:00,37.8,0,0.00
2025-07-16T17:00,38.1,0,0.00
2025-07-16T18:00,38.0,0,0.00
2025-07-16T19:00,37.5,0,0.00
2025-07-16T20:00,36.8,0,0.00
2025-07-16T21:00,35.5,0,0.00
2025-07-16T22:00,33.3,0,0.00
2025-07-16T23:00,32.0,0,0.00
2025-07-17T00:00,30.6,0,0.00
2025-07-17T01:00,28.8,0,0.00
2025-07-17T02:00,27.8,0,0.00
2025-07-17T03:00,26.3,0,0.00
2025-07-17T04:00,25.6,0,0.00
2025-07-17T05:00,24.4,0,0.00
2025-07-17T06:00,22.7,0,0.00
2025-07-17T07:00,21.9,0,0.00
2025-07-17T08:00,22.7,0,0.00
2025-07-17T09:00,25.0,0,0.00
2025-07-17T10:00,27.9,0,0.00
2025-07-17T11:00,30.8,0,0.00
2025-07-17T12:00,33.6,0,0.00
2025-07-17T13:00,35.4,0,0.00
2025-07-17T14:00,36.2,0,0.00
2025-07-17T15:00,37.0,0,0.00
2025-07-17T16:00,37.4,0,0.00
2025-07-17T17:00,37.5,0,0.00
2025-07-17T18:00,37.3,2,0.00
2025-07-17T19:00,36.5,0,0.00
2025-07-17T20:00,35.3,3,0.00
2025-07-17T21:00,33.5,0,0.00
2025-07-17T22:00,31.4,0,0.00
2025-07-17T23:00,29.9,0,0.00
2025-07-18T00:00,28.5,0,0.00
2025-07-18T01:00,27.2,0,0.00
2025-07-18T02:00,26.1,0,0.00
2025-07-18T03:00,24.2,0,0.00
2025-07-18T04:00,23.2,0,0.00
2025-07-18T05:00,22.3,0,0.00
2025-07-18T06:00,21.4,0,0.00
2025-07-18T07:00,20.0,0,0.00
2025-07-18T08:00,20.4,0,0.00
2025-07-18T09:00,22.2,0,0.00
2025-07-18T10:00,24.5,0,0.00
2025-07-18T11:00,26.8,0,0.00
2025-07-18T12:00,28.8,0,0.00
2025-07-18T13:00,30.5,0,0.00
2025-07-18T14:00,31.9,0,0.00
2025-07-18T15:00,32.6,0,0.00
2025-07-18T16:00,32.8,0,0.00
2025-07-18T17:00,32.7,0,0.00
2025-07-18T18:00,32.3,0,0.00
2025-07-18T19:00,31.7,0,0.00
2025-07-18T20:00,30.7,0,0.00
2025-07-18T21:00,29.0,0,0.00
2025-07-18T22:00,27.0,1,0.00
2025-07-18T23:00,25.6,2,0.00
2025-07-19T00:00,24.4,2,0.00
2025-07-19T01:00,23.8,1,0.00
2025-07-19T02:00,23.1,0,0.00
2025-07-19T03:00,21.7,0,0.00
2025-07-19T04:00,20.9,0,0.00
2025-07-19T05:00,20.0,0,0.00
2025-07-19T06:00,19.2,0,0.00
2025-07-19T07:00,18.4,3,0.00
2025-07-19T08:00,18.5,0,0.00
2025-07-19T09:00,20.3,0,0.00
2025-07-19T10:00,22.2,0,0.00
2025-07-19T11:00,24.2,0,0.00
2025-07-19T12:00,26.2,0,0.00
2025-07-19T13:00,28.1,0,0.00
2025-07-19T14:00,29.5,0,0.00
2025-07-19T15:00,30.2,1,0.00
2025-07-19T16:00,30.4,1,0.00
2025-07-19T17:00,30.4,3,0.00
2025-07-19T18:00,30.5,3,0.00
2025-07-19T19:00,30.2,3,0.00
2025-07-19T20:00,29.3,3,0.00
2025-07-19T21:00,28.0,3,0.00
2025-07-19T22:00,26.3,3,0.00
2025-07-19T23:00,25.2,0,0.00
2025-07-20T00:00,24.0,3,0.00
2025-07-20T01:00,23.1,3,0.00
2025-07-20T02:00,22.2,3,0.00
2025-07-20T03:00,21.1,1,0.00
2025-07-20T04:00,20.0,0,0.00
2025-07-20T05:00,18.8,0,0.00
2025-07-20T06:00,17.8,0,0.00
2025-07-20T07:00,17.1,0,0.00
2025-07-20T08:00,17.2,0,0.00
2025-07-20T09:00,19.0,0,0.00
2025-07-20T10:00,21.6,0,0.00
2025-07-20T11:00,23.8,0,0.00
2025-07-20T12:00,25.4,0,0.00
2025-07-20T13:00,26.4,0,0.00
2025-07-20T14:00,27.8,0,0.00
2025-07-20T15:00,28.8,0,0.00
2025-07-20T16:00,29.1,0,0.00
2025-07-20T17:00,28.9,0,0.00
2025-07-20T18:00,29.2,0,0.00
2025-07-20T19:00,27.5,0,0.00
2025-07-20T20:00,26.9,1,0.00
2025-07-20T21:00,25.5,3,0.00
2025-07-20T22:00,24.0,0,0.00
2025-07-20T23:00,22.9,0,0.00
2025-07-21T00:00,22.2,0,0.00
2025-07-21T01:00,21.6,0,0.00
2025-07-21T02:00,20.9,3,0.00
2025-07-21T03:00,19.2,0,0.00
2025-07-21T04:00,18.2,1,0.00
2025-07-21T05:00,17.4,0,0.00
2025-07-21T06:00,16.7,0,0.00
2025-07-21T07:00,15.7,0,0.00
2025-07-21T08:00,16.1,0,0.00
2025-07-21T09:00,18.1,0,0.00
2025-07-21T10:00,20.1,0,0.00
2025-07-21T11:00,22.3,0,0.00
2025-07-21T12:00,24.3,0,0.00
2025-07-21T13:00,26.3,0,0.00
2025-07-21T14:00,28.0,0,0.00
2025-07-21T15:00,29.2,0,0.00
2025-07-21T16:00,30.3,0,0.00
2025-07-21T17:00,30.9,0,0.00
2025-07-21T18:00,30.9,0,0.00
2025-07-21T19:00,30.9,0,0.00
2025-07-21T20:00,30.2,0,0.00
2025-07-21T21:00,28.8,0,0.00
2025-07-21T22:00,27.2,0,0.00
2025-07-21T23:00,25.9,0,0.00
2025-07-22T00:00,24.8,0,0.00
2025-07-22T01:00,23.5,1,0.00
2025-07-22T02:00,21.5,1,0.00
2025-07-22T03:00,19.8,0,0.00
2025-07-22T04:00,19.4,3,0.00
2025-07-22T05:00,19.1,3,0.00
2025-07-22T06:00,18.6,3,0.00
2025-07-22T07:00,18.1,3,0.00
2025-07-22T08:00,18.4,3,0.00
2025-07-22T09:00,20.4,0,0.00
2025-07-22T10:00,23.0,0,0.00
2025-07-22T11:00,25.1,0,0.00
2025-07-22T12:00,27.4,0,0.00
2025-07-22T13:00,29.6,0,0.00
2025-07-22T14:00,31.3,0,0.00
2025-07-22T15:00,32.1,0,0.00
2025-07-22T16:00,32.7,0,0.00
2025-07-22T17:00,33.1,0,0.00
2025-07-22T18:00,33.2,0,0.00
2025-07-22T19:00,33.0,0,0.00
2025-07-22T20:00,32.1,0,0.00
2025-07-22T21:00,30.9,0,0.00
2025-07-22T22:00,29.1,0,0.00
2025-07-22T23:00,27.6,0,0.00
2025-07-23T00:00,26.0,0,0.00
2025-07-23T01:00,25.1,0,0.00
2025-07-23T02:00,24.8,0,0.00
2025-07-23T03:00,24.0,0,0.00
2025-07-23T04:00,22.5,1,0.00
2025-07-23T05:00,21.9,3,0.00
2025-07-23T06:00,20.8,3,0.00
2025-07-23T07:00,20.0,3,0.00
2025-07-23T08:00,20.1,3,0.00
2025-07-23T09:00,21.9,3,0.00
2025-07-23T10:00,24.7,3,0.00
2025-07-23T11:00,27.2,3,0.00
2025-07-23T12:00,28.8,3,0.00
2025-07-23T13:00,29.5,3,0.00
2025-07-23T14:00,29.4,3,0.00
2025-07-23T15:00,31.2,3,0.00
2025-07-23T16:00,31.8,3,0.00
2025-07-23T17:00,32.4,3,0.00
2025-07-23T18:00,31.8,3,0.00
2025-07-23T19:00,31.4,3,0.00
2025-07-23T20:00,30.5,3,0.00
2025-07-23T21:00,29.6,3,0.00
2025-07-23T22:00,27.6,1,0.00
2025-07-23T23:00,25.8,1,0.00
2025-07-24T00:00,23.6,0,0.00
2025-07-24T01:00,21.6,0,0.00
2025-07-24T02:00,20.4,0,0.00
2025-07-24T03:00,20.2,0,0.00
2025-07-24T04:00,19.1,0,0.00
2025-07-24T05:00,18.0,0,0.00
2025-07-24T06:00,16.9,0,0.00
2025-07-24T07:00,16.0,0,0.00
2025-07-24T08:00,15.9,0,0.00
2025-07-24T09:00,17.2,0,0.00
2025-07-24T10:00,19.5,0,0.00
2025-07-24T11:00,22.1,0,0.00
2025-07-24T12:00,24.3,1,0.00
2025-07-24T13:00,26.0,2,0.00
2025-07-24T14:00,27.0,2,0.00
2025-07-24T15:00,27.6,1,0.00
2025-07-24T16:00,28.3,1,0.00
2025-07-24T17:00,28.5,0,0.00
2025-07-24T18:00,28.7,0,0.00
2025-07-24T19:00,28.5,0,0.00
2025-07-24T20:00,27.9,0,0.00
2025-07-24T21:00,26.8,1,0.00
2025-07-24T22:00,23.9,0,0.00
2025-07-24T23:00,22.4,0,0.00
2025-07-25T00:00,21.0,0,0.00
2025-07-25T01:00,20.0,0,0.00
2025-07-25T02:00,18.8,0,0.00
2025-07-25T03:00,17.6,0,0.00
2025-07-25T04:00,16.8,0,0.00
2025-07-25T05:00,16.1,0,0.00
2025-07-25T06:00,15.4,0,0.00
2025-07-25T07:00,14.8,0,0.00
2025-07-25T08:00,15.0,1,0.00
2025-07-25T09:00,16.6,0,0.00
2025-07-25T10:00,18.5,0,0.00
2025-07-25T11:00,20.7,0,0.00
2025-07-25T12:00,22.9,0,0.00
2025-07-25T13:00,25.0,0,0.00
2025-07-25T14:00,26.8,0,0.00
2025-07-25T15:00,28.1,0,0.00
2025-07-25T16:00,29.0,0,0.00
2025-07-25T17:00,29.5,0,0.00
2025-07-25T18:00,29.5,0,0.00
2025-07-25T19:00,29.3,0,0.00
2025-07-25T20:00,28.7,0,0.00
2025-07-25T21:00,27.8,0,0.00
2025-07-25T22:00,26.8,0,0.00
2025-07-25T23:00,25.6,0,0.00
2025-07-26T00:00,24.0,0,0.00
2025-07-26T01:00,22.5,0,0.00
2025-07-26T02:00,21.1,0,0.00
2025-07-26T03:00,20.0,0,0.00
2025-07-26T04:00,18.8,0,0.00
2025-07-26T05:00,17.5,0,0.00
2025-07-26T06:00,16.5,0,0.00
2025-07-26T07:00,15.8,0,0.00
2025-07-26T08:00,15.9,0,0.00
2025-07-26T09:00,17.6,0,0.00
2025-07-26T10:00,20.3,0,0.00
2025-07-26T11:00,23.1,0,0.00
2025-07-26T12:00,25.3,0,0.00
2025-07-26T13:00,27.4,0,0.00
2025-07-26T14:00,29.4,0,0.00
2025-07-26T15:00,31.0,0,0.00
2025-07-26T16:00,32.0,0,0.00
2025-07-26T17:00,32.8,0,0.00
2025-07-26T18:00,33.2,0,0.00
2025-07-26T19:00,33.0,0,0.00
2025-07-26T20:00,32.4,0,0.00
2025-07-26T21:00,31.0,0,0.00
2025-07-26T22:00,28.6,0,0.00
2025-07-26T23:00,26.7,0,0.00
2025-07-27T00:00,25.5,0,0.00
2025-07-27T01:00,24.3,0,0.00
2025-07-27T02:00,23.0,0,0.00
2025-07-27T03:00,21.8,0,0.00
2025-07-27T04:00,20.9,0,0.00
2025-07-27T05:00,20.0,0,0.00
2025-07-27T06:00,19.3,0,0.00
2025-07-27T07:00,18.7,0,0.00
2025-07-27T08:00,18.8,0,0.00
2025-07-27T09:00,21.0,0,0.00
2025-07-27T10:00,23.9,0,0.00
2025-07-27T11:00,26.6,0,0.00
2025-07-27T12:00,29.1,0,0.00
2025-07-27T13:00,31.1,0,0.00
2025-07-27T14:00,32.3,0,0.00
2025-07-27T15:00,33.0,0,0.00
2025-07-27T16:00,34.9,0,0.00
2025-07-27T17:00,36.0,0,0.00
2025-07-27T18:00,35.0,1,0.00
2025-07-27T19:00,33.9,3,0.00
2025-07-27T20:00,33.2,3,0.00
2025-07-27T21:00,31.4,2,0.00
2025-07-27T22:00,29.8,1,0.00
2025-07-27T23:00,29.0,0,0.00
2025-07-28T00:00,26.7,0,0.00
2025-07-28T01:00,25.9,1,0.00
2025-07-28T02:00,24.9,3,0.00
2025-07-28T03:00,24.1,3,0.00
2025-07-28T04:00,22.8,3,0.00
2025-07-28T05:00,21.5,0,0.00
2025-07-28T06:00,20.3,0,0.00
2025-07-28T07:00,19.4,0,0.00
2025-07-28T08:00,19.1,0,0.00
2025-07-28T09:00,20.2,0,0.00
2025-07-28T10:00,22.3,0,0.00
2025-07-28T11:00,25.2,0,0.00
2025-07-28T12:00,27.7,1,0.00
2025-07-28T13:00,29.7,0,0.00
2025-07-28T14:00,31.2,0,0.00
2025-07-28T15:00,31.9,0,0.00
2025-07-28T16:00,32.3,0,0.00
2025-07-28T17:00,32.9,0,0.00
2025-07-28T18:00,32.7,0,0.00
2025-07-28T19:00,32.2,0,0.00
2025-07-28T20:00,31.4,0,0.00
2025-07-28T21:00,28.6,0,0.00
2025-07-28T22:00,26.2,0,0.00
2025-07-28T23:00,24.4,0,0.00
2025-07-29T00:00,23.2,0,0.00
2025-07-29T01:00,21.4,0,0.00
2025-07-29T02:00,19.8,0,0.00
2025-07-29T03:00,18.4,0,0.00
2025-07-29T04:00,17.6,0,0.00
2025-07-29T05:00,16.9,0,0.00
2025-07-29T06:00,16.2,0,0.00
2025-07-29T07:00,15.6,0,0.00
2025-07-29T08:00,15.6,0,0.00
2025-07-29T09:00,17.0,0,0.00
2025-07-29T10:00,19.2,0,0.00
2025-07-29T11:00,21.8,0,0.00
2025-07-29T12:00,24.3,0,0.00
2025-07-29T13:00,26.5,0,0.00
2025-07-29T14:00,28.3,0,0.00
2025-07-29T15:00,29.3,0,0.00
2025-07-29T16:00,30.4,0,0.00
2025-07-29T17:00,30.7,0,0.00
2025-07-29T18:00,30.5,0,0.00
2025-07-29T19:00,30.1,0,0.00
2025-07-29T20:00,29.7,0,0.00
2025-07-29T21:00,29.1,0,0.00
2025-07-29T22:00,27.7,0,0.00
2025-07-29T23:00,26.4,0,0.00
2025-07-30T00:00,24.5,0,0.00
2025-07-30T01:00,22.8,0,0.00
2025-07-30T02:00,21.3,0,0.00
2025-07-30T03:00,20.0,0,0.00
2025-07-30T04:00,18.7,0,0.00
2025-07-30T05:00,17.8,0,0.00
2025-07-30T06:00,17.1,0,0.00
2025-07-30T07:00,16.5,0,0.00
2025-07-30T08:00,16.6,0,0.00
2025-07-30T09:00,18.0,0,0.00
2025-07-30T10:00,20.3,0,0.00
2025-07-30T11:00,23.2,0,0.00
2025-07-30T12:00,25.8,0,0.00
2025-07-30T13:00,28.0,0,0.00
2025-07-30T14:00,29.8,0,0.00
2025-07-30T15:00,30.7,0,0.00
2025-07-30T16:00,31.8,0,0.00
2025-07-30T17:00,32.5,0,0.00
2025-07-30T18:00,32.8,0,0.00
2025-07-30T19:00,32.6,0,0.00
2025-07-30T20:00,31.9,0,0.00
2025-07-30T21:00,30.5,0,0.00
2025-07-30T22:00,28.3,0,0.00
2025-07-30T23:00,27.4,0,0.00
2025-07-31T00:00,26.1,0,0.00
2025-07-31T01:00,24.8,0,0.00
2025-07-31T02:00,23.4,0,0.00
2025-07-31T03:00,22.4,0,0.00
2025-07-31T04:00,21.5,0,0.00
2025-07-31T05:00,20.7,0,0.00
2025-07-31T06:00,20.0,0,0.00
2025-07-31T07:00,19.5,0,0.00
2025-07-31T08:00,19.7,0,0.00
2025-07-31T09:00,21.5,0,0.00
2025-07-31T10:00,23.3,0,0.00
2025-07-31T11:00,25.2,0,0.00
2025-07-31T12:00,27.4,0,0.00
2025-07-31T13:00,29.5,0,0.00
2025-07-31T14:00,31.6,0,0.00
2025-07-31T15:00,33.0,0,0.00
2025-07-31T16:00,33.7,0,0.00
2025-07-31T17:00,34.3,0,0.00
2025-07-31T18:00,34.1,1,0.00
2025-07-31T19:00,34.2,1,0.00
2025-07-31T20:00,30.8,2,0.00
2025-07-31T21:00,30.1,1,0.00
2025-07-31T22:00,28.8,1,0.00
2025-07-31T23:00,27.6,0,0.00
2025-08-01T00:00,26.6,0,0.00
2025-08-01T01:00,25.5,0,0.00
2025-08-01T02:00,25.1,1,0.00
2025-08-01T03:00,24.4,2,0.00
2025-08-01T04:00,23.5,1,0.00
2025-08-01T05:00,22.6,0,0.00
2025-08-01T06:00,22.0,0,0.00
2025-08-01T07:00,21.3,0,0.00
2025-08-01T08:00,21.4,0,0.00
2025-08-01T09:00,23.1,0,0.00
2025-08-01T10:00,24.3,1,0.00
2025-08-01T11:00,25.8,1,0.00
2025-08-01T12:00,28.0,2,0.00
2025-08-01T13:00,29.5,0,0.00
2025-08-01T14:00,31.3,2,0.00
2025-08-01T15:00,31.6,2,0.00
2025-08-01T16:00,28.4,53,0.60
2025-08-01T17:00,30.1,51,0.10
2025-08-01T18:00,30.4,2,0.00
2025-08-01T19:00,30.4,3,0.00
2025-08-01T20:00,29.8,1,0.00
2025-08-01T21:00,28.9,1,0.00
2025-08-01T22:00,27.4,0,0.00
2025-08-01T23:00,26.0,0,0.00
2025-08-02T00:00,24.9,0,0.00
2025-08-02T01:00,24.2,0,0.00
2025-08-02T02:00,24.0,0,0.00
2025-08-02T03:00,22.4,0,0.00
2025-08-02T04:00,21.6,0,0.00
2025-08-02T05:00,20.9,0,0.00
2025-08-02T06:00,20.3,0,0.00
2025-08-02T07:00,19.6,1,0.00
2025-08-02T08:00,19.6,1,0.00
2025-08-02T09:00,21.6,0,0.00
2025-08-02T10:00,24.4,0,0.00
2025-08-02T11:00,26.9,0,0.00
2025-08-02T12:00,29.0,0,0.00
2025-08-02T13:00,30.9,0,0.00
2025-08-02T14:00,32.4,1,0.00
2025-08-02T15:00,33.2,2,0.00
2025-08-02T16:00,33.9,2,0.00
2025-08-02T17:00,34.0,3,0.00
2025-08-02T18:00,29.5,3,0.00
2025-08-02T19:00,28.6,3,0.00
2025-08-02T20:00,28.5,3,0.00
2025-08-02T21:00,27.9,3,0.00
2025-08-02T22:00,26.5,3,0.00
2025-08-02T23:00,25.3,2,0.00
2025-08-03T00:00,24.5,2,0.00
2025-08-03T01:00,24.2,0,0.00
2025-08-03T02:00,23.5,0,0.00
2025-08-03T03:00,23.6,0,0.00
2025-08-03T04:00,22.7,0,0.00
2025-08-03T05:00,22.2,0,0.00
2025-08-03T06:00,21.7,0,0.00
2025-08-03T07:00,21.4,0,0.00
2025-08-03T08:00,21.6,0,0.00
2025-08-03T09:00,23.3,0,0.00
2025-08-03T10:00,25.9,0,0.00
2025-08-03T11:00,28.2,0,0.00
2025-08-03T12:00,30.5,0,0.00
2025-08-03T13:00,32.5,0,0.00
2025-08-03T14:00,34.1,1,0.00
2025-08-03T15:00,34.9,0,0.00
2025-08-03T16:00,35.7,0,0.00
2025-08-03T17:00,36.1,0,0.00
2025-08-03T18:00,36.3,1,0.00
2025-08-03T19:00,35.6,0,0.00
2025-08-03T20:00,34.8,1,0.00
2025-08-03T21:00,33.6,0,0.00
2025-08-03T22:00,31.8,1,0.00
2025-08-03T23:00,30.5,1,0.00
2025-08-04T00:00,29.2,0,0.00
2025-08-04T01:00,27.3,0,0.00
2025-08-04T02:00,26.1,0,0.00
2025-08-04T03:00,25.1,0,0.00
2025-08-04T04:00,24.1,0,0.00
2025-08-04T05:00,23.3,0,0.00
2025-08-04T06:00,22.8,0,0.00
2025-08-04T07:00,22.4,0,0.00
2025-08-04T08:00,22.3,0,0.00
2025-08-04T09:00,23.8,0,0.00
2025-08-04T10:00,25.3,2,0.00
2025-08-04T11:00,27.3,2,0.00
2025-08-04T12:00,29.4,2,0.00
2025-08-04T13:00,31.6,2,0.00
2025-08-04T14:00,33.8,1,0.00
2025-08-04T15:00,35.7,0,0.00
2025-08-04T16:00,37.0,0,0.00
2025-08-04T17:00,37.6,0,0.00
2025-08-04T18:00,37.6,0,0.00
2025-08-04T19:00,37.0,0,0.00
2025-08-04T20:00,36.3,1,0.00
2025-08-04T21:00,34.6,1,0.00
2025-08-04T22:00,32.5,1,0.00
2025-08-04T23:00,31.2,0,0.00
2025-08-05T00:00,30.5,0,0.00
2025-08-05T01:00,28.7,0,0.00
2025-08-05T02:00,27.2,0,0.00
2025-08-05T03:00,26.8,0,0.00
2025-08-05T04:00,25.6,0,0.00
2025-08-05T05:00,24.6,0,0.00
2025-08-05T06:00,24.6,0,0.00
2025-08-05T07:00,23.9,1,0.00
2025-08-05T08:00,23.6,2,0.00
2025-08-05T09:00,25.1,1,0.00
2025-08-05T10:00,27.8,0,0.00
2025-08-05T11:00,30.4,0,0.00
2025-08-05T12:00,32.9,1,0.00
2025-08-05T13:00,35.1,0,0.00
2025-08-05T14:00,36.9,0,0.00
2025-08-05T15:00,38.3,0,0.00
2025-08-05T16:00,38.7,0,0.00
2025-08-05T17:00,38.8,1,0.00
2025-08-05T18:00,38.4,1,0.00
2025-08-05T19:00,37.8,0,0.00
2025-08-05T20:00,37.4,1,0.00
2025-08-05T21:00,35.7,1,0.00
2025-08-05T22:00,33.2,0,0.00
2025-08-05T23:00,31.9,0,0.00
2025-08-06T00:00,30.1,0,0.00
2025-08-06T01:00,27.7,0,0.00
2025-08-06T02:00,26.7,0,0.00
2025-08-06T03:00,26.9,0,0.00
2025-08-06T04:00,26.0,0,0.00
2025-08-06T05:00,25.3,0,0.00
2025-08-06T06:00,24.7,0,0.00
2025-08-06T07:00,24.0,0,0.00
2025-08-06T08:00,23.8,0,0.00
2025-08-06T09:00,25.2,0,0.00
2025-08-06T10:00,27.2,0,0.00
2025-08-06T11:00,29.1,0,0.00
2025-08-06T12:00,31.2,0,0.00
2025-08-06T13:00,33.3,1,0.00
2025-08-06T14:00,35.1,3,0.00
2025-08-06T15:00,35.9,3,0.00
2025-08-06T16:00,36.6,3,0.00
2025-08-06T17:00,36.8,3,0.00
2025-08-06T18:00,36.4,3,0.00
2025-08-06T19:00,36.0,3,0.00
2025-08-06T20:00,35.3,2,0.00
2025-08-06T21:00,33.9,0,0.00
2025-08-06T22:00,32.1,0,0.00
2025-08-06T23:00,30.9,0,0.00
2025-08-07T00:00,29.8,1,0.00
2025-08-07T01:00,28.7,0,0.00
2025-08-07T02:00,27.5,1,0.00
2025-08-07T03:00,25.2,1,0.00
2025-08-07T04:00,23.5,0,0.00
2025-08-07T05:00,22.8,0,0.00
2025-08-07T06:00,22.3,0,0.00
2025-08-07T07:00,21.7,1,0.00
2025-08-07T08:00,22.1,0,0.00
2025-08-07T09:00,24.3,0,0.00
2025-08-07T10:00,27.2,0,0.00
2025-08-07T11:00,30.0,0,0.00
2025-08-07T12:00,32.5,0,0.00
2025-08-07T13:00,34.6,0,0.00
2025-08-07T14:00,36.0,0,0.00
2025-08-07T15:00,37.3,0,0.00
2025-08-07T16:00,38.0,0,0.00
2025-08-07T17:00,38.4,0,0.00
2025-08-07T18:00,38.6,0,0.00
2025-08-07T19:00,38.2,0,0.00
2025-08-07T20:00,37.2,0,0.00
2025-08-07T21:00,34.9,0,0.00
2025-08-07T22:00,32.3,0,0.00
2025-08-07T23:00,30.6,0,0.00
2025-08-08T00:00,28.7,0,0.00
2025-08-08T01:00,27.0,0,0.00
2025-08-08T02:00,25.8,0,0.00
2025-08-08T03:00,25.8,0,0.00
2025-08-08T04:00,24.6,0,0.00
2025-08-08T05:00,24.5,0,0.00
2025-08-08T06:00,23.5,0,0.00
2025-08-08T07:00,22.7,0,0.00
2025-08-08T08:00,23.0,0,0.00
2025-08-08T09:00,25.0,0,0.00
2025-08-08T10:00,27.6,0,0.00
2025-08-08T11:00,29.9,0,0.00
2025-08-08T12:00,32.2,1,0.00
2025-08-08T13:00,34.5,2,0.00
2025-08-08T14:00,36.3,2,0.00
2025-08-08T15:00,37.6,2,0.00
2025-08-08T16:00,38.0,3,0.00
2025-08-08T17:00,37.9,1,0.00
2025-08-08T18:00,37.7,3,0.00
2025-08-08T19:00,37.3,0,0.00
2025-08-08T20:00,37.3,3,0.00
2025-08-08T21:00,34.8,3,0.00
2025-08-08T22:00,33.0,3,0.00
2025-08-08T23:00,32.5,3,0.00
2025-08-09T00:00,31.1,0,0.00
2025-08-09T01:00,29.2,0,0.00
2025-08-09T02:00,28.6,0,0.00
2025-08-09T03:00,27.8,0,0.00
2025-08-09T04:00,26.2,0,0.00
2025-08-09T05:00,25.1,0,0.00
2025-08-09T06:00,24.2,0,0.00
2025-08-09T07:00,23.6,0,0.00
2025-08-09T08:00,23.5,0,0.00
2025-08-09T09:00,25.5,0,0.00
2025-08-09T10:00,28.0,0,0.00
2025-08-09T11:00,30.2,0,0.00
2025-08-09T12:00,32.5,0,0.00
2025-08-09T13:00,34.7,0,0.00
2025-08-09T14:00,36.5,0,0.00
2025-08-09T15:00,37.6,0,0.00
2025-08-09T16:00,38.4,0,0.00
2025-08-09T17:00,38.8,0,0.00
2025-08-09T18:00,38.4,0,0.00
2025-08-09T19:00,37.7,0,0.00
2025-08-09T20:00,36.9,2,0.00
2025-08-09T21:00,35.8,3,0.00
2025-08-09T22:00,34.1,0,0.00
2025-08-09T23:00,32.9,0,0.00
2025-08-10T00:00,31.4,0,0.00
2025-08-10T01:00,30.3,0,0.00
2025-08-10T02:00,29.1,0,0.00
2025-08-10T03:00,28.0,0,0.00
2025-08-10T04:00,26.9,0,0.00
2025-08-10T05:00,26.0,0,0.00
2025-08-10T06:00,25.1,0,0.00
2025-08-10T07:00,24.4,0,0.00
2025-08-10T08:00,24.4,0,0.00
2025-08-10T09:00,26.2,0,0.00
2025-08-10T10:00,28.8,0,0.00
2025-08-10T11:00,31.2,0,0.00
2025-08-10T12:00,33.2,0,0.00
2025-08-10T13:00,34.4,0,0.00
2025-08-10T14:00,36.0,0,0.00
2025-08-10T15:00,36.5,0,0.00
2025-08-10T16:00,37.3,0,0.00
2025-08-10T17:00,37.9,0,0.00
2025-08-10T18:00,37.8,0,0.00
2025-08-10T19:00,37.1,0,0.00
2025-08-10T20:00,36.3,0,0.00
2025-08-10T21:00,35.1,0,0.00
2025-08-10T22:00,33.6,0,0.00
2025-08-10T23:00,32.7,0,0.00
2025-08-11T00:00,30.9,0,0.00
2025-08-11T01:00,29.6,0,0.00
2025-08-11T02:00,28.1,0,0.00
2025-08-11T03:00,26.3,0,0.00
2025-08-11T04:00,25.6,0,0.00
2025-08-11T05:00,25.3,0,0.00
2025-08-11T06:00,25.1,0,0.00
2025-08-11T07:00,24.3,0,0.00
2025-08-11T08:00,24.0,0,0.00
2025-08-11T09:00,26.2,0,0.00
2025-08-11T10:00,29.0,0,0.00
2025-08-11T11:00,30.8,0,0.00
2025-08-11T12:00,32.9,0,0.00
2025-08-11T13:00,34.9,0,0.00
2025-08-11T14:00,36.7,0,0.00
2025-08-11T15:00,37.7,1,0.00
2025-08-11T16:00,37.8,1,0.00
2025-08-11T17:00,38.2,2,0.00
2025-08-11T18:00,38.0,1,0.00
2025-08-11T19:00,37.4,0,0.00
2025-08-11T20:00,36.6,1,0.00
2025-08-11T21:00,33.7,0,0.00
2025-08-11T22:00,32.5,0,0.00
2025-08-11T23:00,30.7,0,0.00
2025-08-12T00:00,29.4,0,0.00
2025-08-12T01:00,28.1,0,0.00
2025-08-12T02:00,27.0,0,0.00
2025-08-12T03:00,27.6,0,0.00
2025-08-12T04:00,26.2,2,0.00
2025-08-12T05:00,25.9,3,0.00
2025-08-12T06:00,25.4,3,0.00
2025-08-12T07:00,25.3,3,0.00
2025-08-12T08:00,25.2,3,0.00
2025-08-12T09:00,26.1,2,0.00
2025-08-12T10:00,28.8,2,0.00
2025-08-12T11:00,32.0,3,0.00
2025-08-12T12:00,34.2,3,0.00
2025-08-12T13:00,35.4,3,0.00
2025-08-12T14:00,36.3,3,0.00
2025-08-12T15:00,37.4,2,0.00
2025-08-12T16:00,37.5,1,0.00
2025-08-12T17:00,38.2,0,0.00
2025-08-12T18:00,38.0,1,0.00
2025-08-12T19:00,37.7,3,0.00
2025-08-12T20:00,35.6,3,0.00
2025-08-12T21:00,28.8,53,0.50
2025-08-12T22:00,30.3,1,0.00
2025-08-12T23:00,27.6,51,0.30
2025-08-13T00:00,28.1,3,0.00
2025-08-13T01:00,27.6,3,0.00
2025-08-13T02:00,27.2,3,0.00
2025-08-13T03:00,25.4,3,0.00
2025-08-13T04:00,25.1,3,0.00
2025-08-13T05:00,24.7,3,0.00
2025-08-13T06:00,24.5,3,0.00
2025-08-13T07:00,24.1,3,0.00
2025-08-13T08:00,23.9,0,0.00
2025-08-13T09:00,25.3,0,0.00
2025-08-13T10:00,28.0,0,0.00
2025-08-13T11:00,30.4,0,0.00
2025-08-13T12:00,32.5,0,0.00
2025-08-13T13:00,34.0,2,0.00
2025-08-13T14:00,34.7,1,0.00
2025-08-13T15:00,34.1,1,0.00
2025-08-13T16:00,34.5,2,0.00
2025-08-13T17:00,34.0,1,0.00
2025-08-13T18:00,34.1,1,0.00
2025-08-13T19:00,33.9,2,0.00
2025-08-13T20:00,33.0,3,0.00
2025-08-13T21:00,32.2,1,0.00
2025-08-13T22:00,30.3,0,0.00
2025-08-13T23:00,29.2,0,0.00
2025-08-14T00:00,28.4,0,0.00
2025-08-14T01:00,27.3,0,0.00
2025-08-14T02:00,26.3,0,0.00
2025-08-14T03:00,24.8,0,0.00
2025-08-14T04:00,24.1,0,0.00
2025-08-14T05:00,23.4,0,0.00
2025-08-14T06:00,22.9,0,0.00
2025-08-14T07:00,22.3,0,0.00
2025-08-14T08:00,22.0,0,0.00
2025-08-14T09:00,23.9,0,0.00
2025-08-14T10:00,26.7,0,0.00
2025-08-14T11:00,29.0,0,0.00
2025-08-14T12:00,31.3,0,0.00
2025-08-14T13:00,33.3,0,0.00
2025-08-14T14:00,35.1,2,0.00
2025-08-14T15:00,36.0,1,0.00
2025-08-14T16:00,36.3,1,0.00
2025-08-14T17:00,36.7,1,0.00
2025-08-14T18:00,36.6,1,0.00
2025-08-14T19:00,36.2,1,0.00
2025-08-14T20:00,35.6,2,0.00
2025-08-14T21:00,34.2,2,0.00
2025-08-14T22:00,32.5,1,0.00
2025-08-14T23:00,31.0,0,0.00
2025-08-15T00:00,29.2,1,0.00
2025-08-15T01:00,28.6,0,0.00
2025-08-15T02:00,28.1,0,0.00
2025-08-15T03:00,27.3,0,0.00
2025-08-15T04:00,26.6,1,0.00
2025-08-15T05:00,25.7,1,0.00
2025-08-15T06:00,25.2,0,0.00
2025-08-15T07:00,24.6,0,0.00
2025-08-15T08:00,24.2,0,0.00
2025-08-15T09:00,25.5,0,0.00
2025-08-15T10:00,28.0,0,0.00
2025-08-15T11:00,29.9,0,0.00
2025-08-15T12:00,31.9,0,0.00
2025-08-15T13:00,33.8,0,0.00
2025-08-15T14:00,35.4,0,0.00
2025-08-15T15:00,37.0,1,0.00
2025-08-15T16:00,37.5,0,0.00
2025-08-15T17:00,37.9,0,0.00
2025-08-15T18:00,37.8,0,0.00
2025-08-15T19:00,37.0,0,0.00
2025-08-15T20:00,36.0,1,0.00
2025-08-15T21:00,34.5,0,0.00
2025-08-15T22:00,33.0,0,0.00
2025-08-15T23:00,31.1,0,0.00
2025-08-16T00:00,30.4,0,0.00
2025-08-16T01:00,29.3,0,0.00
2025-08-16T02:00,27.4,0,0.00
2025-08-16T03:00,25.7,0,0.00
2025-08-16T04:00,25.8,0,0.00
2025-08-16T05:00,24.9,0,0.00
2025-08-16T06:00,23.0,0,0.00
2025-08-16T07:00,22.6,0,0.00
2025-08-16T08:00,22.9,0,0.00
2025-08-16T09:00,24.8,0,0.00
2025-08-16T10:00,28.4,0,0.00
2025-08-16T11:00,31.8,0,0.00
2025-08-16T12:00,34.7,0,0.00
2025-08-16T13:00,36.9,0,0.00
2025-08-16T14:00,38.4,0,0.00
2025-08-16T15:00,39.3,0,0.00
2025-08-16T16:00,40.1,0,0.00
2025-08-16T17:00,40.1,2,0.00
2025-08-16T18:00,39.7,1,0.00
2025-08-16T19:00,39.0,1,0.00
2025-08-16T20:00,38.1,0,0.00
2025-08-16T21:00,35.4,0,0.00
2025-08-16T22:00,34.5,1,0.00
2025-08-16T23:00,32.5,0,0.00
2025-08-17T00:00,31.4,0,0.00
2025-08-17T01:00,30.2,0,0.00
2025-08-17T02:00,28.8,0,0.00
2025-08-17T03:00,27.3,0,0.00
2025-08-17T04:00,25.9,0,0.00
2025-08-17T05:00,25.3,0,0.00
2025-08-17T06:00,24.7,0,0.00
2025-08-17T07:00,23.9,0,0.00
2025-08-17T08:00,23.3,0,0.00
2025-08-17T09:00,25.4,2,0.00
2025-08-17T10:00,29.3,0,0.00
2025-08-17T11:00,32.5,0,0.00
2025-08-17T12:00,34.7,0,0.00
2025-08-17T13:00,36.8,0,0.00
2025-08-17T14:00,38.2,1,0.00
2025-08-17T15:00,38.5,0,0.00
2025-08-17T16:00,39.5,0,0.00
2025-08-17T17:00,39.3,0,0.00
2025-08-17T18:00,38.6,0,0.00
2025-08-17T19:00,38.0,1,0.00
2025-08-17T20:00,36.9,0,0.00
2025-08-17T21:00,35.1,0,0.00
2025-08-17T22:00,33.1,0,0.00
2025-08-17T23:00,31.5,1,0.00
2025-08-18T00:00,29.6,0,0.00
2025-08-18T01:00,29.9,0,0.00
2025-08-18T02:00,29.1,0,0.00
2025-08-18T03:00,27.4,0,0.00
2025-08-18T04:00,25.8,0,0.00
2025-08-18T05:00,24.6,2,0.00
2025-08-18T06:00,24.2,1,0.00
2025-08-18T07:00,23.6,1,0.00
2025-08-18T08:00,23.6,2,0.00
2025-08-18T09:00,25.1,3,0.00
2025-08-18T10:00,28.2,3,0.00
2025-08-18T11:00,31.2,3,0.00
2025-08-18T12:00,33.0,3,0.00
2025-08-18T13:00,34.5,3,0.00
2025-08-18T14:00,35.4,3,0.00
2025-08-18T15:00,33.9,3,0.00
2025-08-18T16:00,33.9,3,0.00
2025-08-18T17:00,34.1,3,0.00
2025-08-18T18:00,33.7,3,0.00
2025-08-18T19:00,33.5,3,0.00
2025-08-18T20:00,32.4,2,0.00
2025-08-18T21:00,31.1,1,0.00
2025-08-18T22:00,28.9,0,0.00
2025-08-18T23:00,27.8,0,0.00
2025-08-19T00:00,26.5,3,0.00
2025-08-19T01:00,25.6,3,0.00
2025-08-19T02:00,24.6,1,0.00
2025-08-19T03:00,22.7,0,0.00
2025-08-19T04:00,21.2,0,0.00
2025-08-19T05:00,20.4,0,0.00
2025-08-19T06:00,19.5,0,0.00
2025-08-19T07:00,18.6,0,0.00
2025-08-19T08:00,18.2,0,0.00
2025-08-19T09:00,20.2,1,0.00
2025-08-19T10:00,23.7,0,0.00
2025-08-19T11:00,26.3,0,0.00
2025-08-19T12:00,28.5,2,0.00
2025-08-19T13:00,30.2,2,0.00
2025-08-19T14:00,31.3,2,0.00
2025-08-19T15:00,32.0,3,0.00
2025-08-19T16:00,32.0,3,0.00
2025-08-19T17:00,31.1,3,0.00
2025-08-19T18:00,30.8,3,0.00
2025-08-19T19:00,30.2,3,0.00
2025-08-19T20:00,29.0,3,0.00
2025-08-19T21:00,27.2,3,0.00
2025-08-19T22:00,26.3,3,0.00
2025-08-19T23:00,25.3,2,0.00
2025-08-20T00:00,24.1,3,0.00
2025-08-20T01:00,22.9,2,0.00
2025-08-20T02:00,22.0,1,0.00
2025-08-20T03:00,20.5,1,0.00
2025-08-20T04:00,19.6,0,0.00
2025-08-20T05:00,18.8,1,0.00
2025-08-20T06:00,18.1,0,0.00
2025-08-20T07:00,17.3,0,0.00
2025-08-20T08:00,17.0,0,0.00
2025-08-20T09:00,18.7,0,0.00
2025-08-20T10:00,20.9,0,0.00
2025-08-20T11:00,23.0,0,0.00
2025-08-20T12:00,24.9,0,0.00
2025-08-20T13:00,26.4,0,0.00
2025-08-20T14:00,27.7,0,0.00
2025-08-20T15:00,29.1,1,0.00
2025-08-20T16:00,29.1,1,0.00
2025-08-20T17:00,28.6,1,0.00
2025-08-20T18:00,27.9,1,0.00
2025-08-20T19:00,27.3,0,0.00
2025-08-20T20:00,26.4,0,0.00
2025-08-20T21:00,25.3,0,0.00
2025-08-20T22:00,24.1,0,0.00
2025-08-20T23:00,22.6,0,0.00
2025-08-21T00:00,21.6,0,0.00
2025-08-21T01:00,21.1,0,0.00
2025-08-21T02:00,19.9,0,0.00
2025-08-21T03:00,18.7,0,0.00
2025-08-21T04:00,18.1,0,0.00
2025-08-21T05:00,17.6,0,0.00
2025-08-21T06:00,16.9,0,0.00
2025-08-21T07:00,16.4,0,0.00
2025-08-21T08:00,16.1,1,0.00
2025-08-21T09:00,17.3,2,0.00
2025-08-21T10:00,19.7,2,0.00
2025-08-21T11:00,22.2,1,0.00
2025-08-21T12:00,24.2,1,0.00
2025-08-21T13:00,25.8,1,0.00
2025-08-21T14:00,27.0,1,0.00
2025-08-21T15:00,28.5,3,0.00
2025-08-21T16:00,29.2,3,0.00
2025-08-21T17:00,29.4,2,0.00
2025-08-21T18:00,29.1,0,0.00
2025-08-21T19:00,28.8,0,0.00
2025-08-21T20:00,28.3,1,0.00
2025-08-21T21:00,26.1,2,0.00
2025-08-21T22:00,24.8,1,0.00
2025-08-21T23:00,23.8,0,0.00
2025-08-22T00:00,23.0,0,0.00
2025-08-22T01:00,22.1,0,0.00
2025-08-22T02:00,21.0,0,0.00
2025-08-22T03:00,19.4,0,0.00
2025-08-22T04:00,18.5,0,0.00
2025-08-22T05:00,17.8,0,0.00
2025-08-22T06:00,17.2,0,0.00
2025-08-22T07:00,16.6,0,0.00
2025-08-22T08:00,16.5,0,0.00
2025-08-22T09:00,17.9,0,0.00
2025-08-22T10:00,20.5,0,0.00
2025-08-22T11:00,23.0,0,0.00
2025-08-22T12:00,25.4,0,0.00
2025-08-22T13:00,27.4,0,0.00
2025-08-22T14:00,29.1,0,0.00
2025-08-22T15:00,29.6,0,0.00
2025-08-22T16:00,30.3,0,0.00
2025-08-22T17:00,30.7,0,0.00
2025-08-22T18:00,31.1,1,0.00
2025-08-22T19:00,30.9,0,0.00
2025-08-22T20:00,30.5,1,0.00
2025-08-22T21:00,28.5,1,0.00
2025-08-22T22:00,26.8,0,0.00
2025-08-22T23:00,25.6,0,0.00
2025-08-23T00:00,24.2,0,0.00
2025-08-23T01:00,23.2,0,0.00
2025-08-23T02:00,22.1,0,0.00
2025-08-23T03:00,21.1,0,0.00
2025-08-23T04:00,20.4,0,0.00
2025-08-23T05:00,19.8,0,0.00
2025-08-23T06:00,19.2,0,0.00
2025-08-23T07:00,18.8,0,0.00
2025-08-23T08:00,18.4,0,0.00
2025-08-23T09:00,19.9,0,0.00
2025-08-23T10:00,22.3,0,0.00
2025-08-23T11:00,24.3,0,0.00
2025-08-23T12:00,26.4,0,0.00
2025-08-23T13:00,28.6,0,0.00
2025-08-23T14:00,30.6,0,0.00
2025-08-23T15:00,31.5,0,0.00
2025-08-23T16:00,32.0,0,0.00
2025-08-23T17:00,32.4,0,0.00
2025-08-23T18:00,32.2,1,0.00
2025-08-23T19:00,31.8,0,0.00
2025-08-23T20:00,31.0,0,0.00
2025-08-23T21:00,29.2,0,0.00
2025-08-23T22:00,28.2,0,0.00
2025-08-23T23:00,27.2,0,0.00
2025-08-24T00:00,26.5,0,0.00
2025-08-24T01:00,25.7,0,0.00
2025-08-24T02:00,24.8,0,0.00
2025-08-24T03:00,23.2,0,0.00
2025-08-24T04:00,22.5,0,0.00
2025-08-24T05:00,21.5,0,0.00
2025-08-24T06:00,20.9,0,0.00
2025-08-24T07:00,19.7,0,0.00
2025-08-24T08:00,19.5,0,0.00
2025-08-24T09:00,20.9,0,0.00
2025-08-24T10:00,23.3,0,0.00
2025-08-24T11:00,25.9,0,0.00
2025-08-24T12:00,28.3,0,0.00
2025-08-24T13:00,30.3,0,0.00
2025-08-24T14:00,31.5,1,0.00
2025-08-24T15:00,32.3,1,0.00
2025-08-24T16:00,32.8,2,0.00
2025-08-24T17:00,32.9,1,0.00
2025-08-24T18:00,32.6,3,0.00
2025-08-24T19:00,32.2,2,0.00
2025-08-24T20:00,31.3,0,0.00
2025-08-24T21:00,29.3,3,0.00
2025-08-24T22:00,27.9,3,0.00
2025-08-24T23:00,26.6,1,0.00
2025-08-25T00:00,25.6,0,0.00
2025-08-25T01:00,24.0,0,0.00
2025-08-25T02:00,22.9,0,0.00
2025-08-25T03:00,22.9,0,0.00
2025-08-25T04:00,22.4,1,0.00
2025-08-25T05:00,22.0,3,0.00
2025-08-25T06:00,22.2,3,0.00
2025-08-25T07:00,22.4,3,0.00
2025-08-25T08:00,22.0,3,0.00
2025-08-25T09:00,21.5,53,0.60
2025-08-25T10:00,23.9,3,0.00
2025-08-25T11:00,25.6,3,0.00
2025-08-25T12:00,26.5,3,0.00
2025-08-25T13:00,27.8,1,0.00
2025-08-25T14:00,31.2,0,0.00
2025-08-25T15:00,32.4,0,0.00
2025-08-25T16:00,32.8,0,0.00
2025-08-25T17:00,33.0,1,0.00
2025-08-25T18:00,32.9,1,0.00
2025-08-25T19:00,32.6,1,0.00
2025-08-25T20:00,31.9,0,0.00
2025-08-25T21:00,30.0,0,0.00
2025-08-25T22:00,28.7,0,0.00
2025-08-25T23:00,27.3,0,0.00
2025-08-26T00:00,26.1,0,0.00
2025-08-26T01:00,26.0,0,0.00
2025-08-26T02:00,25.4,0,0.00
2025-08-26T03:00,24.5,0,0.00
2025-08-26T04:00,23.6,0,0.00
2025-08-26T05:00,23.1,0,0.00
2025-08-26T06:00,22.5,0,0.00
2025-08-26T07:00,22.1,0,0.00
2025-08-26T08:00,21.9,0,0.00
2025-08-26T09:00,23.2,0,0.00
2025-08-26T10:00,25.5,0,0.00
2025-08-26T11:00,27.5,0,0.00
2025-08-26T12:00,29.3,1,0.00
2025-08-26T13:00,31.1,0,0.00
2025-08-26T14:00,32.8,0,0.00
2025-08-26T15:00,33.2,0,0.00
2025-08-26T16:00,33.9,0,0.00
2025-08-26T17:00,34.1,0,0.00
2025-08-26T18:00,33.7,0,0.00
2025-08-26T19:00,33.2,0,0.00
2025-08-26T20:00,32.3,0,0.00
2025-08-26T21:00,31.0,0,0.00
2025-08-26T22:00,29.9,0,0.00
2025-08-26T23:00,28.7,0,0.00
2025-08-27T00:00,27.6,0,0.00
2025-08-27T01:00,26.8,1,0.00
2025-08-27T02:00,26.2,1,0.00
2025-08-27T03:00,23.3,0,0.00
2025-08-27T04:00,23.0,1,0.00
2025-08-27T05:00,22.9,1,0.00
2025-08-27T06:00,22.6,1,0.00
2025-08-27T07:00,22.1,1,0.00
2025-08-27T08:00,21.7,1,0.00
2025-08-27T09:00,22.6,1,0.00
2025-08-27T10:00,24.9,1,0.00
2025-08-27T11:00,27.2,1,0.00
2025-08-27T12:00,29.2,1,0.00
2025-08-27T13:00,30.4,1,0.00
2025-08-27T14:00,31.3,0,0.00
2025-08-27T15:00,32.3,1,0.00
2025-08-27T16:00,32.0,3,0.00
2025-08-27T17:00,32.1,3,0.00
2025-08-27T18:00,31.6,2,0.00
2025-08-27T19:00,30.9,2,0.00
2025-08-27T20:00,29.8,3,0.00
2025-08-27T21:00,28.4,3,0.00
2025-08-27T22:00,27.2,3,0.00
2025-08-27T23:00,25.9,3,0.00
2025-08-28T00:00,24.4,3,0.00
2025-08-28T01:00,22.9,3,0.00
2025-08-28T02:00,21.8,3,0.00
2025-08-28T03:00,20.4,0,0.00
2025-08-28T04:00,19.2,0,0.00
2025-08-28T05:00,18.0,0,0.00
2025-08-28T06:00,17.3,0,0.00
2025-08-28T07:00,16.9,0,0.00
2025-08-28T08:00,16.8,0,0.00
2025-08-28T09:00,18.0,0,0.00
2025-08-28T10:00,19.4,0,0.00
2025-08-28T11:00,21.0,0,0.00
2025-08-28T12:00,22.9,0,0.00
2025-08-28T13:00,24.5,0,0.00
2025-08-28T14:00,25.6,0,0.00
2025-08-28T15:00,26.4,0,0.00
2025-08-28T16:00,26.5,0,0.00
2025-08-28T17:00,26.5,0,0.00
2025-08-28T18:00,26.2,0,0.00
2025-08-28T19:00,25.5,0,0.00
2025-08-28T20:00,24.2,0,0.00
2025-08-28T21:00,22.7,0,0.00
2025-08-28T22:00,21.6,0,0.00
2025-08-28T23:00,20.9,0,0.00
2025-08-29T00:00,20.1,0,0.00
2025-08-29T01:00,19.3,1,0.00
2025-08-29T02:00,18.8,2,0.00
2025-08-29T03:00,18.0,3,0.00
2025-08-29T04:00,17.4,2,0.00
2025-08-29T05:00,16.9,3,0.00
2025-08-29T06:00,16.6,3,0.00
2025-08-29T07:00,15.8,3,0.00
2025-08-29T08:00,16.1,3,0.00
2025-08-29T09:00,16.8,3,0.00
2025-08-29T10:00,18.0,3,0.00
2025-08-29T11:00,19.2,3,0.00
2025-08-29T12:00,20.9,3,0.00
2025-08-29T13:00,23.1,3,0.00
2025-08-29T14:00,24.9,3,0.00
2025-08-29T15:00,26.2,3,0.00
2025-08-29T16:00,27.2,2,0.00
2025-08-29T17:00,27.5,3,0.00
2025-08-29T18:00,26.8,2,0.00
2025-08-29T19:00,28.2,3,0.00
2025-08-29T20:00,26.9,3,0.00
2025-08-29T21:00,25.3,1,0.00
2025-08-29T22:00,24.6,0,0.00
2025-08-29T23:00,23.5,0,0.00
2025-08-30T00:00,22.8,0,0.00
2025-08-30T01:00,22.2,0,0.00
2025-08-30T02:00,21.3,0,0.00
2025-08-30T03:00,20.8,0,0.00
2025-08-30T04:00,19.9,0,0.00
2025-08-30T05:00,19.1,0,0.00
2025-08-30T06:00,18.3,0,0.00
2025-08-30T07:00,17.7,0,0.00
2025-08-30T08:00,17.2,0,0.00
2025-08-30T09:00,18.5,0,0.00
2025-08-30T10:00,20.8,2,0.00
2025-08-30T11:00,22.9,0,0.00
2025-08-30T12:00,25.3,0,0.00
2025-08-30T13:00,27.3,0,0.00
2025-08-30T14:00,28.7,1,0.00
2025-08-30T15:00,30.0,1,0.00
2025-08-30T16:00,30.7,2,0.00
2025-08-30T17:00,31.0,3,0.00
2025-08-30T18:00,30.7,0,0.00
2025-08-30T19:00,30.3,0,0.00
2025-08-30T20:00,29.1,0,0.00
2025-08-30T21:00,27.3,0,0.00
2025-08-30T22:00,25.8,0,0.00
2025-08-30T23:00,24.5,0,0.00
2025-08-31T00:00,23.3,0,0.00
2025-08-31T01:00,22.6,0,0.00
2025-08-31T02:00,21.9,0,0.00
2025-08-31T03:00,20.9,0,0.00
2025-08-31T04:00,19.7,0,0.00
2025-08-31T05:00,18.8,0,0.00
2025-08-31T06:00,17.9,0,0.00
2025-08-31T07:00,17.2,0,0.00
2025-08-31T08:00,16.7,0,0.00
2025-08-31T09:00,18.2,3,0.00
2025-08-31T10:00,20.9,3,0.00
2025-08-31T11:00,23.5,3,0.00
2025-08-31T12:00,24.6,3,0.00
2025-08-31T13:00,25.8,3,0.00
2025-08-31T14:00,26.3,3,0.00
2025-08-31T15:00,26.8,3,0.00
2025-08-31T16:00,27.2,3,0.00
2025-08-31T17:00,26.5,3,0.00
2025-08-31T18:00,26.2,3,0.00
2025-08-31T19:00,25.7,1,0.00
2025-08-31T20:00,24.4,1,0.00
2025-08-31T21:00,23.2,2,0.00
2025-08-31T22:00,22.1,2,0.00
2025-08-31T23:00,20.7,0,0.00
2025-09-01T00:00,19.6,1,0.00
2025-09-01T01:00,18.5,3,0.00
2025-09-01T02:00,17.3,2,0.00
2025-09-01T03:00,16.0,3,0.00
2025-09-01T04:00,15.4,0,0.00
2025-09-01T05:00,14.8,1,0.00
2025-09-01T06:00,14.4,0,0.00
2025-09-01T07:00,14.1,0,0.00
2025-09-01T08:00,13.9,0,0.00
2025-09-01T09:00,14.9,0,0.00
2025-09-01T10:00,16.2,0,0.00
2025-09-01T11:00,17.5,0,0.00
2025-09-01T12:00,19.0,0,0.00
2025-09-01T13:00,20.3,1,0.00
2025-09-01T14:00,21.5,1,0.00
2025-09-01T15:00,22.7,1,0.00
2025-09-01T16:00,24.3,2,0.00
2025-09-01T17:00,24.2,1,0.00
2025-09-01T18:00,24.1,0,0.00
2025-09-01T19:00,23.0,0,0.00
2025-09-01T20:00,21.8,0,0.00
2025-09-01T21:00,20.1,0,0.00
2025-09-01T22:00,19.3,0,0.00
2025-09-01T23:00,18.4,0,0.00
2025-09-02T00:00,17.7,0,0.00
2025-09-02T01:00,17.1,1,0.00
2025-09-02T02:00,16.2,1,0.00
2025-09-02T03:00,15.2,3,0.00
2025-09-02T04:00,14.6,2,0.00
2025-09-02T05:00,13.9,2,0.00
2025-09-02T06:00,13.0,3,0.00
2025-09-02T07:00,12.5,3,0.00
2025-09-02T08:00,12.2,3,0.00
2025-09-02T09:00,13.8,3,0.00
2025-09-02T10:00,16.1,3,0.00
2025-09-02T11:00,19.1,3,0.00
2025-09-02T12:00,21.1,3,0.00
2025-09-02T13:00,22.3,3,0.00
2025-09-02T14:00,23.4,3,0.00
2025-09-02T15:00,25.2,3,0.00
2025-09-02T16:00,26.1,3,0.00
2025-09-02T17:00,26.4,3,0.00
2025-09-02T18:00,26.5,3,0.00
2025-09-02T19:00,26.2,0,0.00
2025-09-02T20:00,25.4,0,0.00
2025-09-02T21:00,23.1,0,0.00
2025-09-02T22:00,21.9,0,0.00
2025-09-02T23:00,21.2,0,0.00
2025-09-03T00:00,20.4,0,0.00
2025-09-03T01:00,19.0,0,0.00
2025-09-03T02:00,17.7,0,0.00
2025-09-03T03:00,16.4,0,0.00
2025-09-03T04:00,15.9,0,0.00
2025-09-03T05:00,15.7,0,0.00
2025-09-03T06:00,14.8,0,0.00
2025-09-03T07:00,14.2,0,0.00
2025-09-03T08:00,13.8,0,0.00
2025-09-03T09:00,15.8,0,0.00
2025-09-03T10:00,19.3,0,0.00
2025-09-03T11:00,22.3,0,0.00
2025-09-03T12:00,24.6,0,0.00
2025-09-03T13:00,26.4,0,0.00
2025-09-03T14:00,27.7,0,0.00
2025-09-03T15:00,29.0,0,0.00
2025-09-03T16:00,29.7,0,0.00
2025-09-03T17:00,29.9,0,0.00
2025-09-03T18:00,29.7,0,0.00
2025-09-03T19:00,29.2,1,0.00
2025-09-03T20:00,28.2,1,0.00
2025-09-03T21:00,26.4,2,0.00
2025-09-03T22:00,25.0,3,0.00
2025-09-03T23:00,23.9,3,0.00
2025-09-04T00:00,23.0,3,0.00
2025-09-04T01:00,22.4,3,0.00
2025-09-04T02:00,22.0,2,0.00
2025-09-04T03:00,21.1,0,0.00
2025-09-04T04:00,19.9,0,0.00
2025-09-04T05:00,18.9,0,0.00
2025-09-04T06:00,18.0,0,0.00
2025-09-04T07:00,17.1,0,0.00
2025-09-04T08:00,16.5,0,0.00
2025-09-04T09:00,17.9,0,0.00
2025-09-04T10:00,19.7,0,0.00
2025-09-04T11:00,22.1,0,0.00
2025-09-04T12:00,24.2,0,0.00
2025-09-04T13:00,26.2,0,0.00
2025-09-04T14:00,27.8,0,0.00
2025-09-04T15:00,29.1,0,0.00
2025-09-04T16:00,29.5,0,0.00
2025-09-04T17:00,29.1,0,0.00
2025-09-04T18:00,28.4,2,0.00
2025-09-04T19:00,27.3,3,0.00
2025-09-04T20:00,25.7,3,0.00
2025-09-04T21:00,23.8,1,0.00
2025-09-04T22:00,22.7,2,0.00
2025-09-04T23:00,21.6,2,0.00
2025-09-05T00:00,20.2,3,0.00
2025-09-05T01:00,19.4,3,0.00
2025-09-05T02:00,18.8,3,0.00
2025-09-05T03:00,18.0,3,0.00
2025-09-05T04:00,17.6,3,0.00
2025-09-05T05:00,17.1,3,0.00
2025-09-05T06:00,16.8,3,0.00
2025-09-05T07:00,16.5,3,0.00
2025-09-05T08:00,16.1,3,0.00
2025-09-05T09:00,16.9,3,0.00
2025-09-05T10:00,18.9,3,0.00
2025-09-05T11:00,21.5,3,0.00
2025-09-05T12:00,23.7,3,0.00
2025-09-05T13:00,25.7,3,0.00
2025-09-05T14:00,27.6,1,0.00
2025-09-05T15:00,29.0,0,0.00
2025-09-05T16:00,30.2,0,0.00
2025-09-05T17:00,31.1,0,0.00
2025-09-05T18:00,31.9,0,0.00
2025-09-05T19:00,31.7,0,0.00
2025-09-05T20:00,30.9,3,0.00
2025-09-05T21:00,29.0,3,0.00
2025-09-05T22:00,26.7,3,0.00
2025-09-05T23:00,25.4,3,0.00
2025-09-06T00:00,24.4,3,0.00
2025-09-06T01:00,23.3,2,0.00
2025-09-06T02:00,22.1,0,0.00
2025-09-06T03:00,21.3,0,0.00
2025-09-06T04:00,20.7,0,0.00
2025-09-06T05:00,20.1,0,0.00
2025-09-06T06:00,19.6,0,0.00
2025-09-06T07:00,19.0,0,0.00
2025-09-06T08:00,18.4,0,0.00
2025-09-06T09:00,19.2,0,0.00
2025-09-06T10:00,20.6,0,0.00
2025-09-06T11:00,22.3,0,0.00
2025-09-06T12:00,24.5,0,0.00
2025-09-06T13:00,26.8,0,0.00
2025-09-06T14:00,28.8,0,0.00
2025-09-06T15:00,30.0,0,0.00
2025-09-06T16:00,31.3,0,0.00
2025-09-06T17:00,31.7,0,0.00
2025-09-06T18:00,31.7,0,0.00
2025-09-06T19:00,31.8,0,0.00
2025-09-06T20:00,32.0,0,0.00
2025-09-06T21:00,30.2,2,0.00
2025-09-06T22:00,27.9,0,0.00
2025-09-06T23:00,25.9,3,0.00
2025-09-07T00:00,25.2,3,0.00
2025-09-07T01:00,25.4,3,0.00
2025-09-07T02:00,25.9,3,0.00
2025-09-07T03:00,24.7,0,0.00
2025-09-07T04:00,23.6,0,0.00
2025-09-07T05:00,22.8,1,0.00
2025-09-07T06:00,21.9,2,0.00
2025-09-07T07:00,21.1,2,0.00
2025-09-07T08:00,20.4,3,0.00
2025-09-07T09:00,21.0,3,0.00
2025-09-07T10:00,21.2,3,0.00
2025-09-07T11:00,21.8,3,0.00
2025-09-07T12:00,22.2,3,0.00
2025-09-07T13:00,21.6,3,0.00
2025-09-07T14:00,22.5,3,0.00
2025-09-07T15:00,24.6,3,0.00
2025-09-07T16:00,25.0,3,0.00
2025-09-07T17:00,25.0,3,0.00
2025-09-07T18:00,24.8,3,0.00
2025-09-07T19:00,24.4,3,0.00
2025-09-07T20:00,23.6,3,0.00
2025-09-07T21:00,22.6,3,0.00
2025-09-07T22:00,21.7,3,0.00
2025-09-07T23:00,21.2,3,0.00
2025-09-08T00:00,20.7,3,0.00
2025-09-08T01:00,20.3,0,0.00
2025-09-08T02:00,19.3,0,0.00
2025-09-08T03:00,20.3,0,0.00
2025-09-08T04:00,19.1,3,0.00
2025-09-08T05:00,18.2,2,0.00
2025-09-08T06:00,17.6,2,0.00
2025-09-08T07:00,17.3,3,0.00
2025-09-08T08:00,17.2,2,0.00
2025-09-08T09:00,18.0,2,0.00
2025-09-08T10:00,20.2,3,0.00
2025-09-08T11:00,22.3,3,0.00
2025-09-08T12:00,24.3,2,0.00
2025-09-08T13:00,25.5,3,0.00
2025-09-08T14:00,26.6,2,0.00
2025-09-08T15:00,26.8,51,0.10
2025-09-08T16:00,27.5,3,0.00
2025-09-08T17:00,27.5,3,0.00
2025-09-08T18:00,27.2,3,0.00
2025-09-08T19:00,26.6,3,0.00
2025-09-08T20:00,25.4,3,0.00
2025-09-08T21:00,24.0,3,0.00
2025-09-08T22:00,23.0,3,0.00
2025-09-08T23:00,22.3,3,0.00
2025-09-09T00:00,21.1,3,0.00
2025-09-09T01:00,20.1,3,0.00
2025-09-09T02:00,19.5,3,0.00
2025-09-09T03:00,18.2,3,0.00
2025-09-09T04:00,16.9,1,0.00
2025-09-09T05:00,16.5,1,0.00
2025-09-09T06:00,15.8,0,0.00
2025-09-09T07:00,15.1,0,0.00
2025-09-09T08:00,14.6,0,0.00
2025-09-09T09:00,15.6,0,0.00
2025-09-09T10:00,17.5,0,0.00
2025-09-09T11:00,19.7,0,0.00
2025-09-09T12:00,21.9,0,0.00
2025-09-09T13:00,23.7,0,0.00
2025-09-09T14:00,25.3,1,0.00
2025-09-09T15:00,26.1,0,0.00
2025-09-09T16:00,27.1,0,0.00
2025-09-09T17:00,27.3,0,0.00
2025-09-09T18:00,25.7,0,0.00
2025-09-09T19:00,24.6,0,0.00
2025-09-09T20:00,23.6,0,0.00
2025-09-09T21:00,21.8,0,0.00
2025-09-09T22:00,20.8,0,0.00
2025-09-09T23:00,19.8,0,0.00
2025-09-10T00:00,18.9,3,0.00
2025-09-10T01:00,18.3,3,0.00
2025-09-10T02:00,18.1,2,0.00
2025-09-10T03:00,16.6,2,0.00
2025-09-10T04:00,16.1,0,0.00
2025-09-10T05:00,15.4,0,0.00
2025-09-10T06:00,15.0,1,0.00
2025-09-10T07:00,14.5,2,0.00
2025-09-10T08:00,14.4,1,0.00
2025-09-10T09:00,16.3,2,0.00
2025-09-10T10:00,18.1,2,0.00
2025-09-10T11:00,19.7,1,0.00
2025-09-10T12:00,21.9,2,0.00
2025-09-10T13:00,23.4,3,0.00
2025-09-10T14:00,24.3,3,0.00
2025-09-10T15:00,25.0,3,0.00
2025-09-10T16:00,25.0,2,0.00
2025-09-10T17:00,25.9,51,0.20
2025-09-10T18:00,26.3,1,0.00
2025-09-10T19:00,26.1,1,0.00
2025-09-10T20:00,24.4,1,0.00
2025-09-10T21:00,23.5,0,0.00
2025-09-10T22:00,22.6,0,0.00
2025-09-10T23:00,21.7,0,0.00
2025-09-11T00:00,20.9,0,0.00
2025-09-11T01:00,19.9,0,0.00
2025-09-11T02:00,18.8,0,0.00
2025-09-11T03:00,18.3,0,0.00
2025-09-11T04:00,17.3,0,0.00
2025-09-11T05:00,16.3,0,0.00
2025-09-11T06:00,15.7,0,0.00
2025-09-11T07:00,15.1,0,0.00
2025-09-11T08:00,14.6,0,0.00
2025-09-11T09:00,15.6,0,0.00
2025-09-11T10:00,18.0,0,0.00
2025-09-11T11:00,20.9,0,0.00
2025-09-11T12:00,23.9,0,0.00
2025-09-11T13:00,26.1,0,0.00
2025-09-11T14:00,27.1,0,0.00
2025-09-11T15:00,27.7,0,0.00
2025-09-11T16:00,28.5,0,0.00
2025-09-11T17:00,28.6,0,0.00
2025-09-11T18:00,28.2,0,0.00
2025-09-11T19:00,27.1,0,0.00
2025-09-11T20:00,26.0,0,0.00
2025-09-11T21:00,24.6,0,0.00
2025-09-11T22:00,23.6,0,0.00
2025-09-11T23:00,22.7,0,0.00
2025-09-12T00:00,22.0,0,0.00
2025-09-12T01:00,21.1,0,0.00
2025-09-12T02:00,20.2,0,0.00
2025-09-12T03:00,19.5,0,0.00
2025-09-12T04:00,18.2,0,0.00
2025-09-12T05:00,17.2,0,0.00
2025-09-12T06:00,16.4,0,0.00
2025-09-12T07:00,15.9,1,0.00
2025-09-12T08:00,15.6,1,0.00
2025-09-12T09:00,16.7,0,0.00
2025-09-12T10:00,19.6,0,0.00
2025-09-12T11:00,22.5,1,0.00
2025-09-12T12:00,24.7,1,0.00
2025-09-12T13:00,26.6,1,0.00
2025-09-12T14:00,28.2,3,0.00
2025-09-12T15:00,29.1,3,0.00
2025-09-12T16:00,29.7,3,0.00
2025-09-12T17:00,29.4,3,0.00
2025-09-12T18:00,29.1,3,0.00
2025-09-12T19:00,28.8,3,0.00
2025-09-12T20:00,28.6,1,0.00
2025-09-12T21:00,25.9,0,0.00
2025-09-12T22:00,24.8,1,0.00
2025-09-12T23:00,23.6,3,0.00
2025-09-13T00:00,23.1,3,0.00
2025-09-13T01:00,21.7,3,0.00
2025-09-13T02:00,20.6,0,0.00
2025-09-13T03:00,19.5,0,0.00
2025-09-13T04:00,18.7,3,0.00
2025-09-13T05:00,17.7,3,0.00
2025-09-13T06:00,17.1,3,0.00
2025-09-13T07:00,16.7,3,0.00
2025-09-13T08:00,16.2,3,0.00
2025-09-13T09:00,17.5,3,0.00
2025-09-13T10:00,20.6,3,0.00
2025-09-13T11:00,23.1,3,0.00
2025-09-13T12:00,25.2,3,0.00
2025-09-13T13:00,26.6,3,0.00
2025-09-13T14:00,27.7,3,0.00
2025-09-13T15:00,28.5,3,0.00
2025-09-13T16:00,29.1,3,0.00
2025-09-13T17:00,30.0,3,0.00
2025-09-13T18:00,29.7,3,0.00
2025-09-13T19:00,29.3,3,0.00
2025-09-13T20:00,27.2,3,0.00
2025-09-13T21:00,25.1,3,0.00
2025-09-13T22:00,23.9,1,0.00
2025-09-13T23:00,23.1,0,0.00
2025-09-14T00:00,22.4,0,0.00
2025-09-14T01:00,21.5,0,0.00
2025-09-14T02:00,20.2,0,0.00
2025-09-14T03:00,18.3,0,0.00
2025-09-14T04:00,17.1,0,0.00
2025-09-14T05:00,16.3,0,0.00
2025-09-14T06:00,15.5,0,0.00
2025-09-14T07:00,14.6,0,0.00
2025-09-14T08:00,14.1,0,0.00
2025-09-14T09:00,15.6,0,0.00
2025-09-14T10:00,19.2,0,0.00
2025-09-14T11:00,22.3,0,0.00
2025-09-14T12:00,24.7,0,0.00
2025-09-14T13:00,26.9,0,0.00
2025-09-14T14:00,28.4,0,0.00
2025-09-14T15:00,29.5,0,0.00
2025-09-14T16:00,30.3,0,0.00
2025-09-14T17:00,30.7,0,0.00
2025-09-14T18:00,30.7,0,0.00
2025-09-14T19:00,30.1,0,0.00
2025-09-14T20:00,28.8,0,0.00
2025-09-14T21:00,27.3,0,0.00
2025-09-14T22:00,25.8,0,0.00
2025-09-14T23:00,24.5,0,0.00
2025-09-15T00:00,23.3,0,0.00
2025-09-15T01:00,22.7,0,0.00
2025-09-15T02:00,22.0,0,0.00
2025-09-15T03:00,20.9,0,0.00
2025-09-15T04:00,19.8,0,0.00
2025-09-15T05:00,18.4,0,0.00
2025-09-15T06:00,17.6,0,0.00
2025-09-15T07:00,17.0,0,0.00
2025-09-15T08:00,16.6,0,0.00
2025-09-15T09:00,17.7,0,0.00
2025-09-15T10:00,20.9,0,0.00
2025-09-15T11:00,23.4,0,0.00
2025-09-15T12:00,25.7,0,0.00
2025-09-15T13:00,27.9,0,0.00
2025-09-15T14:00,29.8,0,0.00
2025-09-15T15:00,31.5,0,0.00
2025-09-15T16:00,32.3,0,0.00
2025-09-15T17:00,32.7,0,0.00
2025-09-15T18:00,32.4,0,0.00
2025-09-15T19:00,31.6,0,0.00
2025-09-15T20:00,30.3,0,0.00
2025-09-15T21:00,28.5,0,0.00
2025-09-15T22:00,27.2,0,0.00
2025-09-15T23:00,25.9,0,0.00
2025-09-16T00:00,24.5,0,0.00
2025-09-16T01:00,23.3,0,0.00
2025-09-16T02:00,22.7,0,0.00
2025-09-16T03:00,21.8,0,0.00
2025-09-16T04:00,20.6,0,0.00
2025-09-16T05:00,20.2,0,0.00
2025-09-16T06:00,19.7,0,0.00
2025-09-16T07:00,18.9,0,0.00
2025-09-16T08:00,18.5,0,0.00
2025-09-16T09:00,19.4,0,0.00
2025-09-16T10:00,21.7,0,0.00
2025-09-16T11:00,24.6,0,0.00
2025-09-16T12:00,27.1,0,0.00
2025-09-16T13:00,29.3,0,0.00
2025-09-16T14:00,31.2,0,0.00
2025-09-16T15:00,32.7,0,0.00
2025-09-16T16:00,33.3,0,0.00
2025-09-16T17:00,33.4,1,0.00
2025-09-16T18:00,33.1,0,0.00
2025-09-16T19:00,32.5,0,0.00
2025-09-16T20:00,30.8,0,0.00
2025-09-16T21:00,28.7,0,0.00
2025-09-16T22:00,27.9,0,0.00
2025-09-16T23:00,26.2,0,0.00
2025-09-17T00:00,24.3,0,0.00
2025-09-17T01:00,23.8,0,0.00
2025-09-17T02:00,22.8,0,0.00
2025-09-17T03:00,21.9,0,0.00
2025-09-17T04:00,21.1,0,0.00
2025-09-17T05:00,20.3,0,0.00
2025-09-17T06:00,19.6,0,0.00
2025-09-17T07:00,19.0,0,0.00
2025-09-17T08:00,18.4,0,0.00
2025-09-17T09:00,19.0,0,0.00
2025-09-17T10:00,21.8,0,0.00
2025-09-17T11:00,24.9,0,0.00
2025-09-17T12:00,27.4,0,0.00
2025-09-17T13:00,29.8,0,0.00
2025-09-17T14:00,32.0,0,0.00
2025-09-17T15:00,33.5,0,0.00
2025-09-17T16:00,34.0,0,0.00
2025-09-17T17:00,34.0,0,0.00
2025-09-17T18:00,33.7,0,0.00
2025-09-17T19:00,32.8,0,0.00
2025-09-17T20:00,31.0,0,0.00
2025-09-17T21:00,29.1,0,0.00
2025-09-17T22:00,28.6,0,0.00
2025-09-17T23:00,27.1,0,0.00
2025-09-18T00:00,26.2,0,0.00
2025-09-18T01:00,24.1,0,0.00
2025-09-18T02:00,22.7,0,0.00
2025-09-18T03:00,20.9,0,0.00
2025-09-18T04:00,21.1,0,0.00
2025-09-18T05:00,20.5,0,0.00
2025-09-18T06:00,19.2,0,0.00
2025-09-18T07:00,18.8,0,0.00
2025-09-18T08:00,18.5,0,0.00
2025-09-18T09:00,19.2,0,0.00
2025-09-18T10:00,22.3,0,0.00
2025-09-18T11:00,25.7,0,0.00
2025-09-18T12:00,27.9,0,0.00
2025-09-18T13:00,30.1,0,0.00
2025-09-18T14:00,32.0,0,0.00
2025-09-18T15:00,33.7,0,0.00
2025-09-18T16:00,34.8,1,0.00
2025-09-18T17:00,35.1,0,0.00
2025-09-18T18:00,34.8,0,0.00
2025-09-18T19:00,34.0,0,0.00
2025-09-18T20:00,32.3,0,0.00
2025-09-18T21:00,30.8,0,0.00
2025-09-18T22:00,29.2,0,0.00
2025-09-18T23:00,28.4,0,0.00
2025-09-19T00:00,27.6,0,0.00
2025-09-19T01:00,25.2,0,0.00
2025-09-19T02:00,23.1,0,0.00
2025-09-19T03:00,23.1,0,0.00
2025-09-19T04:00,22.2,0,0.00
2025-09-19T05:00,21.3,0,0.00
2025-09-19T06:00,21.1,0,0.00
2025-09-19T07:00,20.3,1,0.00
2025-09-19T08:00,19.6,2,0.00
2025-09-19T09:00,20.7,2,0.00
2025-09-19T10:00,23.3,0,0.00
2025-09-19T11:00,25.8,0,0.00
2025-09-19T12:00,28.2,0,0.00
2025-09-19T13:00,30.4,3,0.00
2025-09-19T14:00,32.1,0,0.00
2025-09-19T15:00,31.9,3,0.00
2025-09-19T16:00,33.0,0,0.00
2025-09-19T17:00,33.8,0,0.00
2025-09-19T18:00,33.1,2,0.00
2025-09-19T19:00,32.9,3,0.00
2025-09-19T20:00,29.5,3,0.00
2025-09-19T21:00,27.3,2,0.00
2025-09-19T22:00,24.9,3,0.00
2025-09-19T23:00,24.5,3,0.00
2025-09-20T00:00,22.0,53,0.60
2025-09-20T01:00,21.2,51,0.20
2025-09-20T02:00,19.7,61,1.60
2025-09-20T03:00,20.8,1,0.00
2025-09-20T04:00,20.1,2,0.00
2025-09-20T05:00,19.6,3,0.00
2025-09-20T06:00,19.3,3,0.00
2025-09-20T07:00,19.0,0,0.00
2025-09-20T08:00,18.6,3,0.00
2025-09-20T09:00,19.5,3,0.00
2025-09-20T10:00,21.8,2,0.00
2025-09-20T11:00,24.2,3,0.00
2025-09-20T12:00,26.3,1,0.00
2025-09-20T13:00,28.3,0,0.00
2025-09-20T14:00,29.8,2,0.00
2025-09-20T15:00,30.0,1,0.00
2025-09-20T16:00,30.1,1,0.00
2025-09-20T17:00,30.1,1,0.00
2025-09-20T18:00,29.3,1,0.00
2025-09-20T19:00,28.7,3,0.00
2025-09-20T20:00,27.2,3,0.00
2025-09-20T21:00,26.4,1,0.00
2025-09-20T22:00,25.1,1,0.00
2025-09-20T23:00,24.3,3,0.00
2025-09-21T00:00,23.9,1,0.00
2025-09-21T01:00,22.4,3,0.00
2025-09-21T02:00,21.0,3,0.00
2025-09-21T03:00,19.9,2,0.00
2025-09-21T04:00,19.5,2,0.00
2025-09-21T05:00,19.5,0,0.00
2025-09-21T06:00,18.7,0,0.00
2025-09-21T07:00,18.0,0,0.00
2025-09-21T08:00,17.1,0,0.00
2025-09-21T09:00,17.3,0,0.00
2025-09-21T10:00,18.9,0,0.00
2025-09-21T11:00,21.1,0,0.00
2025-09-21T12:00,22.9,0,0.00
2025-09-21T13:00,24.0,0,0.00
2025-09-21T14:00,24.2,0,0.00
2025-09-21T15:00,24.3,0,0.00
2025-09-21T16:00,23.7,0,0.00
2025-09-21T17:00,23.2,0,0.00
2025-09-21T18:00,22.4,0,0.00
2025-09-21T19:00,20.9,0,0.00
2025-09-21T20:00,19.6,0,0.00
2025-09-21T21:00,18.0,0,0.00
2025-09-21T22:00,17.3,0,0.00
2025-09-21T23:00,16.7,0,0.00
2025-09-22T00:00,15.5,0,0.00
2025-09-22T01:00,14.6,0,0.00
2025-09-22T02:00,13.6,0,0.00
2025-09-22T03:00,12.5,0,0.00
2025-09-22T04:00,11.7,0,0.00
2025-09-22T05:00,10.9,0,0.00
2025-09-22T06:00,10.2,0,0.00
2025-09-22T07:00,9.5,0,0.00
2025-09-22T08:00,8.7,0,0.00
2025-09-22T09:00,9.4,0,0.00
2025-09-22T10:00,11.3,0,0.00
2025-09-22T11:00,13.1,0,0.00
2025-09-22T12:00,15.1,0,0.00
2025-09-22T13:00,17.1,0,0.00
2025-09-22T14:00,18.8,0,0.00
2025-09-22T15:00,19.8,0,0.00
2025-09-22T16:00,20.5,0,0.00
2025-09-22T17:00,21.0,0,0.00
2025-09-22T18:00,20.5,0,0.00
2025-09-22T19:00,19.4,0,0.00
2025-09-22T20:00,18.1,1,0.00
2025-09-22T21:00,17.0,0,0.00
2025-09-22T22:00,15.9,0,0.00
2025-09-22T23:00,14.8,0,0.00
2025-09-23T00:00,14.0,0,0.00
2025-09-23T01:00,13.1,0,0.00
2025-09-23T02:00,12.5,0,0.00
2025-09-23T03:00,11.6,0,0.00
2025-09-23T04:00,10.9,0,0.00
2025-09-23T05:00,9.9,0,0.00
2025-09-23T06:00,9.5,0,0.00
2025-09-23T07:00,9.1,0,0.00
2025-09-23T08:00,8.8,0,0.00
2025-09-23T09:00,9.5,0,0.00
2025-09-23T10:00,11.9,0,0.00
2025-09-23T11:00,14.3,0,0.00
2025-09-23T12:00,16.4,0,0.00
2025-09-23T13:00,18.1,0,0.00
2025-09-23T14:00,19.3,0,0.00
2025-09-23T15:00,20.0,0,0.00
2025-09-23T16:00,20.8,0,0.00
2025-09-23T17:00,21.4,0,0.00
2025-09-23T18:00,22.0,0,0.00
2025-09-23T19:00,21.6,0,0.00
2025-09-23T20:00,19.6,0,0.00
2025-09-23T21:00,18.0,0,0.00
2025-09-23T22:00,16.6,0,0.00
2025-09-23T23:00,15.2,0,0.00
2025-09-24T00:00,14.3,0,0.00
2025-09-24T01:00,13.5,0,0.00
2025-09-24T02:00,12.6,0,0.00
2025-09-24T03:00,11.3,0,0.00
2025-09-24T04:00,10.4,0,0.00
2025-09-24T05:00,9.7,0,0.00
2025-09-24T06:00,9.0,3,0.00
2025-09-24T07:00,8.5,3,0.00
2025-09-24T08:00,8.0,3,0.00
2025-09-24T09:00,8.7,2,0.00
2025-09-24T10:00,10.5,3,0.00
2025-09-24T11:00,12.7,3,0.00
2025-09-24T12:00,15.1,3,0.00
2025-09-24T13:00,17.1,3,0.00
2025-09-24T14:00,18.7,1,0.00
2025-09-24T15:00,19.9,1,0.00
2025-09-24T16:00,20.8,1,0.00
2025-09-24T17:00,21.0,1,0.00
2025-09-24T18:00,20.9,3,0.00
2025-09-24T19:00,20.4,3,0.00
2025-09-24T20:00,19.1,0,0.00
2025-09-24T21:00,17.8,0,0.00
2025-09-24T22:00,16.4,0,0.00
2025-09-24T23:00,15.3,0,0.00
2025-09-25T00:00,14.5,0,0.00
2025-09-25T01:00,13.6,0,0.00
2025-09-25T02:00,12.9,0,0.00
2025-09-25T03:00,11.1,1,0.00
2025-09-25T04:00,10.5,1,0.00
2025-09-25T05:00,10.3,0,0.00
2025-09-25T06:00,9.8,0,0.00
2025-09-25T07:00,9.2,0,0.00
2025-09-25T08:00,8.8,1,0.00
2025-09-25T09:00,9.4,1,0.00
2025-09-25T10:00,11.8,3,0.00
2025-09-25T11:00,14.5,3,0.00
2025-09-25T12:00,17.1,3,0.00
2025-09-25T13:00,19.2,3,0.00
2025-09-25T14:00,20.8,3,0.00
2025-09-25T15:00,22.1,3,0.00
2025-09-25T16:00,22.6,2,0.00
2025-09-25T17:00,22.8,0,0.00
2025-09-25T18:00,22.7,0,0.00
2025-09-25T19:00,22.1,0,0.00
2025-09-25T20:00,20.4,0,0.00
2025-09-25T21:00,19.3,0,0.00
2025-09-25T22:00,17.9,0,0.00
2025-09-25T23:00,16.3,0,0.00
2025-09-26T00:00,14.4,0,0.00
2025-09-26T01:00,13.2,0,0.00
2025-09-26T02:00,12.5,0,0.00
2025-09-26T03:00,11.8,0,0.00
2025-09-26T04:00,11.1,0,0.00
2025-09-26T05:00,10.5,0,0.00
2025-09-26T06:00,9.9,0,0.00
2025-09-26T07:00,9.3,0,0.00
2025-09-26T08:00,9.0,0,0.00
2025-09-26T09:00,9.7,0,0.00
2025-09-26T10:00,13.0,0,0.00
2025-09-26T11:00,16.8,0,0.00
2025-09-26T12:00,19.7,0,0.00
2025-09-26T13:00,21.9,0,0.00
2025-09-26T14:00,23.4,0,0.00
2025-09-26T15:00,24.4,0,0.00
2025-09-26T16:00,25.0,0,0.00
2025-09-26T17:00,25.2,0,0.00
2025-09-26T18:00,24.9,0,0.00
2025-09-26T19:00,24.3,0,0.00
2025-09-26T20:00,22.7,0,0.00
2025-09-26T21:00,21.5,1,0.00
2025-09-26T22:00,20.2,2,0.00
2025-09-26T23:00,19.4,3,0.00
2025-09-27T00:00,17.5,3,0.00
2025-09-27T01:00,16.0,2,0.00
2025-09-27T02:00,15.3,0,0.00
2025-09-27T03:00,13.6,1,0.00
2025-09-27T04:00,12.7,0,0.00
2025-09-27T05:00,11.7,0,0.00
2025-09-27T06:00,11.0,0,0.00
2025-09-27T07:00,10.3,3,0.00
2025-09-27T08:00,10.4,1,0.00
2025-09-27T09:00,11.1,1,0.00
2025-09-27T10:00,14.7,2,0.00
2025-09-27T11:00,18.2,1,0.00
2025-09-27T12:00,21.2,2,0.00
2025-09-27T13:00,23.3,3,0.00
2025-09-27T14:00,24.4,3,0.00
2025-09-27T15:00,25.2,3,0.00
2025-09-27T16:00,24.7,3,0.00
2025-09-27T17:00,24.6,3,0.00
2025-09-27T18:00,24.3,3,0.00
2025-09-27T19:00,23.7,3,0.00
2025-09-27T20:00,22.5,3,0.00
2025-09-27T21:00,21.2,3,0.00
2025-09-27T22:00,20.6,3,0.00
2025-09-27T23:00,20.0,3,0.00
2025-09-28T00:00,19.6,3,0.00
2025-09-28T01:00,19.0,2,0.00
2025-09-28T02:00,18.1,0,0.00
2025-09-28T03:00,17.8,1,0.00
2025-09-28T04:00,17.0,3,0.00
2025-09-28T05:00,16.3,2,0.00
2025-09-28T06:00,15.6,3,0.00
2025-09-28T07:00,15.4,51,0.10
2025-09-28T08:00,15.5,3,0.00
2025-09-28T09:00,15.9,3,0.00
2025-09-28T10:00,15.3,3,0.00
2025-09-28T11:00,14.6,53,0.80
2025-09-28T12:00,14.2,53,0.50
2025-09-28T13:00,15.1,51,0.30
2025-09-28T14:00,13.8,63,2.90
2025-09-28T15:00,19.7,51,0.10
2025-09-28T16:00,20.0,51,0.10
2025-09-28T17:00,18.4,55,1.00
2025-09-28T18:00,19.1,51,0.30
2025-09-28T19:00,18.9,3,0.00
2025-09-28T20:00,17.8,3,0.00
2025-09-28T21:00,16.5,51,0.10
2025-09-28T22:00,16.8,3,0.00
2025-09-28T23:00,16.9,3,0.00
2025-09-29T00:00,17.2,3,0.00
2025-09-29T01:00,17.5,3,0.00
2025-09-29T02:00,17.6,3,0.00
2025-09-29T03:00,17.2,3,0.00
2025-09-29T04:00,16.3,2,0.00
2025-09-29T05:00,15.9,3,0.00
2025-09-29T06:00,16.0,3,0.00
2025-09-29T07:00,16.0,1,0.00
2025-09-29T08:00,15.4,2,0.00
2025-09-29T09:00,15.5,3,0.00
2025-09-29T10:00,16.9,2,0.00
2025-09-29T11:00,18.5,3,0.00
2025-09-29T12:00,20.1,1,0.00
2025-09-29T13:00,21.7,1,0.00
2025-09-29T14:00,23.1,1,0.00
2025-09-29T15:00,22.7,51,0.10
2025-09-29T16:00,23.3,0,0.00
2025-09-29T17:00,23.3,2,0.00
2025-09-29T18:00,22.1,2,0.00
2025-09-29T19:00,21.4,1,0.00
2025-09-29T20:00,20.0,0,0.00
2025-09-29T21:00,19.0,0,0.00
2025-09-29T22:00,18.1,0,0.00
2025-09-29T23:00,17.3,0,0.00
2025-09-30T00:00,16.5,0,0.00
2025-09-30T01:00,15.9,1,0.00
2025-09-30T02:00,15.5,0,0.00
2025-09-30T03:00,15.2,1,0.00
2025-09-30T04:00,15.0,0,0.00
2025-09-30T05:00,14.7,0,0.00
2025-09-30T06:00,14.4,1,0.00
2025-09-30T07:00,14.2,0,0.00
2025-09-30T08:00,14.0,0,0.00
2025-09-30T09:00,14.7,0,0.00
2025-09-30T10:00,16.3,0,0.00
2025-09-30T11:00,18.1,0,0.00
2025-09-30T12:00,20.0,0,0.00
2025-09-30T13:00,21.9,1,0.00
2025-09-30T14:00,22.6,3,0.00
2025-09-30T15:00,22.4,3,0.00
2025-09-30T16:00,22.9,3,0.00
2025-09-30T17:00,23.0,3,0.00
2025-09-30T18:00,23.4,3,0.00
2025-09-30T19:00,23.0,2,0.00
2025-09-30T20:00,21.6,0,0.00
2025-09-30T21:00,20.3,1,0.00
2025-09-30T22:00,19.8,1,0.00
2025-09-30T23:00,19.5,1,0.00
2025-10-01T00:00,18.5,1,0.00
2025-10-01T01:00,17.3,1,0.00
2025-10-01T02:00,16.0,0,0.00
2025-10-01T03:00,15.4,0,0.00
2025-10-01T04:00,15.2,0,0.00
2025-10-01T05:00,14.3,0,0.00
2025-10-01T06:00,13.2,0,0.00
2025-10-01T07:00,12.7,0,0.00
2025-10-01T08:00,12.2,0,0.00
2025-10-01T09:00,12.8,0,0.00
2025-10-01T10:00,16.4,0,0.00
2025-10-01T11:00,19.0,0,0.00
2025-10-01T12:00,21.2,0,0.00
2025-10-01T13:00,23.2,0,0.00
2025-10-01T14:00,24.4,0,0.00
2025-10-01T15:00,26.3,1,0.00
2025-10-01T16:00,27.1,2,0.00
2025-10-01T17:00,27.2,2,0.00
2025-10-01T18:00,27.0,3,0.00
2025-10-01T19:00,26.4,3,0.00
2025-10-01T20:00,24.4,0,0.00
2025-10-01T21:00,23.0,0,0.00
2025-10-01T22:00,21.6,1,0.00
2025-10-01T23:00,20.2,0,0.00
2025-10-02T00:00,18.9,0,0.00
2025-10-02T01:00,18.0,0,0.00
2025-10-02T02:00,17.2,0,0.00
2025-10-02T03:00,16.0,0,0.00
2025-10-02T04:00,15.5,0,0.00
2025-10-02T05:00,15.0,0,0.00
2025-10-02T06:00,14.6,0,0.00
2025-10-02T07:00,14.0,0,0.00
2025-10-02T08:00,13.2,0,0.00
2025-10-02T09:00,13.2,0,0.00
2025-10-02T10:00,16.0,0,0.00
2025-10-02T11:00,19.0,0,0.00
2025-10-02T12:00,21.8,0,0.00
2025-10-02T13:00,24.2,0,0.00
2025-10-02T14:00,25.3,0,0.00
2025-10-02T15:00,26.8,0,0.00
2025-10-02T16:00,27.6,0,0.00
2025-10-02T17:00,28.0,0,0.00
2025-10-02T18:00,27.9,0,0.00
2025-10-02T19:00,27.0,0,0.00
2025-10-02T20:00,25.2,0,0.00
2025-10-02T21:00,24.3,0,0.00
2025-10-02T22:00,22.6,1,0.00
2025-10-02T23:00,20.1,0,0.00
2025-10-03T00:00,18.1,3,0.00
2025-10-03T01:00,17.2,3,0.00
2025-10-03T02:00,15.4,3,0.00
2025-10-03T03:00,14.6,3,0.00
2025-10-03T04:00,13.8,3,0.00
2025-10-03T05:00,13.4,3,0.00
2025-10-03T06:00,13.1,3,0.00
2025-10-03T07:00,12.8,3,0.00
2025-10-03T08:00,11.1,2,0.00
2025-10-03T09:00,11.6,3,0.00
2025-10-03T10:00,15.1,3,0.00
2025-10-03T11:00,19.4,2,0.00
2025-10-03T12:00,22.6,2,0.00
2025-10-03T13:00,24.7,3,0.00
2025-10-03T14:00,25.8,3,0.00
2025-10-03T15:00,26.8,3,0.00
2025-10-03T16:00,27.3,3,0.00
2025-10-03T17:00,27.4,3,0.00
2025-10-03T18:00,27.0,3,0.00
2025-10-03T19:00,26.3,3,0.00
2025-10-03T20:00,24.4,3,0.00
2025-10-03T21:00,24.1,3,0.00
2025-10-03T22:00,23.1,3,0.00
2025-10-03T23:00,21.5,3,0.00
2025-10-04T00:00,19.6,3,0.00
2025-10-04T01:00,18.5,3,0.00
2025-10-04T02:00,18.0,3,0.00
2025-10-04T03:00,16.8,3,0.00
2025-10-04T04:00,15.6,3,0.00
2025-10-04T05:00,15.1,3,0.00
2025-10-04T06:00,14.5,3,0.00
2025-10-04T07:00,13.9,3,0.00
2025-10-04T08:00,13.0,3,0.00
2025-10-04T09:00,13.6,3,0.00
2025-10-04T10:00,16.4,2,0.00
2025-10-04T11:00,19.8,1,0.00
2025-10-04T12:00,22.9,3,0.00
2025-10-04T13:00,25.2,0,0.00
2025-10-04T14:00,27.0,1,0.00
2025-10-04T15:00,29.0,0,0.00
2025-10-04T16:00,30.0,0,0.00
2025-10-04T17:00,29.8,0,0.00
2025-10-04T18:00,28.6,0,0.00
2025-10-04T19:00,27.1,0,0.00
2025-10-04T20:00,25.1,0,0.00
2025-10-04T21:00,24.2,0,0.00
2025-10-04T22:00,23.1,0,0.00
2025-10-04T23:00,22.1,0,0.00
2025-10-05T00:00,21.3,0,0.00
2025-10-05T01:00,20.9,0,0.00
2025-10-05T02:00,20.5,0,0.00
2025-10-05T03:00,19.5,0,0.00
2025-10-05T04:00,18.4,0,0.00
2025-10-05T05:00,17.1,0,0.00
2025-10-05T06:00,16.3,0,0.00
2025-10-05T07:00,15.9,0,0.00
2025-10-05T08:00,15.4,0,0.00
2025-10-05T09:00,15.2,0,0.00
2025-10-05T10:00,16.4,0,0.00
2025-10-05T11:00,18.1,0,0.00
2025-10-05T12:00,20.0,0,0.00
2025-10-05T13:00,21.5,0,0.00
2025-10-05T14:00,22.9,0,0.00
2025-10-05T15:00,24.1,0,0.00
2025-10-05T16:00,24.6,0,0.00
2025-10-05T17:00,24.7,0,0.00
2025-10-05T18:00,24.4,0,0.00
2025-10-05T19:00,23.6,0,0.00
2025-10-05T20:00,22.2,0,0.00
2025-10-05T21:00,20.6,0,0.00
2025-10-05T22:00,18.7,0,0.00
2025-10-05T23:00,17.5,0,0.00
2025-10-06T00:00,16.0,0,0.00
2025-10-06T01:00,14.6,0,0.00
2025-10-06T02:00,13.5,0,0.00
2025-10-06T03:00,12.8,1,0.00
2025-10-06T04:00,12.3,2,0.00
2025-10-06T05:00,11.9,2,0.00
2025-10-06T06:00,11.3,0,0.00
2025-10-06T07:00,10.8,0,0.00
2025-10-06T08:00,10.4,0,0.00
2025-10-06T09:00,10.6,0,0.00
2025-10-06T10:00,12.9,0,0.00
2025-10-06T11:00,15.8,0,0.00
2025-10-06T12:00,18.4,0,0.00
2025-10-06T13:00,20.4,0,0.00
2025-10-06T14:00,22.3,1,0.00
2025-10-06T15:00,23.9,0,0.00
2025-10-06T16:00,25.0,0,0.00
2025-10-06T17:00,25.5,3,0.00
2025-10-06T18:00,25.5,3,0.00
2025-10-06T19:00,24.7,1,0.00
2025-10-06T20:00,22.6,0,0.00
2025-10-06T21:00,21.6,3,0.00
2025-10-06T22:00,20.4,3,0.00
2025-10-06T23:00,19.5,3,0.00
2025-10-07T00:00,18.9,3,0.00
2025-10-07T01:00,18.3,3,0.00
2025-10-07T02:00,17.4,2,0.00
2025-10-07T03:00,16.5,3,0.00
2025-10-07T04:00,15.5,3,0.00
2025-10-07T05:00,15.2,3,0.00
2025-10-07T06:00,15.2,0,0.00
2025-10-07T07:00,14.4,0,0.00
2025-10-07T08:00,13.0,0,0.00
2025-10-07T09:00,13.0,0,0.00
2025-10-07T10:00,15.8,0,0.00
2025-10-07T11:00,19.4,0,0.00
2025-10-07T12:00,21.7,0,0.00
2025-10-07T13:00,23.8,0,0.00
2025-10-07T14:00,25.6,0,0.00
2025-10-07T15:00,26.9,0,0.00
2025-10-07T16:00,27.5,2,0.00
2025-10-07T17:00,27.6,0,0.00
2025-10-07T18:00,27.3,0,0.00
2025-10-07T19:00,26.4,1,0.00
2025-10-07T20:00,24.9,0,0.00
2025-10-07T21:00,23.9,0,0.00
2025-10-07T22:00,22.5,0,0.00
2025-10-07T23:00,21.1,0,0.00
2025-10-08T00:00,20.5,0,0.00
2025-10-08T01:00,20.1,0,0.00
2025-10-08T02:00,18.6,0,0.00
2025-10-08T03:00,17.0,0,0.00
2025-10-08T04:00,16.8,0,0.00
2025-10-08T05:00,16.5,0,0.00
2025-10-08T06:00,16.4,1,0.00
2025-10-08T07:00,15.8,1,0.00
2025-10-08T08:00,14.7,0,0.00
2025-10-08T09:00,14.8,0,0.00
2025-10-08T10:00,17.5,1,0.00
2025-10-08T11:00,20.6,0,0.00
2025-10-08T12:00,22.8,1,0.00
2025-10-08T13:00,24.7,1,0.00
2025-10-08T14:00,25.4,1,0.00
2025-10-08T15:00,26.9,1,0.00
2025-10-08T16:00,27.2,1,0.00
2025-10-08T17:00,27.2,0,0.00
2025-10-08T18:00,26.8,2,0.00
2025-10-08T19:00,25.8,3,0.00
2025-10-08T20:00,24.8,3,0.00
2025-10-08T21:00,22.2,3,0.00
2025-10-08T22:00,21.3,3,0.00
2025-10-08T23:00,20.3,3,0.00
2025-10-09T00:00,20.0,3,0.00
2025-10-09T01:00,19.3,3,0.00
2025-10-09T02:00,18.9,3,0.00
2025-10-09T03:00,18.4,1,0.00
2025-10-09T04:00,18.1,1,0.00
2025-10-09T05:00,17.4,2,0.00
2025-10-09T06:00,16.8,1,0.00
2025-10-09T07:00,16.3,0,0.00
2025-10-09T08:00,16.0,0,0.00
2025-10-09T09:00,16.0,0,0.00
2025-10-09T10:00,17.4,3,0.00
2025-10-09T11:00,19.0,3,0.00
2025-10-09T12:00,20.8,3,0.00
2025-10-09T13:00,22.5,3,0.00
2025-10-09T14:00,23.3,3,0.00
2025-10-09T15:00,24.7,3,0.00
2025-10-09T16:00,24.8,3,0.00
2025-10-09T17:00,24.6,2,0.00
2025-10-09T18:00,24.4,3,0.00
2025-10-09T19:00,23.2,2,0.00
2025-10-09T20:00,22.3,2,0.00
2025-10-09T21:00,21.4,1,0.00
2025-10-09T22:00,20.0,0,0.00
2025-10-09T23:00,18.6,2,0.00
2025-10-10T00:00,17.6,2,0.00
2025-10-10T01:00,16.5,1,0.00
2025-10-10T02:00,15.8,3,0.00
2025-10-10T03:00,15.1,3,0.00
2025-10-10T04:00,14.5,3,0.00
2025-10-10T05:00,14.1,1,0.00
2025-10-10T06:00,13.5,1,0.00
2025-10-10T07:00,13.0,3,0.00
2025-10-10T08:00,13.1,3,0.00
2025-10-10T09:00,13.1,3,0.00
2025-10-10T10:00,14.5,3,0.00
2025-10-10T11:00,16.5,0,0.00
2025-10-10T12:00,18.6,0,0.00
2025-10-10T13:00,20.3,0,0.00
2025-10-10T14:00,21.3,3,0.00
2025-10-10T15:00,21.2,3,0.00
2025-10-10T16:00,21.5,3,0.00
2025-10-10T17:00,21.3,3,0.00
2025-10-10T18:00,21.5,3,0.00
2025-10-10T19:00,21.1,2,0.00
2025-10-10T20:00,19.5,3,0.00
2025-10-10T21:00,19.0,3,0.00
2025-10-10T22:00,18.8,3,0.00
2025-10-10T23:00,18.2,2,0.00
2025-10-11T00:00,17.4,0,0.00
2025-10-11T01:00,16.2,1,0.00
2025-10-11T02:00,16.4,2,0.00
2025-10-11T03:00,15.9,1,0.00
2025-10-11T04:00,15.3,1,0.00
2025-10-11T05:00,14.7,0,0.00
2025-10-11T06:00,14.0,0,0.00
2025-10-11T07:00,13.5,0,0.00
2025-10-11T08:00,13.5,0,0.00
2025-10-11T09:00,13.7,0,0.00
2025-10-11T10:00,15.6,0,0.00
2025-10-11T11:00,17.3,0,0.00
2025-10-11T12:00,18.9,0,0.00
2025-10-11T13:00,20.5,0,0.00
2025-10-11T14:00,21.7,2,0.00
2025-10-11T15:00,21.8,2,0.00
2025-10-11T16:00,22.4,1,0.00
2025-10-11T17:00,22.8,3,0.00
2025-10-11T18:00,23.1,3,0.00
2025-10-11T19:00,22.7,3,0.00
2025-10-11T20:00,21.4,2,0.00
2025-10-11T21:00,20.6,3,0.00
2025-10-11T22:00,20.1,2,0.00
2025-10-11T23:00,19.4,1,0.00
2025-10-12T00:00,18.2,1,0.00
2025-10-12T01:00,17.1,1,0.00
2025-10-12T02:00,16.6,0,0.00
2025-10-12T03:00,15.8,0,0.00
2025-10-12T04:00,15.1,0,0.00
2025-10-12T05:00,14.5,0,0.00
2025-10-12T06:00,14.1,1,0.00
2025-10-12T07:00,13.8,1,0.00
2025-10-12T08:00,14.0,0,0.00
2025-10-12T09:00,14.0,0,0.00
2025-10-12T10:00,15.4,1,0.00
2025-10-12T11:00,17.2,0,0.00
2025-10-12T12:00,19.1,1,0.00
2025-10-12T13:00,20.7,3,0.00
2025-10-12T14:00,20.2,2,0.00
2025-10-12T15:00,21.4,3,0.00
2025-10-12T16:00,21.7,3,0.00
2025-10-12T17:00,21.8,3,0.00
2025-10-12T18:00,21.9,3,0.00
2025-10-12T19:00,21.7,1,0.00
2025-10-12T20:00,20.0,1,0.00
2025-10-12T21:00,19.2,0,0.00
2025-10-12T22:00,18.4,1,0.00
2025-10-12T23:00,17.9,3,0.00
2025-10-13T00:00,17.7,51,0.10
2025-10-13T01:00,16.4,53,0.60
2025-10-13T02:00,15.1,61,2.30
2025-10-13T03:00,15.1,61,2.00
2025-10-13T04:00,14.1,63,5.70
2025-10-13T05:00,14.3,2,0.00
2025-10-13T06:00,13.9,3,0.00
2025-10-13T07:00,13.6,3,0.00
2025-10-13T08:00,14.0,3,0.00
2025-10-13T09:00,13.8,3,0.00
2025-10-13T10:00,15.2,3,0.00
2025-10-13T11:00,17.2,3,0.00
2025-10-13T12:00,19.0,3,0.00
2025-10-13T13:00,20.3,3,0.00
2025-10-13T14:00,20.3,1,0.00
2025-10-13T15:00,21.3,51,0.10
2025-10-13T16:00,21.7,0,0.00
2025-10-13T17:00,21.9,0,0.00
2025-10-13T18:00,21.7,1,0.00
2025-10-13T19:00,20.7,0,0.00
2025-10-13T20:00,18.9,1,0.00
2025-10-13T21:00,18.6,0,0.00
2025-10-13T22:00,17.4,0,0.00
2025-10-13T23:00,16.8,0,0.00
2025-10-14T00:00,15.9,1,0.00
2025-10-14T01:00,15.2,1,0.00
2025-10-14T02:00,14.5,0,0.00
2025-10-14T03:00,13.7,0,0.00
2025-10-14T04:00,13.3,0,0.00
2025-10-14T05:00,13.0,0,0.00
2025-10-14T06:00,12.9,0,0.00
2025-10-14T07:00,12.5,0,0.00
2025-10-14T08:00,11.3,0,0.00
2025-10-14T09:00,11.6,0,0.00
2025-10-14T10:00,14.0,0,0.00
2025-10-14T11:00,16.5,0,0.00
2025-10-14T12:00,18.5,0,0.00
2025-10-14T13:00,20.3,0,0.00
2025-10-14T14:00,21.5,0,0.00
2025-10-14T15:00,22.8,0,0.00
2025-10-14T16:00,23.3,0,0.00
2025-10-14T17:00,23.5,0,0.00
2025-10-14T18:00,23.3,0,0.00
2025-10-14T19:00,22.1,0,0.00
2025-10-14T20:00,20.4,0,0.00
2025-10-14T21:00,19.8,0,0.00
2025-10-14T22:00,18.5,1,0.00
2025-10-14T23:00,17.2,3,0.00
2025-10-15T00:00,16.2,3,0.00
2025-10-15T01:00,15.6,1,0.00
2025-10-15T02:00,15.9,1,0.00
2025-10-15T03:00,15.2,0,0.00
2025-10-15T04:00,14.9,0,0.00
2025-10-15T05:00,14.7,0,0.00
2025-10-15T06:00,14.2,0,0.00
2025-10-15T07:00,13.5,0,0.00
2025-10-15T08:00,12.7,2,0.00
2025-10-15T09:00,12.0,3,0.00
2025-10-15T10:00,14.0,2,0.00
2025-10-15T11:00,17.0,3,0.00
2025-10-15T12:00,19.6,1,0.00
2025-10-15T13:00,21.8,1,0.00
2025-10-15T14:00,23.2,3,0.00
2025-10-15T15:00,24.3,3,0.00
2025-10-15T16:00,24.6,1,0.00
2025-10-15T17:00,24.7,0,0.00
2025-10-15T18:00,24.3,0,0.00
2025-10-15T19:00,23.2,0,0.00
2025-10-15T20:00,21.6,1,0.00
2025-10-15T21:00,20.9,0,0.00
2025-10-15T22:00,20.0,0,0.00
2025-10-15T23:00,19.0,0,0.00
2025-10-16T00:00,18.4,1,0.00
2025-10-16T01:00,17.7,3,0.00
2025-10-16T02:00,15.9,3,0.00
2025-10-16T03:00,15.2,2,0.00
2025-10-16T04:00,14.6,3,0.00
2025-10-16T05:00,14.1,3,0.00
2025-10-16T06:00,13.5,3,0.00
2025-10-16T07:00,13.2,3,0.00
2025-10-16T08:00,12.8,3,0.00
2025-10-16T09:00,12.6,3,0.00
2025-10-16T10:00,14.4,3,0.00
2025-10-16T11:00,16.6,3,0.00
2025-10-16T12:00,18.6,3,0.00
2025-10-16T13:00,20.4,3,0.00
2025-10-16T14:00,21.6,3,0.00
2025-10-16T15:00,22.4,3,0.00
2025-10-16T16:00,23.4,3,0.00
2025-10-16T17:00,23.1,51,0.10
2025-10-16T18:00,22.8,3,0.00
2025-10-16T19:00,21.9,3,0.00
2025-10-16T20:00,20.9,3,0.00
2025-10-16T21:00,19.9,3,0.00
2025-10-16T22:00,18.7,2,0.00
2025-10-16T23:00,17.9,1,0.00
2025-10-17T00:00,16.8,0,0.00
2025-10-17T01:00,16.8,0,0.00
2025-10-17T02:00,14.5,0,0.00
2025-10-17T03:00,13.8,0,0.00
2025-10-17T04:00,13.1,0,0.00
2025-10-17T05:00,12.7,1,0.00
2025-10-17T06:00,12.4,2,0.00
2025-10-17T07:00,12.2,0,0.00
2025-10-17T08:00,12.1,2,0.00
2025-10-17T09:00,12.0,0,0.00
2025-10-17T10:00,14.1,0,0.00
2025-10-17T11:00,16.9,0,0.00
2025-10-17T12:00,18.9,0,0.00
2025-10-17T13:00,20.5,1,0.00
2025-10-17T14:00,20.5,1,0.00
2025-10-17T15:00,22.2,1,0.00
2025-10-17T16:00,22.6,0,0.00
2025-10-17T17:00,22.7,1,0.00
2025-10-17T18:00,22.4,0,0.00
2025-10-17T19:00,21.6,0,0.00
2025-10-17T20:00,19.9,0,0.00
2025-10-17T21:00,19.0,0,0.00
2025-10-17T22:00,18.0,0,0.00
2025-10-17T23:00,17.0,0,0.00
2025-10-18T00:00,16.0,0,0.00
2025-10-18T01:00,14.9,0,0.00
2025-10-18T02:00,14.3,0,0.00
2025-10-18T03:00,13.3,0,0.00
2025-10-18T04:00,12.3,0,0.00
2025-10-18T05:00,11.5,0,0.00
2025-10-18T06:00,11.3,0,0.00
2025-10-18T07:00,10.9,0,0.00
2025-10-18T08:00,10.1,0,0.00
2025-10-18T09:00,9.9,0,0.00
2025-10-18T10:00,12.2,0,0.00
2025-10-18T11:00,15.5,0,0.00
2025-10-18T12:00,18.1,0,0.00
2025-10-18T13:00,20.2,0,0.00
2025-10-18T14:00,21.6,0,0.00
2025-10-18T15:00,23.0,0,0.00
2025-10-18T16:00,23.7,0,0.00
2025-10-18T17:00,23.8,0,0.00
2025-10-18T18:00,23.2,0,0.00
2025-10-18T19:00,21.7,0,0.00
2025-10-18T20:00,19.7,0,0.00
2025-10-18T21:00,19.0,0,0.00
2025-10-18T22:00,18.2,1,0.00
2025-10-18T23:00,17.3,1,0.00
2025-10-19T00:00,15.9,3,0.00
2025-10-19T01:00,14.7,3,0.00
2025-10-19T02:00,14.2,3,0.00
2025-10-19T03:00,13.2,3,0.00
2025-10-19T04:00,12.5,2,0.00
2025-10-19T05:00,12.0,3,0.00
2025-10-19T06:00,11.8,3,0.00
2025-10-19T07:00,11.7,3,0.00
2025-10-19T08:00,11.6,1,0.00
2025-10-19T09:00,10.8,3,0.00
2025-10-19T10:00,12.9,3,0.00
2025-10-19T11:00,15.5,3,0.00
2025-10-19T12:00,17.3,3,0.00
2025-10-19T13:00,19.3,3,0.00
2025-10-19T14:00,20.5,3,0.00
2025-10-19T15:00,20.7,3,0.00
2025-10-19T16:00,21.2,1,0.00
2025-10-19T17:00,21.9,1,0.00
2025-10-19T18:00,22.2,2,0.00
2025-10-19T19:00,20.8,3,0.00
2025-10-19T20:00,19.4,51,0.10
2025-10-19T21:00,18.5,2,0.00
2025-10-19T22:00,17.9,1,0.00
2025-10-19T23:00,17.4,2,0.00
2025-10-20T00:00,17.4,3,0.00
2025-10-20T01:00,17.3,1,0.00
2025-10-20T02:00,17.2,1,0.00
2025-10-20T03:00,16.8,2,0.00
2025-10-20T04:00,16.4,51,0.20
2025-10-20T05:00,15.8,53,0.80
2025-10-20T06:00,15.7,3,0.00
2025-10-20T07:00,15.6,3,0.00
2025-10-20T08:00,15.3,3,0.00
2025-10-20T09:00,15.2,3,0.00
2025-10-20T10:00,15.8,3,0.00
2025-10-20T11:00,17.2,3,0.00
2025-10-20T12:00,18.5,3,0.00
2025-10-20T13:00,19.3,2,0.00
2025-10-20T14:00,20.4,1,0.00
2025-10-20T15:00,21.0,1,0.00
2025-10-20T16:00,21.0,1,0.00
2025-10-20T17:00,20.6,1,0.00
2025-10-20T18:00,19.9,3,0.00
2025-10-20T19:00,18.6,2,0.00
2025-10-20T20:00,17.2,3,0.00
2025-10-20T21:00,15.9,3,0.00
2025-10-20T22:00,15.2,2,0.00
2025-10-20T23:00,14.6,1,0.00
2025-10-21T00:00,14.1,0,0.00
2025-10-21T01:00,13.7,2,0.00
2025-10-21T02:00,14.4,2,0.00
2025-10-21T03:00,13.9,2,0.00
2025-10-21T04:00,13.7,2,0.00
2025-10-21T05:00,13.4,1,0.00
2025-10-21T06:00,13.1,1,0.00
2025-10-21T07:00,13.0,51,0.10
2025-10-21T08:00,12.5,3,0.00
2025-10-21T09:00,13.0,3,0.00
2025-10-21T10:00,13.9,3,0.00
2025-10-21T11:00,15.3,3,0.00
2025-10-21T12:00,17.4,2,0.00
2025-10-21T13:00,19.7,2,0.00
2025-10-21T14:00,20.3,51,0.10
2025-10-21T15:00,19.6,51,0.10
2025-10-21T16:00,20.3,3,0.00
2025-10-21T17:00,21.2,3,0.00
2025-10-21T18:00,20.0,2,0.00
2025-10-21T19:00,18.8,51,0.10
2025-10-21T20:00,17.1,51,0.20
2025-10-21T21:00,16.7,3,0.00
2025-10-21T22:00,16.2,3,0.00
2025-10-21T23:00,16.1,3,0.00
2025-10-22T00:00,15.7,3,0.00
2025-10-22T01:00,15.4,3,0.00
2025-10-22T02:00,15.3,3,0.00
2025-10-22T03:00,15.3,3,0.00
2025-10-22T04:00,15.1,3,0.00
2025-10-22T05:00,14.7,3,0.00
2025-10-22T06:00,14.3,3,0.00
2025-10-22T07:00,14.1,3,0.00
2025-10-22T08:00,14.5,3,0.00
2025-10-22T09:00,14.1,3,0.00
2025-10-22T10:00,14.7,3,0.00
2025-10-22T11:00,15.7,3,0.00
2025-10-22T12:00,17.3,3,0.00
2025-10-22T13:00,19.2,3,0.00
2025-10-22T14:00,20.1,3,0.00
2025-10-22T15:00,20.4,2,0.00
2025-10-22T16:00,20.2,2,0.00
2025-10-22T17:00,20.0,3,0.00
2025-10-22T18:00,19.3,3,0.00
2025-10-22T19:00,18.5,3,0.00
2025-10-22T20:00,18.3,3,0.00
2025-10-22T21:00,18.0,3,0.00
2025-10-22T22:00,17.2,3,0.00
2025-10-22T23:00,16.7,3,0.00
2025-10-23T00:00,16.3,3,0.00
2025-10-23T01:00,16.1,3,0.00
2025-10-23T02:00,16.2,1,0.00
2025-10-23T03:00,16.0,3,0.00
2025-10-23T04:00,16.5,3,0.00
2025-10-23T05:00,16.3,3,0.00
2025-10-23T06:00,16.1,3,0.00
2025-10-23T07:00,15.8,51,0.10
2025-10-23T08:00,15.5,51,0.10
2025-10-23T09:00,15.7,51,0.10
2025-10-23T10:00,16.1,51,0.10
2025-10-23T11:00,17.6,51,0.10
2025-10-23T12:00,19.7,51,0.10
2025-10-23T13:00,20.5,0,0.00
2025-10-23T14:00,21.1,0,0.00
2025-10-23T15:00,21.7,0,0.00
2025-10-23T16:00,21.6,0,0.00
2025-10-23T17:00,21.4,0,0.00
2025-10-23T18:00,20.8,0,0.00
2025-10-23T19:00,19.3,3,0.00
2025-10-23T20:00,18.6,3,0.00
2025-10-23T21:00,17.1,3,0.00
2025-10-23T22:00,16.5,3,0.00
2025-10-23T23:00,15.9,3,0.00
2025-10-24T00:00,15.6,3,0.00
2025-10-24T01:00,15.7,2,0.00
2025-10-24T02:00,15.7,3,0.00
2025-10-24T03:00,15.3,2,0.00
2025-10-24T04:00,14.6,3,0.00
2025-10-24T05:00,14.3,3,0.00
2025-10-24T06:00,14.4,3,0.00
2025-10-24T07:00,13.8,3,0.00
2025-10-24T08:00,13.7,1,0.00
2025-10-24T09:00,12.8,1,0.00
2025-10-24T10:00,14.3,1,0.00
2025-10-24T11:00,16.1,3,0.00
2025-10-24T12:00,16.7,3,0.00
2025-10-24T13:00,19.2,3,0.00
2025-10-24T14:00,18.9,3,0.00
2025-10-24T15:00,19.6,51,0.40
2025-10-24T16:00,20.5,51,0.10
2025-10-24T17:00,20.6,51,0.10
2025-10-24T18:00,20.4,51,0.10
2025-10-24T19:00,19.3,51,0.10
2025-10-24T20:00,18.3,51,0.10
2025-10-24T21:00,17.6,1,0.00
2025-10-24T22:00,17.2,1,0.00
2025-10-24T23:00,16.7,2,0.00
2025-10-25T00:00,16.4,0,0.00
2025-10-25T01:00,16.0,2,0.00
2025-10-25T02:00,16.3,3,0.00
2025-10-25T03:00,15.7,3,0.00
2025-10-25T04:00,15.1,3,0.00
2025-10-25T05:00,14.4,3,0.00
2025-10-25T06:00,14.1,3,0.00
2025-10-25T07:00,14.1,3,0.00
2025-10-25T08:00,13.9,3,0.00
2025-10-25T09:00,13.8,3,0.00
2025-10-25T10:00,14.6,3,0.00
2025-10-25T11:00,16.1,1,0.00
2025-10-25T12:00,18.2,2,0.00
2025-10-25T13:00,19.0,3,0.00
2025-10-25T14:00,19.5,2,0.00
2025-10-25T15:00,20.3,3,0.00
2025-10-25T16:00,20.1,3,0.00
2025-10-25T17:00,19.0,51,0.10
2025-10-25T18:00,18.3,3,0.00
2025-10-25T19:00,17.5,3,0.00
2025-10-25T20:00,17.2,3,0.00
2025-10-25T21:00,16.0,51,0.10
2025-10-25T22:00,15.5,3,0.00
2025-10-25T23:00,15.0,3,0.00
2025-10-26T00:00,14.6,3,0.00
2025-10-26T01:00,14.4,3,0.00
2025-10-26T02:00,14.0,3,0.00
2025-10-26T03:00,13.6,3,0.00
2025-10-26T04:00,13.3,51,0.10
2025-10-26T05:00,12.3,51,0.30
2025-10-26T06:00,11.6,51,0.30
2025-10-26T07:00,11.1,53,0.60
2025-10-26T08:00,11.0,51,0.20
2025-10-26T09:00,10.7,51,0.10
2025-10-26T10:00,11.2,1,0.00
2025-10-26T11:00,12.7,1,0.00
2025-10-26T12:00,14.7,2,0.00
2025-10-26T13:00,15.9,0,0.00
2025-10-26T14:00,16.5,0,0.00
2025-10-26T15:00,17.2,0,0.00
2025-10-26T16:00,17.4,0,0.00
2025-10-26T17:00,17.4,0,0.00
2025-10-26T18:00,16.6,0,0.00
2025-10-26T19:00,14.7,0,0.00
2025-10-26T20:00,12.9,0,0.00
2025-10-26T21:00,12.0,0,0.00
2025-10-26T22:00,11.0,0,0.00
2025-10-26T23:00,9.9,0,0.00
2025-10-27T00:00,9.1,0,0.00
2025-10-27T01:00,8.6,0,0.00
2025-10-27T02:00,8.2,0,0.00
2025-10-27T03:00,7.4,0,0.00
2025-10-27T04:00,6.8,0,0.00
2025-10-27T05:00,6.2,0,0.00
2025-10-27T06:00,5.6,0,0.00
2025-10-27T07:00,5.1,0,0.00
2025-10-27T08:00,3.7,0,0.00
2025-10-27T09:00,3.2,0,0.00
2025-10-27T10:00,5.4,0,0.00
2025-10-27T11:00,8.7,0,0.00
2025-10-27T12:00,11.3,0,0.00
2025-10-27T13:00,13.4,0,0.00
2025-10-27T14:00,15.0,0,0.00
2025-10-27T15:00,16.6,0,0.00
2025-10-27T16:00,17.4,0,0.00
2025-10-27T17:00,17.7,0,0.00
2025-10-27T18:00,17.1,0,0.00
2025-10-27T19:00,15.1,0,0.00
2025-10-27T20:00,13.3,0,0.00
2025-10-27T21:00,12.6,0,0.00
2025-10-27T22:00,11.6,0,0.00
2025-10-27T23:00,11.3,0,0.00
2025-10-28T00:00,10.8,0,0.00
2025-10-28T01:00,9.7,0,0.00
2025-10-28T02:00,8.3,0,0.00
2025-10-28T03:00,7.3,0,0.00
2025-10-28T04:00,6.6,0,0.00
2025-10-28T05:00,6.2,0,0.00
2025-10-28T06:00,5.9,0,0.00
2025-10-28T07:00,5.5,0,0.00
2025-10-28T08:00,4.7,0,0.00
2025-10-28T09:00,4.4,0,0.00
2025-10-28T10:00,6.6,3,0.00
2025-10-28T11:00,10.4,0,0.00
2025-10-28T12:00,13.4,2,0.00
2025-10-28T13:00,15.2,2,0.00
2025-10-28T14:00,16.9,2,0.00
2025-10-28T15:00,18.0,2,0.00
2025-10-28T16:00,18.5,3,0.00
2025-10-28T17:00,18.4,3,0.00
2025-10-28T18:00,17.7,3,0.00
2025-10-28T19:00,15.8,3,0.00
2025-10-28T20:00,14.8,3,0.00
2025-10-28T21:00,14.2,3,0.00
2025-10-28T22:00,14.3,3,0.00
2025-10-28T23:00,13.9,3,0.00
2025-10-29T00:00,13.0,51,0.40
2025-10-29T01:00,11.2,55,1.00
2025-10-29T02:00,10.5,55,1.20
2025-10-29T03:00,10.2,55,1.00
2025-10-29T04:00,9.9,61,2.30
2025-10-29T05:00,10.0,63,3.50
2025-10-29T06:00,10.0,55,1.20
2025-10-29T07:00,10.4,51,0.30
2025-10-29T08:00,10.0,51,0.30
2025-10-29T09:00,9.7,3,0.00
2025-10-29T10:00,10.8,3,0.00
2025-10-29T11:00,13.0,3,0.00
2025-10-29T12:00,14.0,3,0.00
2025-10-29T13:00,14.8,51,0.20
2025-10-29T14:00,13.0,51,0.20
2025-10-29T15:00,13.0,61,2.30
2025-10-29T16:00,13.0,61,1.70
2025-10-29T17:00,13.0,53,0.50
2025-10-29T18:00,13.5,3,0.00
2025-10-29T19:00,12.9,3,0.00
2025-10-29T20:00,12.6,3,0.00
2025-10-29T21:00,12.1,3,0.00
2025-10-29T22:00,11.4,3,0.00
2025-10-29T23:00,11.3,3,0.00
2025-10-30T00:00,11.5,3,0.00
2025-10-30T01:00,11.3,3,0.00
2025-10-30T02:00,11.3,3,0.00
2025-10-30T03:00,11.2,3,0.00
2025-10-30T04:00,11.0,3,0.00
2025-10-30T05:00,10.8,3,0.00
2025-10-30T06:00,10.9,3,0.00
2025-10-30T07:00,11.0,3,0.00
2025-10-30T08:00,10.7,3,0.00
2025-10-30T09:00,10.7,3,0.00
2025-10-30T10:00,11.0,3,0.00
2025-10-30T11:00,11.7,3,0.00
2025-10-30T12:00,12.4,3,0.00
2025-10-30T13:00,13.2,3,0.00
2025-10-30T14:00,14.4,51,0.10
2025-10-30T15:00,15.3,51,0.10
2025-10-30T16:00,16.6,51,0.10
2025-10-30T17:00,17.0,2,0.00
2025-10-30T18:00,16.7,3,0.00
2025-10-30T19:00,15.3,3,0.00
2025-10-30T20:00,13.8,3,0.00
2025-10-30T21:00,12.7,3,0.00
2025-10-30T22:00,11.9,3,0.00
2025-10-30T23:00,11.4,3,0.00
2025-10-31T00:00,11.1,3,0.00
2025-10-31T01:00,10.7,3,0.00
2025-10-31T02:00,10.5,3,0.00
2025-10-31T03:00,10.1,3,0.00
2025-10-31T04:00,9.5,3,0.00
2025-10-31T05:00,9.4,3,0.00
2025-10-31T06:00,9.5,3,0.00
2025-10-31T07:00,9.4,3,0.00
2025-10-31T08:00,9.2,3,0.00
2025-10-31T09:00,10.5,3,0.00
2025-10-31T10:00,11.3,3,0.00
2025-10-31T11:00,12.1,3,0.00
2025-10-31T12:00,12.8,3,0.00
2025-10-31T13:00,13.9,3,0.00
2025-10-31T14:00,14.2,3,0.00
2025-10-31T15:00,14.3,3,0.00
2025-10-31T16:00,15.1,3,0.00
2025-10-31T17:00,15.2,3,0.00
2025-10-31T18:00,15.2,3,0.00
2025-10-31T19:00,14.9,3,0.00
2025-10-31T20:00,13.6,3,0.00
2025-10-31T21:00,14.0,3,0.00
2025-10-31T22:00,14.2,3,0.00
2025-10-31T23:00,14.0,3,0.00
2025-11-01T00:00,14.0,3,0.00
2025-11-01T01:00,13.8,3,0.00
2025-11-01T02:00,13.8,3,0.00
2025-11-01T03:00,13.2,3,0.00
2025-11-01T04:00,13.2,3,0.00
2025-11-01T05:00,13.5,3,0.00
2025-11-01T06:00,13.1,3,0.00
2025-11-01T07:00,12.5,3,0.00
2025-11-01T08:00,12.3,3,0.00
2025-11-01T09:00,12.4,3,0.00
2025-11-01T10:00,12.7,3,0.00
2025-11-01T11:00,13.4,3,0.00
2025-11-01T12:00,14.6,51,0.10
2025-11-01T13:00,15.3,51,0.10
2025-11-01T14:00,16.0,3,0.00
2025-11-01T15:00,16.6,3,0.00
2025-11-01T16:00,16.8,3,0.00
2025-11-01T17:00,15.9,3,0.00
2025-11-01T18:00,15.4,3,0.00
2025-11-01T19:00,14.8,3,0.00
2025-11-01T20:00,14.8,3,0.00
2025-11-01T21:00,14.5,3,0.00
2025-11-01T22:00,14.1,3,0.00
2025-11-01T23:00,14.0,3,0.00
2025-11-02T00:00,13.8,3,0.00
2025-11-02T01:00,13.5,3,0.00
2025-11-02T02:00,13.0,3,0.00
2025-11-02T03:00,12.6,3,0.00
2025-11-02T04:00,12.4,3,0.00
2025-11-02T05:00,12.2,2,0.00
2025-11-02T06:00,12.0,3,0.00
2025-11-02T07:00,12.4,3,0.00
2025-11-02T08:00,12.0,3,0.00
2025-11-02T09:00,10.9,1,0.00
2025-11-02T10:00,11.2,2,0.00
2025-11-02T11:00,12.5,3,0.00
2025-11-02T12:00,14.0,3,0.00
2025-11-02T13:00,15.2,3,0.00
2025-11-02T14:00,16.0,3,0.00
2025-11-02T15:00,16.9,3,0.00
2025-11-02T16:00,17.1,3,0.00
2025-11-02T17:00,16.7,3,0.00
2025-11-02T18:00,15.5,3,0.00
2025-11-02T19:00,13.5,2,0.00
2025-11-02T20:00,11.8,3,0.00
2025-11-02T21:00,11.0,3,0.00
2025-11-02T22:00,10.0,3,0.00
2025-11-02T23:00,9.0,3,0.00
2025-11-03T00:00,8.3,3,0.00
2025-11-03T01:00,8.0,3,0.00
2025-11-03T02:00,7.2,3,0.00
2025-11-03T03:00,6.7,1,0.00
2025-11-03T04:00,6.5,0,0.00
2025-11-03T05:00,6.3,0,0.00
2025-11-03T06:00,6.1,1,0.00
2025-11-03T07:00,6.1,1,0.00
2025-11-03T08:00,5.5,0,0.00
2025-11-03T09:00,5.2,0,0.00
2025-11-03T10:00,6.5,0,0.00
2025-11-03T11:00,9.4,0,0.00
2025-11-03T12:00,12.0,0,0.00
2025-11-03T13:00,14.1,0,0.00
2025-11-03T14:00,15.7,0,0.00
2025-11-03T15:00,16.8,0,0.00
2025-11-03T16:00,17.0,0,0.00
2025-11-03T17:00,17.0,0,0.00
2025-11-03T18:00,16.5,0,0.00
2025-11-03T19:00,14.5,0,0.00
2025-11-03T20:00,13.1,0,0.00
2025-11-03T21:00,12.5,0,0.00
2025-11-03T22:00,11.3,0,0.00
2025-11-03T23:00,10.0,3,0.00
2025-11-04T00:00,9.2,3,0.00
2025-11-04T01:00,8.4,2,0.00
2025-11-04T02:00,7.4,3,0.00
2025-11-04T03:00,6.9,0,0.00
2025-11-04T04:00,6.6,3,0.00
2025-11-04T05:00,6.7,3,0.00
2025-11-04T06:00,6.5,2,0.00
2025-11-04T07:00,5.6,3,0.00
2025-11-04T08:00,5.6,2,0.00
2025-11-04T09:00,5.3,2,0.00
2025-11-04T10:00,6.8,3,0.00
2025-11-04T11:00,9.7,1,0.00
2025-11-04T12:00,12.2,1,0.00
2025-11-04T13:00,13.9,2,0.00
2025-11-04T14:00,15.1,1,0.00
2025-11-04T15:00,16.3,1,0.00
2025-11-04T16:00,17.0,1,0.00
2025-11-04T17:00,17.3,2,0.00
2025-11-04T18:00,16.8,2,0.00
2025-11-04T19:00,14.7,3,0.00
2025-11-04T20:00,14.6,3,0.00
2025-11-04T21:00,14.2,2,0.00
2025-11-04T22:00,13.4,3,0.00
2025-11-04T23:00,12.4,2,0.00
2025-11-05T00:00,11.6,2,0.00
2025-11-05T01:00,11.4,3,0.00
2025-11-05T02:00,11.6,3,0.00
2025-11-05T03:00,11.7,3,0.00
2025-11-05T04:00,11.3,3,0.00
2025-11-05T05:00,11.2,3,0.00
2025-11-05T06:00,10.9,3,0.00
2025-11-05T07:00,10.5,3,0.00
2025-11-05T08:00,10.7,3,0.00
2025-11-05T09:00,10.7,3,0.00
2025-11-05T10:00,11.5,3,0.00
2025-11-05T11:00,13.4,3,0.00
2025-11-05T12:00,14.6,3,0.00
2025-11-05T13:00,15.8,3,0.00
2025-11-05T14:00,15.2,61,1.40
2025-11-05T15:00,16.1,51,0.20
2025-11-05T16:00,16.2,1,0.00
2025-11-05T17:00,16.6,51,0.10
2025-11-05T18:00,15.3,61,2.30
2025-11-05T19:00,13.8,61,1.50
2025-11-05T20:00,12.6,63,3.10
2025-11-05T21:00,12.6,51,0.40
2025-11-05T22:00,12.2,51,0.10
2025-11-05T23:00,11.4,3,0.00
2025-11-06T00:00,10.3,51,0.10
2025-11-06T01:00,9.7,51,0.10
2025-11-06T02:00,9.4,2,0.00
2025-11-06T03:00,8.4,51,0.10
2025-11-06T04:00,7.7,3,0.00
2025-11-06T05:00,7.8,3,0.00
2025-11-06T06:00,7.6,1,0.00
2025-11-06T07:00,7.2,3,0.00
2025-11-06T08:00,6.9,3,0.00
2025-11-06T09:00,6.6,3,0.00
2025-11-06T10:00,7.3,3,0.00
2025-11-06T11:00,8.7,1,0.00
2025-11-06T12:00,10.2,1,0.00
2025-11-06T13:00,11.7,3,0.00
2025-11-06T14:00,12.5,3,0.00
2025-11-06T15:00,12.8,3,0.00
2025-11-06T16:00,13.2,3,0.00
2025-11-06T17:00,13.3,3,0.00
2025-11-06T18:00,12.5,3,0.00
2025-11-06T19:00,11.2,1,0.00
2025-11-06T20:00,9.7,0,0.00
2025-11-06T21:00,8.8,0,0.00
2025-11-06T22:00,8.2,0,0.00
2025-11-06T23:00,7.9,1,0.00
2025-11-07T00:00,7.5,1,0.00
2025-11-07T01:00,6.9,0,0.00
2025-11-07T02:00,6.4,1,0.00
2025-11-07T03:00,6.2,2,0.00
2025-11-07T04:00,5.9,1,0.00
2025-11-07T05:00,5.5,2,0.00
2025-11-07T06:00,5.4,2,0.00
2025-11-07T07:00,5.3,1,0.00
2025-11-07T08:00,5.4,2,0.00
2025-11-07T09:00,5.9,3,0.00
2025-11-07T10:00,6.9,3,0.00
2025-11-07T11:00,7.8,3,0.00
2025-11-07T12:00,9.8,51,0.10
2025-11-07T13:00,10.3,51,0.10
2025-11-07T14:00,10.6,51,0.10
2025-11-07T15:00,11.1,51,0.10
2025-11-07T16:00,11.3,51,0.10
2025-11-07T17:00,11.8,53,0.80
2025-11-07T18:00,11.0,61,2.00
2025-11-07T19:00,10.5,63,3.60
2025-11-07T20:00,10.5,63,3.40
2025-11-07T21:00,10.5,51,0.20
2025-11-07T22:00,9.9,65,7.60
2025-11-07T23:00,9.7,53,0.90
2025-11-08T00:00,9.7,2,0.00
2025-11-08T01:00,9.3,3,0.00
2025-11-08T02:00,9.0,1,0.00
2025-11-08T03:00,8.4,1,0.00
2025-11-08T04:00,8.3,3,0.00
2025-11-08T05:00,8.6,3,0.00
2025-11-08T06:00,8.1,3,0.00
2025-11-08T07:00,8.1,3,0.00
2025-11-08T08:00,8.7,2,0.00
2025-11-08T09:00,8.0,3,0.00
2025-11-08T10:00,8.5,3,0.00
2025-11-08T11:00,9.2,1,0.00
2025-11-08T12:00,10.5,0,0.00
2025-11-08T13:00,11.7,1,0.00
2025-11-08T14:00,13.5,1,0.00
2025-11-08T15:00,14.3,3,0.00
2025-11-08T16:00,14.6,3,0.00
2025-11-08T17:00,14.5,2,0.00
2025-11-08T18:00,13.8,1,0.00
2025-11-08T19:00,11.1,1,0.00
2025-11-08T20:00,9.8,0,0.00
2025-11-08T21:00,8.7,1,0.00
2025-11-08T22:00,7.6,0,0.00
2025-11-08T23:00,6.4,0,0.00
2025-11-09T00:00,5.4,0,0.00
2025-11-09T01:00,4.7,0,0.00
2025-11-09T02:00,4.2,0,0.00
2025-11-09T03:00,4.0,0,0.00
2025-11-09T04:00,3.8,0,0.00
2025-11-09T05:00,3.4,0,0.00
2025-11-09T06:00,3.0,0,0.00
2025-11-09T07:00,2.6,0,0.00
2025-11-09T08:00,1.9,3,0.00
2025-11-09T09:00,1.5,3,0.00
2025-11-09T10:00,2.9,3,0.00
2025-11-09T11:00,6.7,3,0.00
2025-11-09T12:00,9.5,3,0.00
2025-11-09T13:00,11.1,3,0.00
2025-11-09T14:00,12.3,3,0.00
2025-11-09T15:00,13.3,3,0.00
2025-11-09T16:00,14.0,3,0.00
2025-11-09T17:00,14.0,3,0.00
2025-11-09T18:00,13.1,3,0.00
2025-11-09T19:00,10.6,3,0.00
2025-11-09T20:00,9.1,3,0.00
2025-11-09T21:00,8.5,3,0.00
2025-11-09T22:00,7.8,3,0.00
2025-11-09T23:00,7.4,3,0.00
2025-11-10T00:00,6.8,3,0.00
2025-11-10T01:00,6.5,3,0.00
2025-11-10T02:00,5.4,3,0.00
2025-11-10T03:00,4.8,0,0.00
2025-11-10T04:00,4.2,0,0.00
2025-11-10T05:00,3.7,3,0.00
2025-11-10T06:00,3.5,1,0.00
2025-11-10T07:00,3.3,3,0.00
2025-11-10T08:00,2.1,3,0.00
2025-11-10T09:00,2.1,3,0.00
2025-11-10T10:00,3.2,3,0.00
2025-11-10T11:00,6.6,0,0.00
2025-11-10T12:00,9.1,0,0.00
2025-11-10T13:00,10.8,1,0.00
2025-11-10T14:00,12.3,0,0.00
2025-11-10T15:00,13.9,0,0.00
2025-11-10T16:00,14.8,2,0.00
2025-11-10T17:00,14.9,2,0.00
2025-11-10T18:00,14.0,3,0.00
2025-11-10T19:00,12.2,3,0.00
2025-11-10T20:00,11.3,1,0.00
2025-11-10T21:00,10.2,2,0.00
2025-11-10T22:00,9.3,3,0.00
2025-11-10T23:00,8.9,3,0.00
2025-11-11T00:00,8.3,3,0.00
2025-11-11T01:00,7.5,1,0.00
2025-11-11T02:00,6.8,3,0.00
2025-11-11T03:00,7.1,3,0.00
2025-11-11T04:00,6.9,3,0.00
2025-11-11T05:00,6.5,3,0.00
2025-11-11T06:00,6.8,3,0.00
2025-11-11T07:00,7.2,3,0.00
2025-11-11T08:00,8.0,3,0.00
2025-11-11T09:00,8.2,3,0.00
2025-11-11T10:00,8.6,3,0.00
2025-11-11T11:00,9.6,3,0.00
2025-11-11T12:00,10.8,3,0.00
2025-11-11T13:00,12.2,3,0.00
2025-11-11T14:00,13.4,3,0.00
2025-11-11T15:00,14.1,3,0.00
2025-11-11T16:00,14.8,3,0.00
2025-11-11T17:00,15.0,3,0.00
2025-11-11T18:00,14.4,3,0.00
2025-11-11T19:00,12.2,3,0.00
2025-11-11T20:00,10.6,3,0.00
2025-11-11T21:00,10.7,2,0.00
2025-11-11T22:00,9.9,3,0.00
2025-11-11T23:00,9.5,3,0.00
2025-11-12T00:00,8.9,3,0.00
2025-11-12T01:00,8.4,3,0.00
2025-11-12T02:00,8.1,3,0.00
2025-11-12T03:00,7.8,3,0.00
2025-11-12T04:00,7.7,3,0.00
2025-11-12T05:00,7.8,3,0.00
2025-11-12T06:00,7.8,3,0.00
2025-11-12T07:00,7.6,3,0.00
2025-11-12T08:00,7.1,3,0.00
2025-11-12T09:00,6.4,2,0.00
2025-11-12T10:00,7.6,3,0.00
2025-11-12T11:00,10.8,2,0.00
2025-11-12T12:00,13.8,1,0.00
2025-11-12T13:00,16.3,0,0.00
2025-11-12T14:00,18.1,1,0.00
2025-11-12T15:00,20.1,0,0.00
2025-11-12T16:00,22.6,0,0.00
2025-11-12T17:00,21.5,0,0.00
2025-11-12T18:00,20.1,1,0.00
2025-11-12T19:00,17.9,1,0.00
2025-11-12T20:00,15.7,1,0.00
2025-11-12T21:00,14.2,1,0.00
2025-11-12T22:00,13.3,1,0.00
2025-11-12T23:00,13.2,1,0.00
2025-11-13T00:00,13.2,1,0.00
2025-11-13T01:00,12.8,1,0.00
2025-11-13T02:00,12.9,1,0.00
2025-11-13T03:00,11.9,3,0.00
2025-11-13T04:00,11.1,1,0.00
2025-11-13T05:00,10.5,1,0.00
2025-11-13T06:00,10.2,3,0.00
2025-11-13T07:00,10.1,3,0.00
2025-11-13T08:00,12.0,51,0.30
2025-11-13T09:00,12.9,51,0.10
2025-11-13T10:00,12.0,51,0.10
2025-11-13T11:00,12.6,3,0.00
2025-11-13T12:00,12.7,51,0.10
2025-11-13T13:00,13.0,53,0.50
2025-11-13T14:00,11.9,53,0.60
2025-11-13T15:00,11.7,53,0.50
2025-11-13T16:00,11.8,55,1.10
2025-11-13T17:00,11.6,53,0.90
2025-11-13T18:00,11.9,51,0.40
2025-11-13T19:00,12.0,55,1.20
2025-11-13T20:00,12.3,53,0.80
2025-11-13T21:00,12.3,55,1.10
2025-11-13T22:00,12.3,61,1.30
2025-11-13T23:00,12.0,61,1.40
2025-11-14T00:00,12.1,61,2.10
2025-11-14T01:00,11.7,61,1.40
2025-11-14T02:00,12.1,53,0.80
2025-11-14T03:00,12.3,53,0.50
2025-11-14T04:00,11.7,61,1.70
2025-11-14T05:00,11.4,61,1.50
2025-11-14T06:00,11.2,61,1.90
2025-11-14T07:00,10.9,53,0.90
2025-11-14T08:00,11.0,51,0.20
2025-11-14T09:00,10.4,51,0.30
2025-11-14T10:00,10.3,51,0.10
2025-11-14T11:00,11.1,51,0.10
2025-11-14T12:00,12.0,51,0.30
2025-11-14T13:00,13.5,51,0.40
2025-11-14T14:00,13.2,2,0.00
2025-11-14T15:00,13.7,51,0.10
2025-11-14T16:00,13.8,51,0.10
2025-11-14T17:00,14.1,3,0.00
2025-11-14T18:00,12.1,61,1.30
2025-11-14T19:00,10.4,63,3.40
2025-11-14T20:00,9.9,51,0.20
2025-11-14T21:00,9.9,51,0.20
2025-11-14T22:00,8.9,53,0.60
2025-11-14T23:00,8.9,53,0.50
2025-11-15T00:00,8.8,51,0.30
2025-11-15T01:00,9.0,51,0.10
2025-11-15T02:00,8.3,3,0.00
2025-11-15T03:00,8.8,51,0.10
2025-11-15T04:00,9.1,51,0.10
2025-11-15T05:00,9.0,51,0.20
2025-11-15T06:00,9.3,51,0.10
2025-11-15T07:00,9.4,51,0.10
2025-11-15T08:00,9.0,51,0.10
2025-11-15T09:00,8.9,51,0.10
2025-11-15T10:00,9.3,51,0.20
2025-11-15T11:00,10.6,3,0.00
2025-11-15T12:00,10.8,51,0.10
2025-11-15T13:00,11.5,51,0.20
2025-11-15T14:00,11.7,53,0.80
2025-11-15T15:00,11.5,61,1.30
2025-11-15T16:00,11.7,53,0.50
2025-11-15T17:00,11.5,51,0.30
2025-11-15T18:00,11.3,53,0.60
2025-11-15T19:00,12.0,55,1.10
2025-11-15T20:00,12.5,51,0.30
2025-11-15T21:00,12.0,51,0.10
2025-11-15T22:00,10.8,3,0.00
2025-11-15T23:00,10.0,3,0.00
2025-11-16T00:00,9.8,3,0.00
2025-11-16T01:00,9.1,2,0.00
2025-11-16T02:00,8.7,3,0.00
2025-11-16T03:00,8.6,3,0.00
2025-11-16T04:00,8.6,3,0.00
2025-11-16T05:00,8.7,3,0.00
2025-11-16T06:00,9.0,51,0.10
2025-11-16T07:00,9.1,51,0.10
2025-11-16T08:00,9.1,51,0.10
2025-11-16T09:00,9.2,3,0.00
2025-11-16T10:00,9.5,51,0.10
2025-11-16T11:00,10.1,51,0.10
2025-11-16T12:00,10.6,51,0.10
2025-11-16T13:00,11.8,51,0.10
2025-11-16T14:00,12.8,51,0.10
2025-11-16T15:00,13.2,2,0.00
2025-11-16T16:00,13.3,3,0.00
2025-11-16T17:00,12.4,3,0.00
2025-11-16T18:00,11.7,3,0.00
2025-11-16T19:00,10.4,2,0.00
2025-11-16T20:00,9.9,0,0.00
2025-11-16T21:00,9.3,1,0.00
2025-11-16T22:00,8.7,3,0.00
2025-11-16T23:00,8.2,3,0.00
2025-11-17T00:00,7.8,3,0.00
2025-11-17T01:00,8.0,3,0.00
2025-11-17T02:00,8.0,3,0.00
2025-11-17T03:00,8.4,3,0.00
2025-11-17T04:00,8.5,3,0.00
2025-11-17T05:00,8.2,3,0.00
2025-11-17T06:00,8.2,3,0.00
2025-11-17T07:00,8.3,51,0.40
2025-11-17T08:00,8.0,53,0.70
2025-11-17T09:00,7.9,51,0.40
2025-11-17T10:00,8.2,3,0.00
2025-11-17T11:00,9.0,3,0.00
2025-11-17T12:00,10.3,3,0.00
2025-11-17T13:00,11.4,3,0.00
2025-11-17T14:00,11.7,2,0.00
2025-11-17T15:00,12.4,1,0.00
2025-11-17T16:00,13.0,1,0.00
2025-11-17T17:00,12.9,51,0.10
2025-11-17T18:00,12.4,1,0.00
2025-11-17T19:00,10.5,1,0.00
2025-11-17T20:00,9.5,0,0.00
2025-11-17T21:00,8.7,0,0.00
2025-11-17T22:00,7.7,0,0.00
2025-11-17T23:00,6.8,0,0.00
2025-11-18T00:00,6.0,0,0.00
2025-11-18T01:00,5.5,0,0.00
2025-11-18T02:00,5.0,0,0.00
2025-11-18T03:00,5.2,0,0.00
2025-11-18T04:00,5.3,0,0.00
2025-11-18T05:00,5.6,0,0.00
2025-11-18T06:00,5.8,0,0.00
2025-11-18T07:00,5.4,0,0.00
2025-11-18T08:00,5.0,0,0.00
2025-11-18T09:00,4.5,0,0.00
2025-11-18T10:00,5.8,1,0.00
2025-11-18T11:00,7.9,1,0.00
2025-11-18T12:00,9.1,0,0.00
2025-11-18T13:00,10.6,0,0.00
2025-11-18T14:00,12.1,0,0.00
2025-11-18T15:00,12.9,0,0.00
2025-11-18T16:00,13.3,0,0.00
2025-11-18T17:00,13.3,0,0.00
2025-11-18T18:00,12.4,0,0.00
2025-11-18T19:00,10.3,0,0.00
2025-11-18T20:00,8.9,0,0.00
2025-11-18T21:00,7.6,0,0.00
2025-11-18T22:00,6.3,0,0.00
2025-11-18T23:00,5.3,0,0.00
2025-11-19T00:00,4.8,0,0.00
2025-11-19T01:00,4.0,0,0.00
2025-11-19T02:00,3.1,0,0.00
2025-11-19T03:00,2.7,0,0.00
2025-11-19T04:00,2.3,1,0.00
2025-11-19T05:00,2.2,1,0.00
2025-11-19T06:00,1.9,0,0.00
2025-11-19T07:00,1.6,3,0.00
2025-11-19T08:00,2.0,3,0.00
2025-11-19T09:00,1.9,3,0.00
2025-11-19T10:00,2.5,3,0.00
2025-11-19T11:00,4.7,3,0.00
2025-11-19T12:00,6.8,3,0.00
2025-11-19T13:00,8.5,2,0.00
2025-11-19T14:00,9.2,2,0.00
2025-11-19T15:00,9.8,3,0.00
2025-11-19T16:00,10.1,3,0.00
2025-11-19T17:00,10.1,3,0.00
2025-11-19T18:00,9.6,3,0.00
2025-11-19T19:00,7.7,3,0.00
2025-11-19T20:00,6.0,0,0.00
2025-11-19T21:00,5.5,0,0.00
2025-11-19T22:00,4.3,0,0.00
2025-11-19T23:00,3.0,0,0.00
2025-11-20T00:00,2.5,0,0.00
2025-11-20T01:00,2.3,0,0.00
2025-11-20T02:00,1.4,0,0.00
2025-11-20T03:00,2.2,0,0.00
2025-11-20T04:00,2.5,0,0.00
2025-11-20T05:00,2.5,0,0.00
2025-11-20T06:00,1.6,1,0.00
2025-11-20T07:00,1.3,1,0.00
2025-11-20T08:00,0.1,0,0.00
2025-11-20T09:00,-0.3,0,0.00
2025-11-20T10:00,0.6,0,0.00
2025-11-20T11:00,4.2,0,0.00
2025-11-20T12:00,6.8,0,0.00
2025-11-20T13:00,8.2,1,0.00
2025-11-20T14:00,9.7,1,0.00
2025-11-20T15:00,10.2,1,0.00
2025-11-20T16:00,10.1,0,0.00
2025-11-20T17:00,9.3,0,0.00
2025-11-20T18:00,8.5,0,0.00
2025-11-20T19:00,6.9,0,0.00
2025-11-20T20:00,6.4,0,0.00
2025-11-20T21:00,5.9,1,0.00
2025-11-20T22:00,5.8,0,0.00
2025-11-20T23:00,5.0,0,0.00
2025-11-21T00:00,4.2,0,0.00
2025-11-21T01:00,3.7,0,0.00
2025-11-21T02:00,4.1,0,0.00
2025-11-21T03:00,3.2,3,0.00
2025-11-21T04:00,2.7,3,0.00
2025-11-21T05:00,2.4,3,0.00
2025-11-21T06:00,2.7,3,0.00
2025-11-21T07:00,2.9,3,0.00
2025-11-21T08:00,3.3,3,0.00
2025-11-21T09:00,2.8,3,0.00
2025-11-21T10:00,3.3,3,0.00
2025-11-21T11:00,4.2,3,0.00
2025-11-21T12:00,5.1,3,0.00
2025-11-21T13:00,5.9,3,0.00
2025-11-21T14:00,7.5,3,0.00
2025-11-21T15:00,8.3,3,0.00
2025-11-21T16:00,8.5,3,0.00
2025-11-21T17:00,8.1,3,0.00
2025-11-21T18:00,7.4,3,0.00
2025-11-21T19:00,6.3,3,0.00
2025-11-21T20:00,4.5,3,0.00
2025-11-21T21:00,3.5,0,0.00
2025-11-21T22:00,3.0,0,0.00
2025-11-21T23:00,2.1,1,0.00
2025-11-22T00:00,1.7,1,0.00
2025-11-22T01:00,0.8,0,0.00
2025-11-22T02:00,0.1,0,0.00
2025-11-22T03:00,-0.3,0,0.00
2025-11-22T04:00,-0.9,0,0.00
2025-11-22T05:00,-1.3,0,0.00
2025-11-22T06:00,-1.3,0,0.00
2025-11-22T07:00,-1.8,0,0.00
2025-11-22T08:00,-2.3,0,0.00
2025-11-22T09:00,-2.6,0,0.00
2025-11-22T10:00,-1.7,0,0.00
2025-11-22T11:00,1.6,2,0.00
2025-11-22T12:00,3.4,1,0.00
2025-11-22T13:00,4.9,3,0.00
2025-11-22T14:00,6.3,3,0.00
2025-11-22T15:00,7.2,2,0.00
2025-11-22T16:00,7.8,2,0.00
2025-11-22T17:00,7.9,3,0.00
2025-11-22T18:00,7.0,3,0.00
2025-11-22T19:00,5.3,3,0.00
2025-11-22T20:00,5.2,3,0.00
2025-11-22T21:00,4.6,3,0.00
2025-11-22T22:00,4.4,3,0.00
2025-11-22T23:00,3.9,3,0.00
2025-11-23T00:00,3.9,3,0.00
2025-11-23T01:00,3.7,3,0.00
2025-11-23T02:00,4.4,3,0.00
2025-11-23T03:00,4.1,3,0.00
2025-11-23T04:00,3.8,3,0.00
2025-11-23T05:00,3.3,3,0.00
2025-11-23T06:00,2.6,3,0.00
2025-11-23T07:00,2.2,3,0.00
2025-11-23T08:00,1.3,3,0.00
2025-11-23T09:00,1.1,3,0.00
2025-11-23T10:00,1.6,3,0.00
2025-11-23T11:00,4.0,3,0.00
2025-11-23T12:00,6.5,3,0.00
2025-11-23T13:00,9.1,3,0.00
2025-11-23T14:00,10.4,3,0.00
2025-11-23T15:00,12.0,3,0.00
2025-11-23T16:00,12.1,3,0.00
2025-11-23T17:00,11.3,3,0.00
2025-11-23T18:00,9.7,3,0.00
2025-11-23T19:00,7.5,3,0.00
2025-11-23T20:00,7.5,3,0.00
2025-11-23T21:00,6.5,3,0.00
2025-11-23T22:00,6.1,3,0.00
2025-11-23T23:00,6.0,3,0.00
2025-11-24T00:00,5.8,3,0.00
2025-11-24T01:00,5.7,3,0.00
2025-11-24T02:00,6.6,3,0.00
2025-11-24T03:00,6.7,3,0.00
2025-11-24T04:00,6.6,3,0.00
2025-11-24T05:00,6.8,3,0.00
2025-11-24T06:00,6.9,3,0.00
2025-11-24T07:00,6.9,3,0.00
2025-11-24T08:00,6.9,3,0.00
2025-11-24T09:00,7.0,3,0.00
2025-11-24T10:00,7.7,3,0.00
2025-11-24T11:00,8.4,3,0.00
2025-11-24T12:00,9.1,3,0.00
2025-11-24T13:00,10.2,51,0.10
2025-11-24T14:00,10.5,3,0.00
2025-11-24T15:00,11.0,3,0.00
2025-11-24T16:00,11.6,3,0.00
2025-11-24T17:00,11.2,3,0.00
2025-11-24T18:00,10.6,53,0.80
2025-11-24T19:00,10.4,51,0.10
2025-11-24T20:00,10.5,51,0.10
2025-11-24T21:00,10.3,3,0.00
2025-11-24T22:00,10.5,3,0.00
2025-11-24T23:00,10.4,3,0.00
2025-11-25T00:00,10.6,3,0.00
2025-11-25T01:00,10.2,2,0.00
2025-11-25T02:00,9.9,1,0.00
2025-11-25T03:00,8.8,0,0.00
2025-11-25T04:00,7.2,1,0.00
2025-11-25T05:00,6.5,2,0.00
2025-11-25T06:00,6.4,2,0.00
2025-11-25T07:00,6.3,2,0.00
2025-11-25T08:00,5.7,0,0.00
2025-11-25T09:00,4.9,0,0.00
2025-11-25T10:00,5.2,0,0.00
2025-11-25T11:00,6.8,0,0.00
2025-11-25T12:00,7.9,1,0.00
2025-11-25T13:00,8.5,2,0.00
2025-11-25T14:00,9.4,3,0.00
2025-11-25T15:00,9.7,3,0.00
2025-11-25T16:00,10.5,3,0.00
2025-11-25T17:00,10.2,3,0.00
2025-11-25T18:00,9.5,0,0.00
2025-11-25T19:00,8.0,1,0.00
2025-11-25T20:00,7.8,1,0.00
2025-11-25T21:00,8.1,1,0.00
2025-11-25T22:00,6.9,1,0.00
2025-11-25T23:00,5.2,1,0.00
2025-11-26T00:00,4.5,1,0.00
2025-11-26T01:00,4.2,1,0.00
2025-11-26T02:00,3.7,1,0.00
2025-11-26T03:00,3.4,0,0.00
2025-11-26T04:00,2.6,0,0.00
2025-11-26T05:00,2.3,0,0.00
2025-11-26T06:00,2.0,0,0.00
2025-11-26T07:00,1.8,0,0.00
2025-11-26T08:00,2.2,0,0.00
2025-11-26T09:00,2.2,0,0.00
2025-11-26T10:00,2.5,0,0.00
2025-11-26T11:00,4.7,0,0.00
2025-11-26T12:00,6.3,0,0.00
2025-11-26T13:00,7.2,0,0.00
2025-11-26T14:00,9.8,1,0.00
2025-11-26T15:00,10.5,0,0.00
2025-11-26T16:00,10.5,0,0.00
2025-11-26T17:00,10.1,0,0.00
2025-11-26T18:00,9.5,0,0.00
2025-11-26T19:00,6.7,0,0.00
2025-11-26T20:00,5.3,0,0.00
2025-11-26T21:00,4.2,1,0.00
2025-11-26T22:00,3.3,1,0.00
2025-11-26T23:00,2.2,0,0.00
2025-11-27T00:00,1.4,0,0.00
2025-11-27T01:00,0.8,0,0.00
2025-11-27T02:00,0.5,0,0.00
2025-11-27T03:00,-0.1,0,0.00
2025-11-27T04:00,-0.5,0,0.00
2025-11-27T05:00,-0.2,0,0.00
2025-11-27T06:00,-0.5,0,0.00
2025-11-27T07:00,-0.9,0,0.00
2025-11-27T08:00,-0.6,0,0.00
2025-11-27T09:00,-0.5,0,0.00
2025-11-27T10:00,0.2,0,0.00
2025-11-27T11:00,2.9,0,0.00
2025-11-27T12:00,5.7,0,0.00
2025-11-27T13:00,8.2,0,0.00
2025-11-27T14:00,10.7,0,0.00
2025-11-27T15:00,11.6,0,0.00
2025-11-27T16:00,11.8,0,0.00
2025-11-27T17:00,11.7,0,0.00
2025-11-27T18:00,10.7,0,0.00
2025-11-27T19:00,8.6,1,0.00
2025-11-27T20:00,7.7,0,0.00
2025-11-27T21:00,7.4,2,0.00
2025-11-27T22:00,5.9,0,0.00
2025-11-27T23:00,4.4,3,0.00
2025-11-28T00:00,3.4,3,0.00
2025-11-28T01:00,2.5,2,0.00
2025-11-28T02:00,1.9,3,0.00
2025-11-28T03:00,2.0,2,0.00
2025-11-28T04:00,1.8,0,0.00
2025-11-28T05:00,1.1,0,0.00
2025-11-28T06:00,0.7,0,0.00
2025-11-28T07:00,0.3,1,0.00
2025-11-28T08:00,-0.3,3,0.00
2025-11-28T09:00,-0.5,3,0.00
2025-11-28T10:00,0.6,0,0.00
2025-11-28T11:00,3.8,0,0.00
2025-11-28T12:00,6.9,0,0.00
2025-11-28T13:00,9.1,3,0.00
2025-11-28T14:00,11.1,3,0.00
2025-11-28T15:00,12.3,3,0.00
2025-11-28T16:00,12.8,3,0.00
2025-11-28T17:00,12.8,3,0.00
2025-11-28T18:00,11.5,3,0.00
2025-11-28T19:00,8.8,1,0.00
2025-11-28T20:00,7.5,1,0.00
2025-11-28T21:00,7.5,2,0.00
2025-11-28T22:00,7.1,3,0.00
2025-11-28T23:00,6.0,3,0.00
2025-11-29T00:00,4.9,3,0.00
2025-11-29T01:00,4.2,3,0.00
2025-11-29T02:00,3.5,3,0.00
2025-11-29T03:00,2.8,3,0.00
2025-11-29T04:00,2.2,3,0.00
2025-11-29T05:00,2.0,3,0.00
2025-11-29T06:00,1.4,3,0.00
2025-11-29T07:00,1.0,3,0.00
2025-11-29T08:00,0.8,3,0.00
2025-11-29T09:00,0.0,3,0.00
2025-11-29T10:00,0.2,3,0.00
2025-11-29T11:00,2.5,3,0.00
2025-11-29T12:00,5.5,3,0.00
2025-11-29T13:00,7.3,3,0.00
2025-11-29T14:00,8.7,3,0.00
2025-11-29T15:00,9.9,3,0.00
2025-11-29T16:00,10.4,3,0.00
2025-11-29T17:00,10.2,1,0.00
2025-11-29T18:00,9.3,0,0.00
2025-11-29T19:00,7.2,2,0.00
2025-11-29T20:00,6.2,3,0.00
2025-11-29T21:00,6.2,3,0.00
2025-11-29T22:00,5.5,3,0.00
2025-11-29T23:00,4.7,2,0.00
2025-11-30T00:00,3.8,1,0.00
2025-11-30T01:00,3.5,3,0.00
2025-11-30T02:00,4.1,3,0.00
2025-11-30T03:00,4.3,3,0.00
2025-11-30T04:00,4.7,51,0.30
2025-11-30T05:00,4.8,55,1.00
2025-11-30T06:00,4.7,55,1.10
2025-11-30T07:00,4.6,51,0.30
2025-11-30T08:00,4.6,3,0.00
2025-11-30T09:00,4.4,3,0.00
2025-11-30T10:00,4.4,3,0.00
2025-11-30T11:00,6.2,2,0.00
2025-11-30T12:00,7.8,1,0.00
2025-11-30T13:00,9.4,1,0.00
2025-11-30T14:00,10.0,2,0.00
2025-11-30T15:00,10.9,1,0.00
2025-11-30T16:00,11.2,1,0.00
2025-11-30T17:00,11.2,1,0.00
2025-11-30T18:00,10.2,0,0.00
2025-11-30T19:00,8.1,0,0.00
2025-11-30T20:00,7.2,3,0.00
2025-11-30T21:00,6.5,2,0.00
2025-11-30T22:00,5.3,1,0.00
2025-11-30T23:00,4.4,0,0.00
2025-12-01T00:00,3.7,0,0.00
2025-12-01T01:00,2.8,0,0.00
2025-12-01T02:00,2.5,0,0.00
2025-12-01T03:00,2.3,0,0.00
2025-12-01T04:00,1.7,0,0.00
2025-12-01T05:00,1.3,1,0.00
2025-12-01T06:00,0.8,2,0.00
2025-12-01T07:00,0.3,3,0.00
2025-12-01T08:00,-0.6,3,0.00
2025-12-01T09:00,-0.7,1,0.00
2025-12-01T10:00,-0.3,0,0.00
2025-12-01T11:00,2.3,2,0.00
2025-12-01T12:00,5.3,2,0.00
2025-12-01T13:00,7.4,2,0.00
2025-12-01T14:00,8.7,1,0.00
2025-12-01T15:00,9.7,0,0.00
2025-12-01T16:00,10.2,3,0.00
2025-12-01T17:00,9.9,3,0.00
2025-12-01T18:00,8.9,3,0.00
2025-12-01T19:00,7.0,3,0.00
2025-12-01T20:00,6.4,3,0.00
2025-12-01T21:00,6.3,3,0.00
2025-12-01T22:00,5.6,3,0.00
2025-12-01T23:00,5.4,3,0.00
2025-12-02T00:00,4.7,1,0.00
2025-12-02T01:00,3.8,0,0.00
2025-12-02T02:00,3.0,0,0.00
2025-12-02T03:00,3.0,0,0.00
2025-12-02T04:00,2.1,0,0.00
2025-12-02T05:00,1.7,0,0.00
2025-12-02T06:00,1.8,0,0.00
2025-12-02T07:00,1.3,2,0.00
2025-12-02T08:00,1.5,3,0.00
2025-12-02T09:00,2.1,73,1.00
2025-12-02T10:00,2.4,51,0.20
2025-12-02T11:00,3.0,3,0.00
2025-12-02T12:00,3.6,2,0.00
2025-12-02T13:00,5.4,0,0.00
2025-12-02T14:00,7.6,0,0.00
2025-12-02T15:00,9.4,51,0.30
2025-12-02T16:00,10.3,51,0.10
2025-12-02T17:00,10.2,1,0.00
2025-12-02T18:00,9.0,0,0.00
2025-12-02T19:00,6.7,1,0.00
2025-12-02T20:00,5.5,0,0.00
2025-12-02T21:00,4.9,0,0.00
2025-12-02T22:00,4.0,0,0.00
2025-12-02T23:00,3.3,1,0.00
2025-12-03T00:00,2.6,3,0.00
2025-12-03T01:00,2.5,3,0.00
2025-12-03T02:00,3.5,3,0.00
2025-12-03T03:00,3.3,51,0.10
2025-12-03T04:00,3.3,51,0.30
2025-12-03T05:00,3.0,53,0.80
2025-12-03T06:00,2.9,51,0.20
2025-12-03T07:00,2.9,51,0.40
2025-12-03T08:00,3.2,51,0.10
2025-12-03T09:00,3.0,3,0.00
2025-12-03T10:00,3.3,3,0.00
2025-12-03T11:00,4.3,1,0.00
2025-12-03T12:00,5.3,1,0.00
2025-12-03T13:00,5.9,0,0.00
2025-12-03T14:00,7.3,0,0.00
2025-12-03T15:00,8.1,0,0.00
2025-12-03T16:00,8.4,0,0.00
2025-12-03T17:00,8.3,3,0.00
2025-12-03T18:00,7.9,3,0.00
2025-12-03T19:00,6.3,3,0.00
2025-12-03T20:00,6.1,3,0.00
2025-12-03T21:00,5.3,3,0.00
2025-12-03T22:00,5.6,3,0.00
2025-12-03T23:00,5.6,3,0.00
2025-12-04T00:00,5.2,0,0.00
2025-12-04T01:00,4.1,3,0.00
2025-12-04T02:00,4.6,2,0.00
2025-12-04T03:00,4.1,3,0.00
2025-12-04T04:00,4.1,3,0.00
2025-12-04T05:00,3.6,3,0.00
2025-12-04T06:00,3.5,3,0.00
2025-12-04T07:00,4.0,51,0.10
2025-12-04T08:00,4.9,53,0.70
2025-12-04T09:00,5.4,3,0.00
2025-12-04T10:00,6.1,3,0.00
2025-12-04T11:00,6.4,51,0.10
2025-12-04T12:00,6.9,51,0.10
2025-12-04T13:00,8.6,3,0.00
2025-12-04T14:00,8.5,53,0.70
2025-12-04T15:00,9.3,51,0.30
2025-12-04T16:00,10.3,3,0.00
2025-12-04T17:00,10.4,3,0.00
2025-12-04T18:00,9.8,3,0.00
2025-12-04T19:00,8.9,3,0.00
2025-12-04T20:00,8.2,3,0.00
2025-12-04T21:00,7.7,3,0.00
2025-12-04T22:00,7.3,3,0.00
2025-12-04T23:00,6.7,3,0.00
2025-12-05T00:00,6.1,3,0.00
2025-12-05T01:00,5.6,3,0.00
2025-12-05T02:00,6.1,3,0.00
2025-12-05T03:00,5.7,3,0.00
2025-12-05T04:00,4.9,3,0.00
2025-12-05T05:00,4.4,3,0.00
2025-12-05T06:00,4.1,2,0.00
2025-12-05T07:00,3.9,3,0.00
2025-12-05T08:00,5.2,2,0.00
2025-12-05T09:00,4.9,3,0.00
2025-12-05T10:00,4.7,3,0.00
2025-12-05T11:00,5.6,3,0.00
2025-12-05T12:00,7.2,3,0.00
2025-12-05T13:00,8.1,3,0.00
2025-12-05T14:00,8.9,3,0.00
2025-12-05T15:00,8.4,3,0.00
2025-12-05T16:00,8.7,3,0.00
2025-12-05T17:00,9.0,3,0.00
2025-12-05T18:00,9.4,3,0.00
2025-12-05T19:00,9.2,3,0.00
2025-12-05T20:00,8.7,2,0.00
2025-12-05T21:00,8.1,3,0.00
2025-12-05T22:00,7.9,3,0.00
2025-12-05T23:00,8.2,3,0.00
2025-12-06T00:00,8.2,3,0.00
2025-12-06T01:00,8.4,3,0.00
2025-12-06T02:00,9.3,3,0.00
2025-12-06T03:00,9.4,3,0.00
2025-12-06T04:00,9.8,3,0.00
2025-12-06T05:00,10.0,3,0.00
2025-12-06T06:00,10.1,3,0.00
2025-12-06T07:00,10.2,3,0.00
2025-12-06T08:00,10.6,3,0.00
2025-12-06T09:00,10.5,3,0.00
2025-12-06T10:00,10.2,3,0.00
2025-12-06T11:00,10.5,3,0.00
2025-12-06T12:00,10.8,3,0.00
2025-12-06T13:00,12.0,3,0.00
2025-12-06T14:00,13.1,2,0.00
2025-12-06T15:00,13.6,2,0.00
2025-12-06T16:00,13.4,2,0.00
2025-12-06T17:00,13.1,1,0.00
2025-12-06T18:00,12.4,2,0.00
2025-12-06T19:00,10.9,3,0.00
2025-12-06T20:00,11.1,3,0.00
2025-12-06T21:00,10.6,3,0.00
2025-12-06T22:00,10.6,3,0.00
2025-12-06T23:00,10.4,3,0.00
2025-12-07T00:00,10.3,3,0.00
2025-12-07T01:00,10.4,3,0.00
2025-12-07T02:00,10.2,3,0.00
2025-12-07T03:00,10.3,3,0.00
2025-12-07T04:00,10.4,3,0.00
2025-12-07T05:00,10.3,3,0.00
2025-12-07T06:00,9.7,3,0.00
2025-12-07T07:00,9.3,3,0.00
2025-12-07T08:00,9.2,3,0.00
2025-12-07T09:00,9.0,3,0.00
2025-12-07T10:00,8.9,3,0.00
2025-12-07T11:00,9.5,3,0.00
2025-12-07T12:00,10.5,3,0.00
2025-12-07T13:00,11.4,3,0.00
2025-12-07T14:00,11.6,3,0.00
2025-12-07T15:00,12.2,3,0.00
2025-12-07T16:00,12.9,3,0.00
2025-12-07T17:00,13.1,1,0.00
2025-12-07T18:00,12.4,0,0.00
2025-12-07T19:00,10.3,0,0.00
2025-12-07T20:00,9.3,1,0.00
2025-12-07T21:00,8.9,0,0.00
2025-12-07T22:00,8.5,0,0.00
2025-12-07T23:00,7.9,0,0.00
2025-12-08T00:00,7.0,0,0.00
2025-12-08T01:00,6.0,0,0.00
2025-12-08T02:00,6.2,0,0.00
2025-12-08T03:00,5.6,0,0.00
2025-12-08T04:00,4.7,3,0.00
2025-12-08T05:00,4.3,3,0.00
2025-12-08T06:00,4.4,3,0.00
2025-12-08T07:00,4.2,3,0.00
2025-12-08T08:00,4.8,3,0.00
2025-12-08T09:00,5.7,3,0.00
2025-12-08T10:00,6.3,3,0.00
2025-12-08T11:00,7.0,3,0.00
2025-12-08T12:00,7.8,3,0.00
2025-12-08T13:00,8.6,3,0.00
2025-12-08T14:00,10.3,3,0.00
2025-12-08T15:00,10.9,3,0.00
2025-12-08T16:00,11.4,3,0.00
2025-12-08T17:00,11.8,3,0.00
2025-12-08T18:00,11.5,2,0.00
2025-12-08T19:00,9.4,3,0.00
2025-12-08T20:00,8.2,3,0.00
2025-12-08T21:00,7.7,3,0.00
2025-12-08T22:00,7.7,3,0.00
2025-12-08T23:00,7.2,3,0.00
2025-12-09T00:00,6.3,3,0.00
2025-12-09T01:00,5.3,3,0.00
2025-12-09T02:00,5.1,3,0.00
2025-12-09T03:00,4.7,3,0.00
2025-12-09T04:00,3.9,3,0.00
2025-12-09T05:00,3.2,3,0.00
2025-12-09T06:00,2.7,3,0.00
2025-12-09T07:00,2.8,3,0.00
2025-12-09T08:00,3.5,3,0.00
2025-12-09T09:00,4.1,3,0.00
2025-12-09T10:00,4.3,3,0.00
2025-12-09T11:00,4.9,3,0.00
2025-12-09T12:00,6.0,3,0.00
2025-12-09T13:00,7.7,3,0.00
2025-12-09T14:00,9.3,3,0.00
2025-12-09T15:00,10.4,3,0.00
2025-12-09T16:00,11.6,3,0.00
2025-12-09T17:00,11.4,3,0.00
2025-12-09T18:00,10.7,3,0.00
2025-12-09T19:00,9.7,3,0.00
2025-12-09T20:00,9.5,3,0.00
2025-12-09T21:00,9.9,3,0.00
2025-12-09T22:00,9.8,3,0.00
2025-12-09T23:00,9.2,51,0.30
2025-12-10T00:00,9.5,51,0.30
2025-12-10T01:00,9.2,51,0.30
2025-12-10T02:00,8.7,53,0.70
2025-12-10T03:00,8.7,53,0.60
2025-12-10T04:00,8.2,55,1.00
2025-12-10T05:00,8.1,55,1.10
2025-12-10T06:00,8.1,55,1.00
2025-12-10T07:00,7.9,55,1.00
2025-12-10T08:00,8.3,51,0.30
2025-12-10T09:00,8.1,53,0.90
2025-12-10T10:00,7.9,51,0.40
2025-12-10T11:00,8.2,53,0.60
2025-12-10T12:00,8.8,53,0.60
2025-12-10T13:00,8.8,53,0.50
2025-12-10T14:00,8.9,53,0.50
2025-12-10T15:00,9.3,51,0.30
2025-12-10T16:00,10.2,51,0.10
2025-12-10T17:00,9.9,3,0.00
2025-12-10T18:00,9.4,3,0.00
2025-12-10T19:00,8.9,3,0.00
2025-12-10T20:00,8.7,3,0.00
2025-12-10T21:00,8.6,51,0.10
2025-12-10T22:00,8.4,51,0.10
2025-12-10T23:00,8.1,51,0.10
2025-12-11T00:00,7.7,3,0.00
2025-12-11T01:00,7.5,3,0.00
2025-12-11T02:00,7.5,3,0.00
2025-12-11T03:00,7.8,2,0.00
2025-12-11T04:00,6.7,0,0.00
2025-12-11T05:00,5.9,0,0.00
2025-12-11T06:00,5.1,0,0.00
2025-12-11T07:00,4.6,0,0.00
2025-12-11T08:00,4.5,2,0.00
2025-12-11T09:00,4.5,3,0.00
2025-12-11T10:00,4.4,3,0.00
2025-12-11T11:00,5.6,3,0.00
2025-12-11T12:00,7.5,0,0.00
2025-12-11T13:00,9.3,0,0.00
2025-12-11T14:00,10.5,0,0.00
2025-12-11T15:00,11.3,1,0.00
2025-12-11T16:00,11.8,1,0.00
2025-12-11T17:00,11.5,0,0.00
2025-12-11T18:00,10.8,0,0.00
2025-12-11T19:00,8.8,0,0.00
2025-12-11T20:00,8.2,1,0.00
2025-12-11T21:00,8.2,3,0.00
2025-12-11T22:00,7.8,3,0.00
2025-12-11T23:00,6.6,3,0.00
2025-12-12T00:00,5.8,3,0.00
2025-12-12T01:00,5.1,3,0.00
2025-12-12T02:00,5.3,3,0.00
2025-12-12T03:00,4.8,51,0.30
2025-12-12T04:00,5.0,3,0.00
2025-12-12T05:00,5.1,2,0.00
2025-12-12T06:00,4.6,3,0.00
2025-12-12T07:00,4.9,3,0.00
2025-12-12T08:00,6.1,3,0.00
2025-12-12T09:00,6.4,51,0.10
2025-12-12T10:00,6.0,3,0.00
2025-12-12T11:00,6.7,3,0.00
2025-12-12T12:00,7.8,3,0.00
2025-12-12T13:00,8.4,51,0.20
2025-12-12T14:00,8.6,3,0.00
2025-12-12T15:00,9.5,3,0.00
2025-12-12T16:00,10.3,3,0.00
2025-12-12T17:00,10.9,3,0.00
2025-12-12T18:00,10.6,3,0.00
2025-12-12T19:00,8.9,3,0.00
2025-12-12T20:00,8.7,3,0.00
2025-12-12T21:00,8.4,3,0.00
2025-12-12T22:00,8.5,3,0.00
2025-12-12T23:00,8.1,3,0.00
2025-12-13T00:00,8.2,3,0.00
2025-12-13T01:00,7.9,3,0.00
2025-12-13T02:00,8.3,2,0.00
2025-12-13T03:00,7.6,2,0.00
2025-12-13T04:00,7.1,2,0.00
2025-12-13T05:00,6.9,2,0.00
2025-12-13T06:00,6.7,3,0.00
2025-12-13T07:00,6.4,2,0.00
2025-12-13T08:00,6.4,3,0.00
2025-12-13T09:00,6.6,3,0.00
2025-12-13T10:00,6.5,3,0.00
2025-12-13T11:00,7.6,3,0.00
2025-12-13T12:00,9.2,3,0.00
2025-12-13T13:00,10.8,3,0.00
2025-12-13T14:00,12.9,1,0.00
2025-12-13T15:00,13.5,0,0.00
2025-12-13T16:00,13.4,0,0.00
2025-12-13T17:00,13.2,1,0.00
2025-12-13T18:00,12.4,0,0.00
2025-12-13T19:00,10.6,0,0.00
2025-12-13T20:00,9.9,1,0.00
2025-12-13T21:00,9.9,1,0.00
2025-12-13T22:00,9.0,2,0.00
2025-12-13T23:00,8.4,0,0.00
2025-12-14T00:00,6.9,0,0.00
2025-12-14T01:00,6.2,0,0.00
2025-12-14T02:00,6.1,0,0.00
2025-12-14T03:00,5.6,1,0.00
2025-12-14T04:00,5.2,2,0.00
2025-12-14T05:00,5.0,3,0.00
2025-12-14T06:00,5.1,3,0.00
2025-12-14T07:00,4.4,0,0.00
2025-12-14T08:00,4.5,3,0.00
2025-12-14T09:00,4.4,1,0.00
2025-12-14T10:00,4.2,0,0.00
2025-12-14T11:00,5.7,0,0.00
2025-12-14T12:00,7.8,0,0.00
2025-12-14T13:00,9.7,0,0.00
2025-12-14T14:00,10.6,1,0.00
2025-12-14T15:00,11.1,3,0.00
2025-12-14T16:00,10.9,2,0.00
2025-12-14T17:00,11.3,1,0.00
2025-12-14T18:00,10.7,1,0.00
2025-12-14T19:00,9.3,0,0.00
2025-12-14T20:00,8.5,1,0.00
2025-12-14T21:00,8.5,1,0.00
2025-12-14T22:00,8.0,1,0.00
2025-12-14T23:00,7.7,1,0.00
2025-12-15T00:00,7.4,0,0.00
2025-12-15T01:00,6.6,1,0.00
2025-12-15T02:00,6.3,1,0.00
2025-12-15T03:00,6.6,1,0.00
2025-12-15T04:00,6.5,2,0.00
2025-12-15T05:00,6.3,3,0.00
2025-12-15T06:00,6.7,3,0.00
2025-12-15T07:00,6.4,51,0.30
2025-12-15T08:00,6.7,51,0.10
2025-12-15T09:00,6.5,3,0.00
2025-12-15T10:00,6.6,3,0.00
2025-12-15T11:00,7.3,3,0.00
2025-12-15T12:00,7.9,3,0.00
2025-12-15T13:00,8.8,3,0.00
2025-12-15T14:00,9.7,51,0.10
2025-12-15T15:00,10.1,51,0.10
2025-12-15T16:00,10.4,51,0.20
2025-12-15T17:00,10.5,51,0.10
2025-12-15T18:00,10.0,51,0.20
2025-12-15T19:00,8.3,3,0.00
2025-12-15T20:00,8.1,51,0.10
2025-12-15T21:00,7.8,3,0.00
2025-12-15T22:00,7.7,53,0.50
2025-12-15T23:00,7.5,53,0.60
2025-12-16T00:00,7.5,53,0.70
2025-12-16T01:00,7.5,53,0.50
2025-12-16T02:00,7.6,53,0.90
2025-12-16T03:00,7.6,53,0.80
2025-12-16T04:00,7.5,53,0.50
2025-12-16T05:00,7.4,55,1.00
2025-12-16T06:00,7.3,53,0.70
2025-12-16T07:00,7.2,51,0.20
2025-12-16T08:00,7.2,53,0.80
2025-12-16T09:00,7.2,55,1.10
2025-12-16T10:00,7.2,53,0.80
2025-12-16T11:00,7.0,55,1.00
2025-12-16T12:00,7.4,51,0.30
2025-12-16T13:00,8.7,51,0.10
2025-12-16T14:00,8.8,51,0.10
2025-12-16T15:00,9.0,51,0.10
2025-12-16T16:00,8.0,61,1.50
2025-12-16T17:00,8.3,51,0.30
2025-12-16T18:00,8.4,3,0.00
2025-12-16T19:00,8.0,3,0.00
2025-12-16T20:00,8.0,51,0.20
2025-12-16T21:00,8.0,3,0.00
2025-12-16T22:00,7.7,1,0.00
2025-12-16T23:00,7.5,0,0.00
2025-12-17T00:00,7.3,1,0.00
2025-12-17T01:00,7.3,3,0.00
2025-12-17T02:00,8.5,3,0.00
2025-12-17T03:00,9.2,3,0.00
2025-12-17T04:00,8.9,0,0.00
2025-12-17T05:00,7.9,0,0.00
2025-12-17T06:00,7.2,0,0.00
2025-12-17T07:00,6.7,0,0.00
2025-12-17T08:00,6.8,0,0.00
2025-12-17T09:00,6.8,0,0.00
2025-12-17T10:00,7.0,0,0.00
2025-12-17T11:00,8.3,0,0.00
2025-12-17T12:00,10.0,0,0.00
2025-12-17T13:00,11.1,0,0.00
2025-12-17T14:00,12.3,1,0.00
2025-12-17T15:00,12.9,3,0.00
2025-12-17T16:00,12.8,3,0.00
2025-12-17T17:00,12.6,1,0.00
2025-12-17T18:00,11.9,3,0.00
2025-12-17T19:00,9.8,1,0.00
2025-12-17T20:00,8.5,3,0.00
2025-12-17T21:00,7.7,3,0.00
2025-12-17T22:00,6.7,3,0.00
2025-12-17T23:00,6.4,3,0.00
2025-12-18T00:00,6.1,3,0.00
2025-12-18T01:00,5.8,3,0.00
2025-12-18T02:00,7.1,3,0.00
2025-12-18T03:00,7.2,3,0.00
2025-12-18T04:00,7.3,2,0.00
2025-12-18T05:00,6.2,3,0.00
2025-12-18T06:00,6.2,3,0.00
2025-12-18T07:00,6.4,3,0.00
2025-12-18T08:00,6.6,3,0.00
2025-12-18T09:00,6.5,3,0.00
2025-12-18T10:00,6.5,3,0.00
2025-12-18T11:00,6.9,3,0.00
2025-12-18T12:00,7.3,3,0.00
2025-12-18T13:00,7.8,3,0.00
2025-12-18T14:00,8.3,3,0.00
2025-12-18T15:00,8.8,3,0.00
2025-12-18T16:00,9.3,3,0.00
2025-12-18T17:00,9.8,3,0.00
2025-12-18T18:00,9.8,3,0.00
2025-12-18T19:00,8.7,3,0.00
2025-12-18T20:00,8.2,3,0.00
2025-12-18T21:00,7.8,3,0.00
2025-12-18T22:00,7.8,3,0.00
2025-12-18T23:00,7.8,3,0.00
2025-12-19T00:00,7.7,3,0.00
2025-12-19T01:00,7.1,3,0.00
2025-12-19T02:00,7.5,3,0.00
2025-12-19T03:00,7.9,3,0.00
2025-12-19T04:00,7.3,3,0.00
2025-12-19T05:00,7.0,3,0.00
2025-12-19T06:00,6.8,3,0.00
2025-12-19T07:00,6.6,3,0.00
2025-12-19T08:00,6.3,3,0.00
2025-12-19T09:00,6.6,3,0.00
2025-12-19T10:00,6.6,51,0.10
2025-12-19T11:00,7.6,3,0.00
2025-12-19T12:00,8.1,3,0.00
2025-12-19T13:00,8.7,51,0.10
2025-12-19T14:00,8.7,3,0.00
2025-12-19T15:00,9.4,51,0.10
2025-12-19T16:00,9.5,3,0.00
2025-12-19T17:00,9.6,3,0.00
2025-12-19T18:00,9.2,51,0.10
2025-12-19T19:00,7.8,51,0.10
2025-12-19T20:00,7.7,51,0.10
2025-12-19T21:00,7.9,51,0.10
2025-12-19T22:00,7.6,3,0.00
2025-12-19T23:00,7.4,51,0.20
2025-12-20T00:00,6.6,51,0.10
2025-12-20T01:00,6.5,3,0.00
2025-12-20T02:00,6.6,2,0.00
2025-12-20T03:00,6.0,51,0.10
2025-12-20T04:00,6.1,3,0.00
2025-12-20T05:00,6.4,3,0.00
2025-12-20T06:00,6.4,3,0.00
2025-12-20T07:00,6.2,3,0.00
2025-12-20T08:00,6.9,3,0.00
2025-12-20T09:00,7.0,3,0.00
2025-12-20T10:00,6.9,51,0.20
2025-12-20T11:00,7.4,51,0.30
2025-12-20T12:00,7.9,51,0.10
2025-12-20T13:00,8.6,3,0.00
2025-12-20T14:00,9.0,3,0.00
2025-12-20T15:00,9.5,51,0.30
2025-12-20T16:00,9.3,53,0.70
2025-12-20T17:00,9.5,1,0.00
2025-12-20T18:00,8.8,1,0.00
2025-12-20T19:00,7.5,2,0.00
2025-12-20T20:00,6.8,3,0.00
2025-12-20T21:00,6.3,2,0.00
2025-12-20T22:00,5.5,1,0.00
2025-12-20T23:00,5.0,3,0.00
2025-12-21T00:00,4.9,3,0.00
2025-12-21T01:00,5.2,51,0.10
2025-12-21T02:00,5.5,55,1.00
2025-12-21T03:00,5.5,53,0.90
2025-12-21T04:00,5.4,51,0.30
2025-12-21T05:00,5.5,53,0.50
2025-12-21T06:00,5.7,53,0.70
2025-12-21T07:00,6.2,55,1.00
2025-12-21T08:00,6.3,61,1.80
2025-12-21T09:00,5.2,61,2.10
2025-12-21T10:00,4.7,55,1.20
2025-12-21T11:00,4.5,51,0.20
2025-12-21T12:00,5.2,3,0.00
2025-12-21T13:00,5.0,3,0.00
2025-12-21T14:00,5.4,51,0.10
2025-12-21T15:00,6.1,1,0.00
2025-12-21T16:00,6.5,3,0.00
2025-12-21T17:00,6.4,1,0.00
2025-12-21T18:00,5.7,1,0.00
2025-12-21T19:00,3.7,0,0.00
2025-12-21T20:00,2.8,3,0.00
2025-12-21T21:00,2.2,0,0.00
2025-12-21T22:00,1.5,1,0.00
2025-12-21T23:00,1.1,0,0.00
2025-12-22T00:00,0.6,0,0.00
2025-12-22T01:00,-0.2,0,0.00
2025-12-22T02:00,-0.7,0,0.00
2025-12-22T03:00,-1.1,0,0.00
2025-12-22T04:00,-1.3,1,0.00
2025-12-22T05:00,-1.3,3,0.00
2025-12-22T06:00,-1.5,2,0.00
2025-12-22T07:00,-1.5,3,0.00
2025-12-22T08:00,-1.0,3,0.00
2025-12-22T09:00,-1.3,3,0.00
2025-12-22T10:00,-0.7,3,0.00
2025-12-22T11:00,0.1,3,0.00
2025-12-22T12:00,1.9,2,0.00
2025-12-22T13:00,3.5,3,0.00
2025-12-22T14:00,2.8,3,0.00
2025-12-22T15:00,3.9,2,0.00
2025-12-22T16:00,4.3,2,0.00
2025-12-22T17:00,4.4,0,0.00
2025-12-22T18:00,4.2,2,0.00
2025-12-22T19:00,2.7,3,0.00
2025-12-22T20:00,1.7,3,0.00
2025-12-22T21:00,1.7,3,0.00
2025-12-22T22:00,2.2,3,0.00
2025-12-22T23:00,2.3,3,0.00
2025-12-23T00:00,2.5,3,0.00
2025-12-23T01:00,2.5,3,0.00
2025-12-23T02:00,2.2,3,0.00
2025-12-23T03:00,2.0,3,0.00
2025-12-23T04:00,1.9,3,0.00
2025-12-23T05:00,1.6,3,0.00
2025-12-23T06:00,1.2,3,0.00
2025-12-23T07:00,0.5,3,0.00
2025-12-23T08:00,0.3,3,0.00
2025-12-23T09:00,0.1,3,0.00
2025-12-23T10:00,-0.2,3,0.00
2025-12-23T11:00,0.7,3,0.00
2025-12-23T12:00,2.5,3,0.00
2025-12-23T13:00,4.2,3,0.00
2025-12-23T14:00,4.1,3,0.00
2025-12-23T15:00,5.6,2,0.00
2025-12-23T16:00,6.5,3,0.00
2025-12-23T17:00,6.7,1,0.00
2025-12-23T18:00,6.6,3,0.00
2025-12-23T19:00,5.2,3,0.00
2025-12-23T20:00,5.1,3,0.00
2025-12-23T21:00,4.2,3,0.00
2025-12-23T22:00,3.2,3,0.00
2025-12-23T23:00,2.5,1,0.00
2025-12-24T00:00,1.8,2,0.00
2025-12-24T01:00,1.4,0,0.00
2025-12-24T02:00,1.8,3,0.00
2025-12-24T03:00,0.9,1,0.00
2025-12-24T04:00,0.1,1,0.00
2025-12-24T05:00,-0.3,3,0.00
2025-12-24T06:00,-1.2,3,0.00
2025-12-24T07:00,-0.7,3,0.00
2025-12-24T08:00,0.7,3,0.00
2025-12-24T09:00,0.8,3,0.00
2025-12-24T10:00,2.1,1,0.00
2025-12-24T11:00,4.0,1,0.00
2025-12-24T12:00,5.8,0,0.00
2025-12-24T13:00,7.1,0,0.00
2025-12-24T14:00,8.5,1,0.00
2025-12-24T15:00,9.1,1,0.00
2025-12-24T16:00,9.3,1,0.00
2025-12-24T17:00,9.4,2,0.00
2025-12-24T18:00,8.4,1,0.00
2025-12-24T19:00,6.3,1,0.00
2025-12-24T20:00,4.9,2,0.00
2025-12-24T21:00,5.1,2,0.00
2025-12-24T22:00,3.9,0,0.00
2025-12-24T23:00,3.4,1,0.00
2025-12-25T00:00,3.1,1,0.00
2025-12-25T01:00,2.6,2,0.00
2025-12-25T02:00,2.2,1,0.00
2025-12-25T03:00,2.6,1,0.00
2025-12-25T04:00,3.1,1,0.00
2025-12-25T05:00,3.2,3,0.00
2025-12-25T06:00,3.4,3,0.00
2025-12-25T07:00,3.3,3,0.00
2025-12-25T08:00,3.4,3,0.00
2025-12-25T09:00,3.1,3,0.00
2025-12-25T10:00,3.0,3,0.00
2025-12-25T11:00,3.3,3,0.00
2025-12-25T12:00,3.6,3,0.00
2025-12-25T13:00,3.9,3,0.00
2025-12-25T14:00,3.8,3,0.00
2025-12-25T15:00,3.9,3,0.00
2025-12-25T16:00,4.2,3,0.00
2025-12-25T17:00,4.0,51,0.10
2025-12-25T18:00,3.6,51,0.10
2025-12-25T19:00,2.8,51,0.10
2025-12-25T20:00,2.4,51,0.10
2025-12-25T21:00,2.6,51,0.10
2025-12-25T22:00,2.6,51,0.10
2025-12-25T23:00,2.6,3,0.00
2025-12-26T00:00,2.8,3,0.00
2025-12-26T01:00,2.5,3,0.00
2025-12-26T02:00,1.9,2,0.00
2025-12-26T03:00,2.0,51,0.30
2025-12-26T04:00,2.1,51,0.10
2025-12-26T05:00,2.0,71,0.50
2025-12-26T06:00,2.2,1,0.00
2025-12-26T07:00,1.8,1,0.00
2025-12-26T08:00,0.9,0,0.00
2025-12-26T09:00,0.0,1,0.00
2025-12-26T10:00,0.6,3,0.00
2025-12-26T11:00,2.3,3,0.00
2025-12-26T12:00,4.4,2,0.00
2025-12-26T13:00,6.3,1,0.00
2025-12-26T14:00,7.2,1,0.00
2025-12-26T15:00,8.1,2,0.00
2025-12-26T16:00,8.5,3,0.00
2025-12-26T17:00,8.5,3,0.00
2025-12-26T18:00,7.7,3,0.00
2025-12-26T19:00,5.9,1,0.00
2025-12-26T20:00,5.7,2,0.00
2025-12-26T21:00,5.1,2,0.00
2025-12-26T22:00,4.6,3,0.00
2025-12-26T23:00,4.5,3,0.00
2025-12-27T00:00,4.7,3,0.00
2025-12-27T01:00,4.5,3,0.00
2025-12-27T02:00,3.9,3,0.00
2025-12-27T03:00,3.5,0,0.00
2025-12-27T04:00,3.0,0,0.00
2025-12-27T05:00,2.6,0,0.00
2025-12-27T06:00,2.2,0,0.00
2025-12-27T07:00,1.8,0,0.00
2025-12-27T08:00,1.8,1,0.00
2025-12-27T09:00,1.6,0,0.00
2025-12-27T10:00,2.0,1,0.00
2025-12-27T11:00,3.5,1,0.00
2025-12-27T12:00,5.3,2,0.00
2025-12-27T13:00,6.8,2,0.00
2025-12-27T14:00,8.6,1,0.00
2025-12-27T15:00,9.6,2,0.00
2025-12-27T16:00,9.5,51,0.30
2025-12-27T17:00,9.5,51,0.20
2025-12-27T18:00,9.0,51,0.10
2025-12-27T19:00,7.6,2,0.00
2025-12-27T20:00,7.1,1,0.00
2025-12-27T21:00,6.3,51,0.10
2025-12-27T22:00,5.8,1,0.00
2025-12-27T23:00,5.4,2,0.00
2025-12-28T00:00,5.2,2,0.00
2025-12-28T01:00,4.9,3,0.00
2025-12-28T02:00,5.4,3,0.00
2025-12-28T03:00,5.2,2,0.00
2025-12-28T04:00,4.7,3,0.00
2025-12-28T05:00,4.5,3,0.00
2025-12-28T06:00,4.5,3,0.00
2025-12-28T07:00,4.9,3,0.00
2025-12-28T08:00,5.3,3,0.00
2025-12-28T09:00,5.4,3,0.00
2025-12-28T10:00,5.7,3,0.00
2025-12-28T11:00,6.2,3,0.00
2025-12-28T12:00,6.5,3,0.00
2025-12-28T13:00,6.9,3,0.00
2025-12-28T14:00,8.0,3,0.00
2025-12-28T15:00,9.1,51,0.10
2025-12-28T16:00,10.1,51,0.10
2025-12-28T17:00,10.5,2,0.00
2025-12-28T18:00,9.9,2,0.00
2025-12-28T19:00,8.0,51,0.10
2025-12-28T20:00,7.7,51,0.10
2025-12-28T21:00,7.6,1,0.00
2025-12-28T22:00,7.2,3,0.00
2025-12-28T23:00,6.4,1,0.00
2025-12-29T00:00,5.8,0,0.00
2025-12-29T01:00,5.3,0,0.00
2025-12-29T02:00,6.0,1,0.00
2025-12-29T03:00,5.8,0,0.00
2025-12-29T04:00,5.6,1,0.00
2025-12-29T05:00,5.1,2,0.00
2025-12-29T06:00,4.7,3,0.00
2025-12-29T07:00,4.2,3,0.00
2025-12-29T08:00,5.5,3,0.00
2025-12-29T09:00,5.6,3,0.00
2025-12-29T10:00,5.5,3,0.00
2025-12-29T11:00,6.2,1,0.00
2025-12-29T12:00,7.3,1,0.00
2025-12-29T13:00,8.6,1,0.00
2025-12-29T14:00,9.8,3,0.00
2025-12-29T15:00,10.4,1,0.00
2025-12-29T16:00,10.8,51,0.10
2025-12-29T17:00,10.9,1,0.00
2025-12-29T18:00,10.3,0,0.00
2025-12-29T19:00,8.2,1,0.00
2025-12-29T20:00,7.4,1,0.00
2025-12-29T21:00,6.6,0,0.00
2025-12-29T22:00,6.0,0,0.00
2025-12-29T23:00,5.5,0,0.00
2025-12-30T00:00,4.5,0,0.00
2025-12-30T01:00,3.5,0,0.00
2025-12-30T02:00,3.0,1,0.00
2025-12-30T03:00,2.6,0,0.00
2025-12-30T04:00,2.2,0,0.00
2025-12-30T05:00,1.8,0,0.00
2025-12-30T06:00,1.3,0,0.00
2025-12-30T07:00,0.6,0,0.00
2025-12-30T08:00,0.6,0,0.00
2025-12-30T09:00,0.2,0,0.00
2025-12-30T10:00,0.5,0,0.00
2025-12-30T11:00,2.2,0,0.00
2025-12-30T12:00,4.8,0,0.00
2025-12-30T13:00,6.9,0,0.00
2025-12-30T14:00,8.0,0,0.00
2025-12-30T15:00,9.7,0,0.00
2025-12-30T16:00,10.4,0,0.00
2025-12-30T17:00,10.6,0,0.00
2025-12-30T18:00,9.8,0,0.00
2025-12-30T19:00,7.1,0,0.00
2025-12-30T20:00,7.2,0,0.00
2025-12-30T21:00,6.1,0,0.00
2025-12-30T22:00,4.4,0,0.00
2025-12-30T23:00,3.7,0,0.00
2025-12-31T00:00,3.0,0,0.00
2025-12-31T01:00,2.3,0,0.00
2025-12-31T02:00,1.4,0,0.00
2025-12-31T03:00,0.8,0,0.00
2025-12-31T04:00,0.1,0,0.00
2025-12-31T05:00,-0.4,0,0.00
2025-12-31T06:00,-0.9,0,0.00
2025-12-31T07:00,-1.3,0,0.00
2025-12-31T08:00,-1.5,0,0.00
2025-12-31T09:00,-1.7,0,0.00
2025-12-31T10:00,-1.6,0,0.00
2025-12-31T11:00,0.4,0,0.00
2025-12-31T12:00,2.6,0,0.00
2025-12-31T13:00,4.7,0,0.00
2025-12-31T14:00,6.6,0,0.00
2025-12-31T15:00,7.6,0,0.00
2025-12-31T16:00,7.9,0,0.00
2025-12-31T17:00,7.8,1,0.00
2025-12-31T18:00,6.9,2,0.00
2025-12-31T19:00,4.3,3,0.00
2025-12-31T20:00,3.7,1,0.00
2025-12-31T21:00,3.3,2,0.00
2025-12-31T22:00,2.1,0,0.00
2025-12-31T23:00,1.2,3,0.00
2026-01-01T00:00,0.3,3,0.00
2026-01-01T01:00,-0.3,3,0.00
2026-01-01T02:00,-0.6,3,0.00
2026-01-01T03:00,-0.9,3,0.00
2026-01-01T04:00,-0.6,3,0.00
2026-01-01T05:00,-0.6,3,0.00
2026-01-01T06:00,-0.7,3,0.00
2026-01-01T07:00,-0.8,3,0.00
2026-01-01T08:00,-1.4,3,0.00
2026-01-01T09:00,-2.3,3,0.00
2026-01-01T10:00,-2.0,3,0.00
2026-01-01T11:00,-0.3,3,0.00
2026-01-01T12:00,2.0,3,0.00
2026-01-01T13:00,3.9,3,0.00
2026-01-01T14:00,4.6,3,0.00
2026-01-01T15:00,4.1,3,0.00
2026-01-01T16:00,3.0,3,0.00
2026-01-01T17:00,2.6,51,0.10
2026-01-01T18:00,2.0,3,0.00
2026-01-01T19:00,0.4,3,0.00
2026-01-01T20:00,1.6,3,0.00
2026-01-01T21:00,2.3,3,0.00
2026-01-01T22:00,2.8,3,0.00
2026-01-01T23:00,3.2,3,0.00
2026-01-02T00:00,3.4,3,0.00
2026-01-02T01:00,3.5,3,0.00
2026-01-02T02:00,3.9,3,0.00
2026-01-02T03:00,3.8,3,0.00
2026-01-02T04:00,3.8,51,0.10
2026-01-02T05:00,3.8,3,0.00
2026-01-02T06:00,3.9,51,0.20
2026-01-02T07:00,3.9,3,0.00
2026-01-02T08:00,4.0,3,0.00
2026-01-02T09:00,3.7,3,0.00
2026-01-02T10:00,3.4,3,0.00
2026-01-02T11:00,4.1,3,0.00
2026-01-02T12:00,5.8,3,0.00
2026-01-02T13:00,7.7,3,0.00
2026-01-02T14:00,8.9,3,0.00
2026-01-02T15:00,9.5,3,0.00
2026-01-02T16:00,10.0,3,0.00
2026-01-02T17:00,9.4,51,0.40
2026-01-02T18:00,8.5,3,0.00
2026-01-02T19:00,7.4,51,0.40
2026-01-02T20:00,7.4,51,0.20
2026-01-02T21:00,6.9,51,0.10
2026-01-02T22:00,6.9,3,0.00
2026-01-02T23:00,6.8,3,0.00
2026-01-03T00:00,6.4,3,0.00
2026-01-03T01:00,5.8,3,0.00
2026-01-03T02:00,6.7,2,0.00
2026-01-03T03:00,6.0,51,0.20
2026-01-03T04:00,5.8,3,0.00
2026-01-03T05:00,6.5,3,0.00
2026-01-03T06:00,6.8,3,0.00
2026-01-03T07:00,6.3,3,0.00
2026-01-03T08:00,7.3,3,0.00
2026-01-03T09:00,7.0,3,0.00
2026-01-03T10:00,7.0,3,0.00
2026-01-03T11:00,7.4,3,0.00
2026-01-03T12:00,8.1,3,0.00
2026-01-03T13:00,9.0,3,0.00
2026-01-03T14:00,10.6,3,0.00
2026-01-03T15:00,11.7,3,0.00
2026-01-03T16:00,12.4,1,0.00
2026-01-03T17:00,12.3,2,0.00
2026-01-03T18:00,11.5,3,0.00
2026-01-03T19:00,9.7,3,0.00
2026-01-03T20:00,8.5,3,0.00
2026-01-03T21:00,9.0,3,0.00
2026-01-03T22:00,8.4,3,0.00
2026-01-03T23:00,8.3,3,0.00
2026-01-04T00:00,7.6,3,0.00
2026-01-04T01:00,6.9,3,0.00
2026-01-04T02:00,7.3,3,0.00
2026-01-04T03:00,7.0,3,0.00
2026-01-04T04:00,6.7,3,0.00
2026-01-04T05:00,6.6,1,0.00
2026-01-04T06:00,6.5,2,0.00
2026-01-04T07:00,6.3,1,0.00
2026-01-04T08:00,5.7,2,0.00
2026-01-04T09:00,5.2,53,0.50
2026-01-04T10:00,5.8,51,0.20
2026-01-04T11:00,7.0,51,0.10
2026-01-04T12:00,8.4,2,0.00
2026-01-04T13:00,9.6,3,0.00
2026-01-04T14:00,10.9,3,0.00
2026-01-04T15:00,11.5,1,0.00
2026-01-04T16:00,11.6,3,0.00
2026-01-04T17:00,11.5,51,0.10
2026-01-04T18:00,11.2,2,0.00
2026-01-04T19:00,8.5,51,0.30
2026-01-04T20:00,7.8,53,0.60
2026-01-04T21:00,7.9,51,0.40
2026-01-04T22:00,7.7,53,0.70
2026-01-04T23:00,5.4,55,1.10
2026-01-05T00:00,3.9,51,0.10
2026-01-05T01:00,3.8,3,0.00
2026-01-05T02:00,3.6,51,0.40
2026-01-05T03:00,2.8,53,0.60
2026-01-05T04:00,1.6,53,0.90
2026-01-05T05:00,0.7,73,0.20
2026-01-05T06:00,-0.1,73,0.00
2026-01-05T07:00,-0.4,3,0.00
2026-01-05T08:00,-0.3,3,0.00
2026-01-05T09:00,0.4,3,0.00
2026-01-05T10:00,0.6,3,0.00
2026-01-05T11:00,1.2,3,0.00
2026-01-05T12:00,2.2,2,0.00
2026-01-05T13:00,3.8,1,0.00
2026-01-05T14:00,3.7,1,0.00
2026-01-05T15:00,5.2,1,0.00
2026-01-05T16:00,5.7,1,0.00
2026-01-05T17:00,5.6,1,0.00
2026-01-05T18:00,4.7,0,0.00
2026-01-05T19:00,2.5,0,0.00
2026-01-05T20:00,1.9,0,0.00
2026-01-05T21:00,0.6,0,0.00
2026-01-05T22:00,-0.5,0,0.00
2026-01-05T23:00,-1.6,0,0.00
2026-01-06T00:00,-2.3,0,0.00
2026-01-06T01:00,-2.8,0,0.00
2026-01-06T02:00,-3.5,0,0.00
2026-01-06T03:00,-3.6,0,0.00
2026-01-06T04:00,-3.6,0,0.00
2026-01-06T05:00,-3.5,0,0.00
2026-01-06T06:00,-3.1,1,0.00
2026-01-06T07:00,-3.2,2,0.00
2026-01-06T08:00,-1.9,2,0.00
2026-01-06T09:00,-2.0,0,0.00
2026-01-06T10:00,-2.4,0,0.00
2026-01-06T11:00,0.0,0,0.00
2026-01-06T12:00,2.2,0,0.00
2026-01-06T13:00,3.0,0,0.00
2026-01-06T14:00,4.1,0,0.00
2026-01-06T15:00,4.9,0,0.00
2026-01-06T16:00,4.9,0,0.00
2026-01-06T17:00,4.4,0,0.00
2026-01-06T18:00,3.3,0,0.00
2026-01-06T19:00,0.5,0,0.00
2026-01-06T20:00,-0.1,0,0.00
2026-01-06T21:00,-0.6,0,0.00
2026-01-06T22:00,-1.6,0,0.00
2026-01-06T23:00,-1.9,0,0.00
2026-01-07T00:00,-2.3,0,0.00
2026-01-07T01:00,-2.5,0,0.00
2026-01-07T02:00,-3.0,0,0.00
2026-01-07T03:00,-2.6,0,0.00
2026-01-07T04:00,-2.5,0,0.00
2026-01-07T05:00,-2.1,0,0.00
2026-01-07T06:00,-1.5,2,0.00
2026-01-07T07:00,-1.1,2,0.00
2026-01-07T08:00,-1.3,3,0.00
2026-01-07T09:00,-1.1,3,0.00
2026-01-07T10:00,-0.9,3,0.00
2026-01-07T11:00,-0.4,3,0.00
2026-01-07T12:00,0.5,3,0.00
2026-01-07T13:00,1.9,3,0.00
2026-01-07T14:00,4.6,2,0.00
2026-01-07T15:00,5.8,3,0.00
2026-01-07T16:00,5.8,3,0.00
2026-01-07T17:00,5.2,3,0.00
2026-01-07T18:00,5.2,2,0.00
2026-01-07T19:00,3.8,2,0.00
2026-01-07T20:00,2.6,0,0.00
2026-01-07T21:00,2.7,1,0.00
2026-01-07T22:00,2.9,0,0.00
2026-01-07T23:00,2.4,0,0.00
2026-01-08T00:00,2.1,0,0.00
2026-01-08T01:00,2.0,1,0.00
2026-01-08T02:00,2.2,1,0.00
2026-01-08T03:00,1.7,0,0.00
2026-01-08T04:00,1.0,0,0.00
2026-01-08T05:00,0.3,0,0.00
2026-01-08T06:00,-0.4,0,0.00
2026-01-08T07:00,-1.0,1,0.00
2026-01-08T08:00,-1.0,3,0.00
2026-01-08T09:00,-0.6,3,0.00
2026-01-08T10:00,0.0,3,0.00
2026-01-08T11:00,0.9,3,0.00
2026-01-08T12:00,1.8,3,0.00
2026-01-08T13:00,2.9,3,0.00
2026-01-08T14:00,2.5,3,0.00
2026-01-08T15:00,3.9,3,0.00
2026-01-08T16:00,4.7,3,0.00
2026-01-08T17:00,4.7,3,0.00
2026-01-08T18:00,4.5,3,0.00
2026-01-08T19:00,3.6,3,0.00
2026-01-08T20:00,3.2,3,0.00
2026-01-08T21:00,2.9,3,0.00
2026-01-08T22:00,2.7,3,0.00
2026-01-08T23:00,2.7,3,0.00
2026-01-09T00:00,3.0,3,0.00
2026-01-09T01:00,3.1,3,0.00
2026-01-09T02:00,3.8,3,0.00
2026-01-09T03:00,4.1,3,0.00
2026-01-09T04:00,4.6,3,0.00
2026-01-09T05:00,4.9,3,0.00
2026-01-09T06:00,4.9,3,0.00
2026-01-09T07:00,5.3,3,0.00
2026-01-09T08:00,5.7,3,0.00
2026-01-09T09:00,5.7,3,0.00
2026-01-09T10:00,5.6,3,0.00
2026-01-09T11:00,6.2,3,0.00
2026-01-09T12:00,7.8,1,0.00
2026-01-09T13:00,9.4,1,0.00
2026-01-09T14:00,10.9,0,0.00
2026-01-09T15:00,10.8,0,0.00
2026-01-09T16:00,10.9,2,0.00
2026-01-09T17:00,10.4,2,0.00
2026-01-09T18:00,9.6,3,0.00
2026-01-09T19:00,8.2,3,0.00
2026-01-09T20:00,8.0,3,0.00
2026-01-09T21:00,7.3,2,0.00
2026-01-09T22:00,6.4,1,0.00
2026-01-09T23:00,5.5,1,0.00
2026-01-10T00:00,4.9,1,0.00
2026-01-10T01:00,4.5,2,0.00
2026-01-10T02:00,5.4,3,0.00
2026-01-10T03:00,5.6,3,0.00
2026-01-10T04:00,5.7,3,0.00
2026-01-10T05:00,5.2,3,0.00
2026-01-10T06:00,4.5,3,0.00
2026-01-10T07:00,4.0,3,0.00
2026-01-10T08:00,3.8,3,0.00
2026-01-10T09:00,3.8,3,0.00
2026-01-10T10:00,3.7,2,0.00
2026-01-10T11:00,4.5,2,0.00
2026-01-10T12:00,5.4,3,0.00
2026-01-10T13:00,6.3,3,0.00
2026-01-10T14:00,7.7,3,0.00
2026-01-10T15:00,8.2,3,0.00
2026-01-10T16:00,8.4,3,0.00
2026-01-10T17:00,8.4,3,0.00
2026-01-10T18:00,8.0,3,0.00
2026-01-10T19:00,6.4,1,0.00
2026-01-10T20:00,6.0,1,0.00
2026-01-10T21:00,4.8,3,0.00
2026-01-10T22:00,3.4,3,0.00
2026-01-10T23:00,2.1,3,0.00
2026-01-11T00:00,1.4,3,0.00
2026-01-11T01:00,0.7,3,0.00
2026-01-11T02:00,0.5,3,0.00
2026-01-11T03:00,0.2,3,0.00
2026-01-11T04:00,-0.2,3,0.00
2026-01-11T05:00,-0.7,2,0.00
2026-01-11T06:00,-1.1,0,0.00
2026-01-11T07:00,-1.5,0,0.00
2026-01-11T08:00,-1.8,2,0.00
2026-01-11T09:00,-0.9,1,0.00
2026-01-11T10:00,-1.0,2,0.00
2026-01-11T11:00,0.5,0,0.00
2026-01-11T12:00,3.2,0,0.00
2026-01-11T13:00,4.8,0,0.00
2026-01-11T14:00,6.5,0,0.00
2026-01-11T15:00,8.3,0,0.00
2026-01-11T16:00,9.4,0,0.00
2026-01-11T17:00,10.0,3,0.00
2026-01-11T18:00,9.6,1,0.00
2026-01-11T19:00,7.0,1,0.00
2026-01-11T20:00,5.6,3,0.00
2026-01-11T21:00,5.1,3,0.00
2026-01-11T22:00,4.5,3,0.00
2026-01-11T23:00,4.1,3,0.00
2026-01-12T00:00,3.7,3,0.00
2026-01-12T01:00,3.1,3,0.00
2026-01-12T02:00,1.9,3,0.00
2026-01-12T03:00,1.6,2,0.00
2026-01-12T04:00,0.9,3,0.00
2026-01-12T05:00,1.0,3,0.00
2026-01-12T06:00,1.2,3,0.00
2026-01-12T07:00,1.2,3,0.00
2026-01-12T08:00,2.4,3,0.00
2026-01-12T09:00,3.0,51,0.10
2026-01-12T10:00,3.2,3,0.00
2026-01-12T11:00,3.8,3,0.00
2026-01-12T12:00,4.6,3,0.00
2026-01-12T13:00,5.7,3,0.00
2026-01-12T14:00,6.2,3,0.00
2026-01-12T15:00,7.5,3,0.00
2026-01-12T16:00,8.3,3,0.00
2026-01-12T17:00,9.2,3,0.00
2026-01-12T18:00,9.2,3,0.00
2026-01-12T19:00,7.5,3,0.00
2026-01-12T20:00,6.3,3,0.00
2026-01-12T21:00,6.0,3,0.00
2026-01-12T22:00,5.8,3,0.00
2026-01-12T23:00,5.3,3,0.00
2026-01-13T00:00,4.5,3,0.00
2026-01-13T01:00,3.6,3,0.00
2026-01-13T02:00,3.3,3,0.00
2026-01-13T03:00,3.2,2,0.00
2026-01-13T04:00,3.0,2,0.00
2026-01-13T05:00,2.5,1,0.00
2026-01-13T06:00,2.2,1,0.00
2026-01-13T07:00,1.7,2,0.00
2026-01-13T08:00,2.5,3,0.00
2026-01-13T09:00,3.3,3,0.00
2026-01-13T10:00,3.7,3,0.00
2026-01-13T11:00,4.7,2,0.00
2026-01-13T12:00,6.3,2,0.00
2026-01-13T13:00,8.4,3,0.00
2026-01-13T14:00,9.8,3,0.00
2026-01-13T15:00,10.3,3,0.00
2026-01-13T16:00,10.2,3,0.00
2026-01-13T17:00,11.0,3,0.00
2026-01-13T18:00,10.8,3,0.00
2026-01-13T19:00,9.4,3,0.00
2026-01-13T20:00,8.5,51,0.40
2026-01-13T21:00,8.3,51,0.30
2026-01-13T22:00,7.8,51,0.30
2026-01-13T23:00,7.4,51,0.10
2026-01-14T00:00,7.2,53,0.60
2026-01-14T01:00,7.0,51,0.20
2026-01-14T02:00,6.9,51,0.20
2026-01-14T03:00,7.1,61,2.20
2026-01-14T04:00,6.7,51,0.40
2026-01-14T05:00,6.5,51,0.40
2026-01-14T06:00,6.1,3,0.00
2026-01-14T07:00,6.3,3,0.00
2026-01-14T08:00,6.9,3,0.00
2026-01-14T09:00,6.9,3,0.00
2026-01-14T10:00,6.7,3,0.00
2026-01-14T11:00,6.7,3,0.00
2026-01-14T12:00,7.4,3,0.00
2026-01-14T13:00,8.2,3,0.00
2026-01-14T14:00,9.4,2,0.00
2026-01-14T15:00,10.2,51,0.10
2026-01-14T16:00,10.7,0,0.00
2026-01-14T17:00,10.9,1,0.00
2026-01-14T18:00,10.6,2,0.00
2026-01-14T19:00,8.8,0,0.00
2026-01-14T20:00,7.8,0,0.00
2026-01-14T21:00,6.7,0,0.00
2026-01-14T22:00,5.8,0,0.00
2026-01-14T23:00,5.2,1,0.00
2026-01-15T00:00,4.4,0,0.00
2026-01-15T01:00,3.7,0,0.00
2026-01-15T02:00,2.6,0,0.00
2026-01-15T03:00,2.1,3,0.00
2026-01-15T04:00,2.1,3,0.00
2026-01-15T05:00,1.5,3,0.00
2026-01-15T06:00,1.5,3,0.00
2026-01-15T07:00,1.6,3,0.00
2026-01-15T08:00,2.0,3,0.00
2026-01-15T09:00,2.3,3,0.00
2026-01-15T10:00,2.7,3,0.00
2026-01-15T11:00,3.3,3,0.00
2026-01-15T12:00,4.1,3,0.00
2026-01-15T13:00,5.3,3,0.00
2026-01-15T14:00,5.9,3,0.00
2026-01-15T15:00,6.3,3,0.00
2026-01-15T16:00,6.5,3,0.00
2026-01-15T17:00,7.0,3,0.00
2026-01-15T18:00,6.8,3,0.00
2026-01-15T19:00,6.3,3,0.00
2026-01-15T20:00,6.0,51,0.20
2026-01-15T21:00,5.7,53,0.80
2026-01-15T22:00,5.8,55,1.20
2026-01-15T23:00,5.7,55,1.10
2026-01-16T00:00,5.5,51,0.10
2026-01-16T01:00,5.2,3,0.00
2026-01-16T02:00,5.7,3,0.00
2026-01-16T03:00,5.5,3,0.00
2026-01-16T04:00,5.5,3,0.00
2026-01-16T05:00,5.5,3,0.00
2026-01-16T06:00,5.6,3,0.00
2026-01-16T07:00,5.6,51,0.10
2026-01-16T08:00,5.7,51,0.20
2026-01-16T09:00,5.7,3,0.00
2026-01-16T10:00,5.7,3,0.00
2026-01-16T11:00,6.2,3,0.00
2026-01-16T12:00,6.8,3,0.00
2026-01-16T13:00,7.9,3,0.00
2026-01-16T14:00,9.3,51,0.10
2026-01-16T15:00,9.6,53,0.60
2026-01-16T16:00,9.3,2,0.00
2026-01-16T17:00,9.4,51,0.10
2026-01-16T18:00,8.5,51,0.10
2026-01-16T19:00,7.1,1,0.00
2026-01-16T20:00,5.8,1,0.00
2026-01-16T21:00,4.8,2,0.00
2026-01-16T22:00,4.6,3,0.00
2026-01-16T23:00,4.5,51,0.30
2026-01-17T00:00,4.6,53,0.50
2026-01-17T01:00,4.4,51,0.40
2026-01-17T02:00,4.1,53,0.50
2026-01-17T03:00,4.4,51,0.40
2026-01-17T04:00,4.4,53,0.80
2026-01-17T05:00,3.9,61,1.40
2026-01-17T06:00,3.1,61,1.60
2026-01-17T07:00,2.2,71,1.80
2026-01-17T08:00,2.2,73,1.00
2026-01-17T09:00,1.6,73,1.00
2026-01-17T10:00,1.2,73,0.60
2026-01-17T11:00,1.4,71,0.40
2026-01-17T12:00,1.5,73,0.50
2026-01-17T13:00,2.1,71,0.50
2026-01-17T14:00,2.9,51,0.20
2026-01-17T15:00,4.3,51,0.30
2026-01-17T16:00,5.0,51,0.30
2026-01-17T17:00,4.5,51,0.30
2026-01-17T18:00,4.0,51,0.20
2026-01-17T19:00,3.4,53,0.50
2026-01-17T20:00,2.4,51,0.30
2026-01-17T21:00,2.4,51,0.30
2026-01-17T22:00,2.2,51,0.10
2026-01-17T23:00,1.7,3,0.00
2026-01-18T00:00,1.7,3,0.00
2026-01-18T01:00,1.4,3,0.00
2026-01-18T02:00,0.7,3,0.00
2026-01-18T03:00,0.6,3,0.00
2026-01-18T04:00,0.6,51,0.10
2026-01-18T05:00,1.3,3,0.00
2026-01-18T06:00,1.6,3,0.00
2026-01-18T07:00,1.8,3,0.00
2026-01-18T08:00,1.7,3,0.00
2026-01-18T09:00,1.4,3,0.00
2026-01-18T10:00,1.6,3,0.00
2026-01-18T11:00,2.5,2,0.00
2026-01-18T12:00,3.5,3,0.00
2026-01-18T13:00,5.1,3,0.00
2026-01-18T14:00,6.4,2,0.00
2026-01-18T15:00,7.5,3,0.00
2026-01-18T16:00,7.9,2,0.00
2026-01-18T17:00,8.4,2,0.00
2026-01-18T18:00,8.2,1,0.00
2026-01-18T19:00,6.4,0,0.00
2026-01-18T20:00,4.7,1,0.00
2026-01-18T21:00,4.6,0,0.00
2026-01-18T22:00,3.5,0,0.00
2026-01-18T23:00,2.7,1,0.00
2026-01-19T00:00,2.3,1,0.00
2026-01-19T01:00,2.6,1,0.00
2026-01-19T02:00,0.6,1,0.00
2026-01-19T03:00,0.6,2,0.00
2026-01-19T04:00,0.2,2,0.00
2026-01-19T05:00,-0.4,3,0.00
2026-01-19T06:00,-0.2,3,0.00
2026-01-19T07:00,0.3,2,0.00
2026-01-19T08:00,-0.6,2,0.00
2026-01-19T09:00,-0.4,3,0.00
2026-01-19T10:00,0.6,3,0.00
2026-01-19T11:00,3.2,3,0.00
2026-01-19T12:00,5.4,2,0.00
2026-01-19T13:00,7.3,1,0.00
2026-01-19T14:00,8.8,2,0.00
2026-01-19T15:00,9.5,1,0.00
2026-01-19T16:00,10.1,1,0.00
2026-01-19T17:00,10.2,2,0.00
2026-01-19T18:00,9.7,2,0.00
2026-01-19T19:00,7.3,2,0.00
2026-01-19T20:00,5.5,1,0.00
2026-01-19T21:00,5.3,0,0.00
2026-01-19T22:00,4.1,0,0.00
2026-01-19T23:00,2.6,1,0.00
2026-01-20T00:00,1.7,1,0.00
2026-01-20T01:00,1.1,1,0.00
2026-01-20T02:00,0.4,1,0.00
2026-01-20T03:00,0.1,1,0.00
2026-01-20T04:00,-0.2,1,0.00
2026-01-20T05:00,0.1,0,0.00
2026-01-20T06:00,-0.2,0,0.00
2026-01-20T07:00,-0.3,0,0.00
2026-01-20T08:00,-0.3,0,0.00
2026-01-20T09:00,0.1,0,0.00
2026-01-20T10:00,1.3,1,0.00
2026-01-20T11:00,3.2,2,0.00
2026-01-20T12:00,4.4,2,0.00
2026-01-20T13:00,5.5,1,0.00
2026-01-20T14:00,7.0,0,0.00
2026-01-20T15:00,8.6,1,0.00
2026-01-20T16:00,9.6,1,0.00
2026-01-20T17:00,10.5,1,0.00
2026-01-20T18:00,10.0,2,0.00
2026-01-20T19:00,8.1,2,0.00
2026-01-20T20:00,6.8,2,0.00
2026-01-20T21:00,5.3,1,0.00
2026-01-20T22:00,3.8,1,0.00
2026-01-20T23:00,3.1,3,0.00
2026-01-21T00:00,2.8,2,0.00
2026-01-21T01:00,2.6,3,0.00
2026-01-21T02:00,1.3,0,0.00
2026-01-21T03:00,0.6,0,0.00
2026-01-21T04:00,0.2,0,0.00
2026-01-21T05:00,0.1,0,0.00
2026-01-21T06:00,0.1,3,0.00
2026-01-21T07:00,0.8,3,0.00
2026-01-21T08:00,1.6,3,0.00
2026-01-21T09:00,2.2,3,0.00
2026-01-21T10:00,2.5,51,0.20
2026-01-21T11:00,3.3,51,0.40
2026-01-21T12:00,4.8,51,0.40
2026-01-21T13:00,6.0,53,0.80
2026-01-21T14:00,5.8,53,0.60
2026-01-21T15:00,5.7,53,0.90
2026-01-21T16:00,6.0,53,0.70
2026-01-21T17:00,6.2,61,1.30
2026-01-21T18:00,6.7,51,0.10
2026-01-21T19:00,6.5,51,0.20
2026-01-21T20:00,6.3,51,0.20
2026-01-21T21:00,6.5,53,0.70
2026-01-21T22:00,6.2,63,2.60
2026-01-21T23:00,5.1,61,1.70
2026-01-22T00:00,5.2,2,0.00
2026-01-22T01:00,5.0,3,0.00
2026-01-22T02:00,4.3,2,0.00
2026-01-22T03:00,4.3,2,0.00
2026-01-22T04:00,4.3,1,0.00
2026-01-22T05:00,4.1,2,0.00
2026-01-22T06:00,4.2,2,0.00
2026-01-22T07:00,4.4,2,0.00
2026-01-22T08:00,3.9,3,0.00
2026-01-22T09:00,4.2,3,0.00
2026-01-22T10:00,4.3,3,0.00
2026-01-22T11:00,4.9,3,0.00
2026-01-22T12:00,5.7,2,0.00
2026-01-22T13:00,6.8,3,0.00
2026-01-22T14:00,8.3,3,0.00
2026-01-22T15:00,8.9,3,0.00
2026-01-22T16:00,8.2,3,0.00
2026-01-22T17:00,6.9,3,0.00
2026-01-22T18:00,6.2,3,0.00
2026-01-22T19:00,5.4,3,0.00
2026-01-22T20:00,4.8,51,0.20
2026-01-22T21:00,4.3,51,0.40
2026-01-22T22:00,4.1,55,1.10
2026-01-22T23:00,4.0,71,0.90
2026-01-23T00:00,4.2,51,0.10
2026-01-23T01:00,4.2,51,0.10
2026-01-23T02:00,4.4,51,0.10
2026-01-23T03:00,4.3,3,0.00
2026-01-23T04:00,4.4,3,0.00
2026-01-23T05:00,4.6,51,0.10
2026-01-23T06:00,4.6,3,0.00
2026-01-23T07:00,4.0,3,0.00
2026-01-23T08:00,3.1,1,0.00
2026-01-23T09:00,3.0,3,0.00
2026-01-23T10:00,2.9,3,0.00
2026-01-23T11:00,3.8,3,0.00
2026-01-23T12:00,4.7,51,0.10
2026-01-23T13:00,5.2,51,0.20
2026-01-23T14:00,6.4,1,0.00
2026-01-23T15:00,7.4,51,0.10
2026-01-23T16:00,7.4,3,0.00
2026-01-23T17:00,7.0,3,0.00
2026-01-23T18:00,4.6,55,1.10
2026-01-23T19:00,3.0,55,1.20
2026-01-23T20:00,2.5,73,0.50
2026-01-23T21:00,3.0,51,0.10
2026-01-23T22:00,3.2,51,0.20
2026-01-23T23:00,2.9,53,0.50
2026-01-24T00:00,2.3,53,0.60
2026-01-24T01:00,1.9,51,0.20
2026-01-24T02:00,1.9,51,0.20
2026-01-24T03:00,1.8,3,0.00
2026-01-24T04:00,1.3,3,0.00
2026-01-24T05:00,1.1,2,0.00
2026-01-24T06:00,0.8,3,0.00
2026-01-24T07:00,0.2,3,0.00
2026-01-24T08:00,0.1,3,0.00
2026-01-24T09:00,0.1,3,0.00
2026-01-24T10:00,0.1,3,0.00
2026-01-24T11:00,0.7,3,0.00
2026-01-24T12:00,1.5,1,0.00
2026-01-24T13:00,3.1,2,0.00
2026-01-24T14:00,5.5,51,0.10
2026-01-24T15:00,6.0,51,0.10
2026-01-24T16:00,6.9,3,0.00
2026-01-24T17:00,6.9,3,0.00
2026-01-24T18:00,6.1,3,0.00
2026-01-24T19:00,5.1,3,0.00
2026-01-24T20:00,4.8,3,0.00
2026-01-24T21:00,4.4,3,0.00
2026-01-24T22:00,4.2,2,0.00
2026-01-24T23:00,3.4,2,0.00
2026-01-25T00:00,3.0,3,0.00
2026-01-25T01:00,3.3,3,0.00
2026-01-25T02:00,3.9,3,0.00
2026-01-25T03:00,2.7,3,0.00
2026-01-25T04:00,1.9,2,0.00
2026-01-25T05:00,1.1,3,0.00
2026-01-25T06:00,1.5,71,0.00
2026-01-25T07:00,1.9,73,0.00
2026-01-25T08:00,2.8,3,0.00
2026-01-25T09:00,3.1,3,0.00
2026-01-25T10:00,3.2,3,0.00
2026-01-25T11:00,4.1,3,0.00
2026-01-25T12:00,4.8,3,0.00
2026-01-25T13:00,5.5,3,0.00
2026-01-25T14:00,8.8,3,0.00
2026-01-25T15:00,9.9,3,0.00
2026-01-25T16:00,10.6,51,0.40
2026-01-25T17:00,11.0,2,0.00
2026-01-25T18:00,10.9,3,0.00
2026-01-25T19:00,8.9,3,0.00
2026-01-25T20:00,9.1,2,0.00
2026-01-25T21:00,8.1,3,0.00
2026-01-25T22:00,7.2,3,0.00
2026-01-25T23:00,6.7,3,0.00
2026-01-26T00:00,6.6,3,0.00
2026-01-26T01:00,6.3,2,0.00
2026-01-26T02:00,5.6,1,0.00
2026-01-26T03:00,4.4,3,0.00
2026-01-26T04:00,3.1,3,0.00
2026-01-26T05:00,2.8,3,0.00
2026-01-26T06:00,2.8,3,0.00
2026-01-26T07:00,3.4,3,0.00
2026-01-26T08:00,4.4,3,0.00
2026-01-26T09:00,4.1,3,0.00
2026-01-26T10:00,4.8,3,0.00
2026-01-26T11:00,5.1,53,0.50
2026-01-26T12:00,5.5,51,0.40
2026-01-26T13:00,5.8,53,0.90
2026-01-26T14:00,6.2,53,0.90
2026-01-26T15:00,6.4,53,0.50
2026-01-26T16:00,7.3,51,0.10
2026-01-26T17:00,8.0,3,0.00
2026-01-26T18:00,8.3,3,0.00
2026-01-26T19:00,8.9,51,0.10
2026-01-26T20:00,9.9,51,0.20
2026-01-26T21:00,10.2,3,0.00
2026-01-26T22:00,10.1,3,0.00
2026-01-26T23:00,10.1,51,0.10
2026-01-27T00:00,9.8,3,0.00
2026-01-27T01:00,9.7,51,0.10
2026-01-27T02:00,9.9,51,0.30
2026-01-27T03:00,9.2,51,0.20
2026-01-27T04:00,8.7,3,0.00
2026-01-27T05:00,8.4,51,0.20
2026-01-27T06:00,8.1,55,1.00
2026-01-27T07:00,8.1,61,1.80
2026-01-27T08:00,8.0,61,2.00
2026-01-27T09:00,7.8,63,2.50
2026-01-27T10:00,8.3,63,2.80
2026-01-27T11:00,9.0,53,0.90
2026-01-27T12:00,9.6,51,0.10
2026-01-27T13:00,10.3,3,0.00
2026-01-27T14:00,9.2,51,0.10
2026-01-27T15:00,8.9,53,0.90
2026-01-27T16:00,6.4,53,0.90
2026-01-27T17:00,7.3,3,0.00
2026-01-27T18:00,7.5,51,0.20
2026-01-27T19:00,5.8,73,2.50
2026-01-27T20:00,5.1,53,0.70
2026-01-27T21:00,3.8,3,0.00
2026-01-27T22:00,3.6,3,0.00
2026-01-27T23:00,3.2,3,0.00
2026-01-28T00:00,2.9,3,0.00
2026-01-28T01:00,2.8,3,0.00
2026-01-28T02:00,1.9,3,0.00
2026-01-28T03:00,1.9,3,0.00
2026-01-28T04:00,2.4,3,0.00
2026-01-28T05:00,2.5,3,0.00
2026-01-28T06:00,3.0,51,0.20
2026-01-28T07:00,3.2,55,1.10
2026-01-28T08:00,1.8,71,2.00
2026-01-28T09:00,1.6,75,1.20
2026-01-28T10:00,0.9,75,0.70
2026-01-28T11:00,0.5,75,0.40
2026-01-28T12:00,0.7,75,0.30
2026-01-28T13:00,2.4,71,0.20
2026-01-28T14:00,4.6,3,0.00
2026-01-28T15:00,5.6,3,0.00
2026-01-28T16:00,6.1,3,0.00
2026-01-28T17:00,6.5,2,0.00
2026-01-28T18:00,8.0,2,0.00
2026-01-28T19:00,6.8,3,0.00
2026-01-28T20:00,5.1,3,0.00
2026-01-28T21:00,4.4,3,0.00
2026-01-28T22:00,4.2,3,0.00
2026-01-28T23:00,5.2,3,0.00
2026-01-29T00:00,5.9,3,0.00
2026-01-29T01:00,6.5,3,0.00
2026-01-29T02:00,6.4,3,0.00
2026-01-29T03:00,5.9,61,1.30
2026-01-29T04:00,5.8,53,0.60
2026-01-29T05:00,6.1,51,0.10
2026-01-29T06:00,6.2,61,2.20
2026-01-29T07:00,6.6,51,0.10
2026-01-29T08:00,6.5,3,0.00
2026-01-29T09:00,6.7,3,0.00
2026-01-29T10:00,6.9,3,0.00
2026-01-29T11:00,8.1,53,0.70
2026-01-29T12:00,8.7,3,0.00
2026-01-29T13:00,10.3,51,0.10
2026-01-29T14:00,10.9,53,0.70
2026-01-29T15:00,10.7,61,2.40
2026-01-29T16:00,10.6,55,1.10
2026-01-29T17:00,10.7,3,0.00
2026-01-29T18:00,12.3,3,0.00
2026-01-29T19:00,11.3,3,0.00
2026-01-29T20:00,9.8,3,0.00
2026-01-29T21:00,9.3,3,0.00
2026-01-29T22:00,8.2,3,0.00
2026-01-29T23:00,8.1,3,0.00
2026-01-30T00:00,7.9,3,0.00
2026-01-30T01:00,7.4,3,0.00
2026-01-30T02:00,7.2,2,0.00
2026-01-30T03:00,6.3,2,0.00
2026-01-30T04:00,5.3,2,0.00
2026-01-30T05:00,4.9,3,0.00
2026-01-30T06:00,5.1,3,0.00
2026-01-30T07:00,5.4,3,0.00
2026-01-30T08:00,5.7,3,0.00
2026-01-30T09:00,5.7,3,0.00
2026-01-30T10:00,5.7,3,0.00
2026-01-30T11:00,6.1,51,0.10
2026-01-30T12:00,6.7,51,0.10
2026-01-30T13:00,8.0,51,0.10
2026-01-30T14:00,8.8,51,0.10
2026-01-30T15:00,9.2,51,0.10
2026-01-30T16:00,9.5,3,0.00
2026-01-30T17:00,9.5,3,0.00
2026-01-30T18:00,7.8,61,1.80
2026-01-30T19:00,7.4,55,1.20
2026-01-30T20:00,8.0,51,0.20
2026-01-30T21:00,7.3,55,1.10
2026-01-30T22:00,6.6,51,0.30
2026-01-30T23:00,6.1,53,0.90
2026-01-31T00:00,5.9,51,0.40
2026-01-31T01:00,5.2,1,0.00
2026-01-31T02:00,5.4,3,0.00
2026-01-31T03:00,5.4,3,0.00
2026-01-31T04:00,5.1,51,0.10
2026-01-31T05:00,5.2,51,0.10
2026-01-31T06:00,4.8,71,0.30
2026-01-31T07:00,5.8,3,0.00
2026-01-31T08:00,5.2,3,0.00
2026-01-31T09:00,5.4,3,0.00
2026-01-31T10:00,5.8,1,0.00
2026-01-31T11:00,6.2,1,0.00
2026-01-31T12:00,7.0,1,0.00
2026-01-31T13:00,8.3,1,0.00
2026-01-31T14:00,9.4,1,0.00
2026-01-31T15:00,10.1,1,0.00
2026-01-31T16:00,10.6,2,0.00
2026-01-31T17:00,10.7,2,0.00
2026-01-31T18:00,9.9,1,0.00
2026-01-31T19:00,8.7,1,0.00
2026-01-31T20:00,7.3,2,0.00
2026-01-31T21:00,6.2,1,0.00
2026-01-31T22:00,5.4,0,0.00
2026-01-31T23:00,4.6,0,0.00
2026-02-01T00:00,3.9,3,0.00
2026-02-01T01:00,3.2,3,0.00
2026-02-01T02:00,4.1,3,0.00
2026-02-01T03:00,3.9,3,0.00
2026-02-01T04:00,3.3,3,0.00
2026-02-01T05:00,2.9,3,0.00
2026-02-01T06:00,2.9,3,0.00
2026-02-01T07:00,2.6,3,0.00
2026-02-01T08:00,3.5,3,0.00
2026-02-01T09:00,3.8,3,0.00
2026-02-01T10:00,4.7,3,0.00
2026-02-01T11:00,5.1,3,0.00
2026-02-01T12:00,5.6,51,0.10
2026-02-01T13:00,6.2,51,0.10
2026-02-01T14:00,7.0,51,0.10
2026-02-01T15:00,7.7,51,0.10
2026-02-01T16:00,8.3,51,0.10
2026-02-01T17:00,8.8,51,0.10
2026-02-01T18:00,8.9,3,0.00
2026-02-01T19:00,8.8,3,0.00
2026-02-01T20:00,8.2,3,0.00
2026-02-01T21:00,7.9,3,0.00
2026-02-01T22:00,7.9,51,0.10
2026-02-01T23:00,7.8,51,0.20
2026-02-02T00:00,7.7,53,0.70
2026-02-02T01:00,7.7,63,3.80
2026-02-02T02:00,6.6,61,2.30
2026-02-02T03:00,7.3,53,0.80
2026-02-02T04:00,9.0,55,1.00
2026-02-02T05:00,9.6,51,0.10
2026-02-02T06:00,8.6,51,0.20
2026-02-02T07:00,8.4,3,0.00
2026-02-02T08:00,8.4,51,0.10
2026-02-02T09:00,8.4,53,0.60
2026-02-02T10:00,8.2,53,0.80
2026-02-02T11:00,8.3,61,2.10
2026-02-02T12:00,7.2,55,1.20
2026-02-02T13:00,7.5,51,0.40
2026-02-02T14:00,5.9,53,0.50
2026-02-02T15:00,7.3,51,0.10
2026-02-02T16:00,8.6,3,0.00
2026-02-02T17:00,8.2,51,0.20
2026-02-02T18:00,6.4,3,0.00
2026-02-02T19:00,5.8,3,0.00
2026-02-02T20:00,4.9,3,0.00
2026-02-02T21:00,4.7,3,0.00
2026-02-02T22:00,4.6,3,0.00
2026-02-02T23:00,4.6,3,0.00
2026-02-03T00:00,4.7,51,0.10
2026-02-03T01:00,4.6,51,0.10
2026-02-03T02:00,4.1,51,0.30
2026-02-03T03:00,4.2,3,0.00
2026-02-03T04:00,4.4,51,0.10
2026-02-03T05:00,4.4,51,0.10
2026-02-03T06:00,4.3,51,0.20
2026-02-03T07:00,4.2,51,0.30
2026-02-03T08:00,4.0,51,0.30
2026-02-03T09:00,4.1,51,0.20
2026-02-03T10:00,3.9,51,0.20
2026-02-03T11:00,4.0,51,0.20
2026-02-03T12:00,4.5,51,0.10
2026-02-03T13:00,4.9,51,0.10
2026-02-03T14:00,5.8,51,0.10
2026-02-03T15:00,7.0,51,0.10
2026-02-03T16:00,6.8,51,0.10
2026-02-03T17:00,7.4,51,0.20
2026-02-03T18:00,7.2,51,0.10
2026-02-03T19:00,5.5,51,0.10
2026-02-03T20:00,5.0,3,0.00
2026-02-03T21:00,4.6,3,0.00
2026-02-03T22:00,4.4,3,0.00
2026-02-03T23:00,4.6,3,0.00
2026-02-04T00:00,4.4,51,0.30
2026-02-04T01:00,4.2,55,1.10
2026-02-04T02:00,4.0,55,1.20
2026-02-04T03:00,3.1,73,1.20
2026-02-04T04:00,2.5,73,1.30
2026-02-04T05:00,2.3,53,0.80
2026-02-04T06:00,2.5,51,0.20
2026-02-04T07:00,2.5,51,0.10
2026-02-04T08:00,2.1,3,0.00
2026-02-04T09:00,2.5,3,0.00
2026-02-04T10:00,3.0,3,0.00
2026-02-04T11:00,3.5,3,0.00
2026-02-04T12:00,4.4,3,0.00
2026-02-04T13:00,5.4,3,0.00
2026-02-04T14:00,7.4,3,0.00
2026-02-04T15:00,9.9,2,0.00
2026-02-04T16:00,9.9,3,0.00
2026-02-04T17:00,8.8,3,0.00
2026-02-04T18:00,8.5,3,0.00
2026-02-04T19:00,7.9,3,0.00
2026-02-04T20:00,7.9,3,0.00
2026-02-04T21:00,7.5,51,0.10
2026-02-04T22:00,7.5,3,0.00
2026-02-04T23:00,7.3,51,0.10
2026-02-05T00:00,7.1,51,0.20
2026-02-05T01:00,7.0,51,0.40
2026-02-05T02:00,7.5,53,0.50
2026-02-05T03:00,7.2,53,0.70
2026-02-05T04:00,6.7,51,0.40
2026-02-05T05:00,6.5,55,1.00
2026-02-05T06:00,6.6,3,0.00
2026-02-05T07:00,6.8,53,0.60
2026-02-05T08:00,6.8,63,2.80
2026-02-05T09:00,6.9,63,4.00
2026-02-05T10:00,7.7,63,3.50
2026-02-05T11:00,8.7,63,4.20
2026-02-05T12:00,8.6,63,2.60
2026-02-05T13:00,11.2,51,0.20
2026-02-05T14:00,12.6,51,0.10
2026-02-05T15:00,12.1,1,0.00
2026-02-05T16:00,11.9,2,0.00
2026-02-05T17:00,11.2,2,0.00
2026-02-05T18:00,10.4,2,0.00
2026-02-05T19:00,9.6,2,0.00
2026-02-05T20:00,8.4,2,0.00
2026-02-05T21:00,7.8,2,0.00
2026-02-05T22:00,7.5,3,0.00
2026-02-05T23:00,7.3,3,0.00
2026-02-06T00:00,7.1,3,0.00
2026-02-06T01:00,6.9,3,0.00
2026-02-06T02:00,7.0,3,0.00
2026-02-06T03:00,6.9,3,0.00
2026-02-06T04:00,6.6,3,0.00
2026-02-06T05:00,6.6,3,0.00
2026-02-06T06:00,6.2,3,0.00
2026-02-06T07:00,6.1,3,0.00
2026-02-06T08:00,5.8,3,0.00
2026-02-06T09:00,5.7,3,0.00
2026-02-06T10:00,5.8,3,0.00
2026-02-06T11:00,6.4,3,0.00
2026-02-06T12:00,6.6,53,0.50
2026-02-06T13:00,7.1,51,0.40
2026-02-06T14:00,6.0,53,0.70
2026-02-06T15:00,6.2,55,1.00
2026-02-06T16:00,6.5,53,0.80
2026-02-06T17:00,6.9,51,0.30
2026-02-06T18:00,7.6,2,0.00
2026-02-06T19:00,6.8,2,0.00
2026-02-06T20:00,6.2,2,0.00
2026-02-06T21:00,5.4,53,0.60
2026-02-06T22:00,4.9,3,0.00
2026-02-06T23:00,4.4,51,0.30
2026-02-07T00:00,3.8,71,1.20
2026-02-07T01:00,4.0,3,0.00
2026-02-07T02:00,4.0,3,0.00
2026-02-07T03:00,3.7,3,0.00
2026-02-07T04:00,3.8,3,0.00
2026-02-07T05:00,3.9,3,0.00
2026-02-07T06:00,3.9,3,0.00
2026-02-07T07:00,3.9,51,0.10
2026-02-07T08:00,3.8,3,0.00
2026-02-07T09:00,3.7,3,0.00
2026-02-07T10:00,3.7,3,0.00
2026-02-07T11:00,4.4,51,0.10
2026-02-07T12:00,4.9,51,0.10
2026-02-07T13:00,5.4,51,0.10
2026-02-07T14:00,6.2,51,0.30
2026-02-07T15:00,5.3,53,0.90
2026-02-07T16:00,4.1,63,3.00
2026-02-07T17:00,2.5,73,3.10
2026-02-07T18:00,2.7,71,2.50
2026-02-07T19:00,2.4,61,1.90
2026-02-07T20:00,3.1,51,0.30
2026-02-07T21:00,3.0,3,0.00
2026-02-07T22:00,3.2,51,0.10
2026-02-07T23:00,4.5,51,0.30
2026-02-08T00:00,5.2,3,0.00
2026-02-08T01:00,5.5,51,0.30
2026-02-08T02:00,5.2,51,0.10
2026-02-08T03:00,5.0,51,0.20
2026-02-08T04:00,4.5,51,0.30
2026-02-08T05:00,4.2,51,0.30
2026-02-08T06:00,3.9,51,0.40
2026-02-08T07:00,3.9,51,0.30
2026-02-08T08:00,4.0,51,0.30
2026-02-08T09:00,4.1,51,0.40
2026-02-08T10:00,4.3,51,0.40
2026-02-08T11:00,4.9,51,0.20
2026-02-08T12:00,5.9,3,0.00
2026-02-08T13:00,6.9,3,0.00
2026-02-08T14:00,8.7,2,0.00
2026-02-08T15:00,9.3,2,0.00
2026-02-08T16:00,9.9,2,0.00
2026-02-08T17:00,9.3,3,0.00
2026-02-08T18:00,8.8,0,0.00
2026-02-08T19:00,8.0,1,0.00
2026-02-08T20:00,6.8,2,0.00
2026-02-08T21:00,6.0,1,0.00
2026-02-08T22:00,5.3,1,0.00
2026-02-08T23:00,4.6,2,0.00
2026-02-09T00:00,5.0,3,0.00
2026-02-09T01:00,5.8,3,0.00
2026-02-09T02:00,5.0,61,1.40
2026-02-09T03:00,5.2,63,2.60
2026-02-09T04:00,5.3,53,0.50
2026-02-09T05:00,5.2,3,0.00
2026-02-09T06:00,5.3,3,0.00
2026-02-09T07:00,5.5,3,0.00
2026-02-09T08:00,5.7,3,0.00
2026-02-09T09:00,5.4,3,0.00
2026-02-09T10:00,5.5,3,0.00
2026-02-09T11:00,5.9,3,0.00
2026-02-09T12:00,7.4,3,0.00
2026-02-09T13:00,9.8,1,0.00
2026-02-09T14:00,11.0,1,0.00
2026-02-09T15:00,11.6,53,0.80
2026-02-09T16:00,11.6,3,0.00
2026-02-09T17:00,12.0,3,0.00
2026-02-09T18:00,10.4,61,1.80
2026-02-09T19:00,10.0,3,0.00
2026-02-09T20:00,10.5,3,0.00
2026-02-09T21:00,10.6,3,0.00
2026-02-09T22:00,10.6,3,0.00
2026-02-09T23:00,10.5,51,0.10
2026-02-10T00:00,10.3,3,0.00
2026-02-10T01:00,10.4,3,0.00
2026-02-10T02:00,10.9,3,0.00
2026-02-10T03:00,10.7,3,0.00
2026-02-10T04:00,10.6,3,0.00
2026-02-10T05:00,10.6,3,0.00
2026-02-10T06:00,10.4,3,0.00
2026-02-10T07:00,10.3,3,0.00
2026-02-10T08:00,10.7,3,0.00
2026-02-10T09:00,10.7,51,0.20
2026-02-10T10:00,11.1,3,0.00
2026-02-10T11:00,11.7,3,0.00
2026-02-10T12:00,12.0,51,0.10
2026-02-10T13:00,12.7,51,0.20
2026-02-10T14:00,12.0,63,3.30
2026-02-10T15:00,12.4,53,0.50
2026-02-10T16:00,13.8,51,0.20
2026-02-10T17:00,13.8,51,0.10
2026-02-10T18:00,13.6,3,0.00
2026-02-10T19:00,13.2,3,0.00
2026-02-10T20:00,13.0,3,0.00
2026-02-10T21:00,12.7,51,0.10
2026-02-10T22:00,12.4,3,0.00
2026-02-10T23:00,12.2,3,0.00
2026-02-11T00:00,12.2,3,0.00
2026-02-11T01:00,11.9,3,0.00
2026-02-11T02:00,11.3,2,0.00
2026-02-11T03:00,10.5,3,0.00
2026-02-11T04:00,10.3,3,0.00
2026-02-11T05:00,10.4,3,0.00
2026-02-11T06:00,10.3,3,0.00
2026-02-11T07:00,10.0,3,0.00
2026-02-11T08:00,9.7,3,0.00
2026-02-11T09:00,9.5,3,0.00
2026-02-11T10:00,9.5,61,2.10
2026-02-11T11:00,9.8,3,0.00
2026-02-11T12:00,11.0,3,0.00
2026-02-11T13:00,11.3,51,0.10
2026-02-11T14:00,11.9,51,0.10
2026-02-11T15:00,13.6,51,0.10
2026-02-11T16:00,13.6,51,0.20
2026-02-11T17:00,13.6,55,1.20
2026-02-11T18:00,13.4,51,0.40
2026-02-11T19:00,13.1,51,0.20
2026-02-11T20:00,12.9,51,0.30
2026-02-11T21:00,12.4,51,0.30
2026-02-11T22:00,12.3,53,0.70
2026-02-11T23:00,12.0,53,0.90
2026-02-12T00:00,11.5,0,0.00
2026-02-12T01:00,11.3,1,0.00
2026-02-12T02:00,11.3,1,0.00
2026-02-12T03:00,9.9,1,0.00
2026-02-12T04:00,9.2,2,0.00
2026-02-12T05:00,8.8,2,0.00
2026-02-12T06:00,8.3,2,0.00
2026-02-12T07:00,7.7,2,0.00
2026-02-12T08:00,7.8,3,0.00
2026-02-12T09:00,6.5,2,0.00
2026-02-12T10:00,6.4,3,0.00
2026-02-12T11:00,6.8,3,0.00
2026-02-12T12:00,8.4,3,0.00
2026-02-12T13:00,10.1,1,0.00
2026-02-12T14:00,11.3,3,0.00
2026-02-12T15:00,12.0,3,0.00
2026-02-12T16:00,12.6,3,0.00
2026-02-12T17:00,11.7,3,0.00
2026-02-12T18:00,10.5,3,0.00
2026-02-12T19:00,9.6,3,0.00
2026-02-12T20:00,8.9,3,0.00
2026-02-12T21:00,8.5,3,0.00
2026-02-12T22:00,8.1,51,0.20
2026-02-12T23:00,7.9,51,0.20
2026-02-13T00:00,7.2,53,0.70
2026-02-13T01:00,7.3,51,0.40
2026-02-13T02:00,7.8,51,0.20
2026-02-13T03:00,7.8,61,1.50
2026-02-13T04:00,8.0,51,0.20
2026-02-13T05:00,7.7,53,0.50
2026-02-13T06:00,7.3,61,2.30
2026-02-13T07:00,7.3,63,2.80
2026-02-13T08:00,8.7,61,1.30
2026-02-13T09:00,8.6,63,3.60
2026-02-13T10:00,8.3,53,0.90
2026-02-13T11:00,8.1,51,0.40
2026-02-13T12:00,8.5,53,0.60
2026-02-13T13:00,9.0,55,1.00
2026-02-13T14:00,8.4,55,1.00
2026-02-13T15:00,10.0,63,2.90
2026-02-13T16:00,10.2,61,2.10
2026-02-13T17:00,9.3,53,0.50
2026-02-13T18:00,9.3,61,1.30
2026-02-13T19:00,9.3,3,0.00
2026-02-13T20:00,8.2,3,0.00
2026-02-13T21:00,7.5,51,0.20
2026-02-13T22:00,7.2,3,0.00
2026-02-13T23:00,6.6,51,0.10
2026-02-14T00:00,6.3,3,0.00
2026-02-14T01:00,6.2,2,0.00
2026-02-14T02:00,5.7,3,0.00
2026-02-14T03:00,5.8,2,0.00
2026-02-14T04:00,5.4,3,0.00
2026-02-14T05:00,5.1,51,0.10
2026-02-14T06:00,4.9,51,0.10
2026-02-14T07:00,4.4,3,0.00
2026-02-14T08:00,4.1,3,0.00
2026-02-14T09:00,4.0,3,0.00
2026-02-14T10:00,4.1,3,0.00
2026-02-14T11:00,4.5,3,0.00
2026-02-14T12:00,5.1,3,0.00
2026-02-14T13:00,6.4,2,0.00
2026-02-14T14:00,7.6,3,0.00
2026-02-14T15:00,8.4,2,0.00
2026-02-14T16:00,8.7,1,0.00
2026-02-14T17:00,9.4,1,0.00
2026-02-14T18:00,9.2,1,0.00
2026-02-14T19:00,7.9,1,0.00
2026-02-14T20:00,6.9,0,0.00
2026-02-14T21:00,6.3,1,0.00
2026-02-14T22:00,5.6,0,0.00
2026-02-14T23:00,5.0,0,0.00
2026-02-15T00:00,4.3,0,0.00
2026-02-15T01:00,3.8,2,0.00
2026-02-15T02:00,4.8,1,0.00
2026-02-15T03:00,4.3,0,0.00
2026-02-15T04:00,4.0,0,0.00
2026-02-15T05:00,3.9,2,0.00
2026-02-15T06:00,4.1,1,0.00
2026-02-15T07:00,4.1,0,0.00
2026-02-15T08:00,4.2,1,0.00
2026-02-15T09:00,4.9,3,0.00
2026-02-15T10:00,6.1,3,0.00
2026-02-15T11:00,7.5,3,0.00
2026-02-15T12:00,8.5,3,0.00
2026-02-15T13:00,9.5,3,0.00
2026-02-15T14:00,10.4,3,0.00
2026-02-15T15:00,11.6,2,0.00
2026-02-15T16:00,12.1,3,0.00
2026-02-15T17:00,12.1,2,0.00
2026-02-15T18:00,11.8,3,0.00
2026-02-15T19:00,10.8,3,0.00
2026-02-15T20:00,9.6,3,0.00
2026-02-15T21:00,7.9,3,0.00
2026-02-15T22:00,7.9,3,0.00
2026-02-15T23:00,8.2,3,0.00
2026-02-16T00:00,7.8,3,0.00
2026-02-16T01:00,6.9,1,0.00
2026-02-16T02:00,8.0,3,0.00
2026-02-16T03:00,8.2,3,0.00
2026-02-16T04:00,7.9,3,0.00
2026-02-16T05:00,6.6,3,0.00
2026-02-16T06:00,5.6,3,0.00
2026-02-16T07:00,5.0,3,0.00
2026-02-16T08:00,6.4,3,0.00
2026-02-16T09:00,5.4,3,0.00
2026-02-16T10:00,5.0,3,0.00
2026-02-16T11:00,5.5,3,0.00
2026-02-16T12:00,7.1,3,0.00
2026-02-16T13:00,8.9,3,0.00
2026-02-16T14:00,11.1,3,0.00
2026-02-16T15:00,13.0,3,0.00
2026-02-16T16:00,14.6,3,0.00
2026-02-16T17:00,15.1,3,0.00
2026-02-16T18:00,15.0,3,0.00
2026-02-16T19:00,13.6,3,0.00
2026-02-16T20:00,13.2,3,0.00
2026-02-16T21:00,11.7,3,0.00
2026-02-16T22:00,10.7,3,0.00
2026-02-16T23:00,10.0,3,0.00
2026-02-17T00:00,9.8,3,0.00
2026-02-17T01:00,9.7,3,0.00
2026-02-17T02:00,10.5,3,0.00
2026-02-17T03:00,10.9,3,0.00
2026-02-17T04:00,11.3,3,0.00
2026-02-17T05:00,11.0,3,0.00
2026-02-17T06:00,10.4,3,0.00
2026-02-17T07:00,9.5,3,0.00
2026-02-17T08:00,8.8,3,0.00
2026-02-17T09:00,8.0,3,0.00
2026-02-17T10:00,8.1,3,0.00
2026-02-17T11:00,9.7,2,0.00
2026-02-17T12:00,11.4,1,0.00
2026-02-17T13:00,12.8,1,0.00
2026-02-17T14:00,14.3,0,0.00
2026-02-17T15:00,15.4,1,0.00
2026-02-17T16:00,15.4,1,0.00
2026-02-17T17:00,14.8,1,0.00
2026-02-17T18:00,14.1,3,0.00
2026-02-17T19:00,12.7,1,0.00
2026-02-17T20:00,11.1,3,0.00
2026-02-17T21:00,10.2,3,0.00
2026-02-17T22:00,9.3,0,0.00
2026-02-17T23:00,8.4,0,0.00
2026-02-18T00:00,7.7,1,0.00
2026-02-18T01:00,7.2,3,0.00
2026-02-18T02:00,7.0,3,0.00
2026-02-18T03:00,6.8,3,0.00
2026-02-18T04:00,6.8,3,0.00
2026-02-18T05:00,6.5,3,0.00
2026-02-18T06:00,6.8,3,0.00
2026-02-18T07:00,7.0,3,0.00
2026-02-18T08:00,7.4,3,0.00
2026-02-18T09:00,7.5,51,0.10
2026-02-18T10:00,7.4,51,0.10
2026-02-18T11:00,7.9,51,0.10
2026-02-18T12:00,8.5,51,0.10
2026-02-18T13:00,9.7,1,0.00
2026-02-18T14:00,9.3,3,0.00
2026-02-18T15:00,9.5,3,0.00
2026-02-18T16:00,10.6,2,0.00
2026-02-18T17:00,10.8,2,0.00
2026-02-18T18:00,10.1,3,0.00
2026-02-18T19:00,9.3,3,0.00
2026-02-18T20:00,8.8,3,0.00
2026-02-18T21:00,8.9,51,0.10
2026-02-18T22:00,8.4,55,1.20
2026-02-18T23:00,8.5,55,1.10
2026-02-19T00:00,7.8,0,0.00
2026-02-19T01:00,7.1,1,0.00
2026-02-19T02:00,6.7,0,0.00
2026-02-19T03:00,6.4,0,0.00
2026-02-19T04:00,6.3,1,0.00
2026-02-19T05:00,6.1,1,0.00
2026-02-19T06:00,5.3,1,0.00
2026-02-19T07:00,4.5,1,0.00
2026-02-19T08:00,4.2,0,0.00
2026-02-19T09:00,3.3,0,0.00
2026-02-19T10:00,3.6,1,0.00
2026-02-19T11:00,5.1,1,0.00
2026-02-19T12:00,6.6,1,0.00
2026-02-19T13:00,7.8,1,0.00
2026-02-19T14:00,9.6,1,0.00
2026-02-19T15:00,10.6,1,0.00
2026-02-19T16:00,10.9,1,0.00
2026-02-19T17:00,10.8,1,0.00
2026-02-19T18:00,10.2,1,0.00
2026-02-19T19:00,9.2,0,0.00
2026-02-19T20:00,7.6,0,0.00
2026-02-19T21:00,6.8,0,0.00
2026-02-19T22:00,6.1,0,0.00
2026-02-19T23:00,5.5,1,0.00
2026-02-20T00:00,5.1,0,0.00
2026-02-20T01:00,4.6,1,0.00
2026-02-20T02:00,4.7,2,0.00
2026-02-20T03:00,3.9,2,0.00
2026-02-20T04:00,2.9,1,0.00
2026-02-20T05:00,1.8,2,0.00
2026-02-20T06:00,1.4,3,0.00
2026-02-20T07:00,0.6,2,0.00
2026-02-20T08:00,-0.2,0,0.00
2026-02-20T09:00,-0.4,0,0.00
2026-02-20T10:00,1.2,0,0.00
2026-02-20T11:00,4.6,0,0.00
2026-02-20T12:00,7.3,0,0.00
2026-02-20T13:00,9.2,1,0.00
2026-02-20T14:00,10.4,2,0.00
2026-02-20T15:00,11.9,3,0.00
2026-02-20T16:00,12.8,3,0.00
2026-02-20T17:00,13.4,3,0.00
2026-02-20T18:00,13.3,1,0.00
2026-02-20T19:00,12.4,1,0.00
2026-02-20T20:00,10.2,1,0.00
2026-02-20T21:00,9.7,0,0.00
2026-02-20T22:00,8.4,0,0.00
2026-02-20T23:00,6.5,0,0.00
2026-02-21T00:00,5.0,0,0.00
2026-02-21T01:00,4.1,0,0.00
2026-02-21T02:00,3.5,0,0.00
2026-02-21T03:00,3.8,0,0.00
2026-02-21T04:00,3.3,0,0.00
2026-02-21T05:00,3.0,0,0.00
2026-02-21T06:00,2.5,0,0.00
2026-02-21T07:00,1.9,0,0.00
2026-02-21T08:00,1.4,0,0.00
2026-02-21T09:00,1.4,0,0.00
2026-02-21T10:00,2.3,0,0.00
2026-02-21T11:00,5.7,0,0.00
2026-02-21T12:00,9.4,0,0.00
2026-02-21T13:00,12.3,0,0.00
2026-02-21T14:00,14.4,0,0.00
2026-02-21T15:00,15.7,1,0.00
2026-02-21T16:00,16.4,1,0.00
2026-02-21T17:00,16.7,1,0.00
2026-02-21T18:00,16.4,0,0.00
2026-02-21T19:00,15.0,0,0.00
2026-02-21T20:00,12.6,0,0.00
2026-02-21T21:00,11.5,0,0.00
2026-02-21T22:00,10.5,0,0.00
2026-02-21T23:00,9.4,0,0.00
2026-02-22T00:00,7.8,0,0.00
2026-02-22T01:00,6.5,0,0.00
2026-02-22T02:00,6.1,0,0.00
2026-02-22T03:00,5.7,0,0.00
2026-02-22T04:00,5.3,0,0.00
2026-02-22T05:00,4.7,0,0.00
2026-02-22T06:00,4.0,0,0.00
2026-02-22T07:00,3.5,0,0.00
2026-02-22T08:00,3.1,0,0.00
2026-02-22T09:00,2.5,3,0.00
2026-02-22T10:00,3.9,3,0.00
2026-02-22T11:00,7.6,3,0.00
2026-02-22T12:00,11.2,3,0.00
2026-02-22T13:00,13.6,3,0.00
2026-02-22T14:00,15.4,3,0.00
2026-02-22T15:00,16.9,3,0.00
2026-02-22T16:00,17.9,0,0.00
2026-02-22T17:00,18.2,0,0.00
2026-02-22T18:00,18.0,1,0.00
2026-02-22T19:00,16.4,1,0.00
2026-02-22T20:00,13.5,0,0.00
2026-02-22T21:00,12.5,0,0.00
2026-02-22T22:00,11.1,0,0.00
2026-02-22T23:00,9.5,0,0.00
2026-02-23T00:00,8.3,0,0.00
2026-02-23T01:00,8.0,0,0.00
2026-02-23T02:00,7.1,1,0.00
2026-02-23T03:00,6.1,0,0.00
2026-02-23T04:00,5.1,0,0.00
2026-02-23T05:00,4.5,0,0.00
2026-02-23T06:00,4.0,0,0.00
2026-02-23T07:00,3.7,0,0.00
2026-02-23T08:00,3.7,0,0.00
2026-02-23T09:00,2.8,0,0.00
2026-02-23T10:00,4.2,1,0.00
2026-02-23T11:00,8.4,1,0.00
2026-02-23T12:00,12.3,1,0.00
2026-02-23T13:00,14.9,3,0.00
2026-02-23T14:00,16.8,3,0.00
2026-02-23T15:00,18.3,3,0.00
2026-02-23T16:00,19.0,3,0.00
2026-02-23T17:00,19.2,3,0.00
2026-02-23T18:00,18.8,3,0.00
2026-02-23T19:00,17.1,3,0.00
2026-02-23T20:00,14.3,2,0.00
2026-02-23T21:00,13.8,1,0.00
2026-02-23T22:00,12.6,1,0.00
2026-02-23T23:00,11.5,1,0.00
2026-02-24T00:00,10.1,1,0.00
2026-02-24T01:00,8.6,3,0.00
2026-02-24T02:00,7.6,3,0.00
2026-02-24T03:00,7.3,3,0.00
2026-02-24T04:00,6.9,1,0.00
2026-02-24T05:00,6.4,0,0.00
2026-02-24T06:00,5.9,0,0.00
2026-02-24T07:00,5.3,0,0.00
2026-02-24T08:00,4.9,0,0.00
2026-02-24T09:00,4.3,0,0.00
2026-02-24T10:00,6.3,0,0.00
2026-02-24T11:00,10.3,1,0.00
2026-02-24T12:00,13.3,2,0.00
2026-02-24T13:00,14.9,3,0.00
2026-02-24T14:00,16.5,3,0.00
2026-02-24T15:00,17.9,2,0.00
2026-02-24T16:00,18.6,1,0.00
2026-02-24T17:00,18.8,3,0.00
2026-02-24T18:00,18.4,2,0.00
2026-02-24T19:00,16.9,0,0.00
2026-02-24T20:00,14.0,0,0.00
2026-02-24T21:00,13.4,0,0.00
2026-02-24T22:00,12.0,0,0.00
2026-02-24T23:00,10.9,0,0.00
2026-02-25T00:00,9.4,0,0.00
2026-02-25T01:00,8.2,0,0.00
2026-02-25T02:00,6.8,0,0.00
2026-02-25T03:00,6.9,0,0.00
2026-02-25T04:00,6.7,0,0.00
2026-02-25T05:00,6.3,0,0.00
2026-02-25T06:00,5.8,0,0.00
2026-02-25T07:00,5.7,0,0.00
2026-02-25T08:00,5.8,0,0.00
2026-02-25T09:00,5.4,0,0.00
2026-02-25T10:00,6.5,0,0.00
2026-02-25T11:00,10.2,0,0.00
2026-02-25T12:00,13.1,0,0.00
2026-02-25T13:00,14.9,1,0.00
2026-02-25T14:00,16.6,1,0.00
2026-02-25T15:00,17.7,1,0.00
2026-02-25T16:00,18.6,1,0.00
2026-02-25T17:00,18.9,3,0.00
2026-02-25T18:00,18.7,3,0.00
2026-02-25T19:00,17.7,3,0.00
2026-02-25T20:00,14.3,3,0.00
2026-02-25T21:00,13.4,3,0.00
2026-02-25T22:00,11.8,3,0.00
2026-02-25T23:00,10.7,1,0.00
2026-02-26T00:00,9.4,0,0.00
2026-02-26T01:00,8.9,1,0.00
2026-02-26T02:00,9.2,3,0.00
2026-02-26T03:00,8.6,1,0.00
2026-02-26T04:00,7.7,2,0.00
2026-02-26T05:00,7.0,1,0.00
2026-02-26T06:00,6.9,0,0.00
2026-02-26T07:00,6.8,2,0.00
2026-02-26T08:00,6.8,2,0.00
2026-02-26T09:00,6.1,1,0.00
2026-02-26T10:00,7.5,0,0.00
2026-02-26T11:00,10.8,0,0.00
2026-02-26T12:00,14.0,0,0.00
2026-02-26T13:00,15.9,0,0.00
2026-02-26T14:00,17.3,0,0.00
2026-02-26T15:00,18.4,0,0.00
2026-02-26T16:00,19.0,0,0.00
2026-02-26T17:00,19.2,0,0.00
2026-02-26T18:00,18.9,0,0.00
2026-02-26T19:00,17.7,0,0.00
2026-02-26T20:00,15.9,0,0.00
2026-02-26T21:00,14.2,0,0.00
2026-02-26T22:00,12.5,0,0.00
2026-02-26T23:00,11.1,0,0.00
2026-02-27T00:00,10.0,0,0.00
2026-02-27T01:00,8.5,0,0.00
2026-02-27T02:00,7.6,0,0.00
2026-02-27T03:00,7.4,0,0.00
2026-02-27T04:00,7.3,0,0.00
2026-02-27T05:00,7.4,0,0.00
2026-02-27T06:00,7.0,1,0.00
2026-02-27T07:00,6.4,1,0.00
2026-02-27T08:00,5.7,0,0.00
2026-02-27T09:00,4.9,0,0.00
2026-02-27T10:00,6.1,0,0.00
2026-02-27T11:00,9.6,0,0.00
2026-02-27T12:00,12.1,0,0.00
2026-02-27T13:00,14.0,0,0.00
2026-02-27T14:00,15.9,0,0.00
2026-02-27T15:00,17.2,3,0.00
2026-02-27T16:00,18.0,3,0.00
2026-02-27T17:00,18.3,3,0.00
2026-02-27T18:00,17.8,1,0.00
2026-02-27T19:00,16.7,0,0.00
2026-02-27T20:00,14.5,0,0.00
2026-02-27T21:00,12.6,0,0.00
2026-02-27T22:00,11.1,0,0.00
2026-02-27T23:00,9.5,0,0.00
2026-02-28T00:00,8.2,3,0.00
2026-02-28T01:00,7.9,3,0.00
2026-02-28T02:00,8.9,3,0.00
2026-02-28T03:00,8.2,3,0.00
2026-02-28T04:00,7.5,3,0.00
2026-02-28T05:00,6.8,3,0.00
2026-02-28T06:00,6.5,3,0.00
2026-02-28T07:00,6.3,3,0.00
2026-02-28T08:00,6.2,3,0.00
2026-02-28T09:00,5.9,1,0.00
2026-02-28T10:00,7.0,0,0.00
2026-02-28T11:00,9.0,0,0.00
2026-02-28T12:00,11.2,0,0.00
2026-02-28T13:00,13.0,0,0.00
2026-02-28T14:00,14.4,0,0.00
2026-02-28T15:00,15.4,0,0.00
2026-02-28T16:00,15.9,0,0.00
2026-02-28T17:00,16.0,0,0.00
2026-02-28T18:00,15.6,1,0.00
2026-02-28T19:00,14.5,0,0.00
2026-02-28T20:00,13.3,1,0.00
2026-02-28T21:00,11.5,1,0.00
2026-02-28T22:00,11.1,2,0.00
2026-02-28T23:00,10.4,1,0.00
2026-03-01T00:00,9.3,0,0.00
2026-03-01T01:00,8.4,0,0.00
2026-03-01T02:00,8.2,3,0.00
2026-03-01T03:00,7.8,2,0.00
2026-03-01T04:00,7.2,1,0.00
2026-03-01T05:00,6.5,1,0.00
2026-03-01T06:00,6.2,3,0.00
2026-03-01T07:00,6.1,3,0.00
2026-03-01T08:00,6.1,2,0.00
2026-03-01T09:00,6.0,3,0.00
2026-03-01T10:00,7.1,3,0.00
2026-03-01T11:00,8.3,3,0.00
2026-03-01T12:00,9.6,3,0.00
2026-03-01T13:00,11.4,1,0.00
2026-03-01T14:00,11.6,3,0.00
2026-03-01T15:00,12.2,3,0.00
2026-03-01T16:00,12.7,2,0.00
2026-03-01T17:00,13.5,2,0.00
2026-03-01T18:00,13.6,0,0.00
2026-03-01T19:00,13.4,0,0.00
2026-03-01T20:00,11.0,0,0.00
2026-03-01T21:00,9.8,0,0.00
2026-03-01T22:00,8.8,0,0.00
2026-03-01T23:00,7.7,0,0.00
2026-03-02T00:00,7.0,0,0.00
2026-03-02T01:00,6.7,1,0.00
2026-03-02T02:00,7.4,2,0.00
2026-03-02T03:00,6.9,3,0.00
2026-03-02T04:00,6.3,2,0.00
2026-03-02T05:00,5.8,1,0.00
2026-03-02T06:00,5.4,0,0.00
2026-03-02T07:00,5.0,1,0.00
2026-03-02T08:00,5.0,0,0.00
2026-03-02T09:00,4.6,1,0.00
2026-03-02T10:00,5.7,0,0.00
2026-03-02T11:00,7.5,1,0.00
2026-03-02T12:00,9.2,1,0.00
2026-03-02T13:00,10.9,0,0.00
2026-03-02T14:00,11.6,0,0.00
2026-03-02T15:00,13.0,0,0.00
2026-03-02T16:00,14.1,1,0.00
2026-03-02T17:00,15.1,1,0.00
2026-03-02T18:00,15.6,1,0.00
2026-03-02T19:00,15.0,2,0.00
2026-03-02T20:00,13.5,1,0.00
2026-03-02T21:00,12.4,2,0.00
2026-03-02T22:00,10.6,3,0.00
2026-03-02T23:00,9.9,51,0.10
2026-03-03T00:00,9.5,3,0.00
2026-03-03T01:00,9.3,3,0.00
2026-03-03T02:00,9.1,3,0.00
2026-03-03T03:00,9.0,3,0.00
2026-03-03T04:00,8.8,3,0.00
2026-03-03T05:00,8.7,3,0.00
2026-03-03T06:00,8.8,51,0.10
2026-03-03T07:00,8.4,51,0.10
2026-03-03T08:00,9.0,3,0.00
2026-03-03T09:00,9.1,3,0.00
2026-03-03T10:00,9.4,3,0.00
2026-03-03T11:00,10.4,3,0.00
2026-03-03T12:00,11.3,3,0.00
2026-03-03T13:00,12.2,2,0.00
2026-03-03T14:00,14.3,0,0.00
2026-03-03T15:00,15.6,3,0.00
2026-03-03T16:00,15.2,2,0.00
2026-03-03T17:00,15.7,2,0.00
2026-03-03T18:00,13.9,53,0.90
2026-03-03T19:00,10.5,61,1.90
2026-03-03T20:00,11.0,2,0.00
2026-03-03T21:00,10.6,2,0.00
2026-03-03T22:00,10.1,0,0.00
2026-03-03T23:00,10.1,0,0.00
2026-03-04T00:00,9.7,0,0.00
2026-03-04T01:00,8.9,0,0.00
2026-03-04T02:00,8.8,0,0.00
2026-03-04T03:00,8.5,0,0.00
2026-03-04T04:00,8.3,0,0.00
2026-03-04T05:00,8.0,0,0.00
2026-03-04T06:00,7.7,0,0.00
2026-03-04T07:00,7.5,0,0.00
2026-03-04T08:00,7.8,0,0.00
2026-03-04T09:00,7.7,1,0.00
2026-03-04T10:00,9.0,3,0.00
2026-03-04T11:00,10.7,1,0.00
2026-03-04T12:00,12.5,1,0.00
2026-03-04T13:00,14.1,1,0.00
2026-03-04T14:00,14.7,3,0.00
2026-03-04T15:00,15.8,2,0.00
2026-03-04T16:00,17.1,3,0.00
2026-03-04T17:00,16.2,3,0.00
2026-03-04T18:00,16.3,3,0.00
2026-03-04T19:00,15.6,3,0.00
2026-03-04T20:00,12.4,61,1.30
2026-03-04T21:00,10.5,3,0.00
2026-03-04T22:00,10.4,3,0.00
2026-03-04T23:00,10.2,51,0.10
2026-03-05T00:00,10.2,51,0.20
2026-03-05T01:00,9.6,51,0.20
2026-03-05T02:00,9.0,3,0.00
2026-03-05T03:00,9.0,3,0.00
2026-03-05T04:00,8.4,55,1.00
2026-03-05T05:00,8.3,53,0.90
2026-03-05T06:00,6.8,1,0.00
2026-03-05T07:00,6.4,1,0.00
2026-03-05T08:00,7.3,2,0.00
2026-03-05T09:00,6.6,3,0.00
2026-03-05T10:00,8.1,1,0.00
2026-03-05T11:00,10.2,3,0.00
2026-03-05T12:00,11.9,1,0.00
2026-03-05T13:00,13.4,51,0.10
2026-03-05T14:00,14.5,51,0.10
2026-03-05T15:00,15.2,2,0.00
2026-03-05T16:00,15.4,51,0.10
2026-03-05T17:00,14.0,3,0.00
2026-03-05T18:00,15.1,53,0.50
2026-03-05T19:00,14.7,3,0.00
2026-03-05T20:00,13.0,3,0.00
2026-03-05T21:00,11.1,3,0.00
2026-03-05T22:00,10.2,53,0.70
2026-03-05T23:00,9.9,61,1.90
2026-03-06T00:00,9.3,55,1.10
2026-03-06T01:00,8.8,51,0.40
2026-03-06T02:00,8.8,51,0.30
2026-03-06T03:00,8.2,53,0.50
2026-03-06T04:00,7.8,55,1.10
2026-03-06T05:00,7.6,53,0.70
2026-03-06T06:00,8.0,51,0.40
2026-03-06T07:00,8.0,1,0.00
2026-03-06T08:00,7.7,51,0.10
2026-03-06T09:00,7.6,1,0.00
2026-03-06T10:00,8.4,51,0.40
2026-03-06T11:00,10.3,3,0.00
2026-03-06T12:00,11.2,3,0.00
2026-03-06T13:00,10.6,53,0.90
2026-03-06T14:00,9.0,51,0.20
2026-03-06T15:00,8.6,63,2.50
2026-03-06T16:00,8.8,63,3.00
2026-03-06T17:00,9.0,61,1.50
2026-03-06T18:00,8.9,51,0.30
2026-03-06T19:00,8.6,51,0.40
2026-03-06T20:00,8.5,51,0.20
2026-03-06T21:00,8.7,3,0.00
2026-03-06T22:00,8.5,3,0.00
2026-03-06T23:00,7.8,51,0.10
2026-03-07T00:00,6.9,51,0.40
2026-03-07T01:00,6.4,3,0.00
2026-03-07T02:00,7.5,3,0.00
2026-03-07T03:00,7.2,51,0.40
2026-03-07T04:00,6.8,51,0.20
2026-03-07T05:00,6.3,51,0.20
2026-03-07T06:00,5.7,3,0.00
2026-03-07T07:00,5.7,3,0.00
2026-03-07T08:00,6.4,51,0.10
2026-03-07T09:00,6.1,1,0.00
2026-03-07T10:00,7.7,1,0.00
2026-03-07T11:00,9.6,2,0.00
2026-03-07T12:00,9.9,3,0.00
2026-03-07T13:00,9.4,51,0.10
2026-03-07T14:00,6.5,51,0.10
2026-03-07T15:00,7.4,61,2.00
2026-03-07T16:00,9.6,53,0.50
2026-03-07T17:00,10.5,51,0.10
2026-03-07T18:00,10.7,2,0.00
2026-03-07T19:00,10.3,51,0.10
2026-03-07T20:00,9.4,51,0.30
2026-03-07T21:00,7.6,2,0.00
2026-03-07T22:00,7.0,1,0.00
2026-03-07T23:00,6.6,2,0.00
2026-03-08T00:00,5.9,1,0.00
2026-03-08T01:00,5.6,1,0.00
2026-03-08T02:00,5.9,3,0.00
2026-03-08T03:00,5.8,51,0.10
2026-03-08T04:00,5.8,3,0.00
2026-03-08T05:00,5.6,51,0.10
2026-03-08T06:00,6.0,51,0.30
2026-03-08T07:00,5.9,51,0.10
2026-03-08T08:00,5.9,51,0.10
2026-03-08T09:00,5.4,51,0.30
2026-03-08T10:00,6.6,51,0.40
2026-03-08T11:00,7.6,51,0.10
2026-03-08T12:00,8.9,1,0.00
2026-03-08T13:00,10.2,1,0.00
2026-03-08T14:00,10.2,51,0.10
2026-03-08T15:00,11.4,3,0.00
2026-03-08T16:00,11.7,3,0.00
2026-03-08T17:00,11.6,3,0.00
2026-03-08T18:00,10.6,3,0.00
2026-03-08T19:00,8.2,61,1.60
2026-03-08T20:00,8.6,51,0.10
2026-03-08T21:00,7.2,1,0.00
2026-03-08T22:00,6.4,1,0.00
2026-03-08T23:00,5.9,1,0.00
2026-03-09T00:00,5.4,1,0.00
2026-03-09T01:00,4.8,0,0.00
2026-03-09T02:00,5.4,3,0.00
2026-03-09T03:00,4.9,3,0.00
2026-03-09T04:00,4.4,3,0.00
2026-03-09T05:00,3.7,3,0.00
2026-03-09T06:00,3.8,3,0.00
2026-03-09T07:00,4.4,3,0.00
2026-03-09T08:00,4.9,3,0.00
2026-03-09T09:00,5.2,3,0.00
2026-03-09T10:00,5.8,3,0.00
2026-03-09T11:00,6.4,3,0.00
2026-03-09T12:00,7.3,3,0.00
2026-03-09T13:00,8.6,51,0.10
2026-03-09T14:00,9.4,51,0.10
2026-03-09T15:00,10.7,51,0.10
2026-03-09T16:00,10.8,3,0.00
2026-03-09T17:00,8.8,51,0.30
2026-03-09T18:00,8.3,51,0.20
2026-03-09T19:00,8.2,51,0.40
2026-03-09T20:00,7.2,51,0.10
2026-03-09T21:00,6.6,51,0.10
2026-03-09T22:00,5.7,53,0.60
2026-03-09T23:00,4.6,61,1.40
2026-03-10T00:00,4.4,61,2.40
2026-03-10T01:00,4.4,55,1.00
2026-03-10T02:00,4.3,53,0.80
2026-03-10T03:00,4.1,51,0.20
2026-03-10T04:00,4.0,3,0.00
2026-03-10T05:00,4.0,3,0.00
2026-03-10T06:00,3.6,3,0.00
2026-03-10T07:00,3.5,51,0.10
2026-03-10T08:00,3.4,71,0.30
2026-03-10T09:00,3.7,51,0.40
2026-03-10T10:00,4.4,51,0.20
2026-03-10T11:00,5.6,3,0.00
2026-03-10T12:00,7.2,3,0.00
2026-03-10T13:00,8.3,3,0.00
2026-03-10T14:00,8.6,3,0.00
2026-03-10T15:00,10.1,3,0.00
2026-03-10T16:00,11.2,3,0.00
2026-03-10T17:00,11.9,3,0.00
2026-03-10T18:00,11.9,3,0.00
2026-03-10T19:00,11.9,1,0.00
2026-03-10T20:00,10.0,1,0.00
2026-03-10T21:00,8.7,1,0.00
2026-03-10T22:00,8.2,51,0.10
2026-03-10T23:00,7.8,1,0.00
2026-03-11T00:00,6.7,3,0.00
2026-03-11T01:00,6.5,3,0.00
2026-03-11T02:00,7.3,3,0.00
2026-03-11T03:00,6.9,3,0.00
2026-03-11T04:00,5.9,3,0.00
2026-03-11T05:00,5.7,3,0.00
2026-03-11T06:00,5.1,3,0.00
2026-03-11T07:00,4.7,1,0.00
2026-03-11T08:00,4.8,0,0.00
2026-03-11T09:00,4.5,3,0.00
2026-03-11T10:00,5.9,3,0.00
2026-03-11T11:00,8.6,3,0.00
2026-03-11T12:00,11.5,3,0.00
2026-03-11T13:00,13.1,3,0.00
2026-03-11T14:00,14.0,3,0.00
2026-03-11T15:00,15.1,3,0.00
2026-03-11T16:00,15.7,3,0.00
2026-03-11T17:00,15.6,3,0.00
2026-03-11T18:00,15.3,3,0.00
2026-03-11T19:00,14.8,1,0.00
2026-03-11T20:00,12.6,0,0.00
2026-03-11T21:00,10.9,0,0.00
2026-03-11T22:00,9.8,0,0.00
2026-03-11T23:00,9.1,0,0.00
2026-03-12T00:00,7.9,0,0.00
2026-03-12T01:00,6.9,0,0.00
2026-03-12T02:00,6.9,0,0.00
2026-03-12T03:00,6.7,1,0.00
2026-03-12T04:00,6.0,1,0.00
2026-03-12T05:00,5.6,0,0.00
2026-03-12T06:00,4.7,0,0.00
2026-03-12T07:00,4.0,0,0.00
2026-03-12T08:00,4.3,0,0.00
2026-03-12T09:00,4.3,2,0.00
2026-03-12T10:00,6.3,3,0.00
2026-03-12T11:00,9.7,2,0.00
2026-03-12T12:00,12.4,0,0.00
2026-03-12T13:00,14.2,0,0.00
2026-03-12T14:00,15.3,0,0.00
2026-03-12T15:00,16.7,0,0.00
2026-03-12T16:00,17.3,0,0.00
2026-03-12T17:00,17.4,0,0.00
2026-03-12T18:00,17.0,0,0.00
2026-03-12T19:00,15.8,0,0.00
2026-03-12T20:00,13.8,0,0.00
2026-03-12T21:00,11.8,0,0.00
2026-03-12T22:00,10.9,0,0.00
2026-03-12T23:00,10.0,0,0.00
2026-03-13T00:00,8.9,0,0.00
2026-03-13T01:00,7.7,0,0.00
2026-03-13T02:00,7.0,0,0.00
2026-03-13T03:00,6.4,0,0.00
2026-03-13T04:00,5.7,0,0.00
2026-03-13T05:00,4.9,0,0.00
2026-03-13T06:00,4.4,0,0.00
2026-03-13T07:00,4.3,0,0.00
2026-03-13T08:00,3.6,0,0.00
2026-03-13T09:00,3.9,0,0.00
2026-03-13T10:00,5.9,0,0.00
2026-03-13T11:00,9.3,0,0.00
2026-03-13T12:00,12.3,0,0.00
2026-03-13T13:00,14.8,0,0.00
2026-03-13T14:00,16.0,0,0.00
2026-03-13T15:00,16.8,0,0.00
2026-03-13T16:00,17.1,2,0.00
2026-03-13T17:00,16.6,1,0.00
2026-03-13T18:00,16.2,3,0.00
2026-03-13T19:00,15.3,3,0.00
2026-03-13T20:00,14.0,0,0.00
2026-03-13T21:00,12.2,1,0.00
2026-03-13T22:00,10.8,3,0.00
2026-03-13T23:00,9.8,3,0.00
2026-03-14T00:00,9.0,3,0.00
2026-03-14T01:00,9.3,3,0.00
2026-03-14T02:00,9.1,3,0.00
2026-03-14T03:00,9.4,3,0.00
2026-03-14T04:00,8.9,3,0.00
2026-03-14T05:00,9.5,3,0.00
2026-03-14T06:00,10.0,3,0.00
2026-03-14T07:00,9.6,3,0.00
2026-03-14T08:00,9.5,3,0.00
2026-03-14T09:00,9.0,3,0.00
2026-03-14T10:00,9.1,51,0.10
2026-03-14T11:00,9.4,51,0.10
2026-03-14T12:00,9.4,3,0.00
2026-03-14T13:00,9.8,3,0.00
2026-03-14T14:00,11.7,3,0.00
2026-03-14T15:00,11.9,2,0.00
2026-03-14T16:00,12.3,3,0.00
2026-03-14T17:00,11.4,3,0.00
2026-03-14T18:00,10.6,51,0.10
2026-03-14T19:00,10.2,2,0.00
2026-03-14T20:00,11.2,2,0.00
2026-03-14T21:00,10.3,3,0.00
2026-03-14T22:00,9.5,3,0.00
2026-03-14T23:00,9.2,3,0.00
2026-03-15T00:00,9.4,3,0.00
2026-03-15T01:00,8.8,51,0.10
2026-03-15T02:00,7.1,1,0.00
2026-03-15T03:00,6.5,1,0.00
2026-03-15T04:00,5.5,3,0.00
2026-03-15T05:00,5.3,3,0.00
2026-03-15T06:00,4.8,3,0.00
2026-03-15T07:00,5.0,3,0.00
2026-03-15T08:00,4.8,3,0.00
2026-03-15T09:00,4.9,2,0.00
2026-03-15T10:00,6.3,2,0.00
2026-03-15T11:00,7.9,3,0.00
2026-03-15T12:00,9.3,3,0.00
2026-03-15T13:00,10.4,2,0.00
2026-03-15T14:00,12.9,1,0.00
2026-03-15T15:00,14.0,0,0.00
2026-03-15T16:00,14.4,0,0.00
2026-03-15T17:00,14.5,0,0.00
2026-03-15T18:00,14.4,0,0.00
2026-03-15T19:00,13.6,0,0.00
2026-03-15T20:00,12.4,0,0.00
2026-03-15T21:00,10.0,0,0.00
2026-03-15T22:00,8.7,0,0.00
2026-03-15T23:00,7.5,0,0.00
2026-03-16T00:00,6.8,0,0.00
2026-03-16T01:00,5.7,0,0.00
2026-03-16T02:00,5.3,0,0.00
2026-03-16T03:00,4.9,0,0.00
2026-03-16T04:00,4.6,0,0.00
2026-03-16T05:00,3.6,0,0.00
2026-03-16T06:00,2.6,0,0.00
2026-03-16T07:00,2.0,0,0.00
2026-03-16T08:00,1.7,0,0.00
2026-03-16T09:00,2.1,0,0.00
2026-03-16T10:00,4.7,1,0.00
2026-03-16T11:00,8.0,2,0.00
2026-03-16T12:00,10.6,1,0.00
2026-03-16T13:00,12.8,1,0.00
2026-03-16T14:00,14.9,0,0.00
2026-03-16T15:00,16.8,0,0.00
2026-03-16T16:00,17.8,0,0.00
2026-03-16T17:00,18.3,0,0.00
2026-03-16T18:00,18.3,0,0.00
2026-03-16T19:00,17.8,0,0.00
2026-03-16T20:00,15.5,0,0.00
2026-03-16T21:00,13.2,0,0.00
2026-03-16T22:00,11.3,0,0.00
2026-03-16T23:00,10.1,0,0.00
2026-03-17T00:00,9.6,0,0.00
2026-03-17T01:00,8.5,0,0.00
2026-03-17T02:00,7.6,0,0.00
2026-03-17T03:00,8.1,0,0.00
2026-03-17T04:00,7.6,0,0.00
2026-03-17T05:00,6.7,0,0.00
2026-03-17T06:00,6.0,0,0.00
2026-03-17T07:00,5.6,0,0.00
2026-03-17T08:00,5.3,0,0.00
2026-03-17T09:00,5.2,0,0.00
2026-03-17T10:00,7.5,0,0.00
2026-03-17T11:00,11.0,0,0.00
2026-03-17T12:00,14.0,0,0.00
2026-03-17T13:00,16.2,0,0.00
2026-03-17T14:00,18.0,0,0.00
2026-03-17T15:00,19.3,0,0.00
2026-03-17T16:00,20.0,0,0.00
2026-03-17T17:00,20.3,0,0.00
2026-03-17T18:00,20.2,0,0.00
2026-03-17T19:00,19.5,0,0.00
2026-03-17T20:00,17.0,0,0.00
2026-03-17T21:00,15.1,0,0.00
2026-03-17T22:00,13.4,0,0.00
2026-03-17T23:00,11.7,0,0.00
2026-03-18T00:00,11.2,0,0.00
2026-03-18T01:00,10.3,0,0.00
2026-03-18T02:00,9.1,3,0.00
2026-03-18T03:00,9.0,2,0.00
2026-03-18T04:00,8.7,3,0.00
2026-03-18T05:00,8.3,3,0.00
2026-03-18T06:00,7.7,3,0.00
2026-03-18T07:00,6.8,3,0.00
2026-03-18T08:00,6.1,3,0.00
2026-03-18T09:00,6.3,3,0.00
2026-03-18T10:00,8.2,3,0.00
2026-03-18T11:00,10.9,3,0.00
2026-03-18T12:00,12.3,3,0.00
2026-03-18T13:00,13.8,3,0.00
2026-03-18T14:00,15.0,3,0.00
2026-03-18T15:00,16.0,3,0.00
2026-03-18T16:00,16.6,2,0.00
2026-03-18T17:00,17.1,3,0.00
2026-03-18T18:00,16.9,3,0.00
2026-03-18T19:00,16.6,2,0.00
2026-03-18T20:00,14.8,0,0.00
2026-03-18T21:00,12.8,0,0.00
2026-03-18T22:00,11.4,0,0.00
2026-03-18T23:00,10.1,0,0.00
2026-03-19T00:00,9.0,0,0.00
2026-03-19T01:00,8.2,0,0.00
2026-03-19T02:00,7.5,0,0.00
2026-03-19T03:00,7.3,0,0.00
2026-03-19T04:00,7.2,0,0.00
2026-03-19T05:00,7.1,2,0.00
2026-03-19T06:00,6.7,3,0.00
2026-03-19T07:00,6.2,3,0.00
2026-03-19T08:00,6.2,3,0.00
2026-03-19T09:00,6.8,3,0.00
2026-03-19T10:00,9.1,1,0.00
2026-03-19T11:00,10.8,0,0.00
2026-03-19T12:00,12.3,0,0.00
2026-03-19T13:00,14.0,0,0.00
2026-03-19T14:00,14.7,2,0.00
2026-03-19T15:00,16.0,0,0.00
2026-03-19T16:00,17.0,2,0.00
2026-03-19T17:00,17.6,3,0.00
2026-03-19T18:00,17.8,1,0.00
2026-03-19T19:00,17.2,0,0.00
2026-03-19T20:00,15.4,3,0.00
2026-03-19T21:00,13.6,1,0.00
2026-03-19T22:00,11.9,3,0.00
2026-03-19T23:00,10.6,3,0.00
2026-03-20T00:00,9.7,3,0.00
2026-03-20T01:00,9.5,3,0.00
2026-03-20T02:00,10.0,3,0.00
2026-03-20T03:00,10.1,3,0.00
2026-03-20T04:00,9.3,3,0.00
2026-03-20T05:00,8.4,3,0.00
2026-03-20T06:00,7.4,3,0.00
2026-03-20T07:00,6.9,3,0.00
2026-03-20T08:00,7.5,3,0.00
2026-03-20T09:00,7.4,3,0.00
2026-03-20T10:00,8.1,3,0.00
2026-03-20T11:00,9.0,3,0.00
2026-03-20T12:00,10.0,3,0.00
2026-03-20T13:00,11.4,3,0.00
2026-03-20T14:00,9.7,3,0.00
2026-03-20T15:00,10.9,51,0.10
2026-03-20T16:00,11.2,3,0.00
2026-03-20T17:00,11.6,3,0.00
2026-03-20T18:00,11.6,3,0.00
2026-03-20T19:00,11.4,3,0.00
2026-03-20T20:00,10.1,51,0.10
2026-03-20T21:00,9.1,53,0.60
2026-03-20T22:00,8.7,51,0.40
2026-03-20T23:00,8.6,3,0.00
2026-03-21T00:00,8.5,51,0.10
2026-03-21T01:00,8.5,53,0.50
2026-03-21T02:00,8.5,51,0.10
2026-03-21T03:00,7.9,51,0.40
2026-03-21T04:00,7.5,51,0.20
2026-03-21T05:00,7.3,51,0.20
2026-03-21T06:00,7.3,51,0.10
2026-03-21T07:00,7.3,51,0.20
2026-03-21T08:00,7.5,51,0.20
2026-03-21T09:00,7.4,51,0.40
2026-03-21T10:00,7.8,51,0.40
2026-03-21T11:00,8.2,51,0.30
2026-03-21T12:00,9.1,51,0.40
2026-03-21T13:00,10.2,53,0.70
2026-03-21T14:00,10.2,53,0.50
2026-03-21T15:00,10.7,51,0.20
2026-03-21T16:00,10.3,53,0.60
2026-03-21T17:00,10.2,53,0.60
2026-03-21T18:00,10.0,53,0.70
2026-03-21T19:00,9.5,53,0.60
2026-03-21T20:00,9.6,51,0.40
2026-03-21T21:00,8.1,3,0.00
2026-03-21T22:00,7.5,2,0.00
2026-03-21T23:00,6.3,0,0.00
2026-03-22T00:00,5.6,0,0.00
2026-03-22T01:00,5.1,0,0.00
2026-03-22T02:00,5.6,0,0.00
2026-03-22T03:00,4.8,0,0.00
2026-03-22T04:00,4.3,0,0.00
2026-03-22T05:00,3.9,0,0.00
2026-03-22T06:00,3.3,0,0.00
2026-03-22T07:00,2.9,0,0.00
2026-03-22T08:00,3.4,0,0.00
2026-03-22T09:00,3.7,0,0.00
2026-03-22T10:00,6.4,0,0.00
2026-03-22T11:00,9.6,0,0.00
2026-03-22T12:00,12.0,0,0.00
2026-03-22T13:00,14.0,0,0.00
2026-03-22T14:00,15.4,0,0.00
2026-03-22T15:00,16.9,0,0.00
2026-03-22T16:00,17.3,51,0.10
2026-03-22T17:00,17.3,1,0.00
2026-03-22T18:00,17.1,1,0.00
2026-03-22T19:00,16.4,0,0.00
2026-03-22T20:00,14.9,0,0.00
2026-03-22T21:00,12.8,0,0.00
2026-03-22T22:00,12.0,0,0.00
2026-03-22T23:00,10.3,0,0.00
2026-03-23T00:00,9.2,0,0.00
2026-03-23T01:00,9.4,0,0.00
2026-03-23T02:00,8.4,0,0.00
2026-03-23T03:00,7.7,0,0.00
2026-03-23T04:00,6.8,0,0.00
2026-03-23T05:00,6.3,0,0.00
2026-03-23T06:00,5.6,0,0.00
2026-03-23T07:00,5.1,0,0.00
2026-03-23T08:00,5.1,0,0.00
2026-03-23T09:00,5.1,0,0.00
2026-03-23T10:00,7.1,0,0.00
2026-03-23T11:00,9.4,0,0.00
2026-03-23T12:00,11.7,1,0.00
2026-03-23T13:00,13.7,2,0.00
2026-03-23T14:00,15.0,2,0.00
2026-03-23T15:00,15.9,1,0.00
2026-03-23T16:00,16.1,1,0.00
2026-03-23T17:00,16.4,2,0.00
2026-03-23T18:00,16.4,2,0.00
2026-03-23T19:00,15.7,0,0.00
2026-03-23T20:00,14.3,0,0.00
2026-03-23T21:00,11.8,0,0.00
2026-03-23T22:00,10.7,0,0.00
2026-03-23T23:00,10.2,0,0.00
2026-03-24T00:00,9.4,0,0.00
2026-03-24T01:00,8.4,0,0.00
2026-03-24T02:00,7.7,0,0.00
2026-03-24T03:00,7.2,0,0.00
2026-03-24T04:00,6.3,0,0.00
2026-03-24T05:00,5.5,0,0.00
2026-03-24T06:00,4.9,0,0.00
2026-03-24T07:00,4.5,0,0.00
2026-03-24T08:00,4.2,0,0.00
2026-03-24T09:00,4.5,0,0.00
2026-03-24T10:00,7.3,0,0.00
2026-03-24T11:00,10.3,0,0.00
2026-03-24T12:00,12.2,0,0.00
2026-03-24T13:00,14.0,1,0.00
2026-03-24T14:00,15.2,0,0.00
2026-03-24T15:00,16.5,0,0.00
2026-03-24T16:00,17.2,0,0.00
2026-03-24T17:00,17.5,0,0.00
2026-03-24T18:00,17.5,0,0.00
2026-03-24T19:00,17.0,0,0.00
2026-03-24T20:00,15.7,0,0.00
2026-03-24T21:00,13.6,0,0.00
2026-03-24T22:00,11.9,0,0.00
2026-03-24T23:00,10.9,0,0.00
2026-03-25T00:00,9.7,0,0.00
2026-03-25T01:00,9.1,0,0.00
2026-03-25T02:00,8.7,0,0.00
2026-03-25T03:00,8.2,0,0.00
2026-03-25T04:00,7.2,0,0.00
2026-03-25T05:00,6.4,0,0.00
2026-03-25T06:00,5.9,0,0.00
2026-03-25T07:00,5.3,0,0.00
2026-03-25T08:00,4.5,0,0.00
2026-03-25T09:00,5.6,0,0.00
2026-03-25T10:00,9.0,0,0.00
2026-03-25T11:00,12.2,0,0.00
2026-03-25T12:00,15.2,0,0.00
2026-03-25T13:00,17.6,2,0.00
2026-03-25T14:00,18.7,3,0.00
2026-03-25T15:00,20.5,3,0.00
2026-03-25T16:00,21.2,2,0.00
2026-03-25T17:00,21.7,0,0.00
2026-03-25T18:00,21.7,0,0.00
2026-03-25T19:00,21.3,0,0.00
2026-03-25T20:00,19.5,0,0.00
2026-03-25T21:00,17.1,0,0.00
2026-03-25T22:00,15.8,0,0.00
2026-03-25T23:00,14.1,0,0.00
2026-03-26T00:00,12.3,0,0.00
2026-03-26T01:00,10.3,0,0.00
2026-03-26T02:00,9.1,0,0.00
2026-03-26T03:00,7.8,0,0.00
2026-03-26T04:00,6.8,0,0.00
2026-03-26T05:00,6.0,0,0.00
2026-03-26T06:00,5.0,0,0.00
2026-03-26T07:00,4.5,0,0.00
2026-03-26T08:00,4.4,0,0.00
2026-03-26T09:00,5.0,0,0.00
2026-03-26T10:00,6.9,3,0.00
2026-03-26T11:00,8.6,3,0.00
2026-03-26T12:00,11.0,3,0.00
2026-03-26T13:00,12.5,3,0.00
2026-03-26T14:00,13.9,3,0.00
2026-03-26T15:00,15.3,3,0.00
2026-03-26T16:00,16.7,3,0.00
2026-03-26T17:00,17.4,3,0.00
2026-03-26T18:00,16.7,3,0.00
2026-03-26T19:00,15.7,2,0.00
2026-03-26T20:00,15.0,2,0.00
2026-03-26T21:00,12.7,0,0.00
2026-03-26T22:00,11.0,0,0.00
2026-03-26T23:00,9.4,0,0.00
2026-03-27T00:00,8.2,0,0.00
2026-03-27T01:00,7.1,0,0.00
2026-03-27T02:00,6.4,0,0.00
2026-03-27T03:00,5.7,0,0.00
2026-03-27T04:00,5.2,0,0.00
2026-03-27T05:00,4.7,1,0.00
2026-03-27T06:00,4.1,0,0.00
2026-03-27T07:00,3.4,0,0.00
2026-03-27T08:00,2.6,1,0.00
2026-03-27T09:00,3.5,0,0.00
2026-03-27T10:00,5.8,0,0.00
2026-03-27T11:00,8.3,0,0.00
2026-03-27T12:00,11.1,0,0.00
2026-03-27T13:00,13.6,0,0.00
2026-03-27T14:00,15.1,0,0.00
2026-03-27T15:00,17.9,2,0.00
2026-03-27T16:00,18.8,3,0.00
2026-03-27T17:00,18.5,0,0.00
2026-03-27T18:00,18.1,0,0.00
2026-03-27T19:00,17.1,0,0.00
2026-03-27T20:00,16.9,0,0.00
2026-03-27T21:00,14.6,0,0.00
2026-03-27T22:00,12.9,0,0.00
2026-03-27T23:00,11.3,0,0.00
2026-03-28T00:00,10.0,0,0.00
2026-03-28T01:00,8.8,2,0.00
2026-03-28T02:00,7.0,2,0.00
2026-03-28T03:00,6.7,3,0.00
2026-03-28T04:00,5.8,2,0.00
2026-03-28T05:00,5.1,1,0.00
2026-03-28T06:00,4.4,0,0.00
2026-03-28T07:00,3.5,0,0.00
2026-03-28T08:00,2.9,0,0.00
2026-03-28T09:00,3.9,0,0.00
2026-03-28T10:00,6.0,0,0.00
2026-03-28T11:00,8.9,1,0.00
2026-03-28T12:00,11.5,0,0.00
2026-03-28T13:00,13.5,1,0.00
2026-03-28T14:00,15.3,1,0.00
2026-03-28T15:00,16.9,1,0.00
2026-03-28T16:00,17.0,1,0.00
2026-03-28T17:00,16.1,2,0.00
2026-03-28T18:00,16.1,2,0.00
2026-03-28T19:00,15.0,1,0.00
2026-03-28T20:00,13.6,0,0.00
2026-03-28T21:00,12.3,0,0.00
2026-03-28T22:00,11.3,0,0.00
2026-03-28T23:00,10.0,0,0.00
2026-03-29T00:00,8.7,1,0.00
2026-03-29T01:00,7.5,0,0.00
2026-03-29T02:00,6.7,0,0.00
2026-03-29T03:00,5.8,0,0.00
2026-03-29T04:00,4.8,0,0.00
2026-03-29T05:00,3.6,0,0.00
2026-03-29T06:00,2.2,0,0.00
2026-03-29T07:00,1.6,0,0.00
2026-03-29T08:00,1.3,0,0.00
2026-03-29T09:00,2.9,0,0.00
2026-03-29T10:00,5.5,0,0.00
2026-03-29T11:00,6.9,1,0.00
2026-03-29T12:00,7.9,2,0.00
2026-03-29T13:00,9.2,1,0.00
2026-03-29T14:00,11.6,1,0.00
2026-03-29T15:00,12.4,2,0.00
2026-03-29T16:00,12.9,3,0.00
2026-03-29T17:00,12.5,1,0.00
2026-03-29T18:00,11.8,3,0.00
2026-03-29T19:00,10.9,1,0.00
2026-03-29T20:00,10.1,1,0.00
2026-03-29T21:00,8.8,0,0.00
2026-03-29T22:00,7.9,2,0.00
2026-03-29T23:00,7.0,3,0.00
2026-03-30T00:00,6.1,3,0.00
2026-03-30T01:00,5.2,2,0.00
2026-03-30T02:00,4.5,1,0.00
2026-03-30T03:00,3.7,2,0.00
2026-03-30T04:00,3.0,1,0.00
2026-03-30T05:00,1.9,2,0.00
2026-03-30T06:00,1.3,2,0.00
2026-03-30T07:00,1.0,3,0.00
2026-03-30T08:00,0.7,3,0.00
2026-03-30T09:00,1.9,2,0.00
2026-03-30T10:00,5.6,3,0.00
2026-03-30T11:00,8.0,3,0.00
2026-03-30T12:00,10.4,0,0.00
2026-03-30T13:00,13.1,3,0.00
2026-03-30T14:00,14.8,0,0.00
2026-03-30T15:00,18.2,1,0.00
2026-03-30T16:00,19.5,0,0.00
2026-03-30T17:00,19.2,0,0.00
2026-03-30T18:00,18.5,0,0.00
2026-03-30T19:00,17.2,0,0.00
2026-03-30T20:00,16.0,0,0.00
2026-03-30T21:00,14.1,1,0.00
2026-03-30T22:00,13.3,1,0.00
2026-03-30T23:00,12.6,0,0.00
2026-03-31T00:00,11.7,0,0.00
2026-03-31T01:00,10.9,0,0.00
2026-03-31T02:00,10.5,0,0.00
2026-03-31T03:00,10.0,0,0.00
2026-03-31T04:00,9.4,0,0.00
2026-03-31T05:00,8.8,0,0.00
2026-03-31T06:00,7.7,0,0.00
2026-03-31T07:00,7.4,0,0.00
2026-03-31T08:00,6.7,0,0.00
2026-03-31T09:00,8.4,0,0.00
2026-03-31T10:00,11.0,0,0.00
2026-03-31T11:00,12.5,0,0.00
2026-03-31T12:00,14.6,0,0.00
2026-03-31T13:00,16.9,0,0.00
2026-03-31T14:00,19.7,0,0.00
2026-03-31T15:00,20.5,0,0.00
2026-03-31T16:00,20.8,0,0.00
2026-03-31T17:00,20.1,0,0.00
2026-03-31T18:00,19.2,0,0.00
2026-03-31T19:00,17.9,0,0.00
2026-03-31T20:00,16.4,0,0.00
2026-03-31T21:00,14.4,0,0.00
2026-03-31T22:00,12.7,0,0.00
2026-03-31T23:00,11.2,0,0.00
2026-04-01T00:00,9.9,0,0.00
2026-04-01T01:00,9.2,0,0.00
2026-04-01T02:00,8.6,0,0.00
2026-04-01T03:00,7.8,0,0.00
2026-04-01T04:00,7.5,1,0.00
2026-04-01T05:00,7.2,1,0.00
2026-04-01T06:00,6.6,0,0.00
2026-04-01T07:00,6.4,0,0.00
2026-04-01T08:00,6.3,0,0.00
2026-04-01T09:00,7.9,0,0.00
2026-04-01T10:00,10.7,0,0.00
2026-04-01T11:00,13.0,0,0.00
2026-04-01T12:00,14.4,0,0.00
2026-04-01T13:00,16.0,0,0.00
2026-04-01T14:00,17.4,0,0.00
2026-04-01T15:00,19.0,0,0.00
2026-04-01T16:00,19.7,0,0.00
2026-04-01T17:00,19.8,0,0.00
2026-04-01T18:00,19.2,0,0.00
2026-04-01T19:00,18.5,0,0.00
2026-04-01T20:00,16.5,0,0.00
2026-04-01T21:00,14.6,0,0.00
2026-04-01T22:00,13.3,0,0.00
2026-04-01T23:00,11.4,0,0.00
2026-04-02T00:00,10.0,0,0.00
2026-04-02T01:00,8.5,0,0.00
2026-04-02T02:00,6.9,0,0.00
2026-04-02T03:00,6.2,0,0.00
2026-04-02T04:00,5.3,0,0.00
2026-04-02T05:00,4.7,2,0.00
2026-04-02T06:00,4.0,3,0.00
2026-04-02T07:00,3.3,3,0.00
2026-04-02T08:00,3.3,3,0.00
2026-04-02T09:00,4.1,3,0.00
2026-04-02T10:00,7.3,3,0.00
2026-04-02T11:00,9.6,3,0.00
2026-04-02T12:00,11.7,2,0.00
2026-04-02T13:00,14.0,0,0.00
2026-04-02T14:00,15.7,0,0.00
2026-04-02T15:00,18.0,0,0.00
2026-04-02T16:00,18.6,0,0.00
2026-04-02T17:00,19.1,0,0.00
2026-04-02T18:00,18.9,0,0.00
2026-04-02T19:00,17.8,0,0.00
2026-04-02T20:00,16.4,0,0.00
2026-04-02T21:00,14.2,0,0.00
2026-04-02T22:00,12.5,0,0.00
2026-04-02T23:00,11.1,0,0.00
2026-04-03T00:00,9.8,0,0.00
2026-04-03T01:00,8.7,3,0.00
2026-04-03T02:00,7.5,3,0.00
2026-04-03T03:00,6.7,1,0.00
2026-04-03T04:00,6.0,3,0.00
2026-04-03T05:00,5.1,1,0.00
2026-04-03T06:00,4.3,3,0.00
2026-04-03T07:00,3.2,3,0.00
2026-04-03T08:00,2.1,3,0.00
2026-04-03T09:00,3.0,3,0.00
2026-04-03T10:00,6.8,2,0.00
2026-04-03T11:00,10.3,1,0.00
2026-04-03T12:00,13.5,2,0.00
2026-04-03T13:00,16.3,1,0.00
2026-04-03T14:00,17.8,0,0.00
2026-04-03T15:00,20.8,0,0.00
2026-04-03T16:00,21.1,0,0.00
2026-04-03T17:00,21.1,0,0.00
2026-04-03T18:00,21.1,0,0.00
2026-04-03T19:00,20.3,0,0.00
2026-04-03T20:00,19.2,0,0.00
2026-04-03T21:00,17.5,0,0.00
2026-04-03T22:00,16.0,0,0.00
2026-04-03T23:00,14.5,0,0.00
2026-04-04T00:00,13.2,0,0.00
2026-04-04T01:00,12.8,0,0.00
2026-04-04T02:00,10.9,0,0.00
2026-04-04T03:00,9.8,0,0.00
2026-04-04T04:00,9.2,0,0.00
2026-04-04T05:00,8.6,0,0.00
2026-04-04T06:00,7.8,0,0.00
2026-04-04T07:00,7.4,0,0.00
2026-04-04T08:00,6.6,0,0.00
2026-04-04T09:00,7.6,0,0.00
2026-04-04T10:00,11.3,0,0.00
2026-04-04T11:00,15.0,0,0.00
2026-04-04T12:00,18.2,0,0.00
2026-04-04T13:00,20.4,0,0.00
2026-04-04T14:00,21.3,0,0.00
2026-04-04T15:00,23.1,0,0.00
2026-04-04T16:00,23.9,0,0.00
2026-04-04T17:00,24.2,0,0.00
2026-04-04T18:00,23.9,2,0.00
2026-04-04T19:00,23.0,0,0.00
2026-04-04T20:00,21.4,0,0.00
2026-04-04T21:00,19.6,0,0.00
2026-04-04T22:00,18.2,0,0.00
2026-04-04T23:00,17.1,0,0.00
2026-04-05T00:00,15.7,0,0.00
2026-04-05T01:00,14.8,0,0.00
2026-04-05T02:00,14.4,1,0.00
2026-04-05T03:00,13.6,0,0.00
2026-04-05T04:00,12.1,0,0.00
2026-04-05T05:00,11.2,0,0.00
2026-04-05T06:00,10.8,0,0.00
2026-04-05T07:00,10.1,0,0.00
2026-04-05T08:00,8.9,0,0.00
2026-04-05T09:00,10.6,0,0.00
2026-04-05T10:00,15.0,0,0.00
2026-04-05T11:00,18.0,0,0.00
2026-04-05T12:00,20.4,3,0.00
2026-04-05T13:00,22.5,3,0.00
2026-04-05T14:00,23.5,2,0.00
2026-04-05T15:00,24.9,3,0.00
2026-04-05T16:00,25.5,3,0.00
2026-04-05T17:00,25.7,3,0.00
2026-04-05T18:00,25.4,3,0.00
2026-04-05T19:00,24.9,3,0.00
2026-04-05T20:00,23.7,2,0.00
2026-04-05T21:00,20.9,2,0.00
2026-04-05T22:00,19.4,1,0.00
2026-04-05T23:00,18.3,1,0.00
2026-04-06T00:00,17.1,2,0.00
2026-04-06T01:00,15.6,3,0.00
2026-04-06T02:00,14.4,2,0.00
2026-04-06T03:00,14.0,2,0.00
2026-04-06T04:00,13.5,2,0.00
2026-04-06T05:00,13.0,1,0.00
2026-04-06T06:00,12.5,0,0.00
2026-04-06T07:00,11.9,0,0.00
2026-04-06T08:00,11.2,1,0.00
2026-04-06T09:00,12.4,2,0.00
2026-04-06T10:00,15.3,1,0.00
2026-04-06T11:00,17.4,3,0.00
2026-04-06T12:00,19.3,0,0.00
2026-04-06T13:00,21.3,0,0.00
2026-04-06T14:00,22.6,0,0.00
2026-04-06T15:00,24.4,0,0.00
2026-04-06T16:00,25.5,0,0.00
2026-04-06T17:00,26.0,0,0.00
2026-04-06T18:00,26.1,3,0.00
2026-04-06T19:00,25.2,0,0.00
2026-04-06T20:00,23.8,3,0.00
2026-04-06T21:00,22.2,2,0.00
2026-04-06T22:00,21.3,3,0.00
2026-04-06T23:00,19.7,3,0.00
2026-04-07T00:00,18.4,3,0.00
2026-04-07T01:00,17.2,2,0.00
2026-04-07T02:00,16.1,1,0.00
2026-04-07T03:00,14.6,3,0.00
2026-04-07T04:00,14.8,2,0.00
2026-04-07T05:00,13.9,3,0.00
2026-04-07T06:00,13.1,3,0.00
2026-04-07T07:00,12.4,3,0.00
2026-04-07T08:00,12.3,3,0.00
2026-04-07T09:00,12.8,1,0.00
2026-04-07T10:00,14.6,3,0.00
2026-04-07T11:00,17.0,3,0.00
2026-04-07T12:00,17.7,3,0.00
2026-04-07T13:00,18.9,3,0.00
2026-04-07T14:00,18.2,3,0.00
2026-04-07T15:00,19.4,51,0.20
2026-04-07T16:00,17.8,55,1.10
2026-04-07T17:00,18.7,61,1.50
2026-04-07T18:00,18.1,51,0.10
2026-04-07T19:00,17.5,51,0.40
2026-04-07T20:00,14.1,53,0.50
2026-04-07T21:00,13.3,51,0.40
2026-04-07T22:00,13.5,3,0.00
2026-04-07T23:00,13.1,3,0.00
2026-04-08T00:00,12.4,3,0.00
2026-04-08T01:00,12.4,51,0.10
2026-04-08T02:00,11.7,55,1.20
2026-04-08T03:00,11.3,55,1.20
2026-04-08T04:00,11.6,55,1.10
2026-04-08T05:00,11.5,51,0.30
2026-04-08T06:00,11.5,3,0.00
2026-04-08T07:00,11.6,51,0.30
2026-04-08T08:00,11.2,3,0.00
2026-04-08T09:00,11.3,51,0.10
2026-04-08T10:00,12.1,3,0.00
2026-04-08T11:00,13.2,53,0.80
2026-04-08T12:00,13.9,3,0.00
2026-04-08T13:00,16.3,3,0.00
2026-04-08T14:00,13.2,3,0.00
2026-04-08T15:00,13.7,51,0.40
2026-04-08T16:00,16.4,1,0.00
2026-04-08T17:00,16.8,1,0.00
2026-04-08T18:00,16.6,2,0.00
2026-04-08T19:00,15.7,0,0.00
2026-04-08T20:00,12.1,0,0.00
2026-04-08T21:00,10.6,1,0.00
2026-04-08T22:00,10.4,2,0.00
2026-04-08T23:00,10.4,2,0.00
2026-04-09T00:00,10.5,2,0.00
2026-04-09T01:00,10.2,2,0.00
2026-04-09T02:00,8.4,1,0.00
2026-04-09T03:00,8.2,1,0.00
2026-04-09T04:00,8.2,0,0.00
2026-04-09T05:00,8.1,1,0.00
2026-04-09T06:00,8.3,2,0.00
2026-04-09T07:00,8.4,0,0.00
2026-04-09T08:00,8.1,3,0.00
2026-04-09T09:00,9.7,2,0.00
2026-04-09T10:00,13.2,3,0.00
2026-04-09T11:00,17.2,1,0.00
2026-04-09T12:00,20.1,3,0.00
2026-04-09T13:00,21.2,3,0.00
2026-04-09T14:00,22.5,3,0.00
2026-04-09T15:00,23.8,3,0.00
2026-04-09T16:00,24.5,3,0.00
2026-04-09T17:00,25.0,3,0.00
2026-04-09T18:00,24.9,3,0.00
2026-04-09T19:00,24.5,3,0.00
2026-04-09T20:00,22.6,1,0.00
2026-04-09T21:00,19.3,0,0.00
2026-04-09T22:00,17.2,1,0.00
2026-04-09T23:00,16.2,0,0.00
2026-04-10T00:00,16.0,0,0.00
2026-04-10T01:00,15.0,0,0.00
2026-04-10T02:00,15.5,0,0.00
2026-04-10T03:00,14.9,0,0.00
2026-04-10T04:00,14.5,1,0.00
2026-04-10T05:00,13.9,1,0.00
2026-04-10T06:00,13.9,1,0.00
2026-04-10T07:00,13.7,3,0.00
2026-04-10T08:00,14.6,0,0.00
2026-04-10T09:00,15.2,1,0.00
2026-04-10T10:00,17.2,0,0.00
2026-04-10T11:00,20.3,0,0.00
2026-04-10T12:00,22.6,0,0.00
2026-04-10T13:00,24.6,0,0.00
2026-04-10T14:00,24.9,1,0.00
2026-04-10T15:00,26.5,1,0.00
2026-04-10T16:00,27.6,1,0.00
2026-04-10T17:00,27.6,1,0.00
2026-04-10T18:00,27.2,0,0.00
2026-04-10T19:00,26.7,1,0.00
2026-04-10T20:00,24.8,0,0.00
2026-04-10T21:00,21.8,0,0.00
2026-04-10T22:00,20.0,2,0.00
2026-04-10T23:00,18.6,3,0.00
2026-04-11T00:00,18.1,2,0.00
2026-04-11T01:00,17.7,0,0.00
2026-04-11T02:00,17.1,0,0.00
2026-04-11T03:00,15.9,3,0.00
2026-04-11T04:00,16.1,3,0.00
2026-04-11T05:00,14.4,2,0.00
2026-04-11T06:00,13.7,1,0.00
2026-04-11T07:00,13.9,2,0.00
2026-04-11T08:00,13.6,0,0.00
2026-04-11T09:00,15.0,1,0.00
2026-04-11T10:00,18.1,2,0.00
2026-04-11T11:00,20.4,2,0.00
2026-04-11T12:00,22.2,3,0.00
2026-04-11T13:00,23.1,3,0.00
2026-04-11T14:00,21.4,3,0.00
2026-04-11T15:00,20.4,3,0.00
2026-04-11T16:00,21.0,3,0.00
2026-04-11T17:00,20.2,1,0.00
2026-04-11T18:00,21.8,3,0.00
2026-04-11T19:00,21.3,3,0.00
2026-04-11T20:00,19.2,2,0.00
2026-04-11T21:00,17.7,51,0.10
2026-04-11T22:00,15.0,51,0.10
2026-04-11T23:00,14.6,3,0.00
2026-04-12T00:00,14.0,53,0.90
2026-04-12T01:00,12.4,63,3.30
2026-04-12T02:00,13.1,51,0.40
2026-04-12T03:00,12.1,61,2.30
2026-04-12T04:00,11.4,53,0.80
2026-04-12T05:00,10.3,51,0.30
2026-04-12T06:00,9.4,51,0.10
2026-04-12T07:00,9.0,51,0.20
2026-04-12T08:00,10.1,3,0.00
2026-04-12T09:00,10.8,3,0.00
2026-04-12T10:00,12.2,2,0.00
2026-04-12T11:00,14.0,3,0.00
2026-04-12T12:00,14.4,51,0.40
2026-04-12T13:00,14.8,53,0.60
2026-04-12T14:00,12.3,53,0.50
2026-04-12T15:00,14.1,61,1.60
2026-04-12T16:00,14.4,51,0.10
2026-04-12T17:00,15.3,3,0.00
2026-04-12T18:00,13.6,3,0.00
2026-04-12T19:00,12.3,3,0.00
2026-04-12T20:00,11.9,3,0.00
2026-04-12T21:00,11.0,1,0.00
2026-04-12T22:00,10.4,1,0.00
2026-04-12T23:00,9.3,51,0.10
2026-04-13T00:00,8.3,1,0.00
2026-04-13T01:00,7.8,0,0.00
2026-04-13T02:00,6.5,1,0.00
2026-04-13T03:00,6.3,0,0.00
2026-04-13T04:00,5.9,0,0.00
2026-04-13T05:00,5.7,1,0.00
2026-04-13T06:00,5.3,1,0.00
2026-04-13T07:00,4.9,1,0.00
2026-04-13T08:00,5.0,0,0.00
2026-04-13T09:00,6.0,0,0.00
2026-04-13T10:00,6.9,0,0.00
2026-04-13T11:00,8.0,0,0.00
2026-04-13T12:00,9.9,1,0.00
2026-04-13T13:00,11.8,1,0.00
2026-04-13T14:00,12.3,3,0.00
2026-04-13T15:00,12.9,3,0.00
2026-04-13T16:00,13.5,2,0.00
2026-04-13T17:00,13.5,3,0.00
2026-04-13T18:00,13.4,3,0.00
2026-04-13T19:00,13.2,2,0.00
2026-04-13T20:00,12.9,3,0.00
2026-04-13T21:00,11.5,3,0.00
2026-04-13T22:00,10.4,2,0.00
2026-04-13T23:00,10.0,1,0.00
2026-04-14T00:00,9.5,1,0.00
2026-04-14T01:00,9.4,2,0.00
2026-04-14T02:00,8.5,0,0.00
2026-04-14T03:00,8.5,1,0.00
2026-04-14T04:00,8.6,1,0.00
2026-04-14T05:00,8.5,2,0.00
2026-04-14T06:00,8.5,2,0.00
2026-04-14T07:00,8.3,2,0.00
2026-04-14T08:00,8.1,1,0.00
2026-04-14T09:00,9.8,3,0.00
2026-04-14T10:00,11.5,2,0.00
2026-04-14T11:00,13.0,1,0.00
2026-04-14T12:00,14.7,1,0.00
2026-04-14T13:00,16.9,2,0.00
2026-04-14T14:00,18.4,3,0.00
2026-04-14T15:00,19.5,1,0.00
2026-04-14T16:00,20.2,1,0.00
2026-04-14T17:00,20.0,0,0.00
2026-04-14T18:00,20.3,0,0.00
2026-04-14T19:00,20.0,1,0.00
2026-04-14T20:00,19.4,1,0.00
2026-04-14T21:00,16.3,0,0.00
2026-04-14T22:00,15.1,0,0.00
2026-04-14T23:00,14.4,0,0.00
2026-04-15T00:00,13.8,0,0.00
2026-04-15T01:00,12.4,0,0.00
2026-04-15T02:00,12.1,0,0.00
2026-04-15T03:00,11.2,0,0.00
2026-04-15T04:00,10.6,0,0.00
2026-04-15T05:00,9.3,0,0.00
2026-04-15T06:00,8.4,0,0.00
2026-04-15T07:00,7.9,3,0.00
2026-04-15T08:00,7.8,0,0.00
2026-04-15T09:00,10.0,0,0.00
2026-04-15T10:00,13.2,1,0.00
2026-04-15T11:00,16.1,1,0.00
2026-04-15T12:00,18.1,0,0.00
2026-04-15T13:00,19.5,0,0.00
2026-04-15T14:00,20.4,0,0.00
2026-04-15T15:00,21.4,0,0.00
2026-04-15T16:00,22.2,0,0.00
2026-04-15T17:00,22.4,0,0.00
2026-04-15T18:00,22.5,0,0.00
2026-04-15T19:00,21.9,1,0.00
2026-04-15T20:00,20.4,0,0.00
2026-04-15T21:00,18.0,0,0.00
2026-04-15T22:00,16.7,0,0.00
2026-04-15T23:00,15.3,0,0.00
2026-04-16T00:00,13.6,0,0.00
2026-04-16T01:00,12.3,0,0.00
2026-04-16T02:00,11.4,0,0.00
2026-04-16T03:00,10.6,0,0.00
2026-04-16T04:00,9.8,0,0.00
2026-04-16T05:00,9.5,0,0.00
2026-04-16T06:00,9.4,0,0.00
2026-04-16T07:00,9.1,0,0.00
2026-04-16T08:00,8.7,0,0.00
2026-04-16T09:00,11.0,0,0.00
2026-04-16T10:00,14.9,0,0.00
2026-04-16T11:00,18.0,0,0.00
2026-04-16T12:00,20.1,0,0.00
2026-04-16T13:00,21.9,0,0.00
2026-04-16T14:00,22.8,0,0.00
2026-04-16T15:00,24.3,0,0.00
2026-04-16T16:00,24.9,0,0.00
2026-04-16T17:00,25.1,0,0.00
2026-04-16T18:00,24.9,1,0.00
2026-04-16T19:00,24.4,0,0.00
2026-04-16T20:00,23.0,0,0.00
2026-04-16T21:00,20.8,0,0.00
2026-04-16T22:00,19.1,0,0.00
2026-04-16T23:00,17.8,0,0.00
2026-04-17T00:00,16.5,0,0.00
2026-04-17T01:00,15.2,2,0.00
2026-04-17T02:00,13.8,3,0.00
2026-04-17T03:00,12.2,3,0.00
2026-04-17T04:00,11.5,3,0.00
2026-04-17T05:00,11.6,3,0.00
2026-04-17T06:00,11.6,3,0.00
2026-04-17T07:00,11.3,3,0.00
2026-04-17T08:00,10.6,3,0.00
2026-04-17T09:00,12.1,2,0.00
2026-04-17T10:00,15.7,1,0.00
2026-04-17T11:00,18.7,1,0.00
2026-04-17T12:00,21.2,2,0.00
2026-04-17T13:00,23.3,3,0.00
2026-04-17T14:00,24.2,3,0.00
2026-04-17T15:00,25.1,3,0.00
2026-04-17T16:00,25.6,3,0.00
2026-04-17T17:00,25.7,3,0.00
2026-04-17T18:00,25.6,3,0.00
2026-04-17T19:00,25.2,3,0.00
2026-04-17T20:00,24.1,2,0.00
2026-04-17T21:00,21.8,2,0.00
2026-04-17T22:00,20.5,3,0.00
2026-04-17T23:00,19.2,3,0.00
2026-04-18T00:00,18.1,3,0.00
2026-04-18T01:00,17.4,3,0.00
2026-04-18T02:00,16.3,1,0.00
2026-04-18T03:00,14.9,0,0.00
2026-04-18T04:00,13.8,0,0.00
2026-04-18T05:00,13.6,0,0.00
2026-04-18T06:00,13.3,2,0.00
2026-04-18T07:00,12.6,3,0.00
2026-04-18T08:00,12.5,2,0.00
2026-04-18T09:00,14.4,3,0.00
2026-04-18T10:00,17.5,3,0.00
2026-04-18T11:00,20.0,1,0.00
2026-04-18T12:00,22.2,1,0.00
2026-04-18T13:00,24.3,2,0.00
2026-04-18T14:00,25.4,3,0.00
2026-04-18T15:00,26.1,2,0.00
2026-04-18T16:00,26.5,2,0.00
2026-04-18T17:00,26.0,2,0.00
2026-04-18T18:00,26.0,1,0.00
2026-04-18T19:00,25.2,1,0.00
2026-04-18T20:00,24.5,2,0.00
2026-04-18T21:00,22.3,1,0.00
2026-04-18T22:00,20.1,1,0.00
2026-04-18T23:00,19.5,0,0.00
2026-04-19T00:00,18.3,0,0.00
2026-04-19T01:00,17.5,0,0.00
2026-04-19T02:00,17.7,1,0.00
2026-04-19T03:00,16.4,0,0.00
2026-04-19T04:00,15.6,0,0.00
2026-04-19T05:00,14.7,0,0.00
2026-04-19T06:00,13.9,0,0.00
2026-04-19T07:00,13.2,0,0.00
2026-04-19T08:00,13.4,0,0.00
2026-04-19T09:00,15.1,0,0.00
2026-04-19T10:00,17.9,0,0.00
2026-04-19T11:00,20.4,0,0.00
2026-04-19T12:00,22.5,0,0.00
2026-04-19T13:00,24.5,0,0.00
2026-04-19T14:00,25.5,0,0.00
2026-04-19T15:00,26.4,1,0.00
2026-04-19T16:00,26.7,0,0.00
2026-04-19T17:00,26.9,1,0.00
2026-04-19T18:00,26.2,1,0.00
2026-04-19T19:00,25.4,1,0.00
2026-04-19T20:00,24.3,1,0.00
2026-04-19T21:00,22.5,3,0.00
2026-04-19T22:00,20.6,3,0.00
2026-04-19T23:00,19.8,1,0.00
2026-04-20T00:00,18.5,0,0.00
2026-04-20T01:00,17.5,0,0.00
2026-04-20T02:00,15.9,0,0.00
2026-04-20T03:00,15.3,0,0.00
2026-04-20T04:00,14.3,0,0.00
2026-04-20T05:00,13.4,0,0.00
2026-04-20T06:00,12.9,0,0.00
2026-04-20T07:00,12.0,0,0.00
2026-04-20T08:00,11.8,0,0.00
2026-04-20T09:00,13.8,0,0.00
2026-04-20T10:00,17.5,3,0.00
2026-04-20T11:00,20.3,2,0.00
2026-04-20T12:00,22.9,1,0.00
2026-04-20T13:00,25.0,2,0.00
2026-04-20T14:00,25.7,1,0.00
2026-04-20T15:00,26.8,1,0.00
2026-04-20T16:00,27.4,3,0.00
2026-04-20T17:00,27.0,3,0.00
2026-04-20T18:00,25.8,3,0.00
2026-04-20T19:00,25.4,3,0.00
2026-04-20T20:00,24.4,1,0.00
2026-04-20T21:00,22.4,2,0.00
2026-04-20T22:00,20.8,3,0.00
2026-04-20T23:00,19.1,3,0.00
2026-04-21T00:00,17.9,3,0.00
2026-04-21T01:00,16.7,2,0.00
2026-04-21T02:00,14.8,1,0.00
2026-04-21T03:00,14.2,3,0.00
2026-04-21T04:00,13.7,3,0.00
2026-04-21T05:00,13.0,3,0.00
2026-04-21T06:00,12.2,3,0.00
2026-04-21T07:00,11.6,3,0.00
2026-04-21T08:00,11.7,3,0.00
2026-04-21T09:00,13.9,3,0.00
2026-04-21T10:00,17.4,2,0.00
2026-04-21T11:00,20.2,1,0.00
2026-04-21T12:00,22.6,3,0.00
2026-04-21T13:00,24.8,3,0.00
2026-04-21T14:00,25.5,3,0.00
2026-04-21T15:00,25.6,3,0.00
2026-04-21T16:00,26.3,2,0.00
2026-04-21T17:00,25.7,3,0.00
2026-04-21T18:00,25.2,3,0.00
2026-04-21T19:00,19.6,53,0.90
2026-04-21T20:00,18.3,3,0.00
2026-04-21T21:00,18.9,3,0.00
2026-04-21T22:00,18.4,3,0.00
2026-04-21T23:00,17.8,3,0.00
2026-04-22T00:00,17.0,3,0.00
2026-04-22T01:00,16.9,2,0.00
2026-04-22T02:00,16.9,3,0.00
2026-04-22T03:00,16.5,3,0.00
2026-04-22T04:00,16.2,3,0.00
2026-04-22T05:00,14.9,3,0.00
2026-04-22T06:00,13.6,3,0.00
2026-04-22T07:00,12.7,0,0.00
2026-04-22T08:00,12.3,0,0.00
2026-04-22T09:00,13.5,0,0.00
2026-04-22T10:00,15.4,0,0.00
2026-04-22T11:00,17.5,0,0.00
2026-04-22T12:00,18.9,0,0.00
2026-04-22T13:00,20.0,1,0.00
2026-04-22T14:00,20.4,3,0.00
2026-04-22T15:00,21.5,3,0.00
2026-04-22T16:00,22.2,2,0.00
2026-04-22T17:00,22.5,1,0.00
2026-04-22T18:00,22.5,0,0.00
2026-04-22T19:00,22.1,0,0.00
2026-04-22T20:00,21.4,3,0.00
2026-04-22T21:00,19.6,2,0.00
2026-04-22T22:00,17.9,0,0.00
2026-04-22T23:00,16.6,0,0.00
2026-04-23T00:00,15.9,0,0.00
2026-04-23T01:00,14.8,1,0.00
2026-04-23T02:00,12.7,3,0.00
2026-04-23T03:00,12.4,3,0.00
2026-04-23T04:00,12.4,3,0.00
2026-04-23T05:00,12.4,3,0.00
2026-04-23T06:00,12.4,3,0.00
2026-04-23T07:00,12.3,3,0.00
2026-04-23T08:00,12.1,3,0.00
2026-04-23T09:00,14.2,3,0.00
2026-04-23T10:00,16.4,3,0.00
2026-04-23T11:00,18.5,3,0.00
2026-04-23T12:00,20.7,3,0.00
2026-04-23T13:00,22.7,3,0.00
2026-04-23T14:00,23.4,3,0.00
2026-04-23T15:00,24.9,3,0.00
2026-04-23T16:00,26.0,3,0.00
2026-04-23T17:00,26.6,3,0.00
2026-04-23T18:00,26.6,3,0.00
2026-04-23T19:00,23.0,51,0.10
2026-04-23T20:00,24.2,51,0.40
2026-04-23T21:00,22.5,2,0.00
2026-04-23T22:00,21.6,3,0.00
2026-04-23T23:00,19.1,3,0.00
2026-04-24T00:00,17.4,3,0.00
2026-04-24T01:00,15.6,63,2.90
2026-04-24T02:00,15.1,51,0.10
2026-04-24T03:00,15.1,55,1.00
2026-04-24T04:00,14.2,53,0.90
2026-04-24T05:00,13.1,53,0.70
2026-04-24T06:00,12.4,51,0.10
2026-04-24T07:00,11.8,3,0.00
2026-04-24T08:00,12.5,3,0.00
2026-04-24T09:00,13.5,51,0.20
2026-04-24T10:00,14.5,3,0.00
2026-04-24T11:00,15.8,3,0.00
2026-04-24T12:00,17.8,3,0.00
2026-04-24T13:00,19.0,3,0.00
2026-04-24T14:00,18.5,3,0.00
2026-04-24T15:00,19.8,3,0.00
2026-04-24T16:00,21.0,51,0.10
2026-04-24T17:00,21.6,3,0.00
2026-04-24T18:00,21.9,3,0.00
2026-04-24T19:00,21.7,3,0.00
2026-04-24T20:00,21.0,3,0.00
2026-04-24T21:00,18.7,51,0.20
2026-04-24T22:00,17.8,3,0.00
2026-04-24T23:00,17.1,51,0.30
2026-04-25T00:00,16.4,3,0.00
2026-04-25T01:00,15.6,3,0.00
2026-04-25T02:00,15.7,3,0.00
2026-04-25T03:00,15.3,3,0.00
2026-04-25T04:00,15.0,3,0.00
2026-04-25T05:00,14.7,51,0.20
2026-04-25T06:00,13.7,51,0.20
2026-04-25T07:00,13.1,3,0.00
2026-04-25T08:00,13.7,3,0.00
2026-04-25T09:00,14.5,51,0.10
2026-04-25T10:00,15.8,3,0.00
2026-04-25T11:00,18.1,51,0.10
2026-04-25T12:00,19.8,51,0.10
2026-04-25T13:00,21.6,3,0.00
2026-04-25T14:00,21.9,3,0.00
2026-04-25T15:00,22.5,3,0.00
2026-04-25T16:00,23.0,3,0.00
2026-04-25T17:00,23.0,1,0.00
2026-04-25T18:00,23.5,2,0.00
2026-04-25T19:00,21.6,3,0.00
2026-04-25T20:00,15.8,65,7.60
2026-04-25T21:00,15.8,51,0.20
2026-04-25T22:00,15.5,3,0.00
2026-04-25T23:00,15.5,2,0.00
2026-04-26T00:00,15.2,0,0.00
2026-04-26T01:00,14.6,0,0.00
2026-04-26T02:00,14.1,2,0.00
2026-04-26T03:00,13.9,1,0.00
2026-04-26T04:00,13.9,0,0.00
2026-04-26T05:00,13.6,0,0.00
2026-04-26T06:00,13.3,0,0.00
2026-04-26T07:00,12.8,0,0.00
2026-04-26T08:00,13.2,0,0.00
2026-04-26T09:00,15.2,0,0.00
2026-04-26T10:00,17.9,0,0.00
2026-04-26T11:00,19.9,0,0.00
2026-04-26T12:00,21.7,0,0.00
2026-04-26T13:00,23.3,0,0.00
2026-04-26T14:00,23.4,0,0.00
2026-04-26T15:00,24.8,0,0.00
2026-04-26T16:00,25.6,1,0.00
2026-04-26T17:00,26.0,1,0.00
2026-04-26T18:00,25.4,1,0.00
2026-04-26T19:00,25.1,3,0.00
2026-04-26T20:00,23.8,3,0.00
2026-04-26T21:00,22.3,3,0.00
2026-04-26T22:00,21.1,2,0.00
2026-04-26T23:00,20.5,2,0.00
2026-04-27T00:00,18.7,2,0.00
2026-04-27T01:00,18.1,3,0.00
2026-04-27T02:00,17.6,1,0.00
2026-04-27T03:00,16.7,0,0.00
2026-04-27T04:00,15.7,0,0.00
2026-04-27T05:00,14.6,0,0.00
2026-04-27T06:00,13.5,0,0.00
2026-04-27T07:00,12.9,0,0.00
2026-04-27T08:00,13.2,0,0.00
2026-04-27T09:00,15.5,0,0.00
2026-04-27T10:00,18.4,0,0.00
2026-04-27T11:00,20.7,1,0.00
2026-04-27T12:00,22.4,2,0.00
2026-04-27T13:00,23.8,3,0.00
2026-04-27T14:00,23.9,2,0.00
2026-04-27T15:00,25.4,1,0.00
2026-04-27T16:00,26.1,1,0.00
2026-04-27T17:00,26.4,0,0.00
2026-04-27T18:00,26.2,0,0.00
2026-04-27T19:00,25.6,0,0.00
2026-04-27T20:00,24.6,3,0.00
2026-04-27T21:00,23.3,3,0.00
2026-04-27T22:00,22.2,3,0.00
2026-04-27T23:00,21.3,3,0.00
2026-04-28T00:00,20.1,3,0.00
2026-04-28T01:00,18.3,3,0.00
2026-04-28T02:00,17.0,3,0.00
2026-04-28T03:00,16.1,3,0.00
2026-04-28T04:00,15.4,3,0.00
2026-04-28T05:00,14.8,3,0.00
2026-04-28T06:00,14.4,3,0.00
2026-04-28T07:00,13.7,1,0.00
2026-04-28T08:00,13.1,0,0.00
2026-04-28T09:00,15.0,0,0.00
2026-04-28T10:00,17.6,0,0.00
2026-04-28T11:00,19.2,2,0.00
2026-04-28T12:00,20.7,0,0.00
2026-04-28T13:00,22.3,2,0.00
2026-04-28T14:00,22.6,0,0.00
2026-04-28T15:00,24.0,0,0.00
2026-04-28T16:00,25.0,0,0.00
2026-04-28T17:00,25.5,1,0.00
2026-04-28T18:00,25.7,3,0.00
2026-04-28T19:00,25.0,3,0.00
2026-04-28T20:00,23.1,3,0.00
2026-04-28T21:00,20.0,3,0.00
2026-04-28T22:00,19.0,3,0.00
2026-04-28T23:00,17.8,3,0.00
2026-04-29T00:00,17.0,51,0.10
2026-04-29T01:00,15.9,3,0.00
2026-04-29T02:00,16.1,2,0.00
2026-04-29T03:00,15.4,3,0.00
2026-04-29T04:00,15.1,3,0.00
2026-04-29T05:00,14.8,3,0.00
2026-04-29T06:00,14.8,3,0.00
2026-04-29T07:00,14.3,51,0.10
2026-04-29T08:00,14.0,51,0.10
2026-04-29T09:00,14.3,53,0.50
2026-04-29T10:00,15.6,51,0.10
2026-04-29T11:00,16.1,51,0.10
2026-04-29T12:00,16.2,53,0.50
2026-04-29T13:00,17.7,3,0.00
2026-04-29T14:00,16.8,51,0.10
2026-04-29T15:00,15.1,63,2.60
2026-04-29T16:00,14.9,63,2.70
2026-04-29T17:00,16.6,2,0.00
2026-04-29T18:00,17.9,3,0.00
2026-04-29T19:00,15.8,53,0.90
2026-04-29T20:00,14.7,2,0.00
2026-04-29T21:00,14.1,51,0.40
2026-04-29T22:00,13.2,55,1.00
2026-04-29T23:00,12.7,51,0.30
2026-04-30T00:00,12.7,2,0.00
2026-04-30T01:00,12.4,51,0.10
2026-04-30T02:00,12.4,1,0.00
2026-04-30T03:00,12.1,1,0.00
2026-04-30T04:00,11.1,0,0.00
2026-04-30T05:00,10.4,0,0.00
2026-04-30T06:00,10.0,0,0.00
2026-04-30T07:00,9.7,0,0.00
2026-04-30T08:00,10.4,0,0.00
2026-04-30T09:00,11.9,0,0.00
2026-04-30T10:00,13.7,0,0.00
2026-04-30T11:00,15.4,1,0.00
2026-04-30T12:00,16.7,3,0.00
2026-04-30T13:00,17.1,3,0.00
2026-04-30T14:00,18.0,3,0.00
2026-04-30T15:00,18.7,3,0.00
2026-04-30T16:00,19.6,3,0.00
2026-04-30T17:00,19.8,3,0.00
2026-04-30T18:00,20.1,2,0.00
2026-04-30T19:00,19.7,3,0.00
2026-04-30T20:00,19.0,3,0.00
2026-04-30T21:00,16.5,3,0.00
2026-04-30T22:00,15.3,3,0.00
2026-04-30T23:00,14.9,3,0.00
2026-05-01T00:00,14.0,2,0.00
2026-05-01T01:00,13.0,3,0.00
2026-05-01T02:00,11.9,3,0.00
2026-05-01T03:00,11.8,3,0.00
2026-05-01T04:00,10.9,2,0.00
2026-05-01T05:00,10.4,1,0.00
2026-05-01T06:00,9.9,0,0.00
2026-05-01T07:00,9.9,0,0.00
2026-05-01T08:00,9.8,0,0.00
2026-05-01T09:00,12.3,0,0.00
2026-05-01T10:00,15.2,0,0.00
2026-05-01T11:00,17.4,1,0.00
2026-05-01T12:00,19.2,1,0.00
2026-05-01T13:00,20.4,2,0.00
2026-05-01T14:00,21.1,1,0.00
2026-05-01T15:00,22.2,0,0.00
2026-05-01T16:00,22.8,0,0.00
2026-05-01T17:00,23.0,1,0.00
2026-05-01T18:00,22.8,0,0.00
2026-05-01T19:00,22.5,2,0.00
2026-05-01T20:00,22.1,2,0.00
2026-05-01T21:00,19.7,3,0.00
2026-05-01T22:00,17.7,3,0.00
2026-05-01T23:00,17.4,3,0.00
2026-05-02T00:00,16.8,3,0.00
2026-05-02T01:00,16.0,3,0.00
2026-05-02T02:00,15.8,3,0.00
2026-05-02T03:00,15.1,3,0.00
2026-05-02T04:00,14.2,3,0.00
2026-05-02T05:00,13.5,3,0.00
2026-05-02T06:00,13.5,3,0.00
2026-05-02T07:00,13.6,53,0.70
2026-05-02T08:00,13.9,53,0.70
2026-05-02T09:00,13.6,51,0.30
2026-05-02T10:00,13.7,3,0.00
2026-05-02T11:00,13.4,55,1.20
2026-05-02T12:00,14.1,51,0.40
2026-05-02T13:00,13.7,53,0.70
2026-05-02T14:00,16.6,63,3.40
2026-05-02T15:00,17.8,51,0.10
2026-05-02T16:00,17.7,51,0.20
2026-05-02T17:00,15.9,61,1.60
2026-05-02T18:00,17.7,51,0.10
2026-05-02T19:00,17.7,51,0.10
2026-05-02T20:00,16.4,53,0.70
2026-05-02T21:00,15.4,1,0.00
2026-05-02T22:00,14.1,3,0.00
2026-05-02T23:00,13.3,3,0.00
2026-05-03T00:00,12.7,3,0.00
2026-05-03T01:00,12.3,3,0.00
2026-05-03T02:00,12.9,3,0.00
2026-05-03T03:00,12.8,3,0.00
2026-05-03T04:00,12.2,3,0.00
2026-05-03T05:00,12.1,3,0.00
2026-05-03T06:00,11.6,53,0.60
2026-05-03T07:00,11.2,63,3.10
2026-05-03T08:00,11.7,61,1.70
2026-05-03T09:00,12.6,53,0.80
2026-05-03T10:00,13.1,51,0.30
2026-05-03T11:00,15.1,3,0.00
2026-05-03T12:00,16.5,51,0.10
2026-05-03T13:00,17.0,3,0.00
2026-05-03T14:00,17.9,53,0.60
2026-05-03T15:00,17.4,51,0.10
2026-05-03T16:00,18.2,3,0.00
2026-05-03T17:00,18.2,2,0.00
2026-05-03T18:00,18.5,3,0.00
2026-05-03T19:00,17.5,3,0.00
2026-05-03T20:00,16.7,3,0.00
2026-05-03T21:00,15.4,3,0.00
2026-05-03T22:00,14.5,3,0.00
2026-05-03T23:00,13.8,2,0.00
2026-05-04T00:00,13.0,3,0.00
2026-05-04T01:00,12.4,1,0.00
2026-05-04T02:00,12.7,1,0.00
2026-05-04T03:00,11.4,0,0.00
2026-05-04T04:00,10.4,0,0.00
2026-05-04T05:00,9.3,0,0.00
2026-05-04T06:00,8.7,0,0.00
2026-05-04T07:00,8.2,0,0.00
2026-05-04T08:00,8.9,0,0.00
2026-05-04T09:00,10.8,0,0.00
2026-05-04T10:00,13.2,1,0.00
2026-05-04T11:00,14.4,51,0.10
2026-05-04T12:00,14.7,51,0.10
2026-05-04T13:00,15.8,51,0.40
2026-05-04T14:00,16.8,51,0.30
2026-05-04T15:00,17.7,0,0.00
2026-05-04T16:00,18.0,1,0.00
2026-05-04T17:00,18.1,1,0.00
2026-05-04T18:00,17.4,1,0.00
2026-05-04T19:00,16.4,1,0.00
2026-05-04T20:00,14.9,51,0.10
2026-05-04T21:00,13.4,1,0.00
2026-05-04T22:00,12.2,2,0.00
2026-05-04T23:00,11.9,1,0.00
2026-05-05T00:00,11.4,1,0.00
2026-05-05T01:00,11.4,2,0.00
2026-05-05T02:00,12.0,0,0.00
2026-05-05T03:00,11.0,0,0.00
2026-05-05T04:00,10.2,2,0.00
2026-05-05T05:00,10.0,3,0.00
2026-05-05T06:00,9.5,1,0.00
2026-05-05T07:00,9.3,2,0.00
2026-05-05T08:00,10.2,3,0.00
2026-05-05T09:00,11.3,0,0.00
2026-05-05T10:00,12.3,0,0.00
2026-05-05T11:00,13.5,51,0.10
2026-05-05T12:00,14.5,51,0.10
2026-05-05T13:00,15.8,51,0.10
2026-05-05T14:00,16.7,1,0.00
2026-05-05T15:00,17.4,1,0.00
2026-05-05T16:00,17.7,0,0.00
2026-05-05T17:00,18.4,1,0.00
2026-05-05T18:00,17.4,51,0.10
2026-05-05T19:00,16.3,0,0.00
2026-05-05T20:00,15.3,0,0.00
2026-05-05T21:00,14.0,0,0.00
2026-05-05T22:00,12.5,0,0.00
2026-05-05T23:00,11.6,0,0.00
2026-05-06T00:00,10.9,0,0.00
2026-05-06T01:00,10.0,0,0.00
2026-05-06T02:00,8.7,0,0.00
2026-05-06T03:00,8.3,0,0.00
2026-05-06T04:00,7.7,0,0.00
2026-05-06T05:00,7.0,0,0.00
2026-05-06T06:00,6.4,0,0.00
2026-05-06T07:00,5.9,0,0.00
2026-05-06T08:00,6.5,0,0.00
2026-05-06T09:00,9.0,0,0.00
2026-05-06T10:00,11.6,0,0.00
2026-05-06T11:00,13.7,0,0.00
2026-05-06T12:00,15.7,1,0.00
2026-05-06T13:00,16.8,3,0.00
2026-05-06T14:00,16.5,3,0.00
2026-05-06T15:00,17.8,3,0.00
2026-05-06T16:00,18.5,1,0.00
2026-05-06T17:00,19.1,1,0.00
2026-05-06T18:00,19.1,1,0.00
2026-05-06T19:00,18.8,2,0.00
2026-05-06T20:00,18.1,0,0.00
2026-05-06T21:00,16.2,0,0.00
2026-05-06T22:00,14.6,0,0.00
2026-05-06T23:00,13.2,0,0.00
2026-05-07T00:00,11.9,0,0.00
2026-05-07T01:00,11.4,0,0.00
2026-05-07T02:00,11.9,0,0.00
2026-05-07T03:00,11.1,51,0.10
2026-05-07T04:00,10.8,3,0.00
2026-05-07T05:00,10.4,51,0.20
2026-05-07T06:00,10.0,3,0.00
2026-05-07T07:00,10.2,3,0.00
2026-05-07T08:00,10.6,3,0.00
2026-05-07T09:00,11.7,3,0.00
2026-05-07T10:00,12.9,2,0.00
2026-05-07T11:00,14.6,3,0.00
2026-05-07T12:00,15.8,51,0.10
2026-05-07T13:00,17.3,3,0.00
2026-05-07T14:00,15.3,3,0.00
2026-05-07T15:00,12.2,63,3.80
2026-05-07T16:00,12.9,55,1.00
2026-05-07T17:00,15.8,0,0.00
2026-05-07T18:00,16.8,0,0.00
2026-05-07T19:00,16.7,51,0.40
2026-05-07T20:00,11.3,51,0.10
2026-05-07T21:00,11.5,51,0.20
2026-05-07T22:00,10.4,0,0.00
2026-05-07T23:00,10.2,0,0.00
2026-05-08T00:00,10.1,2,0.00
2026-05-08T01:00,9.6,3,0.00
2026-05-08T02:00,10.6,3,0.00
2026-05-08T03:00,10.0,3,0.00
2026-05-08T04:00,9.6,3,0.00
2026-05-08T05:00,9.3,3,0.00
2026-05-08T06:00,8.9,3,0.00
2026-05-08T07:00,9.2,3,0.00
2026-05-08T08:00,9.4,3,0.00
2026-05-08T09:00,9.9,3,0.00
2026-05-08T10:00,10.6,63,6.20
2026-05-08T11:00,10.7,63,4.60
2026-05-08T12:00,11.8,51,0.20
2026-05-08T13:00,12.3,51,0.10
2026-05-08T14:00,13.7,51,0.10
2026-05-08T15:00,15.0,51,0.10
2026-05-08T16:00,16.9,51,0.10
2026-05-08T17:00,16.7,2,0.00
2026-05-08T18:00,16.6,51,0.10
2026-05-08T19:00,17.0,2,0.00
2026-05-08T20:00,17.0,0,0.00
2026-05-08T21:00,15.1,0,0.00
2026-05-08T22:00,13.5,0,0.00
2026-05-08T23:00,12.5,2,0.00
2026-05-09T00:00,11.8,3,0.00
2026-05-09T01:00,11.4,3,0.00
2026-05-09T02:00,12.0,3,0.00
2026-05-09T03:00,11.8,3,0.00
2026-05-09T04:00,11.9,3,0.00
2026-05-09T05:00,11.7,3,0.00
2026-05-09T06:00,11.7,3,0.00
2026-05-09T07:00,11.4,3,0.00
2026-05-09T08:00,10.7,51,0.40
2026-05-09T09:00,11.4,3,0.00
2026-05-09T10:00,12.5,51,0.10
2026-05-09T11:00,14.1,53,0.90
2026-05-09T12:00,15.3,51,0.10
2026-05-09T13:00,16.6,51,0.10
2026-05-09T14:00,12.2,61,1.40
2026-05-09T15:00,14.3,51,0.40
2026-05-09T16:00,16.7,51,0.10
2026-05-09T17:00,13.5,63,6.40
2026-05-09T18:00,14.2,51,0.20
2026-05-09T19:00,14.4,61,2.00
2026-05-09T20:00,11.8,51,0.40
2026-05-09T21:00,11.3,51,0.20
2026-05-09T22:00,10.2,51,0.10
2026-05-09T23:00,9.8,61,1.40
2026-05-10T00:00,9.8,51,0.10
2026-05-10T01:00,9.4,53,0.60
2026-05-10T02:00,10.3,61,1.40
2026-05-10T03:00,10.0,2,0.00
2026-05-10T04:00,9.7,51,0.10
2026-05-10T05:00,10.1,51,0.10
2026-05-10T06:00,9.6,51,0.10
2026-05-10T07:00,9.6,51,0.30
2026-05-10T08:00,9.4,53,0.50
2026-05-10T09:00,11.1,51,0.10
2026-05-10T10:00,11.9,51,0.10
2026-05-10T11:00,13.2,51,0.20
2026-05-10T12:00,11.1,61,1.70
2026-05-10T13:00,14.2,53,0.70
2026-05-10T14:00,11.3,63,3.00
2026-05-10T15:00,12.8,61,1.80
2026-05-10T16:00,13.8,51,0.30
2026-05-10T17:00,13.5,53,0.60
2026-05-10T18:00,13.9,51,0.30
2026-05-10T19:00,14.1,1,0.00
2026-05-10T20:00,13.2,1,0.00
2026-05-10T21:00,12.1,0,0.00
2026-05-10T22:00,11.0,0,0.00
2026-05-10T23:00,10.0,0,0.00
2026-05-11T00:00,9.4,0,0.00
2026-05-11T01:00,8.9,0,0.00
2026-05-11T02:00,9.5,2,0.00
2026-05-11T03:00,8.8,3,0.00
2026-05-11T04:00,8.4,1,0.00
2026-05-11T05:00,8.4,1,0.00
2026-05-11T06:00,8.2,0,0.00
2026-05-11T07:00,8.0,1,0.00
2026-05-11T08:00,9.0,1,0.00
2026-05-11T09:00,10.5,1,0.00
2026-05-11T10:00,12.1,2,0.00
2026-05-11T11:00,12.8,51,0.10
2026-05-11T12:00,13.8,51,0.10
2026-05-11T13:00,15.3,51,0.10
2026-05-11T14:00,15.5,51,0.10
2026-05-11T15:00,16.4,51,0.10
2026-05-11T16:00,17.3,1,0.00
2026-05-11T17:00,17.6,1,0.00
2026-05-11T18:00,17.5,3,0.00
2026-05-11T19:00,16.8,1,0.00
2026-05-11T20:00,16.4,0,0.00
2026-05-11T21:00,14.5,0,0.00
2026-05-11T22:00,12.6,0,0.00
2026-05-11T23:00,11.6,0,0.00
2026-05-12T00:00,10.9,0,0.00
2026-05-12T01:00,10.5,0,0.00
2026-05-12T02:00,10.4,3,0.00
2026-05-12T03:00,9.9,1,0.00
2026-05-12T04:00,10.1,1,0.00
2026-05-12T05:00,9.7,1,0.00
2026-05-12T06:00,8.7,51,0.20
2026-05-12T07:00,8.4,51,0.10
2026-05-12T08:00,10.2,51,0.10
2026-05-12T09:00,11.0,53,0.50
2026-05-12T10:00,11.1,53,0.70
2026-05-12T11:00,13.8,0,0.00
2026-05-12T12:00,15.5,1,0.00
2026-05-12T13:00,16.6,1,0.00
2026-05-12T14:00,16.4,51,0.20
2026-05-12T15:00,16.6,51,0.10
2026-05-12T16:00,14.3,53,0.80
2026-05-12T17:00,16.3,2,0.00
2026-05-12T18:00,17.4,2,0.00
2026-05-12T19:00,13.0,53,0.80
2026-05-12T20:00,13.1,51,0.40
2026-05-12T21:00,11.4,53,0.50
2026-05-12T22:00,10.6,51,0.10
2026-05-12T23:00,10.2,1,0.00
2026-05-13T00:00,9.8,1,0.00
2026-05-13T01:00,9.6,1,0.00
2026-05-13T02:00,10.1,1,0.00
2026-05-13T03:00,10.1,1,0.00
2026-05-13T04:00,10.3,2,0.00
2026-05-13T05:00,10.0,1,0.00
2026-05-13T06:00,9.5,1,0.00
2026-05-13T07:00,8.7,1,0.00
2026-05-13T08:00,10.8,2,0.00
2026-05-13T09:00,12.4,2,0.00
2026-05-13T10:00,13.9,1,0.00
2026-05-13T11:00,15.6,1,0.00
2026-05-13T12:00,16.5,51,0.30
2026-05-13T13:00,17.4,51,0.20
2026-05-13T14:00,18.7,51,0.20
2026-05-13T15:00,19.0,51,0.10
2026-05-13T16:00,19.1,51,0.10
2026-05-13T17:00,19.0,51,0.10
2026-05-13T18:00,19.4,2,0.00
2026-05-13T19:00,17.9,3,0.00
2026-05-13T20:00,15.5,51,0.40
2026-05-13T21:00,14.1,51,0.10
2026-05-13T22:00,13.0,1,0.00
2026-05-13T23:00,12.5,0,0.00
2026-05-14T00:00,11.6,0,0.00
2026-05-14T01:00,10.7,0,0.00
2026-05-14T02:00,11.6,0,0.00
2026-05-14T03:00,11.0,0,0.00
2026-05-14T04:00,10.4,0,0.00
2026-05-14T05:00,9.6,0,0.00
2026-05-14T06:00,9.6,0,0.00
2026-05-14T07:00,9.6,0,0.00
2026-05-14T08:00,11.2,0,0.00
2026-05-14T09:00,13.4,0,0.00
2026-05-14T10:00,14.6,0,0.00
2026-05-14T11:00,15.9,0,0.00
2026-05-14T12:00,17.1,0,0.00
2026-05-14T13:00,18.2,0,0.00
2026-05-14T14:00,19.6,0,0.00
2026-05-14T15:00,19.9,0,0.00
2026-05-14T16:00,20.1,0,0.00
2026-05-14T17:00,20.0,0,0.00
2026-05-14T18:00,19.1,0,0.00
2026-05-14T19:00,18.6,0,0.00
2026-05-14T20:00,18.0,0,0.00
2026-05-14T21:00,15.9,0,0.00
2026-05-14T22:00,14.1,0,0.00
2026-05-14T23:00,12.7,1,0.00
2026-05-15T00:00,12.8,1,0.00
2026-05-15T01:00,12.5,1,0.00
2026-05-15T02:00,12.2,1,0.00
2026-05-15T03:00,11.8,1,0.00
2026-05-15T04:00,10.6,1,0.00
2026-05-15T05:00,9.6,1,0.00
2026-05-15T06:00,9.0,2,0.00
2026-05-15T07:00,9.0,2,0.00
2026-05-15T08:00,9.6,2,0.00
2026-05-15T09:00,10.6,3,0.00
2026-05-15T10:00,10.7,2,0.00
2026-05-15T11:00,11.0,3,0.00
2026-05-15T12:00,12.3,1,0.00
2026-05-15T13:00,13.9,51,0.10
2026-05-15T14:00,13.6,51,0.10
2026-05-15T15:00,14.0,51,0.40
2026-05-15T16:00,15.3,0,0.00
2026-05-15T17:00,15.8,1,0.00
2026-05-15T18:00,16.1,0,0.00
2026-05-15T19:00,15.8,1,0.00
2026-05-15T20:00,14.7,0,0.00
2026-05-15T21:00,13.3,0,0.00
2026-05-15T22:00,11.5,0,0.00
2026-05-15T23:00,10.8,0,0.00
2026-05-16T00:00,9.8,0,0.00
2026-05-16T01:00,9.0,0,0.00
2026-05-16T02:00,8.0,0,0.00
2026-05-16T03:00,7.3,0,0.00
2026-05-16T04:00,6.9,0,0.00
2026-05-16T05:00,6.2,0,0.00
2026-05-16T06:00,5.8,0,0.00
2026-05-16T07:00,5.4,0,0.00
2026-05-16T08:00,6.3,0,0.00
2026-05-16T09:00,8.2,0,0.00
2026-05-16T10:00,10.5,0,0.00
2026-05-16T11:00,12.2,0,0.00
2026-05-16T12:00,13.8,0,0.00
2026-05-16T13:00,15.3,0,0.00
2026-05-16T14:00,17.5,0,0.00
2026-05-16T15:00,18.3,0,0.00
2026-05-16T16:00,19.2,0,0.00
2026-05-16T17:00,20.0,2,0.00
2026-05-16T18:00,20.9,3,0.00
2026-05-16T19:00,20.5,3,0.00
2026-05-16T20:00,18.9,3,0.00
2026-05-16T21:00,17.2,3,0.00
2026-05-16T22:00,15.5,3,0.00
2026-05-16T23:00,14.9,3,0.00
2026-05-17T00:00,13.7,3,0.00
2026-05-17T01:00,11.8,0,0.00
2026-05-17T02:00,11.3,0,0.00
2026-05-17T03:00,11.2,0,0.00
2026-05-17T04:00,10.1,0,0.00
2026-05-17T05:00,9.6,0,0.00
2026-05-17T06:00,9.2,1,0.00
2026-05-17T07:00,8.9,3,0.00
2026-05-17T08:00,10.0,3,0.00
2026-05-17T09:00,11.5,3,0.00
2026-05-17T10:00,13.8,3,0.00
2026-05-17T11:00,15.7,3,0.00
2026-05-17T12:00,17.8,2,0.00
2026-05-17T13:00,19.6,2,0.00
2026-05-17T14:00,21.3,3,0.00
2026-05-17T15:00,21.5,3,0.00
2026-05-17T16:00,21.7,3,0.00
2026-05-17T17:00,21.7,3,0.00
2026-05-17T18:00,18.9,51,0.10
2026-05-17T19:00,18.7,0,0.00
2026-05-17T20:00,19.0,0,0.00
2026-05-17T21:00,17.7,1,0.00
2026-05-17T22:00,16.4,1,0.00
2026-05-17T23:00,15.4,1,0.00
2026-05-18T00:00,14.4,0,0.00
2026-05-18T01:00,14.0,0,0.00
2026-05-18T02:00,12.3,0,0.00
2026-05-18T03:00,11.3,1,0.00
2026-05-18T04:00,10.2,1,0.00
2026-05-18T05:00,9.7,1,0.00
2026-05-18T06:00,9.3,1,0.00
2026-05-18T07:00,8.8,2,0.00
2026-05-18T08:00,9.8,3,0.00
2026-05-18T09:00,12.1,2,0.00
2026-05-18T10:00,14.7,3,0.00
2026-05-18T11:00,17.3,2,0.00
2026-05-18T12:00,19.5,2,0.00
2026-05-18T13:00,20.8,3,0.00
2026-05-18T14:00,22.0,3,0.00
2026-05-18T15:00,21.9,3,0.00
2026-05-18T16:00,22.3,1,0.00
2026-05-18T17:00,22.6,1,0.00
2026-05-18T18:00,22.6,2,0.00
2026-05-18T19:00,22.1,2,0.00
2026-05-18T20:00,21.1,3,0.00
2026-05-18T21:00,19.8,3,0.00
2026-05-18T22:00,18.3,3,0.00
2026-05-18T23:00,17.0,2,0.00
2026-05-19T00:00,15.9,3,0.00
2026-05-19T01:00,15.0,3,0.00
2026-05-19T02:00,13.8,2,0.00
2026-05-19T03:00,13.1,2,0.00
2026-05-19T04:00,12.2,0,0.00
2026-05-19T05:00,11.4,0,0.00
2026-05-19T06:00,10.6,1,0.00
2026-05-19T07:00,10.1,0,0.00
2026-05-19T08:00,11.3,0,0.00
2026-05-19T09:00,13.3,0,0.00
2026-05-19T10:00,16.2,0,0.00
2026-05-19T11:00,19.0,0,0.00
2026-05-19T12:00,20.9,0,0.00
2026-05-19T13:00,22.3,1,0.00
2026-05-19T14:00,24.3,1,0.00
2026-05-19T15:00,24.9,2,0.00
2026-05-19T16:00,25.6,2,0.00
2026-05-19T17:00,25.9,2,0.00
2026-05-19T18:00,25.9,2,0.00
2026-05-19T19:00,25.5,2,0.00
2026-05-19T20:00,24.6,2,0.00
2026-05-19T21:00,22.6,1,0.00
2026-05-19T22:00,20.4,1,0.00
2026-05-19T23:00,19.0,1,0.00
2026-05-20T00:00,17.6,1,0.00
2026-05-20T01:00,16.5,1,0.00
2026-05-20T02:00,15.6,2,0.00
2026-05-20T03:00,14.5,2,0.00
2026-05-20T04:00,14.0,2,0.00
2026-05-20T05:00,13.6,2,0.00
2026-05-20T06:00,13.2,3,0.00
2026-05-20T07:00,12.8,3,0.00
2026-05-20T08:00,14.2,3,0.00
2026-05-20T09:00,16.9,3,0.00
2026-05-20T10:00,19.2,3,0.00
2026-05-20T11:00,21.4,2,0.00
2026-05-20T12:00,23.5,1,0.00
2026-05-20T13:00,25.3,1,0.00
2026-05-20T14:00,27.3,2,0.00
2026-05-20T15:00,28.0,1,0.00
2026-05-20T16:00,28.7,2,0.00
2026-05-20T17:00,29.1,1,0.00
2026-05-20T18:00,29.1,0,0.00
2026-05-20T19:00,28.6,0,0.00
2026-05-20T20:00,27.4,0,0.00
2026-05-20T21:00,25.3,0,0.00
2026-05-20T22:00,23.0,0,0.00
2026-05-20T23:00,21.4,0,0.00
2026-05-21T00:00,20.0,0,0.00
2026-05-21T01:00,19.4,0,0.00
2026-05-21T02:00,19.6,0,0.00
2026-05-21T03:00,18.5,0,0.00
2026-05-21T04:00,17.0,0,0.00
2026-05-21T05:00,16.1,0,0.00
2026-05-21T06:00,15.6,0,0.00
2026-05-21T07:00,15.1,0,0.00
2026-05-21T08:00,16.4,0,0.00
2026-05-21T09:00,18.5,0,0.00
2026-05-21T10:00,21.1,0,0.00
2026-05-21T11:00,23.0,0,0.00
2026-05-21T12:00,24.8,0,0.00
2026-05-21T13:00,26.7,0,0.00
2026-05-21T14:00,29.2,0,0.00
2026-05-21T15:00,30.1,0,0.00
2026-05-21T16:00,31.0,0,0.00
2026-05-21T17:00,31.5,0,0.00
2026-05-21T18:00,31.6,0,0.00
2026-05-21T19:00,31.1,0,0.00
2026-05-21T20:00,29.9,0,0.00
2026-05-21T21:00,26.9,0,0.00
2026-05-21T22:00,24.3,0,0.00
2026-05-21T23:00,22.8,0,0.00
2026-05-22T00:00,22.3,0,0.00
2026-05-22T01:00,21.8,1,0.00
2026-05-22T02:00,20.1,1,0.00
2026-05-22T03:00,18.9,0,0.00
2026-05-22T04:00,17.8,0,0.00
2026-05-22T05:00,16.9,1,0.00
2026-05-22T06:00,16.3,1,0.00
2026-05-22T07:00,15.8,2,0.00
2026-05-22T08:00,17.4,1,0.00
2026-05-22T09:00,20.0,1,0.00
2026-05-22T10:00,22.7,2,0.00
2026-05-22T11:00,24.9,2,0.00
2026-05-22T12:00,26.9,3,0.00
2026-05-22T13:00,28.5,3,0.00
2026-05-22T14:00,30.6,3,0.00
2026-05-22T15:00,30.7,3,0.00
2026-05-22T16:00,31.3,3,0.00
2026-05-22T17:00,31.6,3,0.00
2026-05-22T18:00,31.6,1,0.00
2026-05-22T19:00,31.1,1,0.00
2026-05-22T20:00,30.0,1,0.00
2026-05-22T21:00,28.5,1,0.00
2026-05-22T22:00,27.3,2,0.00
2026-05-22T23:00,26.6,1,0.00
2026-05-23T00:00,25.2,1,0.00
2026-05-23T01:00,23.3,1,0.00
2026-05-23T02:00,21.7,0,0.00
2026-05-23T03:00,20.2,0,0.00
2026-05-23T04:00,19.2,0,0.00
2026-05-23T05:00,18.6,0,0.00
2026-05-23T06:00,17.7,0,0.00
2026-05-23T07:00,17.0,0,0.00
2026-05-23T08:00,18.0,0,0.00
2026-05-23T09:00,20.3,0,0.00
2026-05-23T10:00,22.8,0,0.00
2026-05-23T11:00,24.5,0,0.00
2026-05-23T12:00,26.3,0,0.00
2026-05-23T13:00,28.1,0,0.00
2026-05-23T14:00,30.0,0,0.00
2026-05-23T15:00,30.5,0,0.00
2026-05-23T16:00,31.3,0,0.00
2026-05-23T17:00,31.7,0,0.00
2026-05-23T18:00,31.5,0,0.00
2026-05-23T19:00,31.0,0,0.00
2026-05-23T20:00,30.4,0,0.00
2026-05-23T21:00,28.4,1,0.00
2026-05-23T22:00,25.9,2,0.00
2026-05-23T23:00,24.4,2,0.00
2026-05-24T00:00,23.3,3,0.00
2026-05-24T01:00,22.5,3,0.00
2026-05-24T02:00,21.4,3,0.00
2026-05-24T03:00,20.1,3,0.00
2026-05-24T04:00,19.6,3,0.00
2026-05-24T05:00,19.0,3,0.00
2026-05-24T06:00,18.3,1,0.00
2026-05-24T07:00,17.3,1,0.00
2026-05-24T08:00,18.0,2,0.00
2026-05-24T09:00,20.2,2,0.00
2026-05-24T10:00,22.8,1,0.00
2026-05-24T11:00,24.6,1,0.00
2026-05-24T12:00,26.4,0,0.00
2026-05-24T13:00,28.4,0,0.00
2026-05-24T14:00,30.6,0,0.00
2026-05-24T15:00,31.0,0,0.00
2026-05-24T16:00,31.8,1,0.00
2026-05-24T17:00,31.9,1,0.00
2026-05-24T18:00,31.8,1,0.00
2026-05-24T19:00,31.4,1,0.00
2026-05-24T20:00,30.4,1,0.00
2026-05-24T21:00,28.8,0,0.00
2026-05-24T22:00,27.2,0,0.00
2026-05-24T23:00,26.2,0,0.00
2026-05-25T00:00,25.1,0,0.00
2026-05-25T01:00,23.6,1,0.00
2026-05-25T02:00,21.8,0,0.00
2026-05-25T03:00,20.3,0,0.00
2026-05-25T04:00,19.6,2,0.00
2026-05-25T05:00,19.2,1,0.00
2026-05-25T06:00,18.5,1,0.00
2026-05-25T07:00,17.7,0,0.00
2026-05-25T08:00,18.6,0,0.00
2026-05-25T09:00,20.7,1,0.00
2026-05-25T10:00,22.4,2,0.00
2026-05-25T11:00,24.0,2,0.00
2026-05-25T12:00,26.0,2,0.00
2026-05-25T13:00,27.7,2,0.00
2026-05-25T14:00,29.7,1,0.00
2026-05-25T15:00,30.2,1,0.00
2026-05-25T16:00,30.9,2,0.00
2026-05-25T17:00,31.3,3,0.00
2026-05-25T18:00,31.2,2,0.00
2026-05-25T19:00,30.8,2,0.00
2026-05-25T20:00,29.9,3,0.00
2026-05-25T21:00,28.7,2,0.00
2026-05-25T22:00,27.4,0,0.00
2026-05-25T23:00,25.9,0,0.00
2026-05-26T00:00,24.2,0,0.00
2026-05-26T01:00,22.8,0,0.00
2026-05-26T02:00,21.5,0,0.00
2026-05-26T03:00,20.3,0,0.00
2026-05-26T04:00,19.5,0,0.00
2026-05-26T05:00,18.6,0,0.00
2026-05-26T06:00,17.8,0,0.00
2026-05-26T07:00,17.1,0,0.00
2026-05-26T08:00,18.2,0,0.00
2026-05-26T09:00,20.0,0,0.00
2026-05-26T10:00,21.9,0,0.00
2026-05-26T11:00,23.9,0,0.00
2026-05-26T12:00,25.9,0,0.00
2026-05-26T13:00,27.7,2,0.00
2026-05-26T14:00,30.1,1,0.00
2026-05-26T15:00,30.7,2,0.00
2026-05-26T16:00,31.5,2,0.00
2026-05-26T17:00,31.9,2,0.00
2026-05-26T18:00,31.9,2,0.00
2026-05-26T19:00,31.7,2,0.00
2026-05-26T20:00,31.1,1,0.00
2026-05-26T21:00,29.6,0,0.00
2026-05-26T22:00,27.1,0,0.00
2026-05-26T23:00,26.4,0,0.00
2026-05-27T00:00,24.8,0,0.00
2026-05-27T01:00,23.5,0,0.00
2026-05-27T02:00,21.7,0,0.00
2026-05-27T03:00,20.6,0,0.00
2026-05-27T04:00,19.6,0,0.00
2026-05-27T05:00,19.0,0,0.00
2026-05-27T06:00,18.1,0,0.00
2026-05-27T07:00,17.3,0,0.00
2026-05-27T08:00,18.2,0,0.00
2026-05-27T09:00,21.0,0,0.00
2026-05-27T10:00,23.3,0,0.00
2026-05-27T11:00,25.7,0,0.00
2026-05-27T12:00,28.1,0,0.00
2026-05-27T13:00,30.3,0,0.00
2026-05-27T14:00,32.8,0,0.00
2026-05-27T15:00,33.4,0,0.00
2026-05-27T16:00,33.8,0,0.00
2026-05-27T17:00,33.6,0,0.00
2026-05-27T18:00,33.4,0,0.00
2026-05-27T19:00,33.3,1,0.00
2026-05-27T20:00,33.1,1,0.00
2026-05-27T21:00,31.3,2,0.00
2026-05-27T22:00,29.2,1,0.00
2026-05-27T23:00,27.4,0,0.00
2026-05-28T00:00,26.0,0,0.00
2026-05-28T01:00,24.8,0,0.00
2026-05-28T02:00,22.9,0,0.00
2026-05-28T03:00,21.5,0,0.00
2026-05-28T04:00,20.2,0,0.00
2026-05-28T05:00,19.0,0,0.00
2026-05-28T06:00,18.2,0,0.00
2026-05-28T07:00,17.5,0,0.00
2026-05-28T08:00,19.3,0,0.00
2026-05-28T09:00,22.7,0,0.00
2026-05-28T10:00,25.8,0,0.00
2026-05-28T11:00,28.1,0,0.00
2026-05-28T12:00,30.0,0,0.00
2026-05-28T13:00,31.4,0,0.00
2026-05-28T14:00,33.3,0,0.00
2026-05-28T15:00,33.4,0,0.00
2026-05-28T16:00,33.8,0,0.00
2026-05-28T17:00,34.0,0,0.00
2026-05-28T18:00,33.9,0,0.00
2026-05-28T19:00,33.6,0,0.00
2026-05-28T20:00,32.9,0,0.00
2026-05-28T21:00,31.4,0,0.00
2026-05-28T22:00,28.8,0,0.00
2026-05-28T23:00,26.8,0,0.00
2026-05-29T00:00,25.1,0,0.00
2026-05-29T01:00,24.3,0,0.00
2026-05-29T02:00,23.9,0,0.00
2026-05-29T03:00,23.0,0,0.00
2026-05-29T04:00,21.5,0,0.00
2026-05-29T05:00,20.1,0,0.00
2026-05-29T06:00,19.3,0,0.00
2026-05-29T07:00,19.0,0,0.00
2026-05-29T08:00,20.3,0,0.00
2026-05-29T09:00,22.8,0,0.00
2026-05-29T10:00,25.6,0,0.00
2026-05-29T11:00,27.9,0,0.00
2026-05-29T12:00,30.2,0,0.00
2026-05-29T13:00,32.3,0,0.00
2026-05-29T14:00,34.5,0,0.00
2026-05-29T15:00,34.7,0,0.00
2026-05-29T16:00,35.2,0,0.00
2026-05-29T17:00,35.4,0,0.00
2026-05-29T18:00,35.3,0,0.00
2026-05-29T19:00,34.6,0,0.00
2026-05-29T20:00,33.5,0,0.00
2026-05-29T21:00,32.0,0,0.00
2026-05-29T22:00,29.5,0,0.00
2026-05-29T23:00,27.8,0,0.00
2026-05-30T00:00,26.2,0,0.00
2026-05-30T01:00,24.2,0,0.00
2026-05-30T02:00,22.6,0,0.00
2026-05-30T03:00,21.6,0,0.00
2026-05-30T04:00,20.8,0,0.00
2026-05-30T05:00,19.6,0,0.00
2026-05-30T06:00,18.7,0,0.00
2026-05-30T07:00,18.4,0,0.00
2026-05-30T08:00,19.1,0,0.00
2026-05-30T09:00,22.6,0,0.00
2026-05-30T10:00,25.9,1,0.00
2026-05-30T11:00,28.9,1,0.00
2026-05-30T12:00,31.2,1,0.00
2026-05-30T13:00,33.1,1,0.00
2026-05-30T14:00,34.3,1,0.00
2026-05-30T15:00,34.5,1,0.00
2026-05-30T16:00,35.0,1,0.00
2026-05-30T17:00,35.0,1,0.00
2026-05-30T18:00,34.3,2,0.00
2026-05-30T19:00,33.5,2,0.00
2026-05-30T20:00,32.8,51,0.20
2026-05-30T21:00,31.0,1,0.00
2026-05-30T22:00,29.2,0,0.00
2026-05-30T23:00,28.2,1,0.00
2026-05-31T00:00,26.6,0,0.00
2026-05-31T01:00,24.7,1,0.00
2026-05-31T02:00,23.1,0,0.00
2026-05-31T03:00,21.9,0,0.00
2026-05-31T04:00,20.9,0,0.00
2026-05-31T05:00,19.9,0,0.00
2026-05-31T06:00,19.5,0,0.00
2026-05-31T07:00,19.2,1,0.00
2026-05-31T08:00,20.1,2,0.00
2026-05-31T09:00,23.2,2,0.00
2026-05-31T10:00,25.9,2,0.00
2026-05-31T11:00,28.3,1,0.00
2026-05-31T12:00,30.6,2,0.00
2026-05-31T13:00,32.3,3,0.00
2026-05-31T14:00,33.6,3,0.00
2026-05-31T15:00,33.3,3,0.00
2026-05-31T16:00,33.5,3,0.00
2026-05-31T17:00,33.4,3,0.00
2026-05-31T18:00,33.0,3,0.00
2026-05-31T19:00,32.4,3,0.00
2026-05-31T20:00,31.3,3,0.00
2026-05-31T21:00,30.0,3,0.00
2026-05-31T22:00,28.0,2,0.00
2026-05-31T23:00,26.5,0,0.00
2026-06-01T00:00,25.0,0,0.00
2026-06-01T01:00,23.3,1,0.00
2026-06-01T02:00,23.3,0,0.00
2026-06-01T03:00,22.2,0,0.00
2026-06-01T04:00,21.6,2,0.00
2026-06-01T05:00,20.7,2,0.00
2026-06-01T06:00,20.0,1,0.00
2026-06-01T07:00,19.3,1,0.00
2026-06-01T08:00,20.1,1,0.00
2026-06-01T09:00,22.5,0,0.00
2026-06-01T10:00,25.0,0,0.00
2026-06-01T11:00,27.4,1,0.00
2026-06-01T12:00,29.6,1,0.00
2026-06-01T13:00,31.6,1,0.00
2026-06-01T14:00,33.6,1,0.00
2026-06-01T15:00,33.5,2,0.00
2026-06-01T16:00,33.7,3,0.00
2026-06-01T17:00,33.5,1,0.00
2026-06-01T18:00,33.2,2,0.00
2026-06-01T19:00,33.0,3,0.00
2026-06-01T20:00,31.8,3,0.00
2026-06-01T21:00,30.7,1,0.00
2026-06-01T22:00,28.6,1,0.00
2026-06-01T23:00,27.2,0,0.00
2026-06-02T00:00,25.8,1,0.00
2026-06-02T01:00,24.7,1,0.00
2026-06-02T02:00,23.7,0,0.00
2026-06-02T03:00,22.8,0,0.00
2026-06-02T04:00,21.9,0,0.00
2026-06-02T05:00,21.1,0,0.00
2026-06-02T06:00,20.3,1,0.00
2026-06-02T07:00,19.3,2,0.00
2026-06-02T08:00,20.0,2,0.00
2026-06-02T09:00,21.9,3,0.00
2026-06-02T10:00,23.5,3,0.00
2026-06-02T11:00,25.2,3,0.00
2026-06-02T12:00,27.0,3,0.00
2026-06-02T13:00,28.3,2,0.00
2026-06-02T14:00,29.6,3,0.00
2026-06-02T15:00,28.8,3,0.00
2026-06-02T16:00,28.9,3,0.00
2026-06-02T17:00,28.8,2,0.00
2026-06-02T18:00,28.6,2,0.00
2026-06-02T19:00,28.0,2,0.00
2026-06-02T20:00,27.5,2,0.00
2026-06-02T21:00,26.0,1,0.00
2026-06-02T22:00,24.5,1,0.00
2026-06-02T23:00,23.5,0,0.00
2026-06-03T00:00,21.7,0,0.00
2026-06-03T01:00,20.2,0,0.00
2026-06-03T02:00,19.0,0,0.00
2026-06-03T03:00,17.8,0,0.00
2026-06-03T04:00,16.9,0,0.00
2026-06-03T05:00,16.1,0,0.00
2026-06-03T06:00,15.4,0,0.00
2026-06-03T07:00,14.8,0,0.00
2026-06-03T08:00,15.9,0,0.00
2026-06-03T09:00,17.6,0,0.00
2026-06-03T10:00,20.0,0,0.00
2026-06-03T11:00,22.3,0,0.00
2026-06-03T12:00,24.3,0,0.00
2026-06-03T13:00,26.0,0,0.00
2026-06-03T14:00,28.2,0,0.00
2026-06-03T15:00,28.8,0,0.00
2026-06-03T16:00,31.5,3,0.00
2026-06-03T17:00,31.7,3,0.00
2026-06-03T18:00,31.0,2,0.00
2026-06-03T19:00,30.7,2,0.00
2026-06-03T20:00,30.6,3,0.00
2026-06-03T21:00,28.9,3,0.00
2026-06-03T22:00,26.8,0,0.00
2026-06-03T23:00,25.1,0,0.00
2026-06-04T00:00,24.3,0,0.00
2026-06-04T01:00,23.2,0,0.00
2026-06-04T02:00,22.0,0,0.00
2026-06-04T03:00,20.9,0,0.00
2026-06-04T04:00,20.0,0,0.00
2026-06-04T05:00,19.2,1,0.00
2026-06-04T06:00,18.4,0,0.00
2026-06-04T07:00,17.6,0,0.00
2026-06-04T08:00,18.1,0,0.00
2026-06-04T09:00,19.4,0,0.00
2026-06-04T10:00,21.4,0,0.00
2026-06-04T11:00,23.7,0,0.00
2026-06-04T12:00,25.6,0,0.00
2026-06-04T13:00,27.2,1,0.00
2026-06-04T14:00,28.0,1,0.00
2026-06-04T15:00,27.3,2,0.00
2026-06-04T16:00,26.5,3,0.00
2026-06-04T17:00,25.5,2,0.00
2026-06-04T18:00,25.3,1,0.00
2026-06-04T19:00,24.9,0,0.00
2026-06-04T20:00,23.9,0,0.00
2026-06-04T21:00,22.9,0,0.00
2026-06-04T22:00,21.7,0,0.00
2026-06-04T23:00,20.9,0,0.00
2026-06-05T00:00,19.9,0,0.00
2026-06-05T01:00,18.7,0,0.00
2026-06-05T02:00,17.9,0,0.00
2026-06-05T03:00,16.4,0,0.00
2026-06-05T04:00,14.8,1,0.00
2026-06-05T05:00,13.9,0,0.00
2026-06-05T06:00,13.4,2,0.00
2026-06-05T07:00,12.9,3,0.00
2026-06-05T08:00,13.9,3,0.00
2026-06-05T09:00,15.4,3,0.00
2026-06-05T10:00,17.7,3,0.00
2026-06-05T11:00,20.2,2,0.00
2026-06-05T12:00,22.4,3,0.00
2026-06-05T13:00,24.4,3,0.00
2026-06-05T14:00,25.5,2,0.00
2026-06-05T15:00,25.6,1,0.00
2026-06-05T16:00,26.6,0,0.00
2026-06-05T17:00,27.3,1,0.00
2026-06-05T18:00,27.7,0,0.00
2026-06-05T19:00,27.5,0,0.00
2026-06-05T20:00,26.3,2,0.00
2026-06-05T21:00,25.2,1,0.00
2026-06-05T22:00,23.9,1,0.00
2026-06-05T23:00,22.5,0,0.00
2026-06-06T00:00,21.3,0,0.00
2026-06-06T01:00,20.2,1,0.00
2026-06-06T02:00,18.5,3,0.00
2026-06-06T03:00,18.4,3,0.00
2026-06-06T04:00,17.5,3,0.00
2026-06-06T05:00,16.8,2,0.00
2026-06-06T06:00,16.3,3,0.00
2026-06-06T07:00,15.9,3,0.00
2026-06-06T08:00,16.6,3,0.00
2026-06-06T09:00,18.1,3,0.00
2026-06-06T10:00,19.7,3,0.00
2026-06-06T11:00,21.8,3,0.00
2026-06-06T12:00,23.9,0,0.00
2026-06-06T13:00,25.9,0,0.00
2026-06-06T14:00,27.6,0,0.00
2026-06-06T15:00,28.2,0,0.00
2026-06-06T16:00,29.2,0,0.00
2026-06-06T17:00,29.7,0,0.00
2026-06-06T18:00,29.8,0,0.00
2026-06-06T19:00,29.5,0,0.00
2026-06-06T20:00,28.7,0,0.00
2026-06-06T21:00,27.3,0,0.00
2026-06-06T22:00,25.6,0,0.00
2026-06-06T23:00,23.8,0,0.00
2026-06-07T00:00,23.0,3,0.00
2026-06-07T01:00,21.8,3,0.00
2026-06-07T02:00,21.6,3,0.00
2026-06-07T03:00,20.7,3,0.00
2026-06-07T04:00,19.9,2,0.00
2026-06-07T05:00,18.6,2,0.00
2026-06-07T06:00,17.7,2,0.00
2026-06-07T07:00,17.4,1,0.00
2026-06-07T08:00,18.5,0,0.00
2026-06-07T09:00,20.6,0,0.00
2026-06-07T10:00,22.1,0,0.00
2026-06-07T11:00,24.1,1,0.00
2026-06-07T12:00,26.3,2,0.00
2026-06-07T13:00,28.4,3,0.00
2026-06-07T14:00,30.3,2,0.00
2026-06-07T15:00,30.8,3,0.00
2026-06-07T16:00,31.5,3,0.00
2026-06-07T17:00,31.8,2,0.00
2026-06-07T18:00,32.0,1,0.00
2026-06-07T19:00,31.8,1,0.00
2026-06-07T20:00,30.9,0,0.00
2026-06-07T21:00,29.7,0,0.00
2026-06-07T22:00,27.8,0,0.00
2026-06-07T23:00,26.4,0,0.00
2026-06-08T00:00,25.2,0,0.00
2026-06-08T01:00,24.8,0,0.00
2026-06-08T02:00,24.2,0,0.00
2026-06-08T03:00,23.0,0,0.00
2026-06-08T04:00,21.3,1,0.00
2026-06-08T05:00,20.3,0,0.00
2026-06-08T06:00,19.9,0,0.00
2026-06-08T07:00,19.4,0,0.00
2026-06-08T08:00,20.1,0,0.00
2026-06-08T09:00,21.7,0,0.00
2026-06-08T10:00,23.6,0,0.00
2026-06-08T11:00,25.6,0,0.00
2026-06-08T12:00,27.8,0,0.00
2026-06-08T13:00,29.8,0,0.00
2026-06-08T14:00,31.8,0,0.00
2026-06-08T15:00,31.9,0,0.00
2026-06-08T16:00,32.5,0,0.00
2026-06-08T17:00,32.5,0,0.00
2026-06-08T18:00,32.1,1,0.00
2026-06-08T19:00,31.8,0,0.00
2026-06-08T20:00,31.3,0,0.00
2026-06-08T21:00,30.1,0,0.00
2026-06-08T22:00,27.4,0,0.00
2026-06-08T23:00,25.9,0,0.00
2026-06-09T00:00,24.5,0,0.00
2026-06-09T01:00,23.7,0,0.00
2026-06-09T02:00,21.9,0,0.00
2026-06-09T03:00,20.6,0,0.00
2026-06-09T04:00,19.4,0,0.00
2026-06-09T05:00,18.5,0,0.00
2026-06-09T06:00,17.7,0,0.00
2026-06-09T07:00,17.1,0,0.00
2026-06-09T08:00,18.1,0,0.00
2026-06-09T09:00,19.8,0,0.00
2026-06-09T10:00,22.0,0,0.00
2026-06-09T11:00,24.4,0,0.00
2026-06-09T12:00,26.7,0,0.00
2026-06-09T13:00,28.7,0,0.00
2026-06-09T14:00,30.3,0,0.00
2026-06-09T15:00,31.1,0,0.00
2026-06-09T16:00,31.7,0,0.00
2026-06-09T17:00,32.0,0,0.00
2026-06-09T18:00,32.1,1,0.00
2026-06-09T19:00,31.0,1,0.00
2026-06-09T20:00,30.0,0,0.00
2026-06-09T21:00,27.7,1,0.00
2026-06-09T22:00,26.1,1,0.00
2026-06-09T23:00,24.8,1,0.00
2026-06-10T00:00,23.2,0,0.00
2026-06-10T01:00,21.5,0,0.00
2026-06-10T02:00,20.3,0,0.00
2026-06-10T03:00,18.9,0,0.00
2026-06-10T04:00,17.5,0,0.00
2026-06-10T05:00,16.6,0,0.00
2026-06-10T06:00,16.1,0,0.00
2026-06-10T07:00,15.7,1,0.00
2026-06-10T08:00,17.1,0,0.00
2026-06-10T09:00,18.7,0,0.00
2026-06-10T10:00,20.9,0,0.00
2026-06-10T11:00,23.3,0,0.00
2026-06-10T12:00,25.2,0,0.00
2026-06-10T13:00,26.8,0,0.00
2026-06-10T14:00,28.8,1,0.00
2026-06-10T15:00,29.3,2,0.00
2026-06-10T16:00,30.1,2,0.00
2026-06-10T17:00,30.5,2,0.00
2026-06-10T18:00,30.8,0,0.00
2026-06-10T19:00,30.8,0,0.00
2026-06-10T20:00,30.3,0,0.00
2026-06-10T21:00,28.0,0,0.00
2026-06-10T22:00,25.7,0,0.00
2026-06-10T23:00,24.3,0,0.00
2026-06-11T00:00,23.2,0,0.00
2026-06-11T01:00,21.1,2,0.00
2026-06-11T02:00,20.0,2,0.00
2026-06-11T03:00,18.6,2,0.00
2026-06-11T04:00,17.5,3,0.00
2026-06-11T05:00,16.5,2,0.00
2026-06-11T06:00,15.7,3,0.00
2026-06-11T07:00,15.2,2,0.00
2026-06-11T08:00,16.0,2,0.00
2026-06-11T09:00,18.0,2,0.00
2026-06-11T10:00,20.8,3,0.00
2026-06-11T11:00,23.3,3,0.00
2026-06-11T12:00,25.5,2,0.00
2026-06-11T13:00,27.5,2,0.00
2026-06-11T14:00,29.6,3,0.00
2026-06-11T15:00,30.2,3,0.00
2026-06-11T16:00,31.1,3,0.00
2026-06-11T17:00,31.5,3,0.00
2026-06-11T18:00,31.5,3,0.00
2026-06-11T19:00,31.2,3,0.00
2026-06-11T20:00,31.0,3,0.00
2026-06-11T21:00,29.6,3,0.00
2026-06-11T22:00,27.9,3,0.00
2026-06-11T23:00,27.1,3,0.00
2026-06-12T00:00,25.5,3,0.00
2026-06-12T01:00,24.4,3,0.00
2026-06-12T02:00,22.2,1,0.00
2026-06-12T03:00,21.0,0,0.00
2026-06-12T04:00,19.9,0,0.00
2026-06-12T05:00,19.1,0,0.00
2026-06-12T06:00,18.5,0,0.00
2026-06-12T07:00,18.3,0,0.00
2026-06-12T08:00,19.7,0,0.00
2026-06-12T09:00,21.8,0,0.00
2026-06-12T10:00,23.6,0,0.00
2026-06-12T11:00,25.3,0,0.00
2026-06-12T12:00,27.2,0,0.00
2026-06-12T13:00,29.0,0,0.00
2026-06-12T14:00,30.9,0,0.00
2026-06-12T15:00,31.4,0,0.00
2026-06-12T16:00,32.1,0,0.00
2026-06-12T17:00,32.6,0,0.00
2026-06-12T18:00,32.8,0,0.00
2026-06-12T19:00,32.7,0,0.00
2026-06-12T20:00,32.4,0,0.00
2026-06-12T21:00,31.3,0,0.00
2026-06-12T22:00,28.9,0,0.00
2026-06-12T23:00,28.3,0,0.00
2026-06-13T00:00,27.3,0,0.00
2026-06-13T01:00,26.1,0,0.00
2026-06-13T02:00,24.0,0,0.00
2026-06-13T03:00,22.8,3,0.00
2026-06-13T04:00,21.6,3,0.00
2026-06-13T05:00,20.6,3,0.00
2026-06-13T06:00,19.7,0,0.00
2026-06-13T07:00,19.2,1,0.00
2026-06-13T08:00,20.0,1,0.00
2026-06-13T09:00,22.1,1,0.00
2026-06-13T10:00,23.8,2,0.00
2026-06-13T11:00,25.4,3,0.00
2026-06-13T12:00,26.9,2,0.00
2026-06-13T13:00,28.8,0,0.00
2026-06-13T14:00,31.0,0,0.00
2026-06-13T15:00,31.4,0,0.00
2026-06-13T16:00,32.3,0,0.00
2026-06-13T17:00,32.9,0,0.00
2026-06-13T18:00,33.0,0,0.00
2026-06-13T19:00,32.7,0,0.00
2026-06-13T20:00,32.1,1,0.00
2026-06-13T21:00,31.1,2,0.00
2026-06-13T22:00,29.5,1,0.00
2026-06-13T23:00,28.8,1,0.00
2026-06-14T00:00,27.7,0,0.00
2026-06-14T01:00,26.3,1,0.00
2026-06-14T02:00,25.1,1,0.00
2026-06-14T03:00,23.7,1,0.00
2026-06-14T04:00,22.6,3,0.00
2026-06-14T05:00,22.4,2,0.00
2026-06-14T06:00,21.5,1,0.00
2026-06-14T07:00,20.8,0,0.00
2026-06-14T08:00,20.5,2,0.00
2026-06-14T09:00,21.9,1,0.00
2026-06-14T10:00,24.1,1,0.00
2026-06-14T11:00,26.5,0,0.00
2026-06-14T12:00,28.8,0,0.00
2026-06-14T13:00,30.9,0,0.00
2026-06-14T14:00,32.1,0,0.00
2026-06-14T15:00,32.9,0,0.00
2026-06-14T16:00,33.8,2,0.00
2026-06-14T17:00,32.2,3,0.00
2026-06-14T18:00,21.9,63,4.50
2026-06-14T19:00,21.8,63,4.80
2026-06-14T20:00,26.8,61,1.80
2026-06-14T21:00,24.8,3,0.00
2026-06-14T22:00,21.8,51,0.20
2026-06-14T23:00,19.0,55,1.00
2026-06-15T00:00,18.3,51,0.40
2026-06-15T01:00,18.2,51,0.10
2026-06-15T02:00,17.3,3,0.00
2026-06-15T03:00,17.7,3,0.00
2026-06-15T04:00,17.6,1,0.00
2026-06-15T05:00,17.5,0,0.00
2026-06-15T06:00,16.7,0,0.00
2026-06-15T07:00,16.4,0,0.00
2026-06-15T08:00,17.2,0,0.00
2026-06-15T09:00,19.2,0,0.00
2026-06-15T10:00,20.9,0,0.00
2026-06-15T11:00,22.7,0,0.00
2026-06-15T12:00,24.8,0,0.00
2026-06-15T13:00,26.5,0,0.00
2026-06-15T14:00,28.2,0,0.00
2026-06-15T15:00,28.5,1,0.00
2026-06-15T16:00,29.2,2,0.00
2026-06-15T17:00,29.3,3,0.00
2026-06-15T18:00,29.3,2,0.00
2026-06-15T19:00,28.5,2,0.00
2026-06-15T20:00,28.3,2,0.00
2026-06-15T21:00,27.1,2,0.00
2026-06-15T22:00,22.0,1,0.00
2026-06-15T23:00,22.1,1,0.00
2026-06-16T00:00,21.3,0,0.00
2026-06-16T01:00,20.9,0,0.00
2026-06-16T02:00,20.2,0,0.00
2026-06-16T03:00,19.9,0,0.00
2026-06-16T04:00,19.5,0,0.00
2026-06-16T05:00,19.2,1,0.00
2026-06-16T06:00,18.8,0,0.00
2026-06-16T07:00,18.3,0,0.00
2026-06-16T08:00,19.5,0,0.00
2026-06-16T09:00,22.0,0,0.00
2026-06-16T10:00,24.4,0,0.00
2026-06-16T11:00,26.6,0,0.00
2026-06-16T12:00,28.4,0,0.00
2026-06-16T13:00,29.7,0,0.00
2026-06-16T14:00,31.1,1,0.00
2026-06-16T15:00,31.6,1,0.00
2026-06-16T16:00,32.1,0,0.00
2026-06-16T17:00,32.5,1,0.00
2026-06-16T18:00,32.3,0,0.00
2026-06-16T19:00,31.9,1,0.00
2026-06-16T20:00,31.8,1,0.00
2026-06-16T21:00,28.6,1,0.00
2026-06-16T22:00,26.9,2,0.00
2026-06-16T23:00,26.2,1,0.00
2026-06-17T00:00,25.7,1,0.00
2026-06-17T01:00,25.3,1,0.00
2026-06-17T02:00,23.6,0,0.00
2026-06-17T03:00,23.0,1,0.00
2026-06-17T04:00,22.2,0,0.00
2026-06-17T05:00,21.4,0,0.00
2026-06-17T06:00,21.0,0,0.00
2026-06-17T07:00,20.6,0,0.00
2026-06-17T08:00,21.8,0,0.00
2026-06-17T09:00,24.1,0,0.00
2026-06-17T10:00,25.8,0,0.00
2026-06-17T11:00,27.5,0,0.00
2026-06-17T12:00,29.6,0,0.00
2026-06-17T13:00,31.5,0,0.00
2026-06-17T14:00,33.5,0,0.00
2026-06-17T15:00,33.6,0,0.00
2026-06-17T16:00,34.2,0,0.00
2026-06-17T17:00,34.7,0,0.00
2026-06-17T18:00,34.6,0,0.00
2026-06-17T19:00,34.2,0,0.00
2026-06-17T20:00,33.2,0,0.00
2026-06-17T21:00,32.1,0,0.00
2026-06-17T22:00,29.8,0,0.00
2026-06-17T23:00,28.7,0,0.00
2026-06-18T00:00,28.7,0,0.00
2026-06-18T01:00,27.4,0,0.00
2026-06-18T02:00,25.6,0,0.00
2026-06-18T03:00,24.3,1,0.00
2026-06-18T04:00,23.1,0,0.00
2026-06-18T05:00,22.6,0,0.00
2026-06-18T06:00,21.7,0,0.00
2026-06-18T07:00,21.1,0,0.00
2026-06-18T08:00,21.8,0,0.00
2026-06-18T09:00,24.0,0,0.00
2026-06-18T10:00,25.8,0,0.00
2026-06-18T11:00,27.5,0,0.00
2026-06-18T12:00,29.4,0,0.00
2026-06-18T13:00,31.2,0,0.00
2026-06-18T14:00,33.2,0,0.00
2026-06-18T15:00,33.7,1,0.00
2026-06-18T16:00,33.9,0,0.00
2026-06-18T17:00,34.1,0,0.00
2026-06-18T18:00,33.9,0,0.00
2026-06-18T19:00,33.7,0,0.00
2026-06-18T20:00,33.3,3,0.00
2026-06-18T21:00,32.1,3,0.00
2026-06-18T22:00,30.7,3,0.00
2026-06-18T23:00,30.0,3,0.00
2026-06-19T00:00,28.6,3,0.00
2026-06-19T01:00,27.6,3,0.00
2026-06-19T02:00,26.1,3,0.00
2026-06-19T03:00,24.9,2,0.00
2026-06-19T04:00,24.1,1,0.00
2026-06-19T05:00,23.3,0,0.00
2026-06-19T06:00,22.4,0,0.00
2026-06-19T07:00,21.8,0,0.00
2026-06-19T08:00,22.5,0,0.00
2026-06-19T09:00,24.5,1,0.00
2026-06-19T10:00,26.1,0,0.00
2026-06-19T11:00,28.0,0,0.00
2026-06-19T12:00,30.1,0,0.00
2026-06-19T13:00,32.2,0,0.00
2026-06-19T14:00,34.1,0,0.00
2026-06-19T15:00,34.6,1,0.00
2026-06-19T16:00,35.7,3,0.00
2026-06-19T17:00,34.4,2,0.00
2026-06-19T18:00,34.6,1,0.00
2026-06-19T19:00,34.3,3,0.00
2026-06-19T20:00,32.4,3,0.00
2026-06-19T21:00,31.5,2,0.00
2026-06-19T22:00,29.2,3,0.00
2026-06-19T23:00,29.0,1,0.00
2026-06-20T00:00,24.0,51,0.20
2026-06-20T01:00,22.9,53,0.50
2026-06-20T02:00,20.1,2,0.00
2026-06-20T03:00,21.6,2,0.00
2026-06-20T04:00,21.5,51,0.10
2026-06-20T05:00,21.2,2,0.00
2026-06-20T06:00,21.3,3,0.00
2026-06-20T07:00,21.2,1,0.00
2026-06-20T08:00,22.4,3,0.00
2026-06-20T09:00,24.4,3,0.00
2026-06-20T10:00,25.9,2,0.00
2026-06-20T11:00,27.6,1,0.00
2026-06-20T12:00,29.8,3,0.00
2026-06-20T13:00,31.6,3,0.00
2026-06-20T14:00,34.3,3,0.00
2026-06-20T15:00,35.0,3,0.00
2026-06-20T16:00,35.2,3,0.00
2026-06-20T17:00,33.0,3,0.00
2026-06-20T18:00,33.0,51,0.10
2026-06-20T19:00,31.5,51,0.20
2026-06-20T20:00,33.1,3,0.00
2026-06-20T21:00,31.6,3,0.00
2026-06-20T22:00,29.3,3,0.00
2026-06-20T23:00,28.1,1,0.00
2026-06-21T00:00,27.6,0,0.00
2026-06-21T01:00,26.7,1,0.00
2026-06-21T02:00,23.4,3,0.00
2026-06-21T03:00,24.2,3,0.00
2026-06-21T04:00,24.0,3,0.00
2026-06-21T05:00,23.0,2,0.00
2026-06-21T06:00,22.1,2,0.00
2026-06-21T07:00,21.8,1,0.00
2026-06-21T08:00,23.1,0,0.00
2026-06-21T09:00,25.4,0,0.00
2026-06-21T10:00,27.4,0,0.00
2026-06-21T11:00,29.2,0,0.00
2026-06-21T12:00,31.4,0,0.00
2026-06-21T13:00,33.3,0,0.00
2026-06-21T14:00,35.6,0,0.00
2026-06-21T15:00,37.2,0,0.00
2026-06-21T16:00,38.5,0,0.00
2026-06-21T17:00,38.2,1,0.00
2026-06-21T18:00,38.2,2,0.00
2026-06-21T19:00,38.3,1,0.00
2026-06-21T20:00,37.7,1,0.00
2026-06-21T21:00,35.9,1,0.00
2026-06-21T22:00,34.3,51,0.10
2026-06-21T23:00,32.1,0,0.00
2026-06-22T00:00,30.3,0,0.00
2026-06-22T01:00,29.0,0,0.00
2026-06-22T02:00,27.7,0,0.00
2026-06-22T03:00,26.9,1,0.00
2026-06-22T04:00,26.0,0,0.00
2026-06-22T05:00,25.0,0,0.00
2026-06-22T06:00,24.1,0,0.00
2026-06-22T07:00,23.6,2,0.00
2026-06-22T08:00,24.3,3,0.00
2026-06-22T09:00,26.7,3,0.00
2026-06-22T10:00,28.5,3,0.00
2026-06-22T11:00,30.4,2,0.00
2026-06-22T12:00,32.6,2,0.00
2026-06-22T13:00,34.9,3,0.00
2026-06-22T14:00,37.0,3,0.00
2026-06-22T15:00,37.7,3,0.00
2026-06-22T16:00,38.7,3,0.00
2026-06-22T17:00,39.0,3,0.00
2026-06-22T18:00,39.0,3,0.00
2026-06-22T19:00,38.5,2,0.00
2026-06-22T20:00,37.8,2,0.00
2026-06-22T21:00,36.5,2,0.00
2026-06-22T22:00,34.6,2,0.00
2026-06-22T23:00,33.3,2,0.00
2026-06-23T00:00,32.0,1,0.00
2026-06-23T01:00,30.3,3,0.00
2026-06-23T02:00,28.0,3,0.00
2026-06-23T03:00,26.9,3,0.00
2026-06-23T04:00,26.2,3,0.00
2026-06-23T05:00,25.3,2,0.00
2026-06-23T06:00,24.4,0,0.00
2026-06-23T07:00,23.8,0,0.00
2026-06-23T08:00,24.7,1,0.00
2026-06-23T09:00,27.3,0,0.00
2026-06-23T10:00,29.5,0,0.00
2026-06-23T11:00,31.4,1,0.00
2026-06-23T12:00,33.6,0,0.00
2026-06-23T13:00,35.7,0,0.00
2026-06-23T14:00,38.1,0,0.00
2026-06-23T15:00,38.5,0,0.00
2026-06-23T16:00,39.0,0,0.00
2026-06-23T17:00,39.1,0,0.00
2026-06-23T18:00,38.9,0,0.00
2026-06-23T19:00,38.4,0,0.00
2026-06-23T20:00,38.0,0,0.00
2026-06-23T21:00,36.7,2,0.00
2026-06-23T22:00,34.6,3,0.00
2026-06-23T23:00,33.2,3,0.00
2026-06-24T00:00,32.0,3,0.00
2026-06-24T01:00,31.3,1,0.00
2026-06-24T02:00,29.2,1,0.00
2026-06-24T03:00,27.5,0,0.00
2026-06-24T04:00,26.2,0,0.00
2026-06-24T05:00,25.5,1,0.00
2026-06-24T06:00,25.0,1,0.00
2026-06-24T07:00,24.4,0,0.00
2026-06-24T08:00,24.9,0,0.00
2026-06-24T09:00,27.0,1,0.00
2026-06-24T10:00,28.8,1,0.00
2026-06-24T11:00,30.7,1,0.00
2026-06-24T12:00,32.8,1,0.00
2026-06-24T13:00,34.6,1,0.00
2026-06-24T14:00,36.2,0,0.00
2026-06-24T15:00,36.6,0,0.00
2026-06-24T16:00,37.2,0,0.00
2026-06-24T17:00,37.6,1,0.00
2026-06-24T18:00,37.6,1,0.00
2026-06-24T19:00,37.3,2,0.00
2026-06-24T20:00,36.4,0,0.00
2026-06-24T21:00,35.3,2,0.00
2026-06-24T22:00,33.7,2,0.00
2026-06-24T23:00,32.7,2,0.00
2026-06-25T00:00,31.5,1,0.00
2026-06-25T01:00,30.2,0,0.00
2026-06-25T02:00,28.7,0,0.00
2026-06-25T03:00,27.6,0,0.00
2026-06-25T04:00,26.3,2,0.00
2026-06-25T05:00,25.0,2,0.00
2026-06-25T06:00,23.5,0,0.00
2026-06-25T07:00,22.4,0,0.00
2026-06-25T08:00,23.5,0,0.00
2026-06-25T09:00,24.3,0,0.00
2026-06-25T10:00,24.9,1,0.00
2026-06-25T11:00,24.7,51,0.10
2026-06-25T12:00,26.2,2,0.00
2026-06-25T13:00,25.4,51,0.30
2026-06-25T14:00,27.3,1,0.00
2026-06-25T15:00,29.4,0,0.00
2026-06-25T16:00,29.7,0,0.00
2026-06-25T17:00,30.4,3,0.00
2026-06-25T18:00,29.5,2,0.00
2026-06-25T19:00,27.3,1,0.00
2026-06-25T20:00,27.3,0,0.00
2026-06-25T21:00,27.0,0,0.00
2026-06-25T22:00,25.6,0,0.00
2026-06-25T23:00,24.5,0,0.00
2026-06-26T00:00,23.3,0,0.00
2026-06-26T01:00,22.6,0,0.00
2026-06-26T02:00,21.6,0,0.00
2026-06-26T03:00,21.1,0,0.00
2026-06-26T04:00,20.3,0,0.00
2026-06-26T05:00,19.4,0,0.00
2026-06-26T06:00,18.8,0,0.00
2026-06-26T07:00,18.2,0,0.00
2026-06-26T08:00,19.2,0,0.00
2026-06-26T09:00,21.8,0,0.00
2026-06-26T10:00,24.5,0,0.00
2026-06-26T11:00,26.4,0,0.00
2026-06-26T12:00,27.7,0,0.00
2026-06-26T13:00,28.8,0,0.00
2026-06-26T14:00,30.6,1,0.00
2026-06-26T15:00,30.9,1,0.00
2026-06-26T16:00,31.2,1,0.00
2026-06-26T17:00,31.4,1,0.00
2026-06-26T18:00,31.5,1,0.00
2026-06-26T19:00,31.3,0,0.00
2026-06-26T20:00,31.0,0,0.00
2026-06-26T21:00,29.8,1,0.00
2026-06-26T22:00,28.2,1,0.00
2026-06-26T23:00,26.9,1,0.00
2026-06-27T00:00,25.8,2,0.00
2026-06-27T01:00,24.8,1,0.00
2026-06-27T02:00,23.6,1,0.00
2026-06-27T03:00,22.9,1,0.00
2026-06-27T04:00,22.6,1,0.00
2026-06-27T05:00,22.1,1,0.00
2026-06-27T06:00,21.8,2,0.00
2026-06-27T07:00,21.3,1,0.00
2026-06-27T08:00,21.8,1,0.00
2026-06-27T09:00,24.0,1,0.00
2026-06-27T10:00,26.2,1,0.00
2026-06-27T11:00,28.6,1,0.00
2026-06-27T12:00,30.4,2,0.00
2026-06-27T13:00,31.6,2,0.00
2026-06-27T14:00,33.2,1,0.00
2026-06-27T15:00,33.1,1,0.00
2026-06-27T16:00,33.5,0,0.00
2026-06-27T17:00,33.6,0,0.00
2026-06-27T18:00,33.5,0,0.00
2026-06-27T19:00,33.1,0,0.00
2026-06-27T20:00,32.8,0,0.00
2026-06-27T21:00,31.5,0,0.00
2026-06-27T22:00,29.7,0,0.00
2026-06-27T23:00,28.2,0,0.00
2026-06-28T00:00,26.8,0,0.00
2026-06-28T01:00,25.8,1,0.00
2026-06-28T02:00,24.5,1,0.00
2026-06-28T03:00,24.5,3,0.00
2026-06-28T04:00,24.2,51,0.20
2026-06-28T05:00,22.7,2,0.00
2026-06-28T06:00,21.5,1,0.00
2026-06-28T07:00,21.1,1,0.00
2026-06-28T08:00,22.2,0,0.00
2026-06-28T09:00,24.8,2,0.00
2026-06-28T10:00,27.2,2,0.00
2026-06-28T11:00,28.9,3,0.00
2026-06-28T12:00,30.5,3,0.00
2026-06-28T13:00,31.6,3,0.00
2026-06-28T14:00,30.2,51,0.10
2026-06-28T15:00,32.2,0,0.00
2026-06-28T16:00,33.1,0,0.00
2026-06-28T17:00,33.4,1,0.00
2026-06-28T18:00,33.1,1,0.00
2026-06-28T19:00,31.5,2,0.00
2026-06-28T20:00,30.0,1,0.00
2026-06-28T21:00,28.7,0,0.00
2026-06-28T22:00,26.4,0,0.00
2026-06-28T23:00,24.9,0,0.00
2026-06-29T00:00,23.7,0,0.00
2026-06-29T01:00,22.6,0,0.00
2026-06-29T02:00,20.4,0,0.00
2026-06-29T03:00,20.1,0,0.00
2026-06-29T04:00,19.7,0,0.00
2026-06-29T05:00,19.2,0,0.00
2026-06-29T06:00,18.7,0,0.00
2026-06-29T07:00,18.5,0,0.00
2026-06-29T08:00,19.3,0,0.00
2026-06-29T09:00,21.1,0,0.00
2026-06-29T10:00,23.3,0,0.00
2026-06-29T11:00,25.8,0,0.00
2026-06-29T12:00,27.9,0,0.00
2026-06-29T13:00,29.6,0,0.00
2026-06-29T14:00,31.7,1,0.00
2026-06-29T15:00,32.0,1,0.00
2026-06-29T16:00,32.5,1,0.00
2026-06-29T17:00,33.1,0,0.00
2026-06-29T18:00,33.2,0,0.00
2026-06-29T19:00,33.1,0,0.00
2026-06-29T20:00,32.9,1,0.00
2026-06-29T21:00,31.8,0,0.00
2026-06-29T22:00,29.7,0,0.00
2026-06-29T23:00,28.8,0,0.00
2026-06-30T00:00,28.3,0,0.00
2026-06-30T01:00,27.4,0,0.00
2026-06-30T02:00,24.3,0,0.00
2026-06-30T03:00,23.9,0,0.00
2026-06-30T04:00,22.6,0,0.00
2026-06-30T05:00,21.9,0,0.00
2026-06-30T06:00,21.3,0,0.00
2026-06-30T07:00,20.9,0,0.00
2026-06-30T08:00,22.0,0,0.00
2026-06-30T09:00,24.8,0,0.00
2026-06-30T10:00,26.9,0,0.00
2026-06-30T11:00,28.7,0,0.00
2026-06-30T12:00,30.8,0,0.00
2026-06-30T13:00,32.8,0,0.00
2026-06-30T14:00,34.8,0,0.00
2026-06-30T15:00,35.3,0,0.00
2026-06-30T16:00,36.0,2,0.00
2026-06-30T17:00,35.8,1,0.00
2026-06-30T18:00,35.8,2,0.00
2026-06-30T19:00,35.1,1,0.00
2026-06-30T20:00,34.9,1,0.00
2026-06-30T21:00,34.2,2,0.00
2026-06-30T22:00,32.3,1,0.00
2026-06-30T23:00,30.8,1,0.00
2026-07-01T00:00,29.3,1,0.00
2026-07-01T01:00,28.0,0,0.00
2026-07-01T02:00,26.3,0,0.00
2026-07-01T03:00,25.0,1,0.00
2026-07-01T04:00,24.2,0,0.00
2026-07-01T05:00,23.2,1,0.00
2026-07-01T06:00,22.4,0,0.00
2026-07-01T07:00,21.6,0,0.00
2026-07-01T08:00,22.9,0,0.00
2026-07-01T09:00,24.9,0,0.00
2026-07-01T10:00,27.0,0,0.00
2026-07-01T11:00,29.0,0,0.00
2026-07-01T12:00,31.3,0,0.00
2026-07-01T13:00,33.4,0,0.00
2026-07-01T14:00,35.5,0,0.00
2026-07-01T15:00,36.1,0,0.00
2026-07-01T16:00,37.2,1,0.00
2026-07-01T17:00,37.4,2,0.00
2026-07-01T18:00,37.2,2,0.00
2026-07-01T19:00,36.7,1,0.00
2026-07-01T20:00,35.9,1,0.00
2026-07-01T21:00,33.1,0,0.00
2026-07-01T22:00,30.2,0,0.00
2026-07-01T23:00,27.7,1,0.00
2026-07-02T00:00,25.5,2,0.00
2026-07-02T01:00,23.5,2,0.00
2026-07-02T02:00,22.2,3,0.00
2026-07-02T03:00,20.8,3,0.00
2026-07-02T04:00,19.7,2,0.00
2026-07-02T05:00,18.6,0,0.00
2026-07-02T06:00,17.7,0,0.00
2026-07-02T07:00,16.9,0,0.00
2026-07-02T08:00,17.2,0,0.00
2026-07-02T09:00,19.3,0,0.00
2026-07-02T10:00,22.1,0,0.00
2026-07-02T11:00,24.7,0,0.00
2026-07-02T12:00,27.1,0,0.00
2026-07-02T13:00,29.5,0,0.00
2026-07-02T14:00,31.7,0,0.00
2026-07-02T15:00,32.8,0,0.00
2026-07-02T16:00,34.0,0,0.00
2026-07-02T17:00,34.8,0,0.00
2026-07-02T18:00,34.8,0,0.00
2026-07-02T19:00,34.2,0,0.00
2026-07-02T20:00,33.4,0,0.00
2026-07-02T21:00,31.3,0,0.00
2026-07-02T22:00,29.0,0,0.00
2026-07-02T23:00,27.4,0,0.00
2026-07-03T00:00,25.8,0,0.00
2026-07-03T01:00,24.3,0,0.00
2026-07-03T02:00,23.1,0,0.00
2026-07-03T03:00,21.9,0,0.00
2026-07-03T04:00,21.1,0,0.00
2026-07-03T05:00,20.7,0,0.00
2026-07-03T06:00,20.3,0,0.00
2026-07-03T07:00,19.8,0,0.00
2026-07-03T08:00,20.6,0,0.00
2026-07-03T09:00,22.7,0,0.00
2026-07-03T10:00,25.5,0,0.00
2026-07-03T11:00,28.0,0,0.00
2026-07-03T12:00,30.1,0,0.00
2026-07-03T13:00,31.9,0,0.00
2026-07-03T14:00,34.1,0,0.00
2026-07-03T15:00,34.8,0,0.00
2026-07-03T16:00,35.7,0,0.00
2026-07-03T17:00,36.3,0,0.00
2026-07-03T18:00,36.5,0,0.00
2026-07-03T19:00,36.4,0,0.00
2026-07-03T20:00,36.0,0,0.00
2026-07-03T21:00,34.6,0,0.00
2026-07-03T22:00,32.1,0,0.00
2026-07-03T23:00,31.0,0,0.00
2026-07-04T00:00,29.8,0,0.00
2026-07-04T01:00,27.8,0,0.00
2026-07-04T02:00,26.0,0,0.00
2026-07-04T03:00,25.0,0,0.00
2026-07-04T04:00,23.9,0,0.00
2026-07-04T05:00,23.2,0,0.00
2026-07-04T06:00,22.5,0,0.00
2026-07-04T07:00,21.8,0,0.00
2026-07-04T08:00,22.6,0,0.00
2026-07-04T09:00,24.6,0,0.00
2026-07-04T10:00,27.0,0,0.00
2026-07-04T11:00,29.3,0,0.00
2026-07-04T12:00,31.8,0,0.00
2026-07-04T13:00,34.0,0,0.00
2026-07-04T14:00,36.5,0,0.00
2026-07-04T15:00,37.1,0,0.00
2026-07-04T16:00,37.7,0,0.00
2026-07-04T17:00,38.2,0,0.00
2026-07-04T18:00,38.4,1,0.00
2026-07-04T19:00,38.2,3,0.00
2026-07-04T20:00,37.2,3,0.00
2026-07-04T21:00,35.7,1,0.00
2026-07-04T22:00,33.4,0,0.00
2026-07-04T23:00,31.1,0,0.00
2026-07-05T00:00,29.9,0,0.00
2026-07-05T01:00,29.5,0,0.00
2026-07-05T02:00,27.3,0,0.00
2026-07-05T03:00,26.3,0,0.00
2026-07-05T04:00,25.2,0,0.00
2026-07-05T05:00,24.4,0,0.00
2026-07-05T06:00,23.6,0,0.00
2026-07-05T07:00,22.9,0,0.00
2026-07-05T08:00,23.5,0,0.00
2026-07-05T09:00,25.7,0,0.00
2026-07-05T10:00,27.8,0,0.00
2026-07-05T11:00,29.8,0,0.00
2026-07-05T12:00,31.9,0,0.00
2026-07-05T13:00,34.0,0,0.00
2026-07-05T14:00,36.2,1,0.00
2026-07-05T15:00,36.9,1,0.00
2026-07-05T16:00,37.4,1,0.00
2026-07-05T17:00,38.2,1,0.00
2026-07-05T18:00,38.4,1,0.00
2026-07-05T19:00,37.9,2,0.00
2026-07-05T20:00,37.0,3,0.00
2026-07-05T21:00,35.5,2,0.00
2026-07-05T22:00,33.8,2,0.00
2026-07-05T23:00,32.4,1,0.00
2026-07-06T00:00,31.4,0,0.00
2026-07-06T01:00,30.8,0,0.00
2026-07-06T02:00,27.9,0,0.00
2026-07-06T03:00,26.8,0,0.00
2026-07-06T04:00,26.2,0,0.00
2026-07-06T05:00,25.5,0,0.00
2026-07-06T06:00,24.7,0,0.00
2026-07-06T07:00,23.7,0,0.00
2026-07-06T08:00,24.0,0,0.00
2026-07-06T09:00,26.0,0,0.00
2026-07-06T10:00,28.2,0,0.00
2026-07-06T11:00,30.4,0,0.00
2026-07-06T12:00,32.4,0,0.00
2026-07-06T13:00,34.5,0,0.00
2026-07-06T14:00,36.7,1,0.00
2026-07-06T15:00,37.2,1,0.00
2026-07-06T16:00,38.1,0,0.00
2026-07-06T17:00,38.9,1,0.00
2026-07-06T18:00,38.5,2,0.00
2026-07-06T19:00,37.9,2,0.00
2026-07-06T20:00,37.1,51,0.10
2026-07-06T21:00,34.8,3,0.00
2026-07-06T22:00,33.2,2,0.00
2026-07-06T23:00,32.0,0,0.00
2026-07-07T00:00,30.5,0,0.00
2026-07-07T01:00,29.2,2,0.00
2026-07-07T02:00,29.2,1,0.00
2026-07-07T03:00,27.2,0,0.00
2026-07-07T04:00,26.1,0,0.00
2026-07-07T05:00,25.4,1,0.00
2026-07-07T06:00,25.0,1,0.00
2026-07-07T07:00,24.0,0,0.00
2026-07-07T08:00,24.3,0,0.00
2026-07-07T09:00,26.8,0,0.00
2026-07-07T10:00,29.6,0,0.00
2026-07-07T11:00,32.2,0,0.00
2026-07-07T12:00,34.5,0,0.00
2026-07-07T13:00,36.5,0,0.00
2026-07-07T14:00,37.9,2,0.00
2026-07-07T15:00,38.0,2,0.00
2026-07-07T16:00,37.9,3,0.00
2026-07-07T17:00,34.2,55,1.10
2026-07-07T18:00,35.5,3,0.00
2026-07-07T19:00,35.5,3,0.00
2026-07-07T20:00,31.2,3,0.00
2026-07-07T21:00,29.8,3,0.00
2026-07-07T22:00,28.4,2,0.00
2026-07-07T23:00,27.1,1,0.00
2026-07-08T00:00,25.9,0,0.00
2026-07-08T01:00,24.9,0,0.00
2026-07-08T02:00,23.7,0,0.00
2026-07-08T03:00,22.9,0,0.00
2026-07-08T04:00,22.4,0,0.00
2026-07-08T05:00,21.9,0,0.00
2026-07-08T06:00,20.9,0,0.00
2026-07-08T07:00,19.9,0,0.00
2026-07-08T08:00,19.6,0,0.00
2026-07-08T09:00,22.4,0,0.00
2026-07-08T10:00,25.9,0,0.00
2026-07-08T11:00,29.2,0,0.00
2026-07-08T12:00,31.8,0,0.00
2026-07-08T13:00,34.1,0,0.00
2026-07-08T14:00,36.4,0,0.00
2026-07-08T15:00,36.6,0,0.00
2026-07-08T16:00,37.2,0,0.00
2026-07-08T17:00,37.4,0,0.00
2026-07-08T18:00,37.2,2,0.00
2026-07-08T19:00,36.6,2,0.00
2026-07-08T20:00,35.5,1,0.00
2026-07-08T21:00,34.1,0,0.00
2026-07-08T22:00,31.4,0,0.00
2026-07-08T23:00,29.8,0,0.00
2026-07-09T00:00,28.2,0,0.00
2026-07-09T01:00,27.3,0,0.00
2026-07-09T02:00,24.4,0,0.00
2026-07-09T03:00,23.3,0,0.00
2026-07-09T04:00,22.2,0,0.00
2026-07-09T05:00,21.4,0,0.00
2026-07-09T06:00,20.7,0,0.00
2026-07-09T07:00,19.5,0,0.00
2026-07-09T08:00,20.0,0,0.00
2026-07-09T09:00,24.5,0,0.00
2026-07-09T10:00,29.0,0,0.00
2026-07-09T11:00,31.7,0,0.00
2026-07-09T12:00,33.8,0,0.00
2026-07-09T13:00,35.5,0,0.00
2026-07-09T14:00,37.4,0,0.00
2026-07-09T15:00,37.3,2,0.00
2026-07-09T16:00,37.5,1,0.00
2026-07-09T17:00,37.4,1,0.00
2026-07-09T18:00,37.0,2,0.00
2026-07-09T19:00,36.2,1,0.00
2026-07-09T20:00,35.2,1,0.00
2026-07-09T21:00,33.6,0,0.00
2026-07-09T22:00,31.2,0,0.00
2026-07-09T23:00,29.7,0,0.00

time,temperature_2m_mean (°C),temperature_2m_max (°C),temperature_2m_min (°C),precipitation_sum (mm),rain_sum (mm),precipitation_hours (h),wind_speed_10m_max (km/h),sunshine_duration (s)
2023-01-01,7.7,13.7,2.9,0.00,0.00,0.0,11.1,28033.79
2023-01-02,8.9,11.9,6.8,2.20,2.20,9.0,9.7,20630.37
2023-01-03,6.4,11.7,2.6,0.00,0.00,0.0,7.9,32135.08
2023-01-04,5.2,11.8,0.5,0.00,0.00,0.0,8.3,32189.61
2023-01-05,5.0,11.9,0.6,0.00,0.00,0.0,10.1,32245.85
2023-01-06,3.8,10.7,-1.6,0.00,0.00,0.0,9.0,32303.65
2023-01-07,4.4,8.4,0.8,2.90,2.90,12.0,9.5,0.00
2023-01-08,10.1,12.4,7.8,13.20,13.20,23.0,29.0,5012.35
2023-01-09,9.7,11.9,4.8,0.00,0.00,0.0,21.3,32400.00
2023-01-10,5.3,12.2,1.0,0.00,0.00,0.0,10.2,32400.00
2023-01-11,5.8,9.2,2.4,0.10,0.10,1.0,7.6,10800.00
2023-01-12,4.0,10.6,-0.5,0.00,0.00,0.0,10.1,32285.45
2023-01-13,4.6,10.4,1.7,0.00,0.00,0.0,9.0,24892.64
2023-01-14,4.0,10.4,-1.1,0.00,0.00,0.0,7.1,32400.00
2023-01-15,5.3,10.4,2.6,0.00,0.00,0.0,19.4,18859.26
2023-01-16,5.0,8.5,0.9,0.40,0.40,3.0,34.9,0.00
2023-01-17,7.5,10.1,3.4,2.70,2.70,10.0,39.0,32400.00
2023-01-18,3.1,6.4,-0.1,0.00,0.00,0.0,22.8,25200.00
2023-01-19,3.2,8.0,0.5,0.10,0.10,1.0,26.1,20126.03
2023-01-20,8.7,12.8,4.9,0.20,0.20,2.0,25.5,29305.93
2023-01-21,6.1,10.7,1.8,2.10,2.10,3.0,15.2,32400.00
2023-01-22,0.8,8.4,-4.4,0.00,0.00,0.0,12.3,32753.40
2023-01-23,0.8,7.9,-5.3,0.00,0.00,0.0,11.9,32730.49
2023-01-24,0.7,5.4,-3.5,0.00,0.00,0.0,17.1,20692.20
2023-01-25,2.1,9.4,-2.4,0.00,0.00,0.0,14.3,32681.50
2023-01-26,3.4,8.7,-0.9,0.00,0.00,0.0,16.5,28659.93
2023-01-27,2.0,8.5,-2.6,0.20,0.20,2.0,18.2,28808.83
2023-01-28,2.0,8.9,-2.8,0.00,0.00,0.0,17.3,33238.93
2023-01-29,0.8,7.3,-4.2,0.00,0.00,0.0,16.6,33503.36
2023-01-30,1.3,7.9,-3.7,0.00,0.00,0.0,14.3,33764.23
2023-01-31,1.5,9.8,-4.2,0.00,0.00,0.0,10.5,34354.76
2023-02-01,3.7,11.5,-0.5,0.00,0.00,0.0,13.5,34610.91
2023-02-02,5.2,12.8,-1.1,0.00,0.00,0.0,14.5,34864.01
2023-02-03,5.0,15.1,-2.4,0.00,0.00,0.0,9.9,35444.47
2023-02-04,4.8,16.0,-3.6,0.00,0.00,0.0,10.4,36021.31
2023-02-05,6.1,16.3,-1.3,0.00,0.00,0.0,17.0,36413.48
2023-02-06,4.4,10.3,-2.1,0.10,0.10,1.0,25.0,35454.04
2023-02-07,4.2,8.9,0.2,0.40,0.40,2.0,14.4,33819.99
2023-02-08,5.2,10.4,1.3,0.10,0.10,1.0,19.1,26348.15
2023-02-09,5.2,9.1,2.0,0.90,0.90,6.0,12.3,19901.78
2023-02-10,3.9,9.2,0.9,0.00,0.00,0.0,11.5,35499.62
2023-02-11,3.5,10.2,-1.4,0.00,0.00,0.0,16.1,37203.08
2023-02-12,4.5,11.1,-0.4,0.00,0.00,0.0,12.1,28655.17
2023-02-13,5.0,11.0,0.4,0.00,0.00,0.0,12.0,37594.63
2023-02-14,6.0,11.4,3.0,0.00,0.00,0.0,13.2,2039.47
2023-02-15,7.4,13.4,4.5,0.00,0.00,0.0,12.1,31554.09
2023-02-16,6.8,15.0,0.8,0.00,0.00,0.0,13.3,38048.31
2023-02-17,7.6,15.4,1.9,0.00,0.00,0.0,13.8,38201.58
2023-02-18,8.1,15.1,2.8,0.00,0.00,0.0,12.2,33829.02
2023-02-19,11.1,19.2,4.6,0.00,0.00,0.0,12.3,38510.35
2023-02-20,12.2,19.7,6.1,0.20,0.20,1.0,15.9,37202.98
2023-02-21,10.6,16.7,4.9,0.30,0.30,2.0,10.6,38821.12
2023-02-22,9.9,16.5,4.1,0.00,0.00,0.0,14.3,38232.60
2023-02-23,6.2,9.4,2.5,1.90,1.90,9.0,25.9,21294.09
2023-02-24,3.2,9.7,-3.1,0.00,0.00,0.0,13.7,39288.70
2023-02-25,2.4,9.3,-3.5,0.90,0.80,5.0,15.3,38664.03
2023-02-26,3.4,11.7,-3.3,0.00,0.00,0.0,16.8,35902.28
2023-02-27,0.8,5.7,-5.0,0.00,0.00,0.0,19.2,39570.71
2023-02-28,1.2,9.7,-5.1,0.00,0.00,0.0,18.1,39600.00
2023-03-01,0.5,6.6,-5.5,0.00,0.00,0.0,12.8,37395.85
2023-03-02,2.3,9.9,-4.7,0.00,0.00,0.0,12.3,39600.00
2023-03-03,3.5,13.0,-4.0,0.00,0.00,0.0,9.5,39600.00
2023-03-04,5.3,12.6,-1.6,0.00,0.00,0.0,11.5,39600.00
2023-03-05,4.4,10.4,-2.3,3.20,3.20,7.0,9.4,7629.96
2023-03-06,7.1,12.6,3.7,1.00,1.00,8.0,17.4,13118.69
2023-03-07,9.9,15.4,7.5,1.20,1.20,8.0,23.7,31208.09
2023-03-08,11.8,16.6,8.3,0.80,0.80,7.0,33.0,26317.36
2023-03-09,12.8,16.9,9.9,4.00,4.00,10.0,33.6,30344.44
2023-03-10,11.8,20.7,6.9,0.00,0.00,0.0,20.5,39600.00
2023-03-11,13.3,20.8,7.5,0.00,0.00,0.0,21.3,37586.66
2023-03-12,14.8,22.0,7.7,0.00,0.00,0.0,13.6,39600.00
2023-03-13,13.7,19.9,7.8,0.00,0.00,0.0,37.4,39600.00
2023-03-14,10.9,17.0,5.6,0.00,0.00,0.0,19.9,39600.00
2023-03-15,11.1,20.0,2.4,0.00,0.00,0.0,9.2,39961.10
2023-03-16,13.5,23.2,5.7,0.00,0.00,0.0,14.6,35176.40
2023-03-17,13.0,16.3,9.9,0.50,0.50,1.0,25.1,35056.58
2023-03-18,10.1,15.2,4.8,0.30,0.30,3.0,16.9,39790.10
2023-03-19,10.9,18.4,3.7,0.00,0.00,0.0,9.7,40671.99
2023-03-20,11.7,20.4,3.5,0.00,0.00,0.0,9.2,40623.36
2023-03-21,12.8,21.0,5.0,0.00,0.00,0.0,11.7,39600.00
2023-03-22,13.4,21.6,3.9,0.00,0.00,0.0,17.4,41430.90
2023-03-23,14.1,20.8,5.6,0.00,0.00,0.0,21.7,39276.63
2023-03-24,12.8,17.7,8.0,0.00,0.00,0.0,19.6,41332.40
2023-03-25,12.7,20.6,6.2,0.00,0.00,0.0,20.2,36285.25
2023-03-26,13.5,20.2,7.1,0.00,0.00,0.0,23.3,42713.25
2023-03-27,12.1,20.2,3.2,0.00,0.00,0.0,13.2,43083.74
2023-03-28,13.8,22.9,5.0,0.00,0.00,0.0,9.8,41718.90
2023-03-29,15.4,25.1,6.4,0.00,0.00,0.0,18.6,42920.08
2023-03-30,16.0,21.9,10.2,0.00,0.00,0.0,26.2,42769.20
2023-03-31,14.6,19.8,8.3,2.10,2.10,1.0,25.9,38873.43
2023-04-01,13.7,19.2,9.3,0.00,0.00,0.0,29.3,40123.93
2023-04-02,10.7,17.9,3.1,0.00,0.00,0.0,13.0,44102.53
2023-04-03,10.9,19.0,2.2,0.00,0.00,0.0,13.8,43162.81
2023-04-04,12.9,20.3,5.9,0.00,0.00,0.0,21.4,45088.34
2023-04-05,12.3,21.3,2.9,0.00,0.00,0.0,16.4,45060.18
2023-04-06,14.5,23.2,6.3,0.00,0.00,0.0,13.5,45335.90
2023-04-07,15.5,24.2,6.1,0.00,0.00,0.0,17.3,45308.42
2023-04-08,16.7,25.4,6.9,0.00,0.00,0.0,11.2,45281.13
2023-04-09,18.1,26.7,8.5,0.00,0.00,0.0,19.2,43200.00
2023-04-10,19.5,26.8,11.8,0.00,0.00,0.0,16.6,45837.00
2023-04-11,18.1,25.8,8.9,0.00,0.00,0.0,21.5,45917.86
2023-04-12,15.1,21.5,9.1,0.30,0.30,2.0,25.6,37277.65
2023-04-13,11.1,16.7,5.9,0.00,0.00,0.0,21.7,44228.56
2023-04-14,13.8,20.4,8.5,0.00,0.00,0.0,29.9,39222.92
2023-04-15,15.8,23.1,10.1,0.00,0.00,0.0,20.4,45166.40
2023-04-16,16.2,24.4,9.1,0.00,0.00,0.0,19.0,46227.47
2023-04-17,16.1,24.5,7.2,0.00,0.00,0.0,17.7,46289.42
2023-04-18,15.1,22.6,7.4,0.00,0.00,0.0,20.1,46351.35
2023-04-19,16.0,24.0,8.5,0.00,0.00,0.0,11.6,43200.00
2023-04-20,18.3,26.7,9.9,0.00,0.00,0.0,18.1,46475.08
2023-04-21,18.4,24.8,10.6,0.20,0.20,1.0,25.0,38701.89
2023-04-22,15.5,20.7,11.2,6.70,6.70,10.0,19.7,40450.39
2023-04-23,15.5,23.0,8.2,0.00,0.00,0.0,20.1,46700.92
2023-04-24,17.9,25.7,10.3,0.00,0.00,0.0,15.0,47034.53
2023-04-25,20.1,28.4,11.2,0.00,0.00,0.0,14.4,46782.66
2023-04-26,20.9,28.3,11.6,0.00,0.00,0.0,17.3,47349.50
2023-04-27,21.8,30.6,13.0,0.00,0.00,0.0,16.6,46800.00
2023-04-28,23.1,31.2,15.1,0.00,0.00,0.0,20.7,45623.87
2023-04-29,21.3,26.2,15.6,0.70,0.70,4.0,15.8,39238.20
2023-04-30,18.5,24.9,12.0,0.00,0.00,0.0,15.5,39397.02
2023-05-01,18.9,26.5,10.4,0.00,0.00,0.0,17.6,48121.85
2023-05-02,20.6,28.3,13.1,0.00,0.00,0.0,15.0,37967.71
2023-05-03,21.7,29.8,14.1,0.00,0.00,0.0,22.1,44056.64
2023-05-04,19.7,24.3,13.9,0.00,0.00,0.0,22.3,48983.08
2023-05-05,18.4,26.0,9.6,0.00,0.00,0.0,14.2,48954.56
2023-05-06,19.1,26.7,10.7,0.00,0.00,0.0,22.8,48606.67
2023-05-07,20.2,27.8,13.3,0.00,0.00,0.0,16.6,49220.19
2023-05-08,21.5,30.9,12.9,0.00,0.00,0.0,21.0,48003.27
2023-05-09,21.9,26.8,16.0,0.00,0.00,0.0,22.8,48847.07
2023-05-10,18.3,25.3,12.2,0.00,0.00,0.0,17.0,49856.76
2023-05-11,16.2,23.5,9.6,0.00,0.00,0.0,20.3,49920.56
2023-05-12,13.7,19.9,8.7,2.20,2.20,4.0,22.0,49982.82
2023-05-13,13.5,20.0,4.9,0.20,0.20,2.0,18.7,50043.45
2023-05-14,14.6,20.5,7.8,0.40,0.40,4.0,15.5,50102.38
2023-05-15,14.7,21.2,8.4,0.00,0.00,0.0,19.4,49360.25
2023-05-16,14.8,22.9,6.8,0.00,0.00,0.0,17.9,46158.57
2023-05-17,15.4,23.6,7.6,0.00,0.00,0.0,25.3,48748.40
2023-05-18,15.1,22.7,7.9,0.00,0.00,0.0,23.2,50145.05
2023-05-19,14.7,21.3,8.3,0.20,0.20,2.0,24.4,50369.07
2023-05-20,14.4,20.5,7.1,0.40,0.40,4.0,19.9,46991.85
2023-05-21,15.5,21.6,10.9,1.70,1.70,4.0,21.0,37233.73
2023-05-22,17.3,23.3,11.3,1.70,1.70,5.0,18.7,40070.45
2023-05-23,16.5,23.6,12.4,9.00,9.00,11.0,26.5,45128.30
2023-05-24,17.1,23.1,12.2,1.60,1.60,6.0,16.7,49447.92
2023-05-25,17.4,25.3,12.2,1.20,1.20,3.0,20.2,44460.91
2023-05-26,15.0,18.7,12.5,25.10,25.10,21.0,20.2,11127.22
2023-05-27,15.6,21.0,12.2,25.00,25.00,9.0,12.5,27185.20
2023-05-28,15.7,19.9,12.7,4.30,4.30,14.0,12.0,38994.81
2023-05-29,16.0,22.3,11.3,0.90,0.90,4.0,12.6,40168.62
2023-05-30,15.8,21.7,10.4,4.90,4.90,7.0,12.7,41968.24
2023-05-31,16.8,22.9,10.8,1.40,1.40,5.0,11.5,48885.28
2023-06-01,16.7,22.4,12.4,6.70,6.70,8.0,11.2,48130.88
2023-06-02,16.0,22.1,12.4,7.10,7.10,12.0,11.7,33951.44
2023-06-03,17.7,24.1,11.7,0.20,0.20,1.0,8.5,49587.30
2023-06-04,18.1,24.0,12.9,4.40,4.40,6.0,11.9,50001.14
2023-06-05,18.8,24.7,13.7,9.10,9.10,11.0,11.0,49784.26
2023-06-06,20.0,26.7,13.5,0.00,0.00,0.0,9.3,50400.00
2023-06-07,17.8,20.3,15.4,7.10,7.10,16.0,13.8,0.00
2023-06-08,17.6,21.0,15.4,3.60,3.60,13.0,13.6,13898.72
2023-06-09,18.2,22.8,14.4,1.20,1.20,9.0,20.8,45484.90
2023-06-10,19.7,25.6,14.5,0.00,0.00,0.0,14.1,41167.61
2023-06-11,20.8,26.3,15.3,0.10,0.10,1.0,17.2,47316.48
2023-06-12,19.3,24.4,14.7,1.70,1.70,2.0,12.2,46958.28
2023-06-13,18.3,22.9,13.4,1.80,1.80,7.0,14.6,50890.19
2023-06-14,19.5,25.7,11.8,0.00,0.00,0.0,8.9,46799.24
2023-06-15,22.6,30.0,15.6,0.00,0.00,0.0,13.5,51556.79
2023-06-16,24.4,31.9,17.6,0.00,0.00,0.0,14.8,51546.01
2023-06-17,25.5,32.8,18.3,0.10,0.10,1.0,20.7,47842.33
2023-06-18,22.6,29.8,17.1,3.50,3.50,7.0,22.4,48599.96
2023-06-19,22.7,29.4,16.7,5.40,5.40,5.0,21.9,44722.90
2023-06-20,22.0,26.3,16.3,0.70,0.70,5.0,19.4,51164.01
2023-06-21,21.0,28.1,15.6,4.30,4.30,4.0,16.9,43704.89
2023-06-22,21.5,28.7,13.9,0.00,0.00,0.0,13.2,51496.01
2023-06-23,24.7,31.3,18.2,0.00,0.00,0.0,17.1,51835.89
2023-06-24,26.6,34.2,18.9,0.00,0.00,0.0,14.9,51831.18
2023-06-25,28.9,36.9,20.3,0.00,0.00,0.0,19.2,50446.39
2023-06-26,29.1,37.1,20.3,0.00,0.00,0.0,14.5,51134.26
2023-06-27,28.6,35.1,21.3,0.00,0.00,0.0,15.0,51477.52
2023-06-28,28.2,34.9,21.3,0.00,0.00,0.0,14.9,50191.78
2023-06-29,26.7,35.0,18.1,0.00,0.00,0.0,23.5,52164.72
2023-06-30,22.8,30.3,16.0,0.00,0.00,0.0,22.7,52164.45
2023-07-01,24.3,31.7,16.2,0.00,0.00,0.0,15.1,51820.92
2023-07-02,26.6,34.5,20.0,0.00,0.00,0.0,22.7,49997.51
2023-07-03,27.7,34.9,20.4,0.00,0.00,0.0,23.1,51481.19
2023-07-04,27.2,33.7,18.7,0.00,0.00,0.0,15.8,52512.88
2023-07-05,25.7,32.4,17.0,0.00,0.00,0.0,18.4,48784.56
2023-07-06,26.6,32.9,20.1,0.00,0.00,0.0,18.0,46249.92
2023-07-07,25.7,33.3,19.2,0.90,0.90,1.0,18.9,52181.91
2023-07-08,25.6,31.6,17.7,0.00,0.00,0.0,17.6,52187.35
2023-07-09,25.9,33.7,18.5,0.00,0.00,0.0,13.8,52193.62
2023-07-10,28.5,38.0,17.7,0.00,0.00,0.0,17.8,52200.69
2023-07-11,29.8,37.1,20.2,0.00,0.00,0.0,26.6,52208.59
2023-07-12,26.7,33.1,18.5,0.00,0.00,0.0,18.7,44031.45
2023-07-13,27.3,34.0,19.3,0.00,0.00,0.0,11.7,51827.00
2023-07-14,28.1,35.2,20.1,0.00,0.00,0.0,22.9,51794.28
2023-07-15,25.8,31.2,19.6,0.00,0.00,0.0,21.4,51761.81
2023-07-16,25.3,33.0,17.4,0.00,0.00,0.0,14.7,51729.85
2023-07-17,28.3,38.0,17.7,0.00,0.00,0.0,14.6,51362.08
2023-07-18,30.9,38.1,21.3,0.00,0.00,0.0,22.1,50114.47
2023-07-19,31.3,37.2,24.1,0.00,0.00,0.0,27.4,51299.82
2023-07-20,28.5,34.2,20.7,0.00,0.00,0.0,24.5,50933.89
2023-07-21,25.8,31.2,19.5,0.00,0.00,0.0,19.9,50569.14
2023-07-22,25.3,32.0,18.5,0.00,0.00,0.0,16.2,50871.74
2023-07-23,27.1,34.3,19.3,0.00,0.00,0.0,21.1,50508.22
2023-07-24,25.8,31.9,19.2,0.00,0.00,0.0,18.9,50146.05
2023-07-25,23.8,31.3,15.8,0.00,0.00,0.0,18.6,50116.39
2023-07-26,24.9,32.9,16.4,0.00,0.00,0.0,13.5,50086.94
2023-07-27,26.6,32.9,20.2,0.00,0.00,0.0,21.8,50043.98
2023-07-28,26.4,33.0,18.0,0.00,0.00,0.0,16.5,49699.68
2023-07-29,27.4,34.7,17.7,0.00,0.00,0.0,20.8,49671.70
2023-07-30,28.6,36.0,20.4,0.00,0.00,0.0,18.6,49044.12
2023-07-31,29.3,36.2,21.7,0.00,0.00,0.0,14.3,49064.32
2023-08-01,28.7,36.4,20.1,0.00,0.00,0.0,21.0,49084.60
2023-08-02,28.0,35.0,20.0,0.00,0.00,0.0,19.8,48780.78
2023-08-03,25.7,32.5,19.5,0.00,0.00,0.0,21.6,48478.39
2023-08-04,21.5,28.2,14.7,0.00,0.00,0.0,21.3,48500.23
2023-08-05,23.7,33.9,14.1,0.00,0.00,0.0,16.7,48199.86
2023-08-06,26.9,36.2,18.4,0.00,0.00,0.0,20.9,48222.31
2023-08-07,26.9,36.0,17.5,0.00,0.00,0.0,23.4,47924.13
2023-08-08,29.6,38.3,21.5,0.00,0.00,0.0,13.0,47627.45
2023-08-09,31.1,40.1,22.5,0.00,0.00,0.0,20.9,47332.31
2023-08-10,30.6,38.1,22.8,0.00,0.00,0.0,16.4,47676.20
2023-08-11,29.6,37.8,21.6,0.00,0.00,0.0,12.8,47382.73
2023-08-12,29.4,36.6,20.1,0.00,0.00,0.0,11.3,47408.13
2023-08-13,29.5,36.4,22.4,0.00,0.00,0.0,18.8,47116.91
2023-08-14,27.7,34.0,20.3,0.00,0.00,0.0,15.3,47143.22
2023-08-15,27.2,34.8,17.9,0.00,0.00,0.0,16.1,42646.21
2023-08-16,27.6,34.2,19.8,0.00,0.00,0.0,15.0,46881.27
2023-08-17,27.3,34.5,19.3,0.00,0.00,0.0,15.4,46908.43
2023-08-18,26.7,33.0,19.4,0.00,0.00,0.0,20.1,46800.00
2023-08-19,27.6,35.5,19.3,0.00,0.00,0.0,14.3,46800.00
2023-08-20,29.4,37.8,20.9,0.00,0.00,0.0,12.0,46800.00
2023-08-21,31.1,39.0,22.6,0.00,0.00,0.0,10.6,46343.87
2023-08-22,31.7,38.7,24.1,0.00,0.00,0.0,14.3,46717.83
2023-08-23,31.3,38.4,23.9,0.00,0.00,0.0,17.6,46629.87
2023-08-24,31.0,38.4,23.0,0.00,0.00,0.0,15.7,46541.55
2023-08-25,30.2,37.3,20.6,0.00,0.00,0.0,22.3,46193.42
2023-08-26,26.7,31.3,22.5,1.20,1.20,1.0,33.8,29724.94
2023-08-27,20.4,23.8,16.1,0.00,0.00,0.0,23.2,46273.01
2023-08-28,20.0,27.4,12.5,0.00,0.00,0.0,17.8,46181.06
2023-08-29,21.5,28.1,14.8,0.00,0.00,0.0,16.2,46043.99
2023-08-30,21.5,28.4,15.0,0.00,0.00,0.0,11.2,45993.71
2023-08-31,23.1,30.9,15.6,0.00,0.00,0.0,11.7,45898.51
2023-09-01,24.3,31.1,16.3,0.00,0.00,0.0,18.7,44034.74
2023-09-02,18.8,21.7,16.8,9.00,9.00,13.0,22.7,32014.84
2023-09-03,17.6,20.1,15.7,77.10,77.10,21.0,21.3,0.00
2023-09-04,19.3,24.4,16.8,35.70,35.70,16.0,14.1,32268.10
2023-09-05,20.0,25.9,14.0,0.00,0.00,0.0,10.1,41083.83
2023-09-06,21.2,26.6,17.1,1.70,1.70,4.0,11.5,37980.55
2023-09-07,22.5,27.8,18.2,0.10,0.10,1.0,11.2,40066.35
2023-09-08,22.3,27.9,17.4,0.30,0.30,2.0,19.1,43454.90
2023-09-09,21.4,26.0,17.0,0.40,0.40,3.0,17.2,41620.52
2023-09-10,21.0,27.4,16.8,1.20,1.20,9.0,14.0,40027.88
2023-09-11,19.7,24.5,16.1,8.20,8.20,6.0,15.7,41000.01
2023-09-12,19.2,24.5,14.1,0.50,0.50,1.0,8.8,43200.00
2023-09-13,20.5,26.7,15.5,0.00,0.00,0.0,15.1,43200.00
2023-09-14,20.6,25.7,15.3,10.90,10.90,6.0,18.7,43200.00
2023-09-15,19.8,24.9,16.4,17.00,17.00,10.0,17.0,36762.43
2023-09-16,18.2,22.3,14.5,1.10,1.10,9.0,13.8,26144.92
2023-09-17,17.1,20.0,14.8,8.80,8.80,5.0,20.2,17840.71
2023-09-18,16.4,20.8,13.0,1.00,1.00,8.0,14.9,23551.61
2023-09-19,16.9,23.1,11.3,0.20,0.20,2.0,13.0,42967.34
2023-09-20,17.3,23.1,11.4,0.00,0.00,0.0,22.1,42909.30
2023-09-21,15.5,18.4,13.1,2.80,2.80,10.0,26.3,8247.95
2023-09-22,15.0,20.3,10.3,0.00,0.00,0.0,14.8,42792.84
2023-09-23,14.5,21.5,7.8,0.00,0.00,0.0,8.2,42734.39
2023-09-24,17.1,25.1,10.4,0.00,0.00,0.0,9.0,42675.79
2023-09-25,18.8,27.3,11.4,0.00,0.00,0.0,10.5,42617.01
2023-09-26,19.4,27.5,13.5,0.00,0.00,0.0,9.9,42558.05
2023-09-27,20.1,27.5,13.2,0.00,0.00,0.0,9.0,42498.89
2023-09-28,20.5,28.2,12.8,0.00,0.00,0.0,10.8,42351.68
2023-09-29,21.4,30.2,13.6,0.00,0.00,0.0,9.9,42191.75
2023-09-30,21.5,29.7,14.5,0.00,0.00,0.0,10.5,42032.24
2023-10-01,22.1,30.8,14.7,0.00,0.00,0.0,9.1,41873.26
2023-10-02,21.7,29.6,14.1,0.00,0.00,0.0,9.1,41714.89
2023-10-03,21.5,29.6,13.4,0.00,0.00,0.0,10.1,40183.28
2023-10-04,21.6,27.9,15.4,0.00,0.00,0.0,16.1,39510.72
2023-10-05,21.4,29.7,14.1,0.00,0.00,0.0,9.3,40972.67
2023-10-06,21.5,30.1,15.1,0.00,0.00,0.0,10.6,40911.57
2023-10-07,21.1,29.4,14.4,0.00,0.00,0.0,11.1,39933.81
2023-10-08,20.7,30.1,13.9,0.00,0.00,0.0,9.2,39740.21
2023-10-09,20.2,28.4,13.2,0.00,0.00,0.0,9.6,37847.51
2023-10-10,18.9,27.3,11.5,0.00,0.00,0.0,10.4,39607.56
2023-10-11,18.7,26.8,11.5,0.00,0.00,0.0,9.6,37848.53
2023-10-12,18.8,26.8,11.3,0.00,0.00,0.0,10.6,38549.68
2023-10-13,18.6,25.0,11.2,0.50,0.50,2.0,16.6,31402.81
2023-10-14,17.1,20.4,14.1,4.70,4.70,7.0,7.9,34003.59
2023-10-15,16.0,20.2,11.7,1.30,1.30,7.0,10.2,25489.10
2023-10-16,16.5,20.0,13.3,0.30,0.30,3.0,15.7,21047.33
2023-10-17,18.0,23.7,14.6,7.30,7.30,11.0,28.7,32400.00
2023-10-18,16.8,20.2,14.7,4.90,4.90,18.0,30.1,32633.54
2023-10-19,14.7,17.2,12.0,45.50,45.50,22.0,40.9,1149.24
2023-10-20,12.0,16.6,9.3,1.20,1.20,2.0,28.6,25410.83
2023-10-21,10.4,14.9,5.5,0.00,0.00,0.0,15.9,32150.93
2023-10-22,11.1,16.3,7.7,15.60,15.60,8.0,18.1,14400.00
2023-10-23,11.6,15.5,8.3,11.90,11.90,8.0,19.0,25569.18
2023-10-24,10.5,13.2,8.0,1.80,1.80,7.0,27.5,22493.94
2023-10-25,13.7,17.2,11.2,0.00,0.00,0.0,23.5,30123.54
2023-10-26,15.3,17.5,12.2,7.10,7.10,11.0,38.0,13489.24
2023-10-27,11.7,14.9,9.5,0.70,0.70,2.0,25.1,33122.16
2023-10-28,13.0,15.9,11.4,2.30,2.30,16.0,28.6,25557.90
2023-10-29,13.2,15.7,12.0,9.10,9.10,20.0,25.2,6832.05
2023-10-30,11.6,14.8,7.9,17.80,17.80,14.0,21.4,32400.00
2023-10-31,8.6,13.0,4.6,0.00,0.00,0.0,12.6,13033.63
2023-11-01,11.0,14.0,6.3,0.80,0.80,7.0,28.7,5019.00
2023-11-02,12.4,14.7,7.4,15.10,15.10,16.0,34.0,19330.81
2023-11-03,9.1,12.8,5.4,0.10,0.10,1.0,29.9,32255.33
2023-11-04,11.1,14.0,8.2,2.40,2.40,11.0,37.7,4668.39
2023-11-05,9.4,13.0,7.1,0.00,0.00,0.0,21.1,36000.00
2023-11-06,7.6,12.6,4.3,0.10,0.10,1.0,17.7,36000.00
2023-11-07,5.7,10.3,1.4,0.40,0.40,2.0,13.7,33850.60
2023-11-08,6.9,12.6,3.1,0.40,0.40,2.0,13.3,15786.79
2023-11-09,10.8,15.2,8.0,0.20,0.20,2.0,19.5,35931.85
2023-11-10,10.1,14.5,7.2,1.80,1.80,5.0,18.4,26434.71
2023-11-11,12.8,17.0,10.4,0.10,0.10,1.0,25.3,16267.80
2023-11-12,13.8,19.2,11.1,0.50,0.50,3.0,20.2,25118.00
2023-11-13,14.1,18.5,9.7,0.00,0.00,0.0,14.7,32103.75
2023-11-14,12.0,17.2,9.3,0.00,0.00,0.0,8.4,20717.94
2023-11-15,11.6,16.2,8.0,0.00,0.00,0.0,7.4,23205.66
2023-11-16,11.8,16.5,8.8,0.00,0.00,0.0,7.4,21468.48
2023-11-17,11.9,16.9,9.0,0.00,0.00,0.0,6.5,27009.51
2023-11-18,11.4,17.4,7.4,0.00,0.00,0.0,6.8,34116.13
2023-11-19,11.3,18.5,6.0,0.00,0.00,0.0,8.4,34792.97
2023-11-20,10.6,18.6,5.9,0.00,0.00,0.0,8.4,34681.84
2023-11-21,8.5,13.5,4.5,0.00,0.00,0.0,14.3,34572.77
2023-11-22,8.1,13.3,4.1,0.00,0.00,0.0,21.4,32052.36
2023-11-23,6.4,13.8,0.1,0.00,0.00,0.0,11.9,34361.37
2023-11-24,6.3,15.9,0.2,0.00,0.00,0.0,10.6,34259.37
2023-11-25,8.2,16.1,2.6,0.00,0.00,0.0,7.9,34160.06
2023-11-26,7.0,14.6,1.2,0.00,0.00,0.0,9.6,33060.10
2023-11-27,7.1,11.6,3.5,0.00,0.00,0.0,16.1,29560.60
2023-11-28,8.5,11.6,6.6,0.00,0.00,0.0,16.5,20769.99
2023-11-29,11.6,14.3,9.7,0.70,0.70,5.0,21.4,16033.15
2023-11-30,12.7,14.5,11.8,10.90,10.90,18.0,33.9,1064.62
2023-12-01,8.5,13.1,5.3,28.80,28.80,10.0,21.4,22416.09
2023-12-02,6.1,10.3,3.0,0.00,0.00,0.0,15.6,32858.86
2023-12-03,3.3,8.1,-1.6,0.00,0.00,0.0,11.5,26439.13
2023-12-04,6.2,9.4,4.2,0.70,0.70,3.0,18.3,31418.61
2023-12-05,5.3,8.3,2.0,0.00,0.00,0.0,12.7,14400.00
2023-12-06,5.8,9.6,1.1,0.00,0.00,0.0,10.5,23275.62
2023-12-07,5.5,9.0,1.2,10.50,10.50,9.0,11.9,4880.90
2023-12-08,8.2,11.2,6.0,0.20,0.20,2.0,26.0,30912.72
2023-12-09,7.3,11.5,3.8,0.00,0.00,0.0,18.9,20216.94
2023-12-10,10.0,12.2,8.4,0.40,0.40,4.0,11.1,0.00
2023-12-11,9.7,12.8,6.4,0.00,0.00,0.0,7.6,11433.54
2023-12-12,8.7,11.7,5.9,0.60,0.60,5.0,22.2,0.00
2023-12-13,9.2,11.6,5.6,1.50,1.50,3.0,21.5,27433.49
2023-12-14,6.4,11.4,2.4,0.00,0.00,0.0,19.8,31445.01
2023-12-15,6.2,13.3,1.7,0.00,0.00,0.0,15.5,31816.61
2023-12-16,4.5,11.7,-1.5,0.00,0.00,0.0,8.4,31855.72
2023-12-17,3.6,11.3,-1.8,0.00,0.00,0.0,8.4,31895.76
2023-12-18,3.5,11.1,-2.9,0.00,0.00,0.0,8.6,31936.65
2023-12-19,2.7,10.7,-3.0,0.00,0.00,0.0,10.5,31978.26
2023-12-20,3.6,11.6,-2.1,1.00,1.00,2.0,9.0,24366.00
2023-12-21,4.5,11.8,-1.6,0.00,0.00,0.0,8.4,31705.45
2023-12-22,4.2,12.4,-1.7,0.00,0.00,0.0,10.1,31748.59
2023-12-23,3.4,11.9,-1.8,0.00,0.00,0.0,9.2,31791.99
2023-12-24,4.1,11.4,-1.3,0.00,0.00,0.0,7.9,31683.29
2023-12-25,2.7,9.8,-2.8,0.00,0.00,0.0,10.5,31717.91
2023-12-26,1.7,8.1,-2.5,0.00,0.00,0.0,6.9,31755.09
2023-12-27,2.5,9.1,-1.1,0.00,0.00,0.0,6.6,31794.71
2023-12-28,2.1,9.3,-2.6,0.00,0.00,0.0,5.9,23478.13
2023-12-29,2.9,7.4,-0.8,0.50,0.50,2.0,8.7,3594.63
2023-12-30,4.2,10.9,-1.2,0.00,0.00,0.0,9.7,31926.97
2023-12-31,6.0,9.7,3.2,0.00,0.00,0.0,20.8,17090.83
2024-01-01,4.0,9.1,1.3,0.00,0.00,0.0,10.1,31167.36
2024-01-02,5.0,8.2,1.5,0.20,0.20,2.0,14.1,711.61
2024-01-03,9.7,11.5,8.2,3.30,3.30,12.0,17.1,0.00
2024-01-04,8.3,9.7,7.3,3.00,3.00,6.0,12.3,1483.31
2024-01-05,5.9,8.0,4.4,0.20,0.20,1.0,21.1,31053.32
2024-01-06,5.0,7.5,3.2,0.00,0.00,0.0,23.2,31675.50
2024-01-07,3.4,8.5,-0.3,0.00,0.00,0.0,12.9,32355.95
2024-01-08,1.6,7.2,-3.2,0.00,0.00,0.0,8.1,25200.00
2024-01-09,4.6,8.4,1.1,0.20,0.20,2.0,7.1,23098.09
2024-01-10,4.4,6.8,2.0,2.80,2.80,12.0,16.4,4465.84
2024-01-11,3.7,7.0,0.5,0.40,0.40,1.0,15.0,31641.43
2024-01-12,1.5,7.1,-2.6,0.00,0.00,0.0,11.7,32400.00
2024-01-13,3.6,9.8,-1.2,0.00,0.00,0.0,7.4,14685.74
2024-01-14,6.1,8.7,2.9,4.30,4.30,9.0,14.0,1736.12
2024-01-15,10.3,13.6,7.9,10.10,10.10,14.0,23.3,10479.62
2024-01-16,12.3,14.4,10.7,2.30,2.30,6.0,18.7,13342.88
2024-01-17,10.8,11.5,9.4,13.50,13.50,20.0,29.6,18624.42
2024-01-18,10.5,13.5,8.8,0.90,0.90,8.0,27.9,18000.00
2024-01-19,6.8,9.2,4.6,25.40,25.40,17.0,26.4,3964.78
2024-01-20,4.8,10.0,-0.9,0.00,0.00,0.0,15.3,32457.35
2024-01-21,4.6,11.1,0.1,0.00,0.00,0.0,10.1,32437.59
2024-01-22,5.1,10.9,1.0,0.00,0.00,0.0,7.9,25004.15
2024-01-23,6.6,14.1,3.2,0.00,0.00,0.0,7.7,23412.30
2024-01-24,9.1,17.4,3.7,0.00,0.00,0.0,10.2,32530.26
2024-01-25,9.8,17.9,3.5,0.00,0.00,0.0,9.5,33023.61
2024-01-26,10.1,19.0,3.4,0.00,0.00,0.0,10.0,32453.38
2024-01-27,10.1,17.8,5.6,0.00,0.00,0.0,10.7,32244.65
2024-01-28,9.3,16.5,4.7,0.00,0.00,0.0,8.8,32917.76
2024-01-29,9.2,14.6,4.6,0.00,0.00,0.0,8.1,30066.60
2024-01-30,8.0,14.0,2.9,0.00,0.00,0.0,7.4,33448.16
2024-01-31,6.6,13.0,2.1,0.00,0.00,0.0,6.9,29981.32
2024-02-01,7.7,17.1,1.5,0.00,0.00,0.0,9.7,33969.71
2024-02-02,7.5,15.3,1.3,0.00,0.00,0.0,12.0,34227.54
2024-02-03,8.0,15.2,2.8,0.00,0.00,0.0,10.1,35140.50
2024-02-04,7.8,16.6,0.8,0.00,0.00,0.0,9.7,35719.09
2024-02-05,7.4,15.1,1.5,0.00,0.00,0.0,9.8,32690.69
2024-02-06,8.4,15.0,3.9,0.00,0.00,0.0,12.2,30747.85
2024-02-07,6.8,11.6,2.9,0.20,0.20,1.0,15.7,5701.70
2024-02-08,9.1,11.4,7.3,1.30,1.30,3.0,24.0,1668.07
2024-02-09,9.1,12.2,7.5,12.80,12.80,21.0,25.8,4350.91
2024-02-10,7.1,10.6,4.9,2.70,2.70,9.0,26.2,37110.19
2024-02-11,4.3,8.6,1.3,1.80,1.80,8.0,17.3,7200.00
2024-02-12,8.5,15.9,4.7,0.10,0.10,1.0,22.0,28183.60
2024-02-13,10.3,16.1,6.5,0.00,0.00,0.0,12.6,30602.31
2024-02-14,11.4,16.4,7.9,0.00,0.00,0.0,10.5,8962.82
2024-02-15,11.2,14.9,9.0,9.40,9.40,12.0,12.5,1772.18
2024-02-16,10.6,15.2,6.1,0.00,0.00,0.0,18.0,35356.95
2024-02-17,7.7,16.1,0.7,0.00,0.00,0.0,9.2,38171.34
2024-02-18,8.1,17.1,0.7,0.00,0.00,0.0,9.2,35729.63
2024-02-19,10.0,18.1,3.7,0.00,0.00,0.0,11.6,38475.75
2024-02-20,9.1,18.5,1.6,0.00,0.00,0.0,11.2,38628.07
2024-02-21,8.5,16.7,1.3,0.00,0.00,0.0,12.2,21014.76
2024-02-22,9.7,12.6,6.5,2.20,2.20,3.0,31.9,27353.43
2024-02-23,5.8,9.3,2.2,0.50,0.50,4.0,25.7,39085.90
2024-02-24,5.7,10.1,1.9,0.10,0.10,1.0,28.8,37141.57
2024-02-25,8.5,13.0,4.4,0.70,0.70,6.0,37.9,11685.77
2024-02-26,8.0,10.3,5.3,2.90,2.80,9.0,27.1,30348.96
2024-02-27,6.0,11.0,2.5,0.00,0.00,0.0,25.0,33649.76
2024-02-28,5.9,13.2,-1.6,0.00,0.00,0.0,10.0,39600.00
2024-02-29,6.0,14.8,-0.7,0.00,0.00,0.0,27.7,39600.00
2024-03-01,6.3,12.3,2.0,0.00,0.00,0.0,21.7,39600.00
2024-03-02,6.1,8.0,3.5,8.90,8.90,14.0,37.7,1211.90
2024-03-03,5.0,9.3,1.6,0.40,0.40,3.0,26.1,39600.00
2024-03-04,7.5,12.4,4.3,0.20,0.20,2.0,25.1,27382.33
2024-03-05,7.1,12.6,2.4,0.00,0.00,0.0,13.4,39600.00
2024-03-06,6.0,13.6,-0.2,0.00,0.00,0.0,8.3,39600.00
2024-03-07,7.0,13.0,2.6,11.80,11.80,8.0,27.9,17165.57
2024-03-08,5.9,9.8,3.0,7.70,6.20,16.0,33.4,25200.00
2024-03-09,5.7,7.9,2.9,12.70,12.70,17.0,27.7,19727.69
2024-03-10,7.1,11.6,3.7,4.90,4.90,13.0,28.6,36000.00
2024-03-11,8.4,12.4,5.1,0.00,0.00,0.0,20.0,38406.30
2024-03-12,8.1,15.3,0.9,0.00,0.00,0.0,11.4,39600.00
2024-03-13,9.8,17.4,3.2,0.00,0.00,0.0,9.1,39448.30
2024-03-14,10.4,16.2,4.5,0.00,0.00,0.0,20.2,39674.89
2024-03-15,10.3,17.1,3.8,0.00,0.00,0.0,10.3,35612.99
2024-03-16,11.2,18.0,5.6,0.00,0.00,0.0,12.7,34521.16
2024-03-17,13.7,20.5,6.7,0.00,0.00,0.0,7.2,39830.10
2024-03-18,14.5,21.3,7.0,0.00,0.00,0.0,8.9,37226.15
2024-03-19,15.1,22.9,8.2,0.00,0.00,0.0,12.8,40636.39
2024-03-20,14.4,21.3,8.3,4.40,4.40,7.0,15.8,37457.21
2024-03-21,16.3,23.8,11.3,0.10,0.10,1.0,18.0,32400.00
2024-03-22,17.4,25.5,10.5,0.00,0.00,0.0,13.0,38054.88
2024-03-23,16.4,24.3,9.8,0.00,0.00,0.0,20.9,41039.91
2024-03-24,16.4,23.4,10.0,0.00,0.00,0.0,14.3,42332.48
2024-03-25,12.4,15.9,10.2,11.90,11.90,14.0,19.9,15678.27
2024-03-26,6.5,9.6,3.3,3.80,2.80,11.0,26.7,33892.77
2024-03-27,7.6,12.3,3.7,5.70,5.20,15.0,38.0,13917.75
2024-03-28,9.9,14.5,6.4,6.30,6.30,10.0,32.8,35035.98
2024-03-29,7.4,11.2,3.8,24.30,24.30,19.0,29.6,4619.28
2024-03-30,6.2,10.5,2.7,6.80,6.70,19.0,21.4,8307.03
2024-03-31,6.3,10.0,4.6,7.20,7.20,17.0,27.7,21651.55
2024-04-01,6.7,11.7,2.7,0.50,0.50,4.0,29.6,33444.58
2024-04-02,7.8,13.2,2.3,0.20,0.20,2.0,16.9,19230.36
2024-04-03,11.4,16.6,7.7,0.10,0.10,1.0,16.1,38914.96
2024-04-04,12.2,19.6,4.5,0.00,0.00,0.0,10.8,43853.70
2024-04-05,13.5,21.5,6.1,0.00,0.00,0.0,10.7,44735.31
2024-04-06,16.3,23.9,9.7,0.00,0.00,0.0,16.0,32400.00
2024-04-07,15.6,21.1,11.8,0.40,0.40,3.0,15.3,33878.98
2024-04-08,12.2,16.5,8.7,1.80,1.80,4.0,28.8,41051.17
2024-04-09,9.2,14.7,4.3,0.00,0.00,0.0,18.3,44623.41
2024-04-10,11.3,19.6,4.0,0.00,0.00,0.0,11.2,45511.71
2024-04-11,15.1,25.5,5.4,0.00,0.00,0.0,15.5,45965.43
2024-04-12,16.3,24.1,8.7,0.00,0.00,0.0,12.1,46027.26
2024-04-13,17.5,26.4,8.1,0.00,0.00,0.0,10.5,46089.06
2024-04-14,17.8,26.2,9.2,0.00,0.00,0.0,12.0,46150.83
2024-04-15,18.8,27.7,10.1,0.00,0.00,0.0,13.8,46212.56
2024-04-16,16.8,25.7,8.6,0.00,0.00,0.0,16.9,46274.24
2024-04-17,14.1,20.8,7.3,0.00,0.00,0.0,14.0,46335.84
2024-04-18,14.0,21.4,6.3,0.00,0.00,0.0,18.8,46397.37
2024-04-19,13.6,21.8,5.5,0.00,0.00,0.0,18.7,46458.79
2024-04-20,16.0,23.6,8.3,0.00,0.00,0.0,16.2,45044.78
2024-04-21,15.8,22.8,8.6,0.00,0.00,0.0,21.3,46673.31
2024-04-22,12.2,19.7,5.4,0.00,0.00,0.0,20.6,47006.34
2024-04-23,9.7,17.3,2.3,0.00,0.00,0.0,20.6,46445.04
2024-04-24,10.9,19.7,2.3,0.00,0.00,0.0,17.9,47321.11
2024-04-25,12.2,18.6,5.7,0.00,0.00,0.0,19.4,39710.39
2024-04-26,11.5,16.2,5.9,0.00,0.00,0.0,24.5,36514.49
2024-04-27,10.6,14.2,7.5,12.30,12.30,16.0,29.8,42671.37
2024-04-28,10.1,16.8,3.0,0.50,0.50,4.0,11.4,47566.48
2024-04-29,11.2,17.5,6.3,2.30,2.30,5.0,13.6,45994.31
2024-04-30,11.5,17.2,5.9,0.00,0.00,0.0,21.6,46454.46
2024-05-01,9.8,14.1,6.4,3.30,3.30,12.0,22.7,46525.50
2024-05-02,9.5,14.2,5.0,1.20,1.20,3.0,19.3,42361.15
2024-05-03,11.2,18.3,3.9,0.00,0.00,0.0,19.7,48988.62
2024-05-04,14.7,22.0,7.3,0.00,0.00,0.0,23.2,48001.92
2024-05-05,15.0,20.0,11.2,0.70,0.70,2.0,29.4,31217.48
2024-05-06,14.6,20.0,9.2,0.10,0.10,1.0,16.8,46195.02
2024-05-07,14.1,24.1,6.1,0.00,0.00,0.0,20.6,49713.21
2024-05-08,16.0,24.6,7.8,0.00,0.00,0.0,19.2,47563.56
2024-05-09,18.0,26.3,9.8,0.00,0.00,0.0,12.7,45372.57
2024-05-10,19.9,28.0,11.2,0.00,0.00,0.0,9.5,49908.07
2024-05-11,20.6,27.4,13.3,0.00,0.00,0.0,16.6,49969.41
2024-05-12,19.8,26.7,11.0,0.10,0.10,1.0,14.2,40876.56
2024-05-13,19.5,26.1,11.5,0.00,0.00,0.0,27.7,49497.53
2024-05-14,15.2,19.0,10.2,2.60,2.60,3.0,20.3,49259.82
2024-05-15,13.0,17.7,8.0,0.00,0.00,0.0,18.6,47741.79
2024-05-16,12.3,17.0,6.9,0.00,0.00,0.0,22.9,47275.65
2024-05-17,14.0,18.6,9.9,0.80,0.80,5.0,16.4,49626.55
2024-05-18,14.2,21.4,6.3,0.00,0.00,0.0,18.4,50354.16
2024-05-19,13.9,20.2,7.6,3.50,3.50,2.0,17.2,50400.00
2024-05-20,13.1,20.3,5.9,3.60,3.60,8.0,21.8,46800.00
2024-05-21,13.3,20.2,7.4,4.10,4.10,8.0,18.9,43090.96
2024-05-22,14.6,20.3,7.1,0.00,0.00,0.0,14.7,45814.63
2024-05-23,16.2,24.3,7.4,0.00,0.00,0.0,12.7,50400.00
2024-05-24,18.8,26.2,11.2,0.00,0.00,0.0,19.2,50400.00
2024-05-25,20.3,28.1,11.3,0.00,0.00,0.0,22.9,50400.00
2024-05-26,20.5,28.4,10.6,0.00,0.00,0.0,21.2,49624.12
2024-05-27,21.2,29.5,11.6,0.00,0.00,0.0,14.0,50386.06
2024-05-28,22.7,30.3,15.2,0.00,0.00,0.0,20.1,49446.21
2024-05-29,24.8,32.2,17.1,0.00,0.00,0.0,12.7,50443.82
2024-05-30,25.4,33.2,18.3,0.00,0.00,0.0,23.9,50400.00
2024-05-31,21.9,29.1,13.6,0.00,0.00,0.0,23.2,50744.37
2024-06-01,19.6,26.1,12.0,0.00,0.00,0.0,22.5,50725.65
2024-06-02,19.5,27.4,11.8,0.00,0.00,0.0,22.2,50707.21
2024-06-03,21.3,28.5,14.6,0.60,0.60,1.0,20.3,50400.00
2024-06-04,22.9,30.2,14.0,0.00,0.00,0.0,12.1,50400.00
2024-06-05,25.6,32.5,18.0,0.00,0.00,0.0,13.1,49337.05
2024-06-06,26.5,34.5,17.3,0.00,0.00,0.0,14.1,43202.51
2024-06-07,26.5,34.9,20.0,1.10,1.10,2.0,24.6,39089.45
2024-06-08,19.5,22.4,17.1,16.30,16.30,10.0,17.6,14464.44
2024-06-09,19.5,24.7,15.1,3.00,3.00,5.0,15.9,45534.53
2024-06-10,16.3,19.5,14.7,15.60,15.60,17.0,14.3,17974.75
2024-06-11,17.4,23.9,10.8,0.10,0.10,1.0,13.3,51249.53
2024-06-12,17.7,23.1,12.5,1.10,1.10,3.0,18.3,51236.48
2024-06-13,19.0,26.5,11.1,0.00,0.00,0.0,18.6,51224.10
2024-06-14,21.3,28.5,13.0,0.00,0.00,0.0,24.4,51212.45
2024-06-15,21.2,27.4,14.0,0.00,0.00,0.0,14.4,51892.34
2024-06-16,20.9,28.8,10.8,0.00,0.00,0.0,16.7,51536.94
2024-06-17,21.8,28.5,13.6,0.00,0.00,0.0,20.5,51873.35
2024-06-18,20.4,25.1,16.3,0.10,0.10,1.0,22.1,41048.80
2024-06-19,17.8,23.4,11.7,0.80,0.80,4.0,15.6,50888.78
2024-06-20,16.3,20.8,11.5,1.60,1.60,10.0,15.3,45441.58
2024-06-21,19.5,27.3,11.3,0.00,0.00,0.0,12.5,51845.24
2024-06-22,21.8,29.8,12.7,0.00,0.00,0.0,17.7,42609.94
2024-06-23,22.9,30.1,16.0,0.10,0.10,1.0,19.4,51489.98
2024-06-24,24.2,32.0,16.4,0.00,0.00,0.0,16.5,51831.36
2024-06-25,26.0,34.1,18.1,0.00,0.00,0.0,17.1,48506.90
2024-06-26,24.6,31.7,19.2,0.50,0.50,2.0,16.3,32834.63
2024-06-27,25.7,35.1,18.8,0.40,0.40,2.0,20.9,36483.24
2024-06-28,23.1,27.9,19.2,1.00,1.00,3.0,21.9,47341.46
2024-06-29,19.1,24.3,14.6,3.30,3.30,13.0,21.5,31410.71
2024-06-30,20.3,25.5,15.3,0.10,0.10,1.0,12.5,34099.10
2024-07-01,21.8,30.0,14.9,0.40,0.40,3.0,13.7,52165.35
2024-07-02,22.7,32.6,13.9,0.00,0.00,0.0,16.6,52166.56
2024-07-03,24.8,33.4,14.6,0.00,0.00,0.0,15.3,52168.55
2024-07-04,28.0,37.0,18.7,0.00,0.00,0.0,11.0,52171.31
2024-07-05,29.0,37.0,20.3,0.00,0.00,0.0,20.7,50464.43
2024-07-06,26.9,32.7,20.9,0.00,0.00,0.0,22.3,51496.04
2024-07-07,23.7,30.7,16.6,0.00,0.00,0.0,20.3,52184.69
2024-07-08,25.0,31.9,16.5,0.00,0.00,0.0,15.0,52190.89
2024-07-09,25.1,31.3,17.8,0.00,0.00,0.0,19.0,51857.71
2024-07-10,26.4,33.9,18.3,0.00,0.00,0.0,17.1,51866.24
2024-07-11,28.0,35.3,19.2,0.00,0.00,0.0,23.2,51872.10
2024-07-12,26.6,33.5,17.9,0.00,0.00,0.0,16.3,51841.08
2024-07-13,25.7,33.2,18.0,0.00,0.00,0.0,23.5,51809.49
2024-07-14,25.6,31.8,18.3,0.00,0.00,0.0,24.0,51777.41
2024-07-15,24.5,29.4,19.4,0.10,0.10,1.0,28.2,51407.85
2024-07-16,24.5,32.2,14.8,0.00,0.00,0.0,12.7,51712.02
2024-07-17,26.5,34.9,17.0,0.00,0.00,0.0,14.2,51343.08
2024-07-18,28.2,36.4,18.9,0.00,0.00,0.0,19.8,47284.78
2024-07-19,30.0,37.4,19.7,0.00,0.00,0.0,22.1,50943.04
2024-07-20,27.8,34.4,19.9,0.00,0.00,0.0,26.9,48131.53
2024-07-21,26.0,32.8,19.1,0.00,0.00,0.0,18.4,50878.71
2024-07-22,26.4,35.6,16.4,0.00,0.00,0.0,21.7,50514.13
2024-07-23,29.9,38.7,20.7,0.00,0.00,0.0,16.8,50482.97
2024-07-24,31.9,39.1,24.1,0.00,0.00,0.0,17.6,49789.74
2024-07-25,32.2,38.9,25.3,0.00,0.00,0.0,16.3,50091.12
2024-07-26,30.5,37.8,23.1,0.00,0.00,0.0,19.8,49664.75
2024-07-27,31.0,37.5,23.6,0.00,0.00,0.0,13.5,49328.14
2024-07-28,31.4,38.6,24.0,0.00,0.00,0.0,20.2,45747.14
2024-07-29,29.8,35.0,24.2,0.10,0.10,1.0,12.2,42232.25
2024-07-30,30.4,37.6,23.5,0.50,0.50,1.0,18.6,47756.24
2024-07-31,29.6,36.4,21.9,0.00,0.00,0.0,19.3,49078.99
2024-08-01,29.5,37.1,20.2,0.00,0.00,0.0,17.3,49098.82
2024-08-02,28.2,34.1,21.1,0.50,0.50,2.0,18.2,48471.36
2024-08-03,28.0,35.9,19.3,0.00,0.00,0.0,17.7,48169.96
2024-08-04,30.0,37.4,22.5,0.00,0.00,0.0,20.7,48192.49
2024-08-05,31.1,37.6,24.2,0.00,0.00,0.0,18.5,47893.52
2024-08-06,30.2,37.0,20.4,0.00,0.00,0.0,17.0,47917.10
2024-08-07,29.6,37.3,21.1,0.00,0.00,0.0,14.2,47940.83
2024-08-08,30.5,38.6,22.3,0.00,0.00,0.0,17.3,47645.14
2024-08-09,31.3,39.1,23.5,0.00,0.00,0.0,13.2,47351.00
2024-08-10,31.3,38.4,23.9,0.00,0.00,0.0,17.2,47376.48
2024-08-11,30.8,37.8,23.6,0.00,0.00,0.0,16.4,47402.07
2024-08-12,30.2,36.1,23.4,0.00,0.00,0.0,16.8,47110.90
2024-08-13,26.3,31.9,21.0,0.20,0.20,2.0,22.9,26632.17
2024-08-14,24.5,31.8,18.0,0.00,0.00,0.0,17.7,46848.15
2024-08-15,23.0,31.1,14.8,0.00,0.00,0.0,15.7,46875.24
2024-08-16,25.8,34.1,17.2,0.00,0.00,0.0,18.4,46902.35
2024-08-17,27.7,35.4,19.4,0.00,0.00,0.0,17.4,46929.41
2024-08-18,28.0,35.3,20.5,0.00,0.00,0.0,19.2,46800.00
2024-08-19,26.9,35.5,18.3,0.00,0.00,0.0,21.5,46800.00
2024-08-20,28.5,36.0,20.7,0.00,0.00,0.0,12.7,46800.00
2024-08-21,27.6,35.8,20.0,0.00,0.00,0.0,24.8,46745.85
2024-08-22,28.5,35.0,21.7,0.00,0.00,0.0,17.5,46657.92
2024-08-23,28.5,36.6,18.8,0.00,0.00,0.0,19.1,46568.67
2024-08-24,28.2,34.5,21.8,0.00,0.00,0.0,19.7,46478.20
2024-08-25,26.8,34.6,18.9,0.00,0.00,0.0,22.1,46386.61
2024-08-26,26.8,33.7,20.9,0.00,0.00,0.0,17.3,45954.05
2024-08-27,27.9,34.8,20.8,0.00,0.00,0.0,14.9,46200.50
2024-08-28,27.5,35.3,19.5,0.00,0.00,0.0,15.6,43568.43
2024-08-29,23.7,28.6,20.1,5.30,5.30,8.0,18.2,32395.67
2024-08-30,22.8,28.4,17.8,1.80,1.80,5.0,16.6,39239.87
2024-08-31,22.1,27.3,17.5,3.80,3.80,4.0,15.2,36612.38
2024-09-01,23.7,30.4,18.0,1.00,1.00,5.0,11.4,44682.29
2024-09-02,25.0,31.4,19.3,0.00,0.00,0.0,20.7,44727.65
2024-09-03,23.8,30.6,17.9,0.10,0.10,1.0,16.3,43200.00
2024-09-04,21.2,26.6,17.0,0.50,0.50,4.0,22.7,44211.39
2024-09-05,20.1,26.5,13.6,0.00,0.00,0.0,14.6,31110.75
2024-09-06,19.7,25.1,14.5,0.00,0.00,0.0,22.4,44304.65
2024-09-07,18.6,25.5,10.3,0.00,0.00,0.0,14.5,39600.00
2024-09-08,20.5,27.8,12.7,0.00,0.00,0.0,16.3,43792.46
2024-09-09,20.7,29.2,12.5,0.00,0.00,0.0,8.7,43537.22
2024-09-10,22.6,30.5,14.5,0.00,0.00,0.0,15.0,43282.95
2024-09-11,21.9,30.0,14.1,0.00,0.00,0.0,15.9,43200.00
2024-09-12,21.8,27.9,16.8,0.00,0.00,0.0,22.9,43200.00
2024-09-13,18.0,23.6,12.7,0.00,0.00,0.0,18.9,43200.00
2024-09-14,18.3,26.7,11.3,0.00,0.00,0.0,20.7,43200.00
2024-09-15,21.8,30.7,13.7,0.00,0.00,0.0,13.9,43154.83
2024-09-16,21.4,30.9,11.2,0.00,0.00,0.0,21.3,43097.19
2024-09-17,20.2,27.2,13.6,0.00,0.00,0.0,20.4,43039.47
2024-09-18,20.3,26.9,14.8,0.40,0.40,3.0,20.4,42981.63
2024-09-19,17.9,24.2,14.4,9.10,9.10,6.0,13.8,42923.69
2024-09-20,17.1,22.8,13.8,5.50,5.50,9.0,18.1,28925.60
2024-09-21,17.9,23.1,14.8,2.30,2.30,13.0,18.4,28270.89
2024-09-22,18.1,24.2,11.9,0.10,0.10,1.0,19.1,42011.35
2024-09-23,18.0,24.0,12.7,0.00,0.00,0.0,15.1,42690.48
2024-09-24,16.1,21.9,11.5,0.00,0.00,0.0,18.4,24144.78
2024-09-25,17.1,21.7,12.2,0.30,0.30,3.0,25.1,14886.35
2024-09-26,18.2,21.9,15.9,1.20,1.20,6.0,35.2,35949.00
2024-09-27,15.6,20.8,11.7,0.00,0.00,0.0,23.6,42392.19
2024-09-28,13.4,20.8,7.2,0.00,0.00,0.0,14.4,41075.95
2024-09-29,15.6,24.5,8.1,0.00,0.00,0.0,9.6,42077.99
2024-09-30,18.9,28.0,10.4,0.00,0.00,0.0,9.3,41920.40
2024-10-01,19.5,28.3,12.1,0.00,0.00,0.0,12.6,34322.51
2024-10-02,20.3,25.7,16.3,3.10,3.10,3.0,25.5,24219.61
2024-10-03,18.9,23.6,14.8,0.00,0.00,0.0,19.3,40141.27
2024-10-04,17.2,24.9,10.1,0.00,0.00,0.0,15.4,37527.74
2024-10-05,18.1,25.0,10.6,0.00,0.00,0.0,18.2,40621.90
2024-10-06,19.2,23.6,15.7,0.00,0.00,0.0,26.6,32400.00
2024-10-07,16.5,23.0,12.9,7.40,7.40,6.0,26.6,12169.66
2024-10-08,14.2,17.9,10.9,0.70,0.70,7.0,26.6,25290.13
2024-10-09,15.7,18.5,14.0,6.30,6.30,14.0,38.0,4241.01
2024-10-10,14.3,20.0,10.5,0.00,0.00,0.0,18.4,38754.84
2024-10-11,13.0,19.6,7.0,2.40,2.40,2.0,12.1,22064.96
2024-10-12,16.0,18.4,14.4,16.60,16.60,16.0,14.6,2515.49
2024-10-13,16.2,21.6,12.8,1.10,1.10,3.0,10.2,32240.61
2024-10-14,16.6,21.8,13.6,1.70,1.70,6.0,14.8,18290.00
2024-10-15,16.4,19.4,15.2,11.30,11.30,20.0,19.2,30818.36
2024-10-16,16.9,21.7,14.8,7.40,7.40,15.0,24.6,25584.15
2024-10-17,13.0,16.6,10.1,8.90,8.90,12.0,23.4,27054.78
2024-10-18,12.1,17.1,6.3,0.00,0.00,0.0,15.8,36161.62
2024-10-19,15.2,20.1,11.8,0.00,0.00,0.0,14.8,31576.59
2024-10-20,15.1,21.2,10.7,0.00,0.00,0.0,8.7,33165.54
2024-10-21,14.9,22.1,9.2,0.00,0.00,0.0,8.6,36000.00
2024-10-22,15.6,20.7,12.1,0.10,0.10,1.0,17.2,36000.00
2024-10-23,15.1,19.3,11.2,0.40,0.40,2.0,15.0,36000.00
2024-10-24,14.8,19.6,12.6,2.30,2.30,9.0,10.0,14895.44
2024-10-25,13.6,17.2,9.8,8.00,8.00,12.0,17.6,19204.44
2024-10-26,8.5,12.2,6.1,1.60,1.60,5.0,16.8,34558.17
2024-10-27,8.1,12.7,3.8,2.50,2.50,6.0,19.0,34445.41
2024-10-28,12.6,18.2,7.6,4.30,4.30,8.0,21.4,36000.00
2024-10-29,14.1,16.8,12.1,5.60,5.60,6.0,29.6,11916.53
2024-10-30,14.2,18.7,11.0,12.10,12.10,8.0,30.8,36000.00
2024-10-31,13.7,19.2,11.5,1.50,1.50,6.0,12.6,33735.74
2024-11-01,14.0,18.6,11.9,5.10,5.10,10.0,14.3,22097.30
2024-11-02,13.2,17.3,11.2,0.90,0.90,4.0,13.4,22333.08
2024-11-03,12.6,18.0,10.1,1.80,1.80,6.0,13.3,28813.19
2024-11-04,12.8,17.3,9.8,0.50,0.50,3.0,9.9,25377.66
2024-11-05,12.9,17.8,8.7,0.00,0.00,0.0,7.7,25768.34
2024-11-06,13.0,19.7,8.9,0.00,0.00,0.0,9.7,36000.00
2024-11-07,12.4,18.3,7.6,0.00,0.00,0.0,7.1,36000.00
2024-11-08,11.0,15.4,8.4,0.00,0.00,0.0,7.9,19329.49
2024-11-09,11.4,17.9,8.4,0.00,0.00,0.0,9.0,29726.82
2024-11-10,10.6,16.6,6.1,0.70,0.70,1.0,8.8,23236.06
2024-11-11,11.5,17.7,6.8,0.00,0.00,0.0,17.3,35659.47
2024-11-12,8.1,14.8,2.6,0.00,0.00,0.0,17.1,35418.99
2024-11-13,5.9,9.4,3.9,7.90,7.90,9.0,23.4,10313.82
2024-11-14,11.1,15.8,7.7,0.90,0.90,5.0,15.8,28019.83
2024-11-15,12.4,16.2,10.2,0.40,0.40,3.0,12.8,19047.56
2024-11-16,10.9,14.6,8.4,0.00,0.00,0.0,10.7,23561.91
2024-11-17,11.1,18.0,6.3,0.00,0.00,0.0,7.9,34782.61
2024-11-18,11.8,18.4,7.3,0.40,0.40,3.0,7.2,34813.72
2024-11-19,10.5,16.1,5.8,0.00,0.00,0.0,12.0,34700.85
2024-11-20,10.8,16.3,8.0,0.00,0.00,0.0,15.7,32360.04
2024-11-21,9.1,12.1,6.4,0.00,0.00,0.0,21.9,32051.16
2024-11-22,10.6,14.8,7.3,0.10,0.10,1.0,20.1,30813.69
2024-11-23,10.2,15.3,7.0,0.50,0.50,3.0,9.0,13336.79
2024-11-24,10.7,14.5,8.0,3.30,3.30,3.0,13.1,29255.96
2024-11-25,12.6,14.6,7.1,4.10,4.10,7.0,26.4,6875.83
2024-11-26,6.6,10.6,3.5,0.00,0.00,0.0,7.0,20270.92
2024-11-27,6.5,12.6,2.4,0.00,0.00,0.0,6.9,33902.04
2024-11-28,6.8,13.2,1.5,0.00,0.00,0.0,5.9,33817.82
2024-11-29,8.6,15.8,3.4,0.00,0.00,0.0,8.0,29214.19
2024-11-30,9.8,16.5,5.1,0.00,0.00,0.0,6.0,33535.76
2024-12-01,9.4,14.8,5.2,0.20,0.20,2.0,7.6,26791.43
2024-12-02,10.1,15.2,6.5,7.80,7.80,8.0,9.9,32380.91
2024-12-03,9.1,14.1,5.2,0.00,0.00,0.0,13.8,23601.26
2024-12-04,10.2,14.3,6.7,0.90,0.90,2.0,15.0,29061.11
2024-12-05,8.1,14.0,4.2,0.00,0.00,0.0,9.2,28676.16
2024-12-06,9.2,15.6,4.4,0.00,0.00,0.0,7.6,32261.93
2024-12-07,9.4,15.3,6.2,0.00,0.00,0.0,17.9,24517.01
2024-12-08,6.4,10.1,4.4,0.00,0.00,0.0,17.2,26764.80
2024-12-09,4.7,7.6,2.6,0.00,0.00,0.0,17.0,26375.26
2024-12-10,4.2,8.9,-0.4,0.00,0.00,0.0,8.7,30380.50
2024-12-11,4.7,6.8,3.3,0.00,0.00,0.0,8.3,14676.69
2024-12-12,4.5,9.1,1.3,0.00,0.00,0.0,8.5,31049.25
2024-12-13,4.7,8.5,3.0,3.80,3.60,6.0,8.5,17040.78
2024-12-14,3.2,8.4,-0.2,0.00,0.00,0.0,4.5,28353.65
2024-12-15,2.0,9.3,-2.2,0.00,0.00,0.0,8.5,31843.99
2024-12-16,3.1,9.4,-1.2,0.00,0.00,0.0,10.7,31523.52
2024-12-17,3.2,9.4,-0.4,0.00,0.00,0.0,7.6,31083.66
2024-12-18,4.8,11.4,0.2,0.00,0.00,0.0,7.2,31512.09
2024-12-19,8.5,13.9,5.8,2.00,2.00,4.0,16.7,27951.30
2024-12-20,3.3,9.4,-2.6,0.00,0.00,0.0,9.1,31682.85
2024-12-21,2.2,9.5,-2.3,0.00,0.00,0.0,4.7,31726.94
2024-12-22,3.9,11.5,-1.8,0.00,0.00,0.0,14.5,31772.63
2024-12-23,6.6,10.5,2.4,0.00,0.00,0.0,19.7,31673.60
2024-12-24,4.8,11.7,-0.3,0.00,0.00,0.0,11.8,31710.09
2024-12-25,7.0,14.8,2.5,0.00,0.00,0.0,12.2,31748.72
2024-12-26,6.1,12.9,1.7,0.00,0.00,0.0,6.8,31789.38
2024-12-27,5.1,10.8,1.4,0.00,0.00,0.0,9.5,31831.95
2024-12-28,3.9,10.5,-0.7,0.00,0.00,0.0,6.3,31876.33
2024-12-29,2.8,9.8,-1.2,0.00,0.00,0.0,7.8,31922.39
2024-12-30,2.6,9.1,-1.3,0.00,0.00,0.0,7.0,31970.01
2024-12-31,2.3,9.7,-1.7,0.00,0.00,0.0,7.2,32019.08
2025-01-01,2.2,7.8,-1.2,0.00,0.00,0.0,7.0,32069.48
2025-01-02,2.4,9.1,-1.8,0.00,0.00,0.0,8.2,32121.09
2025-01-03,2.4,6.7,-1.2,0.00,0.00,0.0,4.6,10112.81
2025-01-04,3.3,6.9,0.1,0.00,0.00,0.0,10.2,0.00
2025-01-05,6.5,10.0,2.8,3.30,3.30,9.0,20.4,0.00
2025-01-06,8.2,11.0,4.7,3.70,3.70,11.0,22.9,28737.25
2025-01-07,4.6,8.1,-0.4,0.00,0.00,0.0,17.2,21146.86
2025-01-08,8.1,10.1,6.5,0.60,0.60,3.0,22.3,12967.65
2025-01-09,9.2,12.3,7.8,0.00,0.00,0.0,20.0,20121.72
2025-01-10,7.7,12.6,5.4,0.00,0.00,0.0,13.6,27257.81
2025-01-11,10.6,16.8,6.9,0.00,0.00,0.0,17.9,20096.02
2025-01-12,6.4,13.6,0.3,0.00,0.00,0.0,10.4,32400.00
2025-01-13,2.2,10.1,-3.6,0.00,0.00,0.0,4.6,32553.92
2025-01-14,1.7,9.0,-2.7,0.00,0.00,0.0,14.9,32541.05
2025-01-15,1.1,9.7,-4.1,0.00,0.00,0.0,6.6,32527.05
2025-01-16,3.4,10.9,-2.0,0.00,0.00,0.0,16.6,32512.01
2025-01-17,4.5,9.9,0.9,0.00,0.00,0.0,16.4,32495.93
2025-01-18,2.4,9.3,-2.2,0.00,0.00,0.0,7.5,32478.84
2025-01-19,1.6,7.8,-2.4,0.00,0.00,0.0,6.3,32460.75
2025-01-20,4.2,7.4,2.1,10.30,6.30,13.0,6.4,1375.52
2025-01-21,7.1,9.7,5.0,7.30,7.30,17.0,15.3,0.00
2025-01-22,9.4,11.9,7.6,11.10,11.10,21.0,17.8,2796.35
2025-01-23,10.1,14.2,8.0,4.70,4.70,12.0,15.0,19641.28
2025-01-24,9.6,13.2,6.7,1.10,1.10,7.0,16.8,11920.20
2025-01-25,9.0,10.8,6.8,2.00,2.00,8.0,18.5,11742.16
2025-01-26,7.3,10.8,4.1,3.20,3.20,9.0,22.1,2262.52
2025-01-27,11.3,13.3,6.8,20.10,20.10,17.0,32.5,25200.00
2025-01-28,6.4,10.8,3.4,1.90,1.90,7.0,27.3,32683.24
2025-01-29,4.9,7.0,2.6,11.50,11.50,10.0,24.2,0.00
2025-01-30,5.7,10.3,2.3,0.00,0.00,0.0,17.7,30006.53
2025-01-31,3.1,9.7,-2.3,0.00,0.00,0.0,5.4,34655.10
2025-02-01,4.0,11.9,-1.5,0.00,0.00,0.0,11.4,34248.05
2025-02-02,3.7,10.0,-1.5,0.20,0.20,2.0,6.3,21966.42
2025-02-03,5.6,11.3,1.7,0.00,0.00,0.0,15.4,35408.95
2025-02-04,5.1,12.2,-0.7,0.00,0.00,0.0,7.3,35654.91
2025-02-05,5.2,13.7,-0.6,0.00,0.00,0.0,6.2,36425.45
2025-02-06,4.8,12.4,-1.1,0.00,0.00,0.0,8.2,36664.28
2025-02-07,3.7,7.0,0.3,5.80,4.30,4.0,15.7,14564.35
2025-02-08,6.2,11.5,2.5,0.00,0.00,0.0,15.2,34701.60
2025-02-09,6.1,13.5,1.4,0.00,0.00,0.0,5.1,27160.26
2025-02-10,8.1,12.7,4.5,0.00,0.00,0.0,8.3,32438.68
2025-02-11,8.4,13.2,4.0,1.80,1.80,4.0,11.6,32701.87
2025-02-12,8.8,12.8,6.2,1.80,1.80,7.0,15.7,36867.35
2025-02-13,7.7,14.2,2.7,0.00,0.00,0.0,10.1,37282.49
2025-02-14,8.4,15.1,2.8,0.00,0.00,0.0,8.2,37830.50
2025-02-15,8.2,14.2,3.2,0.00,0.00,0.0,6.4,24713.47
2025-02-16,9.8,16.9,4.0,0.00,0.00,0.0,11.1,36424.49
2025-02-17,8.4,14.3,3.6,0.00,0.00,0.0,10.7,35822.73
2025-02-18,9.9,15.1,6.2,0.00,0.00,0.0,9.9,28566.78
2025-02-19,10.7,16.3,6.5,0.00,0.00,0.0,8.7,35506.47
2025-02-20,9.7,16.2,4.8,0.00,0.00,0.0,10.2,36121.99
2025-02-21,10.1,15.2,5.5,0.30,0.30,2.0,13.5,18049.82
2025-02-22,8.8,13.4,5.3,4.00,4.00,2.0,18.0,34803.80
2025-02-23,7.3,14.3,1.0,0.00,0.00,0.0,7.7,39203.43
2025-02-24,8.3,14.1,3.8,0.00,0.00,0.0,13.4,30234.45
2025-02-25,9.1,13.2,5.6,0.00,0.00,0.0,17.8,26843.03
2025-02-26,5.8,12.5,-0.4,0.00,0.00,0.0,9.3,39536.46
2025-02-27,7.0,12.1,3.5,0.80,0.80,3.0,8.4,25447.86
2025-02-28,9.2,15.0,4.7,0.90,0.90,3.0,11.2,38276.35
2025-03-01,6.7,8.0,3.9,6.40,6.40,22.0,20.8,0.00
2025-03-02,2.6,3.8,1.5,16.60,12.70,24.0,19.6,0.00
2025-03-03,6.6,10.6,3.6,13.00,13.00,21.0,16.8,8720.85
2025-03-04,9.0,13.1,6.7,8.20,8.20,16.0,14.7,24109.43
2025-03-05,9.4,13.8,6.9,5.50,5.50,11.0,15.3,26030.84
2025-03-06,9.4,12.5,7.9,16.00,16.00,22.0,13.9,4219.83
2025-03-07,9.3,13.3,7.5,8.70,8.70,18.0,17.1,3600.00
2025-03-08,8.4,11.3,5.3,16.70,16.70,18.0,30.0,2462.54
2025-03-09,5.5,8.8,3.6,5.10,4.70,18.0,15.7,13222.24
2025-03-10,6.6,10.8,4.2,11.00,11.00,10.0,21.4,19194.08
2025-03-11,7.9,11.4,6.3,4.30,4.30,18.0,19.2,17005.98
2025-03-12,8.1,12.4,4.8,0.20,0.20,2.0,19.8,36000.00
2025-03-13,6.9,11.2,4.8,5.00,5.00,11.0,17.1,3600.00
2025-03-14,5.9,9.4,3.4,0.90,0.90,3.0,18.2,31014.42
2025-03-15,4.1,9.2,-1.9,0.00,0.00,0.0,10.9,34936.73
2025-03-16,4.2,10.1,1.0,8.70,5.80,11.0,15.7,24631.68
2025-03-17,5.1,9.0,3.1,9.10,9.10,11.0,12.8,1856.65
2025-03-18,7.8,11.4,6.2,31.90,31.90,22.0,14.8,11775.03
2025-03-19,10.4,15.8,6.3,7.00,7.00,10.0,19.6,37980.42
2025-03-20,10.8,14.8,8.6,11.40,11.40,12.0,18.9,12349.24
2025-03-21,8.8,10.2,7.1,20.00,20.00,22.0,24.8,11854.88
2025-03-22,6.3,9.3,4.3,9.00,9.00,19.0,26.0,13065.21
2025-03-23,6.4,11.2,2.6,2.90,2.90,8.0,19.8,40261.56
2025-03-24,7.1,13.5,3.0,3.80,3.60,6.0,15.8,27874.20
2025-03-25,8.4,14.8,2.3,0.40,0.40,3.0,13.2,41912.84
2025-03-26,8.4,15.1,2.1,0.00,0.00,0.0,8.5,42454.48
2025-03-27,7.9,13.9,1.7,0.00,0.00,0.0,10.0,42526.35
2025-03-28,9.2,17.0,2.1,0.00,0.00,0.0,12.2,43189.56
2025-03-29,9.4,17.1,2.9,0.00,0.00,0.0,9.6,43557.40
2025-03-30,9.2,18.5,1.5,0.00,0.00,0.0,11.3,43623.98
2025-03-31,13.3,21.9,6.4,0.00,0.00,0.0,11.9,43993.39
2025-04-01,13.3,21.0,6.6,0.00,0.00,0.0,14.4,38533.76
2025-04-02,12.3,17.3,7.4,2.00,2.00,3.0,14.0,38729.99
2025-04-03,9.2,10.9,7.6,34.20,34.20,22.0,13.4,96.18
2025-04-04,10.8,15.4,8.8,16.10,16.10,11.0,23.4,28223.76
2025-04-05,10.9,15.6,7.8,0.20,0.20,2.0,15.8,41773.11
2025-04-06,12.2,17.2,8.0,0.50,0.50,4.0,8.0,41359.31
2025-04-07,13.4,20.6,6.4,0.00,0.00,0.0,8.8,45294.38
2025-04-08,15.1,22.4,8.5,0.00,0.00,0.0,8.3,45571.70
2025-04-09,15.3,21.9,9.5,0.00,0.00,0.0,8.6,45826.19
2025-04-10,15.0,20.9,9.7,0.00,0.00,0.0,13.1,45518.68
2025-04-11,12.5,16.9,9.9,3.70,3.70,6.0,13.1,9604.29
2025-04-12,12.9,16.7,10.1,7.10,7.10,13.0,13.0,23589.52
2025-04-13,12.6,17.2,9.2,5.10,5.10,9.0,7.1,41386.35
2025-04-14,11.5,15.1,8.8,0.80,0.80,3.0,25.2,32562.91
2025-04-15,8.1,10.8,5.8,6.60,5.90,13.0,18.4,39191.27
2025-04-16,6.9,10.1,4.0,1.70,1.70,8.0,17.6,30053.06
2025-04-17,10.7,16.6,5.5,0.00,0.00,0.0,17.2,45339.49
2025-04-18,12.0,17.5,8.4,3.20,3.20,8.0,26.4,42235.55
2025-04-19,9.4,12.4,7.2,6.30,6.30,11.0,25.4,44418.18
2025-04-20,9.2,14.8,5.0,2.10,2.10,8.0,21.1,42902.88
2025-04-21,11.8,17.8,6.7,0.10,0.10,1.0,10.7,40502.98
2025-04-22,12.9,18.0,9.2,0.10,0.10,1.0,10.6,41490.52
2025-04-23,13.2,20.0,6.5,0.00,0.00,0.0,7.5,47024.25
2025-04-24,16.4,24.1,9.0,0.00,0.00,0.0,9.3,47046.67
2025-04-25,17.1,24.3,11.0,0.30,0.30,2.0,19.1,47370.29
2025-04-26,15.8,20.4,12.4,0.00,0.00,0.0,13.9,46800.00
2025-04-27,13.4,20.2,6.5,0.00,0.00,0.0,13.7,47609.33
2025-04-28,14.9,21.2,9.0,0.00,0.00,0.0,11.5,47888.21
2025-04-29,15.1,20.5,9.8,0.00,0.00,0.0,13.6,47853.14
2025-04-30,14.4,19.9,9.6,11.80,11.80,7.0,19.7,29472.78
2025-05-01,14.8,20.0,10.9,12.80,12.80,15.0,10.3,41930.67
2025-05-02,14.0,18.1,10.5,22.70,22.70,15.0,16.8,31379.16
2025-05-03,13.7,17.8,10.1,1.90,1.90,11.0,16.4,46800.00
2025-05-04,12.4,15.8,9.9,3.00,3.00,14.0,20.6,39600.00
2025-05-05,12.0,17.8,8.5,8.60,8.60,9.0,18.6,46522.39
2025-05-06,11.5,16.9,6.8,0.00,0.00,0.0,9.7,48589.35
2025-05-07,12.4,18.5,6.8,0.10,0.10,1.0,15.0,44962.54
2025-05-08,12.1,15.6,8.8,4.80,4.80,12.0,12.1,32202.56
2025-05-09,12.3,16.5,7.8,1.20,1.20,9.0,17.9,48833.49
2025-05-10,12.3,16.3,8.9,4.80,4.80,12.0,22.4,46179.36
2025-05-11,11.9,17.2,6.6,0.10,0.10,1.0,14.5,49950.35
2025-05-12,12.2,17.8,6.5,0.00,0.00,0.0,12.2,50010.77
2025-05-13,13.3,18.8,7.0,0.10,0.10,1.0,6.5,50069.83
2025-05-14,13.1,19.4,9.0,12.80,12.80,15.0,11.6,42637.74
2025-05-15,13.4,18.3,9.4,1.10,1.10,6.0,12.3,46303.45
2025-05-16,15.1,22.2,7.8,0.00,0.00,0.0,7.6,50238.50
2025-05-17,16.9,23.3,9.9,0.00,0.00,0.0,11.8,50291.73
2025-05-18,18.6,26.2,11.5,0.40,0.40,1.0,18.8,49626.89
2025-05-19,15.6,19.4,10.9,0.40,0.40,3.0,17.4,50393.41
2025-05-20,16.8,23.5,9.8,0.00,0.00,0.0,10.8,50400.00
2025-05-21,18.2,25.3,10.4,0.00,0.00,0.0,13.6,50400.00
2025-05-22,18.3,22.7,12.9,0.00,0.00,0.0,19.0,50400.00
2025-05-23,16.4,23.1,9.1,0.00,0.00,0.0,17.8,50400.00
2025-05-24,18.1,26.1,9.6,0.00,0.00,0.0,14.4,50400.00
2025-05-25,20.6,27.9,11.6,0.00,0.00,0.0,10.1,50400.00
2025-05-26,22.2,29.3,14.4,0.00,0.00,0.0,11.6,43782.57
2025-05-27,23.2,30.1,15.4,0.00,0.00,0.0,15.4,50494.86
2025-05-28,24.8,32.3,16.6,0.00,0.00,0.0,12.2,50473.35
2025-05-29,26.3,34.1,18.1,0.00,0.00,0.0,13.8,50452.12
2025-05-30,26.6,33.6,19.3,0.00,0.00,0.0,15.7,50400.00
2025-05-31,26.4,33.5,18.2,0.00,0.00,0.0,14.1,50410.48
2025-06-01,26.3,33.1,19.9,0.00,0.00,0.0,18.4,41528.93
2025-06-02,24.3,30.7,18.5,1.10,1.10,3.0,17.8,46151.95
2025-06-03,20.5,24.0,17.1,0.70,0.70,3.0,16.2,50400.00
2025-06-04,19.6,25.0,13.8,0.00,0.00,0.0,12.1,45314.00
2025-06-05,21.4,28.3,13.3,0.00,0.00,0.0,12.2,50999.33
2025-06-06,23.1,30.4,14.7,0.00,0.00,0.0,15.5,50982.30
2025-06-07,24.0,31.0,15.3,0.00,0.00,0.0,15.9,50965.81
2025-06-08,25.5,33.7,16.0,0.00,0.00,0.0,9.8,51293.87
2025-06-09,27.0,36.0,18.3,0.00,0.00,0.0,14.8,48772.99
2025-06-10,27.5,33.8,20.9,0.00,0.00,0.0,17.0,41335.03
2025-06-11,21.8,26.1,17.6,19.10,19.10,8.0,15.6,19599.11
2025-06-12,20.7,26.7,15.0,0.00,0.00,0.0,11.4,51583.58
2025-06-13,22.9,29.8,15.6,0.00,0.00,0.0,13.6,51226.78
2025-06-14,24.6,31.7,16.5,0.00,0.00,0.0,12.5,51215.74
2025-06-15,26.9,34.4,18.3,0.00,0.00,0.0,16.6,51550.98
2025-06-16,27.9,36.4,19.9,0.00,0.00,0.0,21.3,48174.52
2025-06-17,28.8,35.6,22.2,0.00,0.00,0.0,11.9,49532.75
2025-06-18,29.1,35.6,21.3,0.00,0.00,0.0,13.2,50400.00
2025-06-19,28.2,35.6,20.8,0.10,0.10,1.0,16.5,50273.55
2025-06-20,28.8,36.2,20.4,0.00,0.00,0.0,9.9,51164.00
2025-06-21,29.6,36.7,21.7,0.00,0.00,0.0,21.0,45983.33
2025-06-22,28.4,35.0,21.4,0.00,0.00,0.0,13.7,50806.05
2025-06-23,28.9,36.6,21.9,0.00,0.00,0.0,18.7,50859.39
2025-06-24,28.3,33.8,22.9,0.80,0.80,4.0,15.9,34288.24
2025-06-25,22.5,26.9,18.3,4.40,4.40,2.0,17.7,52173.44
2025-06-26,23.7,31.5,14.6,0.00,0.00,0.0,8.8,52169.89
2025-06-27,27.6,35.5,19.3,0.00,0.00,0.0,11.2,52511.76
2025-06-28,30.2,37.9,22.0,0.00,0.00,0.0,12.9,51475.92
2025-06-29,31.5,38.7,24.0,0.00,0.00,0.0,24.5,50786.64
2025-06-30,30.9,36.8,23.9,0.10,0.10,1.0,13.5,52163.17
2025-07-01,30.0,36.7,21.0,0.00,0.00,0.0,11.1,51132.42
2025-07-02,30.3,36.9,23.6,0.00,0.00,0.0,14.1,51134.59
2025-07-03,28.5,35.7,21.9,1.50,1.50,3.0,15.9,48805.90
2025-07-04,28.4,36.0,20.8,0.00,0.00,0.0,20.4,51484.42
2025-07-05,28.5,34.7,21.7,0.00,0.00,0.0,18.1,51489.12
2025-07-06,27.3,33.8,19.2,0.00,0.00,0.0,17.5,51836.60
2025-07-07,27.4,35.9,19.7,0.00,0.00,0.0,24.1,52184.06
2025-07-08,25.4,34.3,16.1,0.00,0.00,0.0,24.6,51508.59
2025-07-09,28.9,35.1,22.4,0.00,0.00,0.0,16.0,52197.58
2025-07-10,28.4,34.0,20.4,0.00,0.00,0.0,14.1,52205.55
2025-07-11,25.6,30.4,19.6,0.00,0.00,0.0,17.0,52214.27
2025-07-12,22.7,28.9,16.4,0.30,0.30,1.0,14.5,51851.81
2025-07-13,24.9,31.1,17.9,0.00,0.00,0.0,11.6,51818.49
2025-07-14,27.6,34.7,19.8,0.00,0.00,0.0,14.1,51784.87
2025-07-15,29.1,36.2,20.2,0.00,0.00,0.0,9.8,51750.97
2025-07-16,30.2,38.1,21.3,0.00,0.00,0.0,14.5,51380.39
2025-07-17,30.6,37.5,21.9,0.00,0.00,0.0,20.4,51346.89
2025-07-18,27.2,32.8,20.0,0.00,0.00,0.0,24.3,51313.41
2025-07-19,25.0,30.5,18.4,0.00,0.00,0.0,17.6,50037.31
2025-07-20,23.6,29.2,17.1,0.00,0.00,0.0,26.5,50244.96
2025-07-21,23.8,30.9,15.7,0.00,0.00,0.0,9.7,50880.82
2025-07-22,26.0,33.2,18.1,0.00,0.00,0.0,12.1,48869.32
2025-07-23,26.6,32.4,20.0,0.00,0.00,0.0,15.3,35364.65
2025-07-24,22.9,28.7,15.9,0.00,0.00,0.0,23.3,50124.26
2025-07-25,22.5,29.5,14.8,0.00,0.00,0.0,19.4,50095.49
2025-07-26,24.8,33.2,15.8,0.00,0.00,0.0,17.6,50067.55
2025-07-27,27.2,36.0,18.7,0.00,0.00,0.0,19.2,49710.60
2025-07-28,26.4,32.9,19.1,0.00,0.00,0.0,22.2,49683.92
2025-07-29,23.6,30.7,15.6,0.00,0.00,0.0,20.7,49498.49
2025-07-30,24.9,32.8,16.5,0.00,0.00,0.0,17.0,49379.31
2025-07-31,26.8,34.3,19.5,0.00,0.00,0.0,15.8,48747.98
2025-08-01,26.5,31.6,21.3,0.70,0.70,2.0,16.9,48444.26
2025-08-02,26.2,34.0,19.6,0.00,0.00,0.0,18.8,43620.73
2025-08-03,28.7,36.3,21.4,0.00,0.00,0.0,14.4,48164.75
2025-08-04,29.7,37.6,22.3,0.00,0.00,0.0,19.1,48187.57
2025-08-05,31.4,38.8,23.6,0.00,0.00,0.0,14.5,47888.71
2025-08-06,30.4,36.8,23.8,0.00,0.00,0.0,21.1,47912.49
2025-08-07,30.5,38.6,21.7,0.00,0.00,0.0,11.9,47936.40
2025-08-08,30.7,38.0,22.7,0.00,0.00,0.0,12.6,47640.69
2025-08-09,31.5,38.8,23.5,0.00,0.00,0.0,13.6,46717.66
2025-08-10,31.6,37.9,24.4,0.00,0.00,0.0,13.6,47371.88
2025-08-11,31.3,38.2,24.0,0.00,0.00,0.0,18.3,47397.37
2025-08-12,31.0,38.2,25.2,0.80,0.80,2.0,11.8,46128.18
2025-08-13,29.6,34.7,23.9,0.00,0.00,0.0,13.3,46800.00
2025-08-14,29.8,36.7,22.0,0.00,0.00,0.0,9.4,46707.16
2025-08-15,31.0,37.9,24.2,0.00,0.00,0.0,14.8,46800.00
2025-08-16,31.9,40.1,22.6,0.00,0.00,0.0,11.1,46895.76
2025-08-17,32.0,39.5,23.3,0.00,0.00,0.0,15.9,46800.00
2025-08-18,29.7,35.4,23.6,0.00,0.00,0.0,21.0,43649.99
2025-08-19,25.9,32.0,18.2,0.00,0.00,0.0,17.0,46800.00
2025-08-20,23.4,29.1,17.0,0.00,0.00,0.0,17.6,46800.00
2025-08-21,22.9,29.4,16.1,0.00,0.00,0.0,15.3,46766.52
2025-08-22,24.1,31.1,16.5,0.00,0.00,0.0,16.5,46677.17
2025-08-23,25.6,32.4,18.4,0.00,0.00,0.0,15.7,46586.86
2025-08-24,26.7,32.9,19.5,0.00,0.00,0.0,10.9,46495.70
2025-08-25,26.8,33.0,21.5,0.60,0.60,1.0,11.2,35143.40
2025-08-26,28.1,34.1,21.9,0.00,0.00,0.0,12.1,46311.18
2025-08-27,27.1,32.3,21.7,0.00,0.00,0.0,22.4,43200.00
2025-08-28,22.0,26.5,16.8,0.00,0.00,0.0,17.1,46124.37
2025-08-29,21.6,28.2,15.8,0.00,0.00,0.0,24.8,36601.59
2025-08-30,24.2,31.0,17.2,0.00,0.00,0.0,17.1,45936.00
2025-08-31,22.5,27.2,16.7,0.00,0.00,0.0,21.6,44932.18
2025-09-01,18.8,24.3,13.9,0.00,0.00,0.0,17.6,45585.80
2025-09-02,19.6,26.5,12.2,0.00,0.00,0.0,11.6,45019.87
2025-09-03,22.3,29.9,13.8,0.00,0.00,0.0,15.1,44455.43
2025-09-04,23.1,29.5,16.5,0.00,0.00,0.0,14.7,44500.41
2025-09-05,23.3,31.9,16.1,0.00,0.00,0.0,16.7,44242.44
2025-09-06,25.1,32.0,18.4,0.00,0.00,0.0,13.7,43985.63
2025-09-07,23.1,25.9,20.4,0.00,0.00,0.0,15.7,5505.39
2025-09-08,22.4,27.5,17.2,0.10,0.10,1.0,15.2,41827.74
2025-09-09,20.7,27.3,14.6,0.00,0.00,0.0,20.8,43524.12
2025-09-10,20.5,26.3,14.4,0.20,0.20,1.0,19.6,42073.76
2025-09-11,21.9,28.6,14.6,0.00,0.00,0.0,15.6,43320.69
2025-09-12,23.0,29.7,15.6,0.00,0.00,0.0,12.2,37372.67
2025-09-13,23.2,30.0,16.2,0.00,0.00,0.0,13.3,41851.10
2025-09-14,23.1,30.7,14.1,0.00,0.00,0.0,9.0,43200.00
2025-09-15,24.8,32.7,16.6,0.00,0.00,0.0,8.9,43167.24
2025-09-16,25.9,33.4,18.5,0.00,0.00,0.0,16.3,43109.56
2025-09-17,26.2,34.0,18.4,0.00,0.00,0.0,11.3,43051.78
2025-09-18,26.7,35.1,18.5,0.00,0.00,0.0,12.1,42993.90
2025-09-19,26.4,33.8,19.6,0.00,0.00,0.0,15.8,42769.49
2025-09-20,24.2,30.1,18.6,2.40,2.40,3.0,15.3,40682.40
2025-09-21,20.6,24.3,16.7,0.00,0.00,0.0,17.7,42819.50
2025-09-22,14.9,21.0,8.7,0.00,0.00,0.0,16.4,42761.08
2025-09-23,15.1,22.0,8.8,0.00,0.00,0.0,13.4,42702.49
2025-09-24,14.6,21.0,8.0,0.00,0.00,0.0,15.4,41206.81
2025-09-25,15.8,22.8,8.8,0.00,0.00,0.0,13.1,42584.79
2025-09-26,17.2,25.2,9.0,0.00,0.00,0.0,11.5,42525.65
2025-09-27,18.2,25.2,10.3,0.00,0.00,0.0,18.8,34170.41
2025-09-28,16.9,20.0,13.8,6.20,6.20,10.0,13.4,9447.06
2025-09-29,18.8,23.3,15.4,0.10,0.10,1.0,20.7,41031.99
2025-09-30,18.5,23.4,14.0,0.00,0.00,0.0,14.5,34981.65
2025-10-01,19.8,27.2,12.2,0.00,0.00,0.0,5.2,41797.10
2025-10-02,20.4,28.0,13.2,0.00,0.00,0.0,11.6,41636.69
2025-10-03,19.8,27.4,11.1,0.00,0.00,0.0,11.5,41476.31
2025-10-04,21.2,30.0,13.0,0.00,0.00,0.0,17.5,40697.64
2025-10-05,20.0,24.7,15.2,0.00,0.00,0.0,17.3,40937.94
2025-10-06,17.6,25.5,10.4,0.00,0.00,0.0,17.1,40568.93
2025-10-07,20.5,27.6,13.0,0.00,0.00,0.0,9.4,40200.23
2025-10-08,21.0,27.2,14.7,0.00,0.00,0.0,13.8,37351.07
2025-10-09,20.2,24.8,16.0,0.00,0.00,0.0,16.0,36765.05
2025-10-10,17.5,21.5,13.0,0.00,0.00,0.0,17.2,25519.60
2025-10-11,18.3,23.1,13.5,0.00,0.00,0.0,16.2,30791.18
2025-10-12,17.9,21.9,13.8,0.00,0.00,0.0,12.6,35918.14
2025-10-13,17.4,21.9,13.6,10.80,10.80,6.0,12.2,36845.87
2025-10-14,17.3,23.5,11.3,0.00,0.00,0.0,6.6,37528.44
2025-10-15,18.4,24.7,12.0,0.00,0.00,0.0,9.4,36991.54
2025-10-16,17.9,23.4,12.6,0.10,0.10,1.0,9.9,32168.36
2025-10-17,17.2,22.7,12.0,0.00,0.00,0.0,7.9,36103.75
2025-10-18,16.7,23.8,9.9,0.00,0.00,0.0,10.4,36614.68
2025-10-19,16.4,22.2,10.8,0.10,0.10,1.0,15.0,34623.31
2025-10-20,17.4,21.0,14.6,1.00,1.00,2.0,17.7,36000.00
2025-10-21,16.1,21.2,12.5,0.60,0.60,5.0,19.2,33887.29
2025-10-22,16.8,20.4,14.1,0.00,0.00,0.0,21.5,33737.18
2025-10-23,17.8,21.7,15.5,0.60,0.60,6.0,24.5,29687.20
2025-10-24,16.7,20.6,12.8,0.90,0.90,6.0,21.4,30542.55
2025-10-25,16.5,20.3,13.8,0.20,0.20,2.0,19.8,27409.79
2025-10-26,13.6,17.4,9.9,1.60,1.60,6.0,13.9,32400.00
2025-10-27,10.4,17.7,3.2,0.00,0.00,0.0,7.7,36000.00
2025-10-28,11.5,18.5,4.4,0.00,0.00,0.0,6.7,36000.00
2025-10-29,11.8,14.8,9.7,16.10,16.10,14.0,10.0,5783.98
2025-10-30,12.6,17.0,10.7,0.30,0.30,3.0,14.3,16364.86
2025-10-31,12.3,15.2,9.2,0.00,0.00,0.0,14.8,1414.69
2025-11-01,14.2,16.8,12.3,0.20,0.20,2.0,17.1,9109.06
2025-11-02,13.1,17.1,9.0,0.00,0.00,0.0,12.3,36000.00
2025-11-03,10.5,17.0,5.2,0.00,0.00,0.0,7.6,36000.00
2025-11-04,10.9,17.3,5.3,0.00,0.00,0.0,6.6,35839.85
2025-11-05,12.8,16.6,10.5,9.10,9.10,8.0,17.1,24350.25
2025-11-06,9.5,13.3,6.6,0.30,0.30,3.0,19.5,35235.59
2025-11-07,8.4,11.8,5.3,19.00,19.00,12.0,18.1,1908.92
2025-11-08,10.0,14.6,6.4,0.00,0.00,0.0,16.5,35969.82
2025-11-09,7.3,14.0,1.5,0.00,0.00,0.0,7.4,35909.00
2025-11-10,8.1,14.9,2.1,0.00,0.00,0.0,7.0,32366.57
2025-11-11,9.9,15.0,6.5,0.00,0.00,0.0,7.7,25561.68
2025-11-12,12.6,22.6,6.4,0.00,0.00,0.0,19.0,35558.43
2025-11-13,12.0,13.2,10.1,10.40,10.40,15.0,13.8,0.00
2025-11-14,11.5,14.1,8.9,18.60,18.60,22.0,22.3,29672.91
2025-11-15,10.3,12.5,8.3,6.70,6.70,20.0,27.0,3511.21
2025-11-16,10.0,13.3,8.2,0.80,0.80,8.0,19.2,23663.90
2025-11-17,9.4,13.0,6.8,1.60,1.60,4.0,8.7,31881.04
2025-11-18,7.8,13.3,4.5,0.00,0.00,0.0,6.3,34833.43
2025-11-19,5.2,10.1,1.6,0.00,0.00,0.0,7.4,32455.04
2025-11-20,4.7,10.2,-0.3,0.00,0.00,0.0,16.6,34612.53
2025-11-21,4.5,8.5,2.1,0.00,0.00,0.0,16.7,24039.44
2025-11-22,2.5,7.9,-2.6,0.00,0.00,0.0,12.6,31825.08
2025-11-23,5.8,12.1,1.1,0.00,0.00,0.0,13.3,31617.39
2025-11-24,8.6,11.6,5.7,1.10,1.10,4.0,31.8,1659.08
2025-11-25,7.9,10.6,4.9,0.00,0.00,0.0,20.9,34114.56
2025-11-26,5.0,10.5,1.8,0.00,0.00,0.0,9.4,34022.42
2025-11-27,4.4,11.8,-0.9,0.00,0.00,0.0,6.5,33932.69
2025-11-28,5.4,12.8,-0.5,0.00,0.00,0.0,6.4,33845.49
2025-11-29,4.8,10.4,0.0,0.00,0.00,0.0,9.4,31490.26
2025-11-30,6.5,11.2,3.5,2.70,2.70,4.0,20.6,27872.00
2025-12-01,4.4,10.2,-0.7,0.00,0.00,0.0,8.8,30901.82
2025-12-02,4.6,10.3,1.3,2.30,1.60,4.0,13.1,25034.10
2025-12-03,4.9,8.4,2.5,1.90,1.90,6.0,18.7,31099.89
2025-12-04,6.6,10.4,3.5,2.00,2.00,6.0,23.4,11521.32
2025-12-05,6.8,9.4,3.9,0.00,0.00,0.0,13.5,10912.33
2025-12-06,10.8,13.6,8.2,0.00,0.00,0.0,18.0,24810.47
2025-12-07,10.3,13.1,7.9,0.00,0.00,0.0,11.5,31404.71
2025-12-08,7.4,11.8,4.2,0.00,0.00,0.0,7.3,9152.94
2025-12-09,6.9,11.6,2.7,0.30,0.30,1.0,6.8,14736.03
2025-12-10,8.7,10.2,7.9,10.50,10.50,20.0,9.6,0.00
2025-12-11,7.7,11.8,4.4,0.00,0.00,0.0,7.8,31413.85
2025-12-12,7.2,10.9,4.6,0.60,0.60,3.0,11.1,1137.94
2025-12-13,9.1,13.5,6.4,0.00,0.00,0.0,12.1,31431.58
2025-12-14,7.4,11.3,4.2,0.00,0.00,0.0,9.4,31444.40
2025-12-15,7.8,10.5,6.3,2.30,2.30,10.0,8.7,5739.41
2025-12-16,7.7,9.0,7.0,11.60,11.60,19.0,15.4,9715.75
2025-12-17,8.9,12.9,6.4,0.00,0.00,0.0,15.7,30596.11
2025-12-18,7.5,9.8,5.8,0.00,0.00,0.0,9.0,1943.65
2025-12-19,7.7,9.6,6.3,0.90,0.90,8.0,7.8,168.86
2025-12-20,7.2,9.5,5.0,1.80,1.80,7.0,14.8,9818.25
2025-12-21,4.8,6.5,1.1,9.90,9.90,12.0,22.3,25618.98
2025-12-22,1.1,4.4,-1.5,0.00,0.00,0.0,11.7,28058.29
2025-12-23,3.0,6.7,-0.2,0.00,0.00,0.0,12.7,24749.47
2025-12-24,3.8,9.4,-1.2,0.00,0.00,0.0,14.1,31707.86
2025-12-25,3.2,4.2,2.2,0.60,0.60,6.0,11.6,0.00
2025-12-26,4.0,8.5,0.0,1.10,0.90,3.0,8.9,28082.04
2025-12-27,5.2,9.6,1.6,0.70,0.70,4.0,13.7,31826.19
2025-12-28,6.6,10.5,4.5,0.40,0.40,4.0,13.7,18731.25
2025-12-29,6.9,10.9,4.2,0.10,0.10,1.0,11.5,31912.68
2025-12-30,4.6,10.6,0.2,0.00,0.00,0.0,8.9,31957.91
2025-12-31,2.5,7.9,-1.7,0.00,0.00,0.0,5.0,32004.30
2026-01-01,0.9,4.6,-2.3,0.10,0.10,1.0,6.8,16461.39
2026-01-02,5.8,10.0,3.4,1.40,1.40,6.0,8.4,6432.94
2026-01-03,8.2,12.4,5.8,0.20,0.20,1.0,12.2,20676.98
2026-01-04,7.9,11.6,5.2,4.00,4.00,9.0,15.7,30715.07
2026-01-05,2.1,5.7,-1.6,3.20,2.20,6.0,15.2,29055.76
2026-01-06,-0.4,4.9,-3.6,0.00,0.00,0.0,11.7,32316.83
2026-01-07,0.9,5.8,-3.0,0.00,0.00,0.0,14.1,21575.58
2026-01-08,2.0,4.7,-1.0,0.00,0.00,0.0,16.6,10678.07
2026-01-09,6.7,10.9,3.0,0.00,0.00,0.0,24.6,30743.66
2026-01-10,5.4,8.4,2.1,0.00,0.00,0.0,18.3,32400.00
2026-01-11,3.1,10.0,-1.8,0.00,0.00,0.0,6.2,32400.00
2026-01-12,4.5,9.2,0.9,0.10,0.10,1.0,7.7,4490.35
2026-01-13,6.1,11.0,1.7,1.10,1.10,4.0,14.3,18000.00
2026-01-14,7.6,10.9,5.2,4.10,4.10,7.0,9.4,26212.82
2026-01-15,4.2,7.0,1.5,3.30,3.30,4.0,15.7,0.00
2026-01-16,6.4,9.6,4.5,1.60,1.60,8.0,13.2,18000.00
2026-01-17,3.1,5.0,1.2,15.80,13.90,23.0,11.2,259.03
2026-01-18,3.5,8.4,0.6,0.10,0.10,1.0,12.4,29143.45
2026-01-19,3.9,10.2,-0.6,0.00,0.00,0.0,8.1,32400.00
2026-01-20,3.7,10.5,-0.3,0.00,0.00,0.0,10.7,32400.00
2026-01-21,3.7,6.7,0.1,10.80,10.80,14.0,17.8,0.00
2026-01-22,5.3,8.9,3.9,2.70,2.60,4.0,21.0,18931.01
2026-01-23,4.3,7.4,2.5,5.00,4.40,13.0,25.0,25200.00
2026-01-24,2.9,6.9,0.1,1.20,1.20,5.0,22.0,24478.11
2026-01-25,5.6,11.0,1.1,1.10,0.40,3.0,24.1,19513.92
2026-01-26,6.2,10.2,2.8,3.70,3.70,9.0,25.2,0.00
2026-01-27,7.7,10.3,3.2,17.80,17.20,17.0,27.6,22714.97
2026-01-28,3.5,8.0,0.5,18.10,6.10,8.0,24.3,21476.22
2026-01-29,8.2,12.3,5.8,9.30,9.30,10.0,18.8,7200.00
2026-01-30,7.0,9.5,4.9,6.00,6.00,11.0,30.4,13216.65
2026-01-31,6.8,10.7,4.6,1.00,0.90,4.0,25.6,32905.58
2026-02-01,5.7,8.9,2.6,0.90,0.90,8.0,11.7,0.00
2026-02-02,7.2,9.6,4.6,14.90,14.90,16.0,27.2,18869.59
2026-02-03,4.9,7.4,3.9,3.00,3.00,19.0,20.9,17863.30
2026-02-04,5.4,9.9,2.1,7.60,6.40,10.0,25.3,12802.76
2026-02-05,8.5,12.6,6.5,21.20,21.20,14.0,37.8,25828.99
2026-02-06,6.3,7.6,4.4,4.60,4.60,8.0,22.3,8440.02
2026-02-07,3.9,6.2,2.4,15.10,14.00,14.0,20.9,0.00
2026-02-08,6.0,9.9,3.9,3.20,3.20,11.0,26.6,27655.80
2026-02-09,7.9,12.0,5.0,7.20,7.20,6.0,25.3,18246.93
2026-02-10,11.7,13.8,10.3,4.70,4.70,8.0,27.5,3727.97
2026-02-11,11.5,13.6,9.5,6.60,6.60,12.0,30.9,0.00
2026-02-12,9.4,12.6,6.4,0.40,0.40,2.0,20.9,27793.60
2026-02-13,8.2,10.2,6.6,24.50,24.50,21.0,27.2,15769.26
2026-02-14,6.1,9.4,4.0,0.20,0.20,2.0,31.4,31986.82
2026-02-15,7.3,12.1,3.8,0.00,0.00,0.0,22.5,36664.36
2026-02-16,9.3,15.1,5.0,0.00,0.00,0.0,19.7,23089.82
2026-02-17,11.1,15.4,8.0,0.00,0.00,0.0,17.8,34022.93
2026-02-18,8.2,10.8,6.5,2.80,2.80,7.0,26.4,25787.01
2026-02-19,7.0,10.9,3.3,0.00,0.00,0.0,20.9,38546.21
2026-02-20,6.5,13.4,-0.4,0.00,0.00,0.0,13.9,38701.97
2026-02-21,8.2,16.7,1.4,0.00,0.00,0.0,8.7,38858.47
2026-02-22,9.8,18.2,2.5,0.00,0.00,0.0,7.5,39015.58
2026-02-23,10.6,19.2,2.8,0.00,0.00,0.0,7.8,39173.17
2026-02-24,11.2,18.8,4.3,0.00,0.00,0.0,7.5,39331.11
2026-02-25,11.2,18.9,5.4,0.00,0.00,0.0,8.3,36463.46
2026-02-26,12.1,19.2,6.1,0.00,0.00,0.0,9.8,39520.77
2026-02-27,11.0,18.3,4.9,0.00,0.00,0.0,8.4,39589.74
2026-02-28,10.4,16.0,5.9,0.00,0.00,0.0,14.9,39600.00
2026-03-01,9.2,13.6,6.0,0.00,0.00,0.0,13.2,27845.85
2026-03-02,9.3,15.6,4.6,0.10,0.10,1.0,12.1,39600.00
2026-03-03,10.8,15.7,8.4,3.00,3.00,4.0,16.7,25910.91
2026-03-04,11.1,17.1,7.5,1.40,1.40,2.0,16.5,32818.76
2026-03-05,10.7,15.4,6.4,5.70,5.70,10.0,16.0,39600.00
2026-03-06,8.7,11.2,7.6,14.10,14.10,18.0,23.5,10964.87
2026-03-07,7.8,10.7,5.7,4.50,4.50,12.0,17.1,35760.03
2026-03-08,7.6,11.7,5.4,3.30,3.30,11.0,11.5,38699.50
2026-03-09,6.4,10.8,3.7,3.40,3.40,10.0,14.0,2651.73
2026-03-10,6.9,11.9,3.4,5.70,5.50,9.0,11.3,20991.24
2026-03-11,9.6,15.7,4.5,0.00,0.00,0.0,6.7,39600.00
2026-03-12,10.2,17.4,4.0,0.00,0.00,0.0,9.8,39600.00
2026-03-13,10.1,17.1,3.6,0.00,0.00,0.0,16.3,37035.86
2026-03-14,9.9,12.3,8.9,0.30,0.30,3.0,21.7,3804.09
2026-03-15,9.1,14.5,4.8,0.10,0.10,1.0,9.1,36551.61
2026-03-16,9.5,18.3,1.7,0.00,0.00,0.0,6.1,40200.76
2026-03-17,12.2,20.3,5.2,0.00,0.00,0.0,7.8,40150.77
2026-03-18,11.5,17.1,6.1,0.00,0.00,0.0,10.4,37890.66
2026-03-19,11.2,17.8,6.2,0.00,0.00,0.0,12.6,40051.35
2026-03-20,9.5,11.6,6.9,1.20,1.20,4.0,11.6,14406.89
2026-03-21,8.5,10.7,6.3,7.80,7.80,21.0,8.8,10084.19
2026-03-22,9.8,17.3,2.9,0.10,0.10,1.0,14.3,41413.75
2026-03-23,10.5,16.4,5.1,0.00,0.00,0.0,12.2,42094.71
2026-03-24,10.8,17.5,4.2,0.00,0.00,0.0,11.4,42296.30
2026-03-25,13.1,21.7,4.5,0.00,0.00,0.0,11.3,42664.04
2026-03-26,10.6,17.4,4.4,0.00,0.00,0.0,18.8,42730.97
2026-03-27,10.4,18.8,2.6,0.00,0.00,0.0,20.4,43100.19
2026-03-28,10.0,17.0,2.9,0.00,0.00,0.0,22.3,43168.27
2026-03-29,7.5,12.9,1.3,0.00,0.00,0.0,24.8,43236.72
2026-03-30,9.5,19.5,0.7,0.00,0.00,0.0,20.8,42751.24
2026-03-31,13.3,20.8,6.7,0.00,0.00,0.0,21.0,43978.87
2026-04-01,12.5,19.8,6.3,0.00,0.00,0.0,18.7,44048.15
2026-04-02,10.8,19.1,3.3,0.00,0.00,0.0,11.9,43428.55
2026-04-03,12.2,21.1,2.1,0.00,0.00,0.0,16.2,44489.46
2026-04-04,15.6,24.2,6.6,0.00,0.00,0.0,10.0,44777.55
2026-04-05,17.9,25.7,8.9,0.00,0.00,0.0,8.5,44445.69
2026-04-06,18.5,26.1,11.2,0.00,0.00,0.0,14.8,45024.79
2026-04-07,15.7,19.4,12.3,4.20,4.20,7.0,17.7,34796.63
2026-04-08,12.8,16.8,10.4,5.50,5.50,9.0,17.7,25498.35
2026-04-09,15.8,25.0,8.1,0.00,0.00,0.0,11.7,45810.63
2026-04-10,19.9,27.6,13.7,0.00,0.00,0.0,13.9,45872.06
2026-04-11,18.0,23.1,13.6,0.20,0.20,2.0,14.9,36831.50
2026-04-12,12.2,15.3,9.0,11.60,11.60,14.0,16.7,37740.02
2026-04-13,9.2,13.5,4.9,0.00,0.00,0.0,20.0,42553.88
2026-04-14,13.6,20.3,8.1,0.00,0.00,0.0,13.7,46118.03
2026-04-15,15.5,22.5,7.8,0.00,0.00,0.0,13.5,46179.78
2026-04-16,16.9,25.1,8.7,0.00,0.00,0.0,12.8,46241.61
2026-04-17,18.4,25.7,10.6,0.00,0.00,0.0,11.0,46303.51
2026-04-18,19.7,26.5,12.5,0.00,0.00,0.0,10.8,46365.45
2026-04-19,20.2,26.9,13.2,0.00,0.00,0.0,15.9,46427.41
2026-04-20,19.8,27.4,11.8,0.00,0.00,0.0,13.0,44040.77
2026-04-21,18.6,26.3,11.6,0.90,0.90,1.0,9.8,34653.48
2026-04-22,17.8,22.5,12.3,0.00,0.00,0.0,13.2,46685.26
2026-04-23,18.6,26.6,12.1,0.50,0.50,2.0,15.0,39600.00
2026-04-24,16.9,21.9,11.8,6.50,6.50,10.0,10.9,39075.93
2026-04-25,17.5,23.5,13.1,8.50,8.50,7.0,13.7,37447.22
2026-04-26,19.2,26.0,12.8,0.00,0.00,0.0,13.6,47338.78
2026-04-27,20.3,26.4,12.9,0.00,0.00,0.0,14.6,47615.74
2026-04-28,19.4,25.7,13.1,0.00,0.00,0.0,18.2,43664.49
2026-04-29,15.3,17.9,12.7,9.50,9.50,14.0,15.3,30927.96
2026-04-30,14.9,20.1,9.7,0.10,0.10,1.0,8.7,47193.29
2026-05-01,16.5,23.0,9.8,0.00,0.00,0.0,9.6,48109.81
2026-05-02,15.1,17.8,13.3,10.20,10.20,13.0,13.8,23029.05
2026-05-03,14.6,18.5,11.2,7.30,7.30,8.0,18.9,36041.18
2026-05-04,13.3,18.1,8.2,1.00,1.00,5.0,18.6,48654.70
2026-05-05,13.3,18.4,9.3,0.40,0.40,4.0,16.0,46800.00
2026-05-06,12.9,19.1,5.9,0.00,0.00,0.0,9.5,49238.68
2026-05-07,12.6,17.3,10.0,5.90,5.90,8.0,18.0,41746.21
2026-05-08,12.3,17.0,8.9,11.50,11.50,8.0,14.6,30270.45
2026-05-09,12.6,16.7,9.8,14.20,14.20,15.0,20.1,32587.76
2026-05-10,11.4,14.2,9.4,12.00,12.00,18.0,19.0,36973.51
2026-05-11,12.4,17.6,8.0,0.50,0.50,5.0,16.9,49762.62
2026-05-12,12.3,17.4,8.4,4.50,4.50,12.0,18.1,48171.03
2026-05-13,13.8,19.4,8.7,1.50,1.50,8.0,14.2,50057.34
2026-05-14,14.7,20.1,9.6,0.00,0.00,0.0,16.8,50116.05
2026-05-15,12.3,16.1,9.0,0.60,0.60,3.0,20.6,50173.18
2026-05-16,12.8,20.9,5.4,0.00,0.00,0.0,9.7,49237.23
2026-05-17,15.2,21.7,8.9,0.10,0.10,1.0,14.3,47680.15
2026-05-18,16.4,22.6,8.8,0.00,0.00,0.0,15.0,47904.65
2026-05-19,18.5,25.9,10.1,0.00,0.00,0.0,11.8,50384.69
2026-05-20,21.1,29.1,12.8,0.00,0.00,0.0,12.2,50664.54
2026-05-21,23.3,31.6,15.1,0.00,0.00,0.0,11.3,50640.50
2026-05-22,24.5,31.6,15.8,0.00,0.00,0.0,14.0,50616.74
2026-05-23,24.9,31.7,17.0,0.00,0.00,0.0,11.7,50593.15
2026-05-24,25.1,31.9,17.3,0.00,0.00,0.0,13.9,50569.66
2026-05-25,25.0,31.3,17.7,0.00,0.00,0.0,16.3,50400.00
2026-05-26,25.0,31.9,17.1,0.00,0.00,0.0,12.5,50861.22
2026-05-27,26.3,33.8,17.3,0.00,0.00,0.0,13.5,50500.67
2026-05-28,27.0,34.0,17.5,0.00,0.00,0.0,10.0,51156.19
2026-05-29,27.8,35.4,19.0,0.00,0.00,0.0,13.4,51135.26
2026-05-30,27.5,35.0,18.4,0.20,0.20,1.0,13.7,50774.65
2026-05-31,27.1,33.6,19.2,0.00,0.00,0.0,16.0,48806.82
2026-06-01,27.1,33.7,19.3,0.00,0.00,0.0,15.9,49068.15
2026-06-02,25.0,29.6,19.3,0.00,0.00,0.0,17.7,51055.66
2026-06-03,23.4,31.7,14.8,0.00,0.00,0.0,15.9,50695.08
2026-06-04,22.8,28.0,17.6,0.00,0.00,0.0,19.0,51361.37
2026-06-05,20.8,27.7,12.9,0.00,0.00,0.0,19.2,50658.76
2026-06-06,22.9,29.8,15.9,0.00,0.00,0.0,12.1,44137.88
2026-06-07,25.1,32.0,17.4,0.00,0.00,0.0,13.8,51999.30
2026-06-08,26.4,32.5,19.4,0.00,0.00,0.0,15.5,51984.97
2026-06-09,25.0,32.1,17.1,0.00,0.00,0.0,17.6,51971.34
2026-06-10,23.7,30.8,15.7,0.00,0.00,0.0,16.5,52302.93
2026-06-11,24.1,31.5,15.2,0.00,0.00,0.0,21.7,51601.57
2026-06-12,26.2,32.8,18.3,0.00,0.00,0.0,18.0,52279.23
2026-06-13,26.8,33.0,19.2,0.00,0.00,0.0,12.8,50887.67
2026-06-14,25.4,33.8,19.0,12.30,12.30,5.0,18.5,42049.94
2026-06-15,22.6,29.3,16.4,0.50,0.50,2.0,14.6,50519.72
2026-06-16,25.5,32.5,18.3,0.00,0.00,0.0,11.6,51200.08
2026-06-17,28.0,34.7,20.6,0.00,0.00,0.0,12.7,52917.92
2026-06-18,28.4,34.1,21.1,0.00,0.00,0.0,18.7,50489.97
2026-06-19,28.8,35.7,21.8,0.00,0.00,0.0,12.8,49775.16
2026-06-20,27.5,35.2,20.1,1.10,1.10,5.0,16.9,49400.64
2026-06-21,30.3,38.5,21.8,0.10,0.10,1.0,23.2,51503.22
2026-06-22,31.7,39.0,23.6,0.00,0.00,0.0,18.4,52187.80
2026-06-23,32.2,39.1,23.8,0.00,0.00,0.0,14.2,51836.55
2026-06-24,31.7,37.6,24.4,0.00,0.00,0.0,18.6,52176.86
2026-06-25,26.7,31.5,22.4,0.40,0.40,2.0,20.3,53068.03
2026-06-26,25.7,31.5,18.2,0.00,0.00,0.0,12.4,52858.93
2026-06-27,27.9,33.6,21.3,0.00,0.00,0.0,14.8,52855.85
2026-06-28,27.5,33.4,21.1,0.30,0.30,2.0,14.7,51819.80
2026-06-29,26.2,33.2,18.5,0.00,0.00,0.0,15.5,52852.10
2026-06-30,29.2,36.0,20.9,0.00,0.00,0.0,15.4,52163.46
2026-07-01,29.8,37.4,21.6,0.00,0.00,0.0,20.1,53059.69
2026-07-02,26.2,34.8,16.9,0.00,0.00,0.0,22.8,53050.83
2026-07-03,28.4,36.5,19.8,0.00,0.00,0.0,22.9,53040.06
2026-07-04,30.5,38.4,21.8,0.00,0.00,0.0,21.9,52171.06
2026-07-05,31.0,38.4,22.9,0.00,0.00,0.0,13.9,51490.06
2026-07-06,31.5,38.9,23.7,0.10,0.10,1.0,13.0,51495.31
2026-07-07,30.6,38.0,24.0,1.10,1.10,1.0,17.6,49120.12
2026-07-08,29.1,37.4,19.6,0.00,0.00,0.0,13.8,52872.24
2026-07-09,29.7,37.5,19.5,0.00,0.00,0.0,15.2,52877.90
